time,q0,q1,q2,q3,q4,q5,q6,q7,q8,q9,q10,q11,q12,q13,q14,q15,q16,q17,q18,q19,q20,q21,q22,q23,q24,q25,q26,q27,q28,qdes0,qdes1,qdes2,qdes3,qdes4,qdes5,qdes6,qdes7,qdes8,qdes9,qdes10,qdes11,qdes12,qdes13,qdes14,qdes15,qdes16,qdes17,qdes18,qdes19,qdes20,qdes21,qdes22,qdes23,qdes24,qdes25,qdes26,qdes27,qdes28,qdot0,qdot1,qdot2,qdot3,qdot4,qdot5,qdot6,qdot7,qdot8,qdot9,qdot10,qdot11,qdot12,qdot13,qdot14,qdot15,qdot16,qdot17,qdot18,qdot19,qdot20,qdot21,qdot22,qdot23,qdot24,qdot25,qdot26,qdot27,qdot28,tau0,tau1,tau2,tau3,tau4,tau5,tau6,tau7,tau8,tau9,tau10,tau11,tau12,tau13,tau14,tau15,tau16,tau17,tau18,tau19,tau20,tau21,tau22,tau23,tau24,tau25,tau26,tau27,tau28,taudes0,taudes1,taudes2,taudes3,taudes4,taudes5,taudes6,taudes7,taudes8,taudes9,taudes10,taudes11,taudes12,taudes13,taudes14,taudes15,taudes16,taudes17,taudes18,taudes19,taudes20,taudes21,taudes22,taudes23,taudes24,taudes25,taudes26,taudes27,taudes28
35.84,-0.198642,0.000196009,0.000334797,0.419339,-0.234599,-6.73863e-05,-0.198655,-0.000519849,0.000133919,0.419748,-0.234902,0.000111585,0.000187487,0.000674504,-0.00162885,0.0044821,-0.00346344,-0.000719053,0.00886833,0.000155795,0.00720971,0.00121184,0.00400273,0.00254066,-0.00219311,0.00876047,-0.00998286,0.0075702,-0.00730942,-0.2,0,0,0.42,-0.23,0,-0.2,0,0,0.42,-0.23,0,0,0,0,0,0,0,0,0,0,0,0,0,0,0,0,0,0,-0.0514249,0.00327249,-0.00514249,-0.00545415,0.00213874,-0.00549434,0,0.0152716,0.0394257,-0.00654498,-0.00159756,-0.00641367,0.0154275,-0.00582044,-0.00247438,0.0122718,-0.00460194,-0.00153398,-0.0107379,-0.0076699,0,0.0019635,-0.00613592,0,0.0153398,0.00613592,-0.00613592,-0.00392699,0.00490874,-2.62873,-0.615234,-0.503374,1.66992,0.267654,-0.157556,-2.46094,0.615234,-0.335582,1.14258,0.532781,-0.312089,-0.503374,-1.43306,3.33221,-2.8125,0.5,0.1875,-2.75,-0.1875,-0.722656,0.0195312,-2.1875,-0.6875,0.1875,-2.4375,0.0625,-0.703125,0.175781,-0.032952,-0.0261458,-0.0231948,0.120933,0.179666,0.0136841,-0.134462,0.0214416,-0.0922434,0.0639365,0.199262,0.00836393,-0.102528,-0.18489,0.496079,-0.472754,0.355548,0.0390206,-0.421941,0.00455401,-0.144194,-0.0262004,-0.388001,-0.254066,0.0789761,-0.450295,0.205793,-0.147477,0.14128
35.9,-0.198615,0.000178964,0.000321406,0.419348,-0.234548,-9.84192e-06,-0.198696,-0.000536893,0.000107135,0.419765,-0.234872,0.000161627,0.000174095,0.000651768,-0.00162402,0.0044821,-0.00345146,-0.000707069,0.00888031,0.000167779,0.00721738,0.00119651,0.00399075,0.00255264,-0.00221708,0.00877245,-0.00993492,0.00756253,-0.00731709,-0.2,0,0,0.42,-0.23,0,-0.2,0,0,0.42,-0.23,0,0,0,0,0,0,0,0,0,0,0,0,0,0,0,0,0,0,-0.0308549,-0.00218166,0.00171416,0.00654498,0.00593215,0.00277537,0.00857081,-0.00545415,0.00857081,-0.00763582,0.00215431,-8.67646e-06,-0.00514249,-0.013581,0.00123719,-0.00306796,-0.00153398,0.0076699,0.00460194,0.0138058,0.00883573,-0.011781,0.0076699,-0.0153398,-0.00306796,0,0.0107379,-0.00294524,-0.00687223,-2.79652,-0.878906,-0.503374,1.58203,0.0896389,-0.157052,-2.5728,0.703125,-0.0559304,0.791016,0.532781,-0.312089,-0.727095,-1.38364,3.09973,-2.8125,0.5,0.125,-2.8125,-0.1875,-0.732422,0.0195312,-2.25,-0.625,0.1875,-2.375,0.0625,-0.732422,0.185547,-0.0767696,-0.0135331,-0.0355689,0.0716581,0.170053,-0.00515706,-0.147586,0.0645976,-0.0278551,0.0657428,0.190585,-0.00644772,-0.0368009,-0.154787,0.483495,-0.442074,0.348214,0.0200137,-0.453219,-0.0171614,-0.153183,-0.0121491,-0.414415,-0.224584,0.11699,-0.438623,0.187961,-0.148305,0.153214
35.94,-0.198642,0.000187487,0.000334797,0.419365,-0.234527,-4.55909e-05,-0.198709,-0.000494283,0.000107135,0.419825,-0.234885,0.000183185,0.000174095,0.000651768,-0.00161436,0.0044821,-0.00342749,-0.000707069,0.00889229,0.000191748,0.00721738,0.00120417,0.00399075,0.00255264,-0.00219311,0.0087365,-0.00991095,0.00756253,-0.00730942,-0.2,0,0,0.42,-0.23,0,-0.2,0,0,0.42,-0.23,0,0,0,0,0,0,0,0,0,0,0,0,0,0,0,0,0,0,-0.0154275,0.00545415,0.00171416,0.01309,-0.00108235,-0.00183868,0.00857081,-0.0109083,0.00514249,0.00763582,0.000541174,-0.000919338,0,-0.00388029,8.26972e-20,-0.0168738,0.0153398,0.0107379,0,0.00460194,0.00981748,-0.0019635,0.00306796,-0.00613592,0,-0.0076699,-0.0122718,-0.000981748,0.00490874,-2.51687,-0.527344,-0.447443,1.23047,0.267654,-0.157556,-2.34908,0.791016,-0.335582,0.615234,0.532781,-0.312089,-0.615234,-1.33422,3.17722,-2.8125,0.5,0.125,-2.75,-0.1875,-0.722656,0,-2.25,-0.625,0.25,-2.4375,0.0625,-0.712891,0.175781,-0.104947,-0.029657,-0.0369081,0.0429211,0.183244,0.00550099,-0.146247,0.0712449,-0.0209985,-0.00428891,0.194319,-0.00548873,-0.0522284,-0.18389,0.484307,-0.414462,0.312069,0.0138777,-0.444615,-0.00843689,-0.154165,-0.02212,-0.405211,-0.242992,0.109656,-0.421485,0.210491,-0.150269,0.14128
36,-0.198629,0.000196009,0.000321406,0.419339,-0.23451,-0.000102864,-0.198709,-0.000519849,6.69595e-05,0.419791,-0.234864,0.000147267,0.000174095,0.000629032,-0.00159986,0.00450607,-0.00346344,-0.000707069,0.00886833,0.000155795,0.00720971,0.00120417,0.00397876,0.00252867,-0.00219311,0.00871253,-0.00986302,0.00753952,-0.00730942,-0.2,0,0,0.42,-0.23,0,-0.2,0,0,0.42,-0.23,0,0,0,0,0,0,0,0,0,0,0,0,0,0,0,0,0,0,-0.0377116,0.00327249,0,0.00763582,0.0026903,-0.000906323,0.0239983,0,0.00685665,0.00327249,0.0011187,-0.014679,0,-0.00485037,-0.000618595,-0.00306796,-0.0153398,0.00153398,0.00613592,-0.00613592,0,-0.000981748,-0.00306796,-0.00460194,0.0199418,0,0.00153398,-0.011781,0.000981748,-2.40501,-0.527344,-0.391513,1.40625,0.0896389,-0.157052,-2.12536,0.703125,0.111861,0.263672,0.532781,-0.312089,-0.503374,-1.48247,3.09973,-2.8125,0.5,0.125,-2.8125,-0.1875,-0.722656,0,-2.25,-0.625,0.1875,-2.5,0.0625,-0.712891,0.175781,-0.0617182,-0.0261458,-0.0321405,0.0685733,0.175033,0.00592721,-0.177102,0.0519849,-0.0204092,0.018274,0.192318,0.0234674,-0.0522284,-0.174159,0.481813,-0.444471,0.377024,0.0322855,-0.455688,0.00302002,-0.144194,-0.0231018,-0.39174,-0.243663,0.0697722,-0.435627,0.195726,-0.139009,0.145207
36.04,-0.198602,0.00016192,0.000308014,0.419322,-0.234498,-6.69796e-05,-0.198749,-0.000528371,0.000107135,0.419808,-0.234864,0.000175919,0.000160703,0.000644189,-0.00159986,0.00445813,-0.00342749,-0.000719053,0.00885634,0.000191748,0.00719437,0.00120417,0.00397876,0.00255264,-0.00224105,0.00871253,-0.00985103,0.00753952,-0.00730942,-0.2,0,0,0.42,-0.23,0,-0.2,0,0,0.42,-0.23,0,0,0,0,0,0,0,0,0,0,0,0,0,0,0,0,0,0,-0.00514249,-0.00109083,0.00685665,-0.0174533,0.00271626,0.00826537,0.00514249,-0.00872665,0.0239983,-0.00981748,0.00160795,0.002745,0.0188558,0.00776059,0.00123719,0.0076699,-0.00153398,0.0107379,-0.00306796,-0.00306796,-0.00687223,0.00294524,-0.00920388,-0.00460194,0,0,-0.00153398,-0.00392699,-0.00490874,-2.62873,-0.615234,-0.447443,2.02148,0.178857,-0.209571,-2.62873,0.791016,-0.335582,1.66992,0.532781,-0.312089,-0.335582,-1.53189,3.17722,-2.8125,0.5,0.125,-2.75,-0.125,-0.732422,0.0195312,-2.25,-0.625,0.1875,-2.4375,0.0625,-0.712891,0.175781,-0.129534,-0.0140104,-0.0445147,0.171487,0.174472,-0.0138515,-0.135373,0.0702904,-0.0587101,0.0680768,0.191343,-0.0125268,-0.104778,-0.216539,0.476245,-0.461153,0.345817,0.0144769,-0.436681,-0.00076699,-0.137015,-0.0270287,-0.379469,-0.24606,0.112053,-0.435627,0.198555,-0.146863,0.151097
36.1,-0.198682,9.37433e-05,0.000334797,0.419348,-0.234502,-0.000102812,-0.198615,-0.000511327,8.03514e-05,0.419851,-0.234851,0.000168705,0.000241054,0.000644189,-0.00160952,0.00444615,-0.00342749,-0.000731038,0.00884436,0.000167779,0.00717136,0.00121184,0.00393083,0.00254066,-0.00215716,0.00859269,-0.00986302,0.00753185,-0.00730942,-0.2,0,0,0.42,-0.23,0,-0.2,0,0,0.42,-0.23,0,0,0,0,0,0,0,0,0,0,0,0,0,0,0,0,0,0,-0.0308549,0.00545415,0.00514249,-0.00218166,0.00161833,0.000923676,0.0325691,-0.00436332,-0.0137133,0.00763582,0.00270587,-0.00459669,0.0274266,1.51679e-19,-0.00371157,0.0107379,-0.00460194,0.00153398,0,0.00460194,-0.000981748,0.00981748,0,0.00153398,0,0,-0.00920388,0.0019635,0.00294524,-2.5728,-0.351562,-0.447443,1.8457,0.178857,-0.209571,-2.68466,0.791016,-0.111861,0.791016,0.532781,-0.312089,-0.391513,-1.38364,3.25472,-2.75,0.5,0.125,-2.75,-0.1875,-0.712891,0,-2.1875,-0.625,0.1875,-2.375,0.0625,-0.703125,0.175781,-0.0700745,-0.0202826,-0.0437647,0.106565,0.17684,0.00226514,-0.203618,0.0598593,0.0193915,-0.00812447,0.188641,0.00244517,-0.154596,-0.193257,0.493991,-0.46609,0.351953,0.0334839,-0.442218,-0.00795753,-0.142445,-0.0340544,-0.393083,-0.257134,0.107858,-0.429634,0.206464,-0.1526,0.143243
36.14,-0.198669,0.000102265,0.000308014,0.419348,-0.234527,-8.85878e-05,-0.198669,-0.000511327,0.000107135,0.419816,-0.23483,0.000190128,0.000200878,0.000636611,-0.00160469,0.00442218,-0.00339154,-0.000743022,0.00885634,0.000155795,0.00715602,0.00121184,0.00391884,0.00252867,-0.00216914,0.00856872,-0.00985103,0.00752418,-0.00730942,-0.2,0,0,0.42,-0.23,0,-0.2,0,0,0.42,-0.23,0,0,0,0,0,0,0,0,0,0,0,0,0,0,0,0,0,0,-0.0325691,0,0.0222841,0.0174533,-0.00108754,-0.00367301,0.0137133,-0.00109083,0.00171416,0.0109083,0.00161833,-0.000923676,-0.02057,-4.72612e-20,0.00123719,0,0,-0.00306796,0.00613592,0.0122718,-0.0019635,0.00883573,-0.00460194,-0.00306796,-0.00306796,0.0168738,-0.0122718,0.0019635,0.00589049,-2.90838,-0.439453,-0.615234,1.23047,0.267654,-0.157556,-2.51687,0.703125,-0.111861,1.40625,0.532781,-0.312089,-0.559304,-1.48247,3.09973,-2.75,0.5,0.125,-2.8125,-0.1875,-0.722656,0.0195312,-2.1875,-0.625,0.1875,-2.4375,0.0625,-0.703125,0.175781,-0.0679843,-0.0102265,-0.0753696,0.0280249,0.18326,0.0108895,-0.160549,0.0533144,-0.0141418,-0.0161048,0.189977,-0.00575777,0.00144633,-0.190983,0.477695,-0.442218,0.339154,0.043287,-0.455089,-0.0153877,-0.141157,-0.0330726,-0.38268,-0.246731,0.114593,-0.462184,0.209293,-0.152447,0.140298
36.2,-0.198602,0.000127832,0.000308014,0.419382,-0.234523,-8.14077e-05,-0.198669,-0.000519849,0.000107135,0.419816,-0.234814,0.00019006,0.000267838,0.000651768,-0.00161436,0.00442218,-0.00337955,-0.000707069,0.00886833,0.000167779,0.00714835,0.00119651,0.00391884,0.00255264,-0.00225303,0.00855674,-0.00985103,0.00751651,-0.00730942,-0.2,0,0,0.42,-0.23,0,-0.2,0,0,0.42,-0.23,0,0,0,0,0,0,0,0,0,0,0,0,0,0,0,0,0,0,-0.0239983,-0.0152716,0.00857081,0.01309,-0.00377264,-0.000932353,0.00514249,-0.00218166,0,-0.0174533,0.00114985,-0.0256851,0.0154275,-0.00582044,-0.00618595,-0.0076699,0,0.0107379,-0.0076699,-0.0230097,-0.00687223,-0.0107992,-0.00153398,-0.00306796,0.0214757,-0.00153398,0.00306796,0.00785398,0,-2.85245,-0.527344,-0.559304,1.23047,0.267654,-0.157556,-2.51687,0.791016,0.279652,0.878906,0.532781,-0.312089,-0.727095,-1.38364,3.25472,-2.75,0.5,0.125,-2.6875,-0.125,-0.722656,0.0195312,-2.1875,-0.625,0.1875,-2.4375,0.0625,-0.712891,0.166016,-0.0918225,0.0177601,-0.047943,0.0403641,0.188461,0.00512101,-0.143407,0.0563482,-0.0107135,0.0973416,0.190241,0.0437677,-0.126634,-0.178069,0.502864,-0.426878,0.337955,0.0138777,-0.428077,0.0196541,-0.136095,-0.0131309,-0.388816,-0.249128,0.0697003,-0.424769,0.193953,-0.158184,0.146188
36.24,-0.198642,0.000127832,0.000308014,0.419348,-0.23451,-5.98495e-05,-0.198655,-0.000511327,0.000107135,0.419808,-0.234818,0.000211567,0.000227662,0.000659347,-0.00159986,0.00444615,-0.00337955,-0.000719053,0.00885634,0.000167779,0.00715602,0.00120417,0.00394281,0.00251669,-0.00222907,0.00854475,-0.00982706,0.00751651,-0.00731709,-0.2,0,0,0.42,-0.23,0,-0.2,0,0,0.42,-0.23,0,0,0,0,0,0,0,0,0,0,0,0,0,0,0,0,0,0,-0.0274266,0.00218166,0.00685665,0.00327249,-0.00107196,0.00183,-0.0154275,0,-0.00342833,0.01309,0.000551559,-0.00458801,-0.0325691,-0.0116409,-0.00247438,0.00920388,0.0153398,0.0138058,-0.00153398,-0.00306796,0.00785398,0.00687223,0.0107379,-0.0291456,0.00153398,0,-0.00153398,0,-0.00981748,-2.68466,-0.703125,-0.503374,1.75781,0.267654,-0.157556,-2.5728,0.703125,-0.111861,0.351562,0.443563,-0.364608,-0.391513,-1.43306,3.33221,-2.75,0.5,0.125,-2.75,-0.125,-0.732422,0.0195312,-2.1875,-0.5625,0.1875,-2.375,0.0625,-0.712891,0.166016,-0.0809485,-0.0171465,-0.0445147,0.0847481,0.182552,-0.00126602,-0.103607,0.0511327,-0.00385687,-0.023553,0.191609,0.00071336,0.0294086,-0.162881,0.48738,-0.463023,0.307276,0.00834102,-0.439749,-0.000287622,-0.150974,-0.0309557,-0.415757,-0.193377,0.108385,-0.427238,0.198075,-0.15033,0.156159
36.3,-0.198602,0.000127832,0.000334797,0.419348,-0.234527,-7.42614e-05,-0.198682,-0.000502805,0.000120527,0.419859,-0.234818,0.000211567,0.000294622,0.000621453,-0.00162402,0.00442218,-0.00337955,-0.000778975,0.00885634,0.000191748,0.00715602,0.00120417,0.00391884,0.00251669,-0.00222907,0.00853277,-0.00982706,0.00751651,-0.00730175,-0.2,0,0,0.42,-0.23,0,-0.2,0,0,0.42,-0.23,0,0,0,0,0,0,0,0,0,0,0,0,0,0,0,0,0,0,0.0274266,0.00545415,0.00171416,-0.0152716,-1.03845e-05,-0.00366868,-0.00857081,0.00981748,0,0.00981748,-0.00106677,-0.00366434,0.00857081,-0.00679051,-0.00309297,-0.00153398,0,0.0122718,0.00920388,0.00306796,0.0127627,0.0019635,0.00613592,-0.00460194,0,-0.0107379,-0.00460194,0.0019635,0.00589049,-2.46094,-0.527344,-0.447443,1.49414,0.267654,-0.157556,-2.46094,0.527344,-0.223722,1.58203,0.443563,-0.364608,-1.45419,-1.43306,3.17722,-2.75,0.5,0.125,-2.75,-0.1875,-0.722656,0.0195312,-2.1875,-0.625,0.1875,-2.375,0.0625,-0.703125,0.175781,-0.194672,-0.0236915,-0.0369081,0.158925,0.181104,0.0103078,-0.114643,0.0306455,-0.0120527,-0.0181296,0.194845,-0.00113399,-0.114099,-0.166064,0.496485,-0.43915,0.337955,0.014405,-0.461225,-0.00690291,-0.155883,-0.026047,-0.404156,-0.242465,0.111453,-0.405163,0.201143,-0.152294,0.140144
36.34,-0.198629,0.000153398,0.000334797,0.419365,-0.234519,-7.42097e-05,-0.198669,-0.000511327,9.37433e-05,0.419851,-0.234805,0.0001757,0.000241054,0.000636611,-0.00161436,0.00439821,-0.00336757,-0.000778975,0.00883237,0.000167779,0.00714068,0.00118884,0.00391884,0.00251669,-0.00222907,0.0085088,-0.00982706,0.00753185,-0.00730942,-0.2,0,0,0.42,-0.23,0,-0.2,0,0,0.42,-0.23,0,0,0,0,0,0,0,0,0,0,0,0,0,0,0,0,0,0,-0.00514249,0.00654498,-0.00514249,0.00218166,-0.00537021,0.00548132,0.0188558,-0.00218166,-0.010285,0.00981748,0.00326262,-0.011019,0.0119991,-0.00194015,4.13486e-20,0,-0.00460194,-0.0076699,-0.0153398,-0.00153398,0.0019635,-0.0107992,0.0076699,-0.00153398,0.0214757,0.00153398,-0.0076699,0.0166897,0.000981748,-2.68466,-0.615234,-0.335582,1.58203,0.178436,-0.105037,-2.40501,0.703125,-0.167791,0,0.443984,-0.260074,-1.00675,-1.48247,3.09973,-2.75,0.5,0.1875,-2.75,-0.1875,-0.722656,0,-2.1875,-0.625,0.1875,-2.4375,0.0625,-0.712891,0.166016,-0.126856,-0.0284298,-0.0231948,0.0865544,0.191487,-0.00799426,-0.170834,0.055496,0.0111956,-0.0168511,0.185678,0.0150101,-0.108314,-0.185163,0.484307,-0.439821,0.345961,0.0542885,-0.410939,-0.0018216,-0.144777,-0.0129775,-0.407224,-0.248601,0.0685018,-0.428508,0.204211,-0.167327,0.145207
36.4,-0.198629,0.00016192,0.000334797,0.419348,-0.234502,-8.8486e-05,-0.198642,-0.000511327,0.000120527,0.419825,-0.234814,0.00019006,0.000227662,0.000636611,-0.00160469,0.00439821,-0.00333161,-0.000778975,0.00884436,0.000167779,0.00711767,0.00119651,0.00391884,0.0025047,-0.00222907,0.00849682,-0.00982706,0.0074935,-0.00730175,-0.2,0,0,0.42,-0.23,0,-0.2,0,0,0.42,-0.23,0,0,0,0,0,0,0,0,0,0,0,0,0,0,0,0,0,0,0.0171416,0.00218166,0,-0.0207258,0.00536501,-0.00731566,0.0411399,0.00763582,0.00171416,-0.00654498,-0.00270068,0.00276235,-0.00342833,0.000970074,0.00433016,-0.00920388,0.0076699,-0.00153398,-0.0076699,-0.00613592,-0.0137445,0,0.0076699,-0.00306796,-0.00920388,-0.00306796,-0.00613592,-0.00392699,0.00785398,-2.68466,-0.615234,-0.503374,1.75781,0.178436,-0.105037,-2.85245,0.527344,-0.111861,1.05469,0.443563,-0.364608,-0.447443,-1.43306,3.17722,-2.6875,0.5,0.125,-2.75,-0.125,-0.722656,0,-2.1875,-0.625,0.25,-2.3125,0.0625,-0.712891,0.175781,-0.171425,-0.0205553,-0.0334797,0.180741,0.169345,0.0181708,-0.218082,0.0358611,-0.015481,0.0524343,0.197942,-0.0131271,-0.0580137,-0.193893,0.468416,-0.421413,0.317822,0.0420167,-0.426878,0.00278034,-0.128609,-0.0239301,-0.407224,-0.244334,0.129861,-0.418705,0.202677,-0.145943,0.138181
36.44,-0.198642,0.000170442,0.000308014,0.419348,-0.234493,-7.41258e-05,-0.198682,-0.000494283,8.03514e-05,0.419799,-0.234784,0.000182761,0.000174095,0.000621453,-0.00159502,0.00439821,-0.00333161,-0.000778975,0.00882039,0.000167779,0.00712534,0.00121184,0.00391884,0.00249272,-0.00226502,0.0085088,-0.00982706,0.00748583,-0.00729408,-0.2,0,0,0.42,-0.23,0,-0.2,0,0,0.42,-0.23,0,0,0,0,0,0,0,0,0,0,0,0,0,0,0,0,0,0,-0.00857081,-0.00218166,-0.00342833,0.00436332,-0.00324705,-0.00551603,0.02057,0,-0.0222841,-0.0338158,0.00107716,-4.33823e-06,-0.0274266,-0.0223117,0.000618595,-0.0138058,-0.00613592,0,-0.0138058,0.0076699,0.0019635,0.0127627,0.00153398,-0.00306796,0.00920388,0.00153398,0,0.00294524,0.00981748,-2.46094,-0.263672,-0.503374,1.31836,0.178436,-0.105037,-2.51687,0.703125,-0.0559304,1.40625,0.532781,-0.312089,0.167791,-1.38364,3.25472,-2.6875,0.5,0.1875,-2.75,-0.1875,-0.722656,0,-2.1875,-0.625,0.1875,-2.375,0.0625,-0.712891,0.175781,-0.11866,-0.0126809,-0.0239447,0.0803848,0.186231,0.0139971,-0.172924,0.0494283,0.0365331,0.165348,0.189208,-0.00730175,0.0300514,-0.119501,0.476651,-0.412209,0.345433,0.0389487,-0.413408,-0.0110255,-0.14447,-0.0369996,-0.394952,-0.243136,0.0948432,-0.428508,0.196541,-0.152662,0.136064
36.5,-0.198709,0.000170442,0.000294622,0.419356,-0.234519,-7.42097e-05,-0.198722,-0.000511327,8.03514e-05,0.419816,-0.234805,0.000218679,0.000241054,0.000644189,-0.00158053,0.00441019,-0.00333161,-0.000778975,0.00884436,0.000167779,0.00712534,0.00119651,0.00391884,0.00246875,-0.00225303,0.00849682,-0.00981508,0.0074935,-0.00730942,-0.2,0,0,0.42,-0.23,0,-0.2,0,0,0.42,-0.23,0,0,0,0,0,0,0,0,0,0,0,0,0,0,0,0,0,0,-0.00857081,-0.00545415,-0.00685665,-0.00327249,-0.00702488,-0.00828272,-0.00514249,0,0.0377116,0.0272708,-0.00214393,-0.00366,0.00857081,-0.013581,0.00866033,0.00306796,-0.00460194,0.0107379,-0.00153398,0,0.00490874,-0.00294524,0.00613592,0.00920388,0.00460194,0.00153398,0,0.0166897,-0.00687223,-2.62873,-0.615234,-0.335582,1.8457,0.178436,-0.105037,-2.5728,0.615234,-0.223722,0.878906,0.532781,-0.312089,-0.503374,-1.33422,3.02224,-2.8125,0.5,0.125,-2.75,-0.1875,-0.722656,0,-2.1875,-0.625,0.1875,-2.375,0.0625,-0.712891,0.175781,-0.111964,-0.00613592,-0.0157489,0.109649,0.194796,0.0195338,-0.117482,0.0511327,-0.0834583,-0.0815547,0.196496,-0.00142716,-0.0980287,-0.152514,0.448177,-0.447155,0.342365,0.017473,-0.43915,-0.00335558,-0.147416,-0.0209849,-0.404156,-0.265283,0.103448,-0.427909,0.196302,-0.16656,0.153061
36.56,-0.198749,0.000144876,0.000308014,0.419382,-0.23451,-8.85199e-05,-0.198696,-0.000511327,0.000107135,0.419799,-0.234805,0.000190026,0.00021427,0.000644189,-0.00156119,0.00441019,-0.00335558,-0.000743022,0.00884436,0.000167779,0.00712534,0.00119651,0.00391884,0.00245677,-0.00224105,0.00849682,-0.00982706,0.00750117,-0.00730942,-0.2,0,0,0.42,-0.23,0,-0.2,0,0,0.42,-0.23,0,0,0,0,0,0,0,0,0,0,0,0,0,0,0,0,0,0,-0.02057,-0.0109083,0.00171416,-0.00327249,-0.00110831,-0.0110104,0.0291408,-0.00654498,0.00171416,0.00436332,0.00272145,-0.0100997,-0.00514249,-0.00679051,-0.000618595,-0.00153398,0.00153398,-0.00613592,0.00306796,-0.00460194,0.00490874,-0.00490874,0.00153398,0.0107379,-0.00153398,0.00460194,0.00306796,0.000981748,0.00687223,-2.62873,-0.527344,-0.447443,1.40625,0.000421007,-0.104534,-2.40501,0.703125,-0.0559304,0.615234,0.443984,-0.260074,-0.671165,-1.38364,3.09973,-2.75,0.5,0.1875,-2.75,-0.1875,-0.732422,0,-2.1875,-0.625,0.1875,-2.375,0.0625,-0.703125,0.175781,-0.0839479,0.00732902,-0.0342297,0.105814,0.182628,0.0255615,-0.188726,0.0642227,-0.0141418,0.0126322,0.186762,0.0125984,-0.0488536,-0.172885,0.470214,-0.437952,0.33249,0.0494229,-0.448354,0.00124636,-0.147416,-0.0190214,-0.394952,-0.267152,0.11512,-0.434045,0.193473,-0.151005,0.139316
36.6,-0.198736,0.000127832,0.000308014,0.419348,-0.234493,-8.84522e-05,-0.198722,-0.000519849,0.000133919,0.419833,-0.234788,0.000189941,0.000241054,0.000666926,-0.00155636,0.00439821,-0.00331963,-0.000743022,0.00882039,0.000191748,0.00711767,0.00118884,0.00391884,0.00245677,-0.00221708,0.00849682,-0.00982706,0.0074935,-0.00730175,-0.2,0,0,0.42,-0.23,0,-0.2,0,0,0.42,-0.23,0,0,0,0,0,0,0,0,0,0,0,0,0,0,0,0,0,0,-0.00685665,-0.00327249,0.00171416,0.00545415,-0.00974114,-0.0165481,-0.00857081,-0.00654498,0.0171416,-0.0229074,-0.000520405,-0.00641801,0.0188558,-0.00194015,-0.00247438,-0.00306796,-0.00613592,0.0107379,0,0.0076699,0.00785398,-0.00981748,0.0107379,-0.0107379,0,0.00460194,-0.00613592,-0.00981748,0.00687223,-2.62873,-0.527344,-0.503374,1.75781,0.178436,-0.105037,-2.23722,0.703125,-0.391513,1.31836,0.532781,-0.312089,-0.727095,-1.48247,3.09973,-2.75,0.5,0.125,-2.75,-0.125,-0.722656,0,-2.1875,-0.625,0.1875,-2.375,0.0625,-0.703125,0.175781,-0.112714,-0.00623819,-0.0342297,0.0760214,0.199221,0.0366343,-0.110625,0.0650749,-0.0476752,0.116606,0.192572,0.0052384,-0.128884,-0.194257,0.474332,-0.433685,0.344235,0.0156754,-0.441019,-0.0115049,-0.150207,-0.0139592,-0.41336,-0.224201,0.110854,-0.434045,0.202677,-0.140052,0.139163
36.66,-0.198736,9.37433e-05,0.000308014,0.419365,-0.234485,-7.40919e-05,-0.198709,-0.000528371,6.69595e-05,0.419816,-0.234793,0.000197139,0.00028123,0.000674504,-0.0015322,0.00439821,-0.00324773,-0.00076699,0.00880841,0.000131826,0.00711767,0.00119651,0.00391884,0.00245677,-0.00221708,0.00849682,-0.00982706,0.00748583,-0.00730942,-0.2,0,0,0.42,-0.23,0,-0.2,0,0,0.42,-0.23,0,0,0,0,0,0,0,0,0,0,0,0,0,0,0,0,0,0,-0.0308549,0,0.010285,0.00872665,0.00106677,-0.00366434,0.0119991,0.00109083,-0.0342833,-0.00872665,0.000551559,-0.00458801,0.0274266,-0.00776059,0.00247438,0.0122718,-0.00460194,-0.00920388,-0.00920388,-0.00460194,0.00490874,0,0.0107379,-0.0199418,0.0076699,-0.0076699,0,0.00490874,0.000981748,-2.51687,-0.439453,-0.671165,1.93359,0.267654,-0.157556,-2.68466,0.703125,0.223722,0.527344,0.532781,-0.312089,-0.671165,-1.53189,3.02224,-2.75,0.5,0.125,-2.75,-0.1875,-0.722656,0,-2.1875,-0.625,0.1875,-2.3125,0.0625,-0.703125,0.166016,-0.0647176,-0.00937433,-0.0513713,0.0603744,0.177266,0.0102924,-0.153103,0.0506555,0.0618706,0.062435,0.190597,0.00129048,-0.166649,-0.17907,0.452236,-0.464365,0.333976,0.0567573,-0.422013,0.00196541,-0.147262,-0.0239301,-0.41336,-0.205793,0.0955143,-0.409501,0.196541,-0.154625,0.145207
36.7,-0.198682,9.37433e-05,0.000308014,0.419365,-0.234489,-9.55984e-05,-0.198696,-0.000528371,0.000120527,0.419825,-0.234788,0.000189941,0.000294622,0.000674504,-0.00155153,0.00438623,-0.0031159,-0.000743022,0.00883237,0.000167779,0.00711,0.00120417,0.00391884,0.00244478,-0.00222907,0.00849682,-0.00982706,0.00748583,-0.00731709,-0.2,0,0,0.42,-0.23,0,-0.2,0,0,0.42,-0.23,0,0,0,0,0,0,0,0,0,0,0,0,0,0,0,0,0,0,-0.00171416,0.00981748,0.0154275,-0.00109083,0.00109273,0.00550735,0.0154275,-0.00654498,-0.00342833,0.00327249,-0.00107196,-0.00183,-0.00514249,-4.72612e-20,0.00123719,-0.0122718,-0.00460194,0.0076699,0.00613592,-0.0138058,-0.0019635,0.0127627,-0.00153398,-0.0168738,0.0168738,-0.00920388,0.00306796,0,-0.00883573,-2.23722,-0.703125,-0.559304,1.8457,0.0896389,-0.157052,-2.34908,0.703125,-0.950817,0.791016,0.354766,-0.312593,-0.559304,-1.53189,3.02224,-2.75,0.5,0.125,-2.75,-0.125,-0.722656,0.0195312,-2.1875,-0.625,0.1875,-2.3125,0.0625,-0.693359,0.175781,-0.128356,-0.0290093,-0.0616563,0.0996443,0.177385,-0.00719077,-0.1613,0.0659271,-0.00519606,0.0131644,0.193675,-0.00393763,-0.0729591,-0.202351,0.461747,-0.414079,0.320794,0.0218113,-0.453891,0.0104502,-0.140237,-0.0368462,-0.388816,-0.210731,0.0777057,-0.406433,0.193473,-0.149717,0.155178
36.76,-0.198669,8.52212e-05,0.000308014,0.419339,-0.234506,-9.56662e-05,-0.198722,-0.000519849,0.000120527,0.419825,-0.234793,0.000197139,0.000321406,0.000674504,-0.00155153,0.00441019,-0.00316384,-0.000731038,0.00883237,0.000167779,0.00710233,0.00118884,0.00391884,0.00244478,-0.00219311,0.00849682,-0.00982706,0.00748583,-0.00730175,-0.2,0,0,0.42,-0.23,0,-0.2,0,0,0.42,-0.23,0,0,0,0,0,0,0,0,0,0,0,0,0,0,0,0,0,0,-0.0308549,-0.0261799,0,-0.0141808,-0.00540136,-0.0055247,0,-0.01309,0.00514249,-0.01309,0.00324185,-0.00368169,0.0462824,-0.00776059,0.00742314,0.0153398,-0.00920388,0.00306796,0,-0.0076699,-0.0137445,-0.011781,0.00613592,0.0076699,0.0107379,-0.00460194,-0.00306796,0.00687223,0.00981748,-2.29315,-0.527344,-0.615234,1.40625,0.178436,-0.105037,-2.34908,0.791016,-0.279652,1.66992,0.443563,-0.364608,-1.67791,-1.38364,2.94474,-2.8125,0.4375,0.125,-2.75,-0.125,-0.722656,0.0195312,-2.1875,-0.625,0.1875,-2.375,0.0625,-0.703125,0.175781,-0.0714126,0.0438378,-0.0308014,0.15584,0.191047,0.0148761,-0.127767,0.0781648,-0.0223377,0.0786142,0.185217,-0.000522166,-0.235269,-0.17907,0.443189,-0.471699,0.334791,0.030416,-0.441619,0.00431432,-0.128302,-0.0119957,-0.404156,-0.259818,0.0881799,-0.415637,0.199609,-0.156589,0.136217
36.8,-0.198655,0.000102265,0.000334797,0.419356,-0.234493,-8.84522e-05,-0.198709,-0.000511327,0.000107135,0.419808,-0.234801,0.000211499,0.000267838,0.000651768,-0.00155636,0.00439821,-0.00316384,-0.000719053,0.00884436,0.000167779,0.00711,0.00119651,0.00391884,0.00245677,-0.00222907,0.00849682,-0.00983905,0.00747816,-0.00729408,-0.2,0,0,0.42,-0.23,0,-0.2,0,0,0.42,-0.23,0,0,0,0,0,0,0,0,0,0,0,0,0,0,0,0,0,0,-0.0119991,0.00327249,0.0325691,-0.00218166,-0.0021647,-0.00367735,0.0119991,0.00436332,0,0.00654498,-0.00270068,0.00276235,-0.0325691,-0.00194015,0.00247438,0,0,0.00920388,-0.00460194,-0.0076699,-0.000981748,0.00490874,0.00613592,-0.00460194,0.00306796,-0.00153398,-0.00460194,0,0.000981748,-2.46094,-0.527344,-0.559304,1.66992,0.267654,-0.157556,-2.12536,0.527344,-0.335582,0,0.443563,-0.364608,-1.11861,-1.43306,3.02224,-2.75,0.5,0.125,-2.75,-0.125,-0.722656,0.0195312,-2.1875,-0.625,0.1875,-2.375,0.0625,-0.712891,0.175781,-0.110464,-0.0167715,-0.0986179,0.105286,0.184068,0.0108928,-0.153103,0.042406,-0.0107135,0.00262699,0.19744,-0.0139847,0.0173559,-0.18971,0.459485,-0.439821,0.316384,0.0175449,-0.433014,0.00431432,-0.141218,-0.0288388,-0.404156,-0.236473,0.105317,-0.421773,0.201383,-0.149563,0.1449
36.86,-0.198655,0.000136354,0.000308014,0.419365,-0.234498,-0.000109959,-0.198655,-0.000511327,9.37433e-05,0.419851,-0.23478,0.000204251,0.000174095,0.000666926,-0.00157569,0.00439821,-0.00313987,-0.000707069,0.00882039,0.000167779,0.00711,0.00118884,0.00391884,0.00245677,-0.00224105,0.00849682,-0.00982706,0.00747816,-0.00730942,-0.2,0,0,0.42,-0.23,0,-0.2,0,0,0.42,-0.23,0,0,0,0,0,0,0,0,0,0,0,0,0,0,0,0,0,0,-0.00342833,-0.0119991,0.00342833,0.00436332,-0.00158199,0.0119167,0.0119991,-0.0109083,0.00171416,0.00981748,-0.0021647,0.00367735,0.0119991,0.0116409,0.00989752,0.00153398,-0.0107379,0.00920388,-0.0153398,-0.0168738,-0.000981748,0,0,0,0.00306796,0.0076699,0,-0.000981748,-0.00392699,-2.62873,-0.527344,-0.447443,1.49414,0.178857,-0.209571,-2.74059,0.703125,-0.447443,0,0.53236,-0.416622,-0.167791,-1.43306,3.02224,-2.75,0.4375,0.125,-2.75,-0.125,-0.722656,0.0195312,-2.1875,-0.5625,0.1875,-2.375,0.0625,-0.703125,0.175781,-0.127605,0.0103629,-0.037658,0.0778277,0.183073,-0.019435,-0.15846,0.0729493,-0.0128027,-0.0168511,0.195525,-0.0155247,-0.0882258,-0.235,0.443015,-0.442889,0.335462,0.0169457,-0.41034,0.0135182,-0.141218,-0.0237767,-0.391884,-0.245677,0.105917,-0.440181,0.196541,-0.148581,0.150115
36.9,-0.198642,0.000136354,0.000308014,0.419365,-0.234523,-6.70635e-05,-0.198722,-0.000511327,0.000133919,0.419816,-0.234784,0.000225775,0.000321406,0.000621453,-0.00159502,0.00437424,-0.00313987,-0.00076699,0.00882039,0.000167779,0.00711,0.00119651,0.00391884,0.00245677,-0.00224105,0.00847285,-0.00982706,0.00747049,-0.00730175,-0.2,0,0,0.42,-0.23,0,-0.2,0,0,0.42,-0.23,0,0,0,0,0,0,0,0,0,0,0,0,0,0,0,0,0,0,-0.00342833,0.00872665,-0.010285,-0.00436332,-0.0048498,-0.000936691,-0.0137133,-0.00109083,0.0308549,0.01309,0.00754529,-0.00186471,-0.0377116,-0.0106708,0.00680454,0.00460194,-0.0122718,-0.00306796,-0.00460194,0.00613592,0.000981748,0.000981748,0.0122718,-0.0107379,-0.0076699,0,-0.00306796,-0.0107992,0.0137445,-2.40501,-0.703125,-0.503374,1.66992,0.178436,-0.105037,-2.46094,0.791016,-0.167791,0.703125,0.443984,-0.260074,-0.559304,-1.38364,2.94474,-2.75,0.5,0.125,-2.75,-0.1875,-0.722656,0.0195312,-2.1875,-0.625,0.1875,-2.375,0.0625,-0.693359,0.166016,-0.128945,-0.0310887,-0.0102314,0.112734,0.190613,0.00455592,-0.10034,0.0533144,-0.0751018,-0.0248315,0.176276,-0.0053016,0.0167131,-0.154424,0.458094,-0.446628,0.33853,0.0444854,-0.431816,-0.00949151,-0.143182,-0.0249118,-0.416428,-0.224201,0.127392,-0.423642,0.199609,-0.138611,0.13229
36.96,-0.198615,0.000136354,0.000308014,0.419348,-0.234502,-7.41597e-05,-0.198655,-0.000494283,9.37433e-05,0.419816,-0.234776,0.000197071,0.000200878,0.000621453,-0.00159502,0.00438623,-0.00316384,-0.000719053,0.00883237,0.000167779,0.00710233,0.00118884,0.00390686,0.00244478,-0.00224105,0.00848483,-0.00983905,0.00747816,-0.00730175,-0.2,0,0,0.42,-0.23,0,-0.2,0,0,0.42,-0.23,0,0,0,0,0,0,0,0,0,0,0,0,0,0,0,0,0,0,-0.00857081,-0.0119991,-0.010285,-0.0119991,-0.00270587,-0.00459669,-0.00685665,0.00872665,-0.0171416,-0.00436332,0,0,-0.0239983,-0.00679051,-0.00433016,0.00306796,0.00613592,0.00613592,0.0122718,0.00460194,-0.00785398,-0.00294524,0.0122718,0,-0.0122718,0.0122718,-0.00460194,0,0.00589049,-2.74059,-0.351562,-0.391513,1.8457,0.267654,-0.157556,-2.46094,0.527344,-0.111861,0.966797,0.53236,-0.416622,-0.671165,-1.38364,3.4097,-2.75,0.4375,0.125,-2.75,-0.1875,-0.722656,0.0195312,-2.1875,-0.625,0.1875,-2.375,0.0625,-0.703125,0.166016,-0.121338,0.0103629,-0.0102314,0.145835,0.185485,0.0121598,-0.120749,0.031975,0.0249089,0.0449817,0.191027,-0.00788283,0.0117313,-0.166064,0.491498,-0.444759,0.304112,0.0236808,-0.466162,-0.00795753,-0.134193,-0.0208315,-0.415229,-0.244478,0.136596,-0.448785,0.201383,-0.149563,0.140144
37,-0.198562,0.000153398,0.000294622,0.419365,-0.234489,-8.12721e-05,-0.198682,-0.000494283,0.000107135,0.419799,-0.23478,0.000204251,0.00021427,0.000613875,-0.00160952,0.00439821,-0.00315185,-0.000743022,0.00884436,0.000167779,0.00711,0.00118884,0.00391884,0.00244478,-0.0022051,0.00846086,-0.00983905,0.00748583,-0.00730175,-0.2,0,0,0.42,-0.23,0,-0.2,0,0,0.42,-0.23,0,0,0,0,0,0,0,0,0,0,0,0,0,0,0,0,0,0,0.0188558,0,-0.010285,0.0174533,-0.00110831,-0.0110104,0.02057,-0.00654498,0.0325691,-0.0119991,0.00272145,-0.0100997,-0.0154275,-0.00388029,0.00742314,0.00613592,-0.0122718,0.00613592,-0.00306796,-0.00920388,0.00294524,-0.0019635,0.0138058,-0.00153398,-0.00613592,0,-0.0214757,0.00883573,0.00883573,-2.79652,-0.439453,-0.503374,1.66992,0.178436,-0.105037,-2.40501,0.703125,0,0.791016,0.443563,-0.364608,-0.950817,-1.38364,2.94474,-2.75,0.5,0.125,-2.75,-0.125,-0.722656,0,-2.1875,-0.625,0.1875,-2.375,0.0625,-0.693359,0.175781,-0.181548,-0.0153398,-0.00889222,0.0254678,0.181786,0.0252716,-0.172924,0.0625182,-0.0758517,0.078082,0.185753,0.0120294,-0.0179987,-0.172522,0.460587,-0.452093,0.339729,0.0248793,-0.436082,0.0058483,-0.145145,-0.0218132,-0.419496,-0.24141,0.122527,-0.423043,0.218257,-0.158552,0.137199
37.06,-0.198602,0.000170442,0.000321406,0.419365,-0.234477,-7.40581e-05,-0.198709,-0.000502805,0.000147311,0.419842,-0.23478,0.000218595,0.000174095,0.00058356,-0.00162885,0.00442218,-0.00316384,-0.000707069,0.00884436,0.000167779,0.00711,0.00119651,0.00391884,0.00244478,-0.0022051,0.00846086,-0.00982706,0.00747816,-0.00730942,-0.2,0,0,0.42,-0.23,0,-0.2,0,0,0.42,-0.23,0,0,0,0,0,0,0,0,0,0,0,0,0,0,0,0,0,0,-0.0274266,-0.00872665,0.0188558,0,-0.00862764,-0.00370338,0,0.00436332,0,-0.0141808,-0.00376226,-0.00273632,0.010285,0.000970073,-0.00556735,0.0076699,0.00153398,0.0107379,-0.0184078,-0.00306796,0.00294524,-0.0019635,-0.00153398,-0.00153398,-0.0076699,0.0076699,0,0.000981748,-0.00687223,-3.07617,-0.703125,-0.447443,1.75781,0.267654,-0.157556,-2.12536,0.703125,-0.0559304,0.878906,0.532781,-0.312089,-0.167791,-1.43306,3.33221,-2.75,0.4375,0.125,-2.6875,-0.125,-0.722656,0.0195312,-2.1875,-0.625,0.25,-2.375,0.0625,-0.703125,0.175781,-0.0849659,0.000409061,-0.0698521,0.095281,0.196319,0.0103691,-0.129105,0.0415538,-0.0147311,0.0804205,0.198723,-0.00327116,-0.0830833,-0.177978,0.505358,-0.457558,0.313316,0.0138777,-0.405402,-0.000287622,-0.145145,-0.0219666,-0.388816,-0.24141,0.125595,-0.438383,0.196541,-0.150545,0.153061
37.1,-0.198535,0.000170442,0.000294622,0.419356,-0.234523,-8.14077e-05,-0.198722,-0.000494283,0.000120527,0.419799,-0.23478,0.000218595,0.000160703,0.000591139,-0.00163369,0.00442218,-0.00316384,-0.000731038,0.00882039,0.000167779,0.00709466,0.00119651,0.00391884,0.00244478,-0.00221708,0.00846086,-0.00983905,0.00747816,-0.00730175,-0.2,0,0,0.42,-0.23,0,-0.2,0,0,0.42,-0.23,0,0,0,0,0,0,0,0,0,0,0,0,0,0,0,0,0,0,-0.00171416,-0.00872665,-0.00171416,-0.0185441,0.00270587,0.00459669,-0.00857081,0.00654498,0.0274266,-0.00981748,-0.000499637,-0.0137554,-0.00857081,-0.00679051,-0.00185578,0.00920388,0.00613592,-0.0107379,-0.00306796,-0.0138058,-0.00589049,0.0019635,0,-0.00460194,0.0199418,-0.00153398,0,0.000981748,0,-2.85245,-0.703125,-0.503374,1.75781,0.178857,-0.209571,-2.34908,0.791016,-0.111861,0.439453,0.443563,-0.364608,-0.279652,-1.28481,3.25472,-2.75,0.4375,0.1875,-2.75,-0.125,-0.712891,0,-2.1875,-0.625,0.1875,-2.375,0.0625,-0.703125,0.175781,-0.143087,0.000409061,-0.0260338,0.170736,0.175504,-0.00593707,-0.110625,0.0363383,-0.0669059,0.0693554,0.192197,0.0187669,-0.0224984,-0.15697,0.495673,-0.460626,0.304112,0.0580276,-0.434884,0.0104502,-0.136003,-0.0258936,-0.391884,-0.235274,0.0709706,-0.419975,0.196781,-0.150545,0.146035
37.16,-0.198562,0.00016192,0.000308014,0.41939,-0.234502,-8.8486e-05,-0.198709,-0.000494283,0.000120527,0.419859,-0.234776,0.000211397,0.000174095,0.00058356,-0.00162885,0.00439821,-0.00316384,-0.000731038,0.00882039,0.000155795,0.00710233,0.00118884,0.00391884,0.00245677,-0.0022051,0.00844888,-0.00982706,0.00747816,-0.00730942,-0.2,0,0,0.42,-0.23,0,-0.2,0,0,0.42,-0.23,0,0,0,0,0,0,0,0,0,0,0,0,0,0,0,0,0,0,-0.0222841,-0.0119991,0,0.00545415,0.00376226,-0.00273632,0.0188558,0.0174533,0.0342833,0.00218166,0.00324705,-0.00551603,0.0137133,-0.00194015,-0.00371157,-0.00153398,-0.0076699,0.00153398,0,-0.00153398,-0.00589049,0.000981748,0.0138058,-0.00153398,0.0168738,-0.0076699,-0.00460194,0.0019635,-0.0019635,-2.85245,-0.615234,-0.391513,1.49414,0.0896389,-0.157052,-2.68466,0.615234,-0.335582,0.791016,0.443563,-0.364608,-0.335582,-1.43306,3.33221,-2.75,0.5,0.1875,-2.8125,-0.1875,-0.712891,0.0195312,-2.1875,-0.625,0.1875,-2.3125,0.0625,-0.703125,0.175781,-0.0992682,0.00780626,-0.0308014,0.0696288,0.17255,0.00901209,-0.166817,0.0145217,-0.0806192,0.0124136,0.184534,0.00257617,-0.0933683,-0.169248,0.499791,-0.436753,0.331723,0.0334839,-0.441019,-0.00158192,-0.136156,-0.0247585,-0.419496,-0.242609,0.0765073,-0.407104,0.201143,-0.151527,0.148152
37.2,-0.198575,0.00016192,0.000308014,0.419365,-0.234493,-7.41258e-05,-0.198655,-0.000494283,9.37433e-05,0.419808,-0.234788,0.000218629,0.000160703,0.000560824,-0.00164335,0.00439821,-0.00313987,-0.000731038,0.00882039,0.000155795,0.00711,0.00118884,0.00390686,0.00244478,-0.00224105,0.00844888,-0.00983905,0.00747049,-0.00730175,-0.2,0,0,0.42,-0.23,0,-0.2,0,0,0.42,-0.23,0,0,0,0,0,0,0,0,0,0,0,0,0,0,0,0,0,0,-0.0137133,-0.0218166,0.00171416,-0.00218166,-0.00216989,-0.00551169,0.0222841,0.00436332,0.02057,0.00436332,-0.00916362,0.00278838,0.00857081,0.00873066,-0.00185578,-0.0076699,-0.00306796,-0.00920388,0.0214757,-0.00460194,0.00392699,-0.00392699,0,-0.0107379,0.00153398,0.0107379,0.00460194,-0.00392699,0.0107992,-3.02024,-0.351562,-0.335582,1.23047,0.267654,-0.157556,-2.5728,0.615234,-0.391513,1.14258,0.443563,-0.364608,-0.279652,-1.38364,3.25472,-2.75,0.5,0.1875,-2.8125,-0.1875,-0.722656,0.0195312,-2.1875,-0.625,0.1875,-2.375,0.0625,-0.703125,0.166016,-0.11507,0.0274412,-0.0342297,0.104008,0.184076,0.0139884,-0.17903,0.0407016,-0.0505142,0.0113536,0.209861,-0.0143219,-0.0739233,-0.194439,0.498573,-0.424481,0.320123,0.0549597,-0.483971,0.00148604,-0.146127,-0.0198497,-0.390686,-0.223002,0.108985,-0.44392,0.192179,-0.145483,0.135236
37.26,-0.198562,0.00011931,0.000294622,0.419365,-0.234498,-8.13059e-05,-0.198669,-0.000502805,0.000107135,0.419868,-0.234763,0.00021851,0.000147311,0.000538088,-0.00166752,0.00441019,-0.00313987,-0.00062318,0.00882039,0.000191748,0.00710233,0.00119651,0.00390686,0.00245677,-0.00218113,0.00843689,-0.00982706,0.00746282,-0.00730175,-0.2,0,0,0.42,-0.23,0,-0.2,0,0,0.42,-0.23,0,0,0,0,0,0,0,0,0,0,0,0,0,0,0,0,0,0,-0.0222841,-0.01309,0.00342833,0,-0.00160795,0.002745,0.0239983,0.00218166,0.0171416,-0.00436332,1.55768e-05,-0.00550301,-0.0119991,-0.00582044,-0.00371157,0.0076699,0.00153398,0.0153398,-0.0076699,-0.0168738,0.0147262,0.00294524,0.00153398,-0.00153398,-0.00153398,-0.00460194,-0.00153398,-0.00392699,0.00294524,-2.74059,-0.615234,-0.615234,1.31836,0.178436,-0.105037,-2.40501,0.703125,-0.0559304,1.40625,0.532781,-0.312089,-0.223722,-1.28481,3.25472,-2.75,0.4375,0.1875,-2.75,-0.125,-0.722656,0.0195312,-2.1875,-0.625,0.1875,-2.375,0.0625,-0.703125,0.175781,-0.0992682,0.014249,-0.0363188,0.095281,0.183122,-0.00223776,-0.181119,0.0459172,-0.0449968,0.037315,0.190493,0.00226565,-0.00819584,-0.143965,0.511389,-0.456359,0.310919,0.00047937,-0.42568,0.0130388,-0.156773,-0.0268753,-0.393754,-0.242609,0.112124,-0.412641,0.198075,-0.145329,0.14309
37.3,-0.198548,0.000136354,0.000294622,0.419399,-0.234498,-6.69796e-05,-0.198669,-0.000494283,9.37433e-05,0.419825,-0.234763,0.00021851,0.000147311,0.000560824,-0.00166268,0.00439821,-0.00316384,-0.000731038,0.00883237,0.000167779,0.00711,0.00119651,0.00391884,0.00244478,-0.00215716,0.00846086,-0.00981508,0.00746282,-0.00729408,-0.2,0,0,0.42,-0.23,0,-0.2,0,0,0.42,-0.23,0,0,0,0,0,0,0,0,0,0,0,0,0,0,0,0,0,0,-0.0291408,0.00218166,-0.0188558,0.0141808,0.00431901,0.00368603,0,-0.0185441,0.0257124,-0.00763582,1.03845e-05,-0.00366868,-0.0257124,-0.00485037,-0.00309297,-0.0260777,-0.00153398,0,-0.0107379,0,0.000981748,-0.0019635,0.0107379,0.00460194,-0.0168738,0.0076699,-0.00460194,-0.0107992,0.0107992,-2.62873,-0.439453,-0.335582,1.75781,0.000421007,-0.104534,-2.40501,0.791016,-0.223722,0.878906,0.354345,-0.417126,0.223722,-1.28481,3.25472,-2.6875,0.4375,0.125,-2.75,-0.1875,-0.722656,0,-2.1875,-0.625,0.1875,-2.375,0.0625,-0.703125,0.166016,-0.0868945,-0.0179987,0.00824941,0.0334437,0.171266,-0.00469287,-0.133123,0.0865165,-0.0607992,0.0567976,0.190504,-0.00140303,0.0329441,-0.153696,0.508084,-0.387666,0.319452,0.0365519,-0.420143,-0.00335558,-0.143182,-0.0219666,-0.41336,-0.253682,0.141606,-0.438383,0.200904,-0.138457,0.135082
37.36,-0.198468,0.000127832,0.000294622,0.41939,-0.234506,-8.13398e-05,-0.198655,-0.000494283,0.000107135,0.419799,-0.234767,0.00022569,0.000160703,0.000568403,-0.00166752,0.00441019,-0.00313987,-0.000683101,0.00882039,0.000155795,0.00709466,0.00118884,0.00391884,0.00244478,-0.00215716,0.00843689,-0.00982706,0.00747049,-0.00730175,-0.2,0,0,0.42,-0.23,0,-0.2,0,0,0.42,-0.23,0,0,0,0,0,0,0,0,0,0,0,0,0,0,0,0,0,0,-0.0274266,-0.00763582,-0.00514249,0.00436332,0.00538059,-0.00181265,0.0308549,0.00109083,-0.0119991,0.00109083,-0.00214912,-0.00182566,0.02057,-0.00194015,-0.00371157,-0.0199418,-0.0122718,-0.0107379,0,-0.0184078,-0.00294524,0.0107992,0.00920388,0.0168738,0.00613592,-0.00460194,0,-0.011781,0,-2.68466,-0.439453,-0.335582,1.75781,0.000842014,-0.209067,-2.40501,0.615234,0.111861,0.703125,0.354766,-0.312593,-0.447443,-1.38364,3.4097,-2.6875,0.4375,0.1875,-2.75,-0.125,-0.722656,0,-2.1875,-0.5625,0.1875,-2.375,0.0625,-0.693359,0.175781,-0.0983576,0.00248846,-0.0191772,0.0739922,0.169481,0.00687889,-0.196172,0.0472466,0.0132848,0.0257221,0.194991,-0.00537626,-0.109921,-0.1647,0.511389,-0.401136,0.33853,0.0556308,-0.441019,0.0152919,-0.138948,-0.0345759,-0.410292,-0.278226,0.0955862,-0.412641,0.196541,-0.137629,0.146035
37.4,-0.198495,0.000127832,0.000308014,0.419407,-0.234485,-7.40919e-05,-0.198669,-0.000511327,0.000107135,0.419808,-0.234771,0.000204217,0.000147311,0.000575981,-0.00166268,0.00442218,-0.00313987,-0.000659132,0.00882039,0.000191748,0.00709466,0.00118117,0.00391884,0.00245677,-0.00208526,0.00846086,-0.00983905,0.00747049,-0.00730175,-0.2,0,0,0.42,-0.23,0,-0.2,0,0,0.42,-0.23,0,0,0,0,0,0,0,0,0,0,0,0,0,0,0,0,0,0,0,0.0174533,-0.00171416,0.00545415,-0.00593215,-0.00277537,0.0119991,-0.00218166,0.00514249,-0.00545415,0.00649409,-0.0110321,-0.0137133,-0.00194015,0.00494876,0.00460194,-0.0076699,0.0076699,-0.0138058,-0.00460194,-0.00294524,-0.0107992,0.00306796,0.00153398,0.00153398,0.0076699,0,0,0.00687223,-2.85245,-0.527344,-0.391513,0.791016,0.267654,-0.157556,-2.62873,0.791016,0.167791,1.58203,0.354345,-0.417126,-0.279652,-1.28481,3.25472,-2.75,0.4375,0.125,-2.75,-0.125,-0.722656,0,-2.1875,-0.625,0.1875,-2.4375,0.0625,-0.703125,0.166016,-0.150533,-0.0476898,-0.027373,0.0670718,0.191264,0.00851441,-0.157121,0.055496,-0.0209985,0.0506235,0.177871,0.0138954,-0.00305336,-0.166974,0.483959,-0.451422,0.329327,0.0176168,-0.413408,0.00076699,-0.138948,-0.0128241,-0.39802,-0.248745,0.101195,-0.438383,0.196781,-0.14941,0.139163
37.46,-0.198548,0.000127832,0.000321406,0.41939,-0.234477,-0.000102711,-0.198709,-0.000511327,0.000147311,0.419833,-0.234763,0.000204183,0.000147311,0.00058356,-0.00166752,0.00441019,-0.0031159,-0.000683101,0.00883237,0.000167779,0.00709466,0.00119651,0.00391884,0.00245677,-0.00206129,0.00843689,-0.00982706,0.00747816,-0.00730175,-0.2,0,0,0.42,-0.23,0,-0.2,0,0,0.42,-0.23,0,0,0,0,0,0,0,0,0,0,0,0,0,0,0,0,0,0,-0.02057,-0.00872665,0.0119991,0.00872665,0,0,0.00685665,-0.00109083,0.0257124,0,-0.00480826,-0.013738,-0.0462824,0.000970073,-0.00556735,0.00153398,0,-0.00306796,0.0076699,-0.00920388,-0.000981748,-0.00490874,0.00153398,-0.00460194,-0.0107379,0.0153398,0.00613592,-0.000981748,0,-2.74059,-0.615234,-0.447443,1.75781,0.0896389,-0.157052,-2.18129,0.703125,-0.111861,1.66992,0.532781,-0.312089,-0.391513,-1.33422,3.4872,-2.75,0.4375,0.125,-2.8125,-0.1875,-0.722656,0.0195312,-2.1875,-0.625,0.1875,-2.4375,0.0625,-0.693359,0.175781,-0.104036,0.00467012,-0.0561388,0.0565389,0.179067,0.00410843,-0.142818,0.0533144,-0.066156,0.0249758,0.200139,0.0193087,0.0946539,-0.177978,0.516957,-0.444087,0.31159,0.040291,-0.456959,0.0058483,-0.140911,-0.0190214,-0.394952,-0.236473,0.12454,-0.452524,0.190405,-0.148581,0.146035
37.5,-0.198562,0.000127832,0.000308014,0.419382,-0.234489,-6.69457e-05,-0.198696,-0.000511327,0.000160703,0.419825,-0.234759,0.000211329,0.000174095,0.000575981,-0.00167235,0.00439821,-0.00304399,-0.000515322,0.00882039,0.000167779,0.00709466,0.00119651,0.00391884,0.00244478,-0.0020493,0.00846086,-0.00982706,0.00746282,-0.00730175,-0.2,0,0,0.42,-0.23,0,-0.2,0,0,0.42,-0.23,0,0,0,0,0,0,0,0,0,0,0,0,0,0,0,0,0,0,-0.0119991,0.00872665,-0.00514249,-0.00981748,0.000546367,0.00275368,0.00342833,0,-0.0359974,0.00436332,-0.00321589,-0.00549,0.0171416,-0.0106708,0.00309297,-0.00460194,0,0.00460194,-0.0276117,-0.0122718,0.00589049,-0.00589049,0.00153398,0.0107379,-0.00613592,0.00920388,0.00613592,0.00589049,0.00589049,-2.74059,-0.527344,-0.503374,2.19727,0.178436,-0.105037,-2.5728,0.615234,0.391513,1.14258,0.443563,-0.364608,-0.447443,-1.28481,3.25472,-2.75,0.4375,0.125,-2.6875,-0.125,-0.722656,0.0195312,-2.1875,-0.625,0.1875,-2.375,0.0625,-0.712891,0.166016,-0.119838,-0.0302365,-0.0205164,0.131994,0.178475,-0.00282952,-0.137301,0.0511327,0.0559246,0.00880106,0.196787,0.00252682,-0.103653,-0.140782,0.492426,-0.430617,0.304399,0.0165622,-0.385796,0.00891626,-0.147784,-0.0180396,-0.394952,-0.265954,0.114737,-0.441451,0.190405,-0.155147,0.140144
37.56,-0.198562,0.000102265,0.000308014,0.419407,-0.234477,-7.40581e-05,-0.198655,-0.000494283,0.000107135,0.419833,-0.234759,0.000211329,0.000200878,0.000568403,-0.00166752,0.00441019,-0.00302002,-0.000635164,0.00883237,0.000155795,0.00708699,0.00119651,0.00391884,0.00246875,-0.0020493,0.00843689,-0.00982706,0.00747049,-0.00729408,-0.2,0,0,0.42,-0.23,0,-0.2,0,0,0.42,-0.23,0,0,0,0,0,0,0,0,0,0,0,0,0,0,0,0,0,0,-0.00342833,-0.0119991,0.00857081,0.0109083,0,0,0.0342833,-0.00763582,0.00857081,0.0109083,-0.0021647,0.00367735,0.0274266,-0.00388029,0.00247438,-0.00613592,-0.00153398,0.00153398,-0.00306796,-0.0291456,-0.0127627,0.00883573,0.00153398,-0.0076699,-0.00460194,-0.0122718,0.00460194,0.00687223,0.00785398,-3.02024,-0.439453,-0.559304,0.878906,0.178436,-0.105037,-2.96431,0.703125,0,0.615234,0.443563,-0.364608,-0.223722,-1.28481,3.25472,-2.75,0.5,0.125,-2.75,-0.125,-0.712891,0,-2.1875,-0.5625,0.1875,-2.3125,0.0625,-0.703125,0.175781,-0.13698,0.0137717,-0.047943,0.0452552,0.179064,0.00296232,-0.203029,0.0646999,-0.0278551,-0.0186574,0.194685,-0.0158079,-0.142543,-0.15888,0.492832,-0.428748,0.30507,0.0286902,-0.435483,0.0260297,-0.128977,-0.0327658,-0.394952,-0.231535,0.111669,-0.397301,0.191939,-0.156282,0.138028
37.6,-0.198615,0.000178964,0.000294622,0.419365,-0.234502,-0.000102812,-0.198669,-0.000494283,0.000133919,0.419799,-0.234755,0.000218476,0.000160703,0.00058356,-0.00164818,0.00439821,-0.00302002,-0.000647148,0.00882039,0.000155795,0.00709466,0.00118117,0.00391884,0.00245677,-0.00208526,0.00843689,-0.00983905,0.00747049,-0.00730175,-0.2,0,0,0.42,-0.23,0,-0.2,0,0,0.42,-0.23,0,0,0,0,0,0,0,0,0,0,0,0,0,0,0,0,0,0,-0.0188558,-0.00109083,0,0,0.000535982,-0.000915,0.0239983,-0.00545415,0.010285,-0.0414516,0.000515213,0.00825235,-0.0188558,-0.00485037,-0.00309297,-0.00613592,0,0.0230097,-0.00613592,-0.0184078,0.00392699,-0.00392699,0.0076699,0.00153398,0,0.00613592,0.00306796,0.00490874,0,-2.79652,-0.527344,-0.391513,2.19727,0.178436,-0.105037,-2.23722,0.703125,0,1.14258,0.443563,-0.364608,-0.615234,-1.23539,3.33221,-2.75,0.4375,0.125,-2.75,-0.125,-0.722656,0.0195312,-2.1875,-0.625,0.1875,-2.4375,0.0625,-0.703125,0.175781,-0.100768,-0.0157148,-0.0294622,0.095281,0.179004,0.0059425,-0.181119,0.0603366,-0.0339618,0.195892,0.189157,-0.0252437,0.00835655,-0.160517,0.503734,-0.427549,0.302002,-0.013662,-0.428748,0.0152919,-0.14582,-0.0196963,-0.407224,-0.248745,0.104263,-0.434117,0.193713,-0.154318,0.146035
37.66,-0.198655,0.00016192,0.000294622,0.419407,-0.234485,-8.84183e-05,-0.198682,-0.000494283,0.000107135,0.419791,-0.234751,0.000225622,0.000200878,0.00058356,-0.00163852,0.00439821,-0.00304399,-0.000671117,0.00882039,0.000143811,0.00708699,0.00118884,0.00391884,0.00244478,-0.00206129,0.00846086,-0.00982706,0.00746282,-0.00730175,-0.2,0,0,0.42,-0.23,0,-0.2,0,0,0.42,-0.23,0,0,0,0,0,0,0,0,0,0,0,0,0,0,0,0,0,0,-0.0342833,0.00763582,0.010285,-0.0316341,-0.00214393,0.00366,0.00342833,0.00327249,0.0154275,-0.0174533,0.0016391,-0.00826103,0.0377116,-0.00582044,3.99822e-20,0.00460194,-0.0107379,-0.0107379,-0.0076699,-0.0107379,-0.00785398,0.00294524,-0.0107379,-0.00153398,-0.00153398,0.0122718,-0.00153398,-0.00785398,0,-2.79652,-0.703125,-0.447443,1.8457,0.267654,-0.157556,-2.68466,0.703125,0,1.66992,0.532781,-0.312089,-0.950817,-1.28481,3.25472,-2.8125,0.4375,0.125,-2.75,-0.1875,-0.722656,0.0195312,-2.125,-0.625,0.25,-2.375,0.0625,-0.703125,0.175781,-0.0658956,-0.0314636,-0.0500321,0.215425,0.183689,-0.00378327,-0.138641,0.0428833,-0.0415684,0.101177,0.186742,0.00749718,-0.173398,-0.157607,0.491556,-0.449025,0.325875,0.0550316,-0.42568,0.00786165,-0.133886,-0.0267219,-0.370408,-0.24141,0.106132,-0.447587,0.198075,-0.141402,0.146035
37.7,-0.198615,0.00016192,0.000308014,0.41939,-0.234485,-5.97656e-05,-0.198722,-0.000494283,8.03514e-05,0.419825,-0.234771,0.000204217,0.000200878,0.000560824,-0.00163369,0.00439821,-0.00304399,-0.000707069,0.00883237,0.000167779,0.00709466,0.0011735,0.00390686,0.00244478,-0.00214518,0.00843689,-0.00982706,0.00747049,-0.00729408,-0.2,0,0,0.42,-0.23,0,-0.2,0,0,0.42,-0.23,0,0,0,0,0,0,0,0,0,0,0,0,0,0,0,0,0,0,0,0,0.00514249,0.00872665,-0.00214912,0.00182566,0.00857081,-0.00109083,-0.00342833,0.00981748,0.0026903,0.000906323,0.0137133,-0.00776059,0.00247438,-0.0122718,-0.00613592,-0.0076699,0.00306796,-0.00613592,0.0019635,-0.00981748,0.00460194,-0.0076699,-0.00153398,-0.00460194,-0.00613592,0.00883573,0.00687223,-2.74059,-0.615234,-0.503374,0.966797,0.178436,-0.105037,-2.51687,0.703125,-0.111861,0.439453,0.354345,-0.417126,-0.391513,-1.33422,3.33221,-2.75,0.4375,0.1875,-2.75,-0.125,-0.722656,0.0195312,-2.1875,-0.625,0.1875,-2.375,0.0625,-0.703125,0.175781,-0.138479,-0.016192,-0.0410863,0.0565389,0.183697,-0.0012607,-0.144909,0.0516099,-0.00117849,-0.0130156,0.185479,-0.00998133,-0.101403,-0.144965,0.482683,-0.415277,0.316671,0.0506933,-0.447755,0.00278034,-0.143857,-0.0136524,-0.39989,-0.229138,0.110327,-0.412641,0.202677,-0.158245,0.139009
37.76,-0.198655,0.000196009,0.000308014,0.419407,-0.234485,-8.84183e-05,-0.198736,-0.000502805,9.37433e-05,0.419825,-0.234767,0.00022569,0.00021427,0.000575981,-0.00163369,0.00441019,-0.00305598,-0.000719053,0.00883237,0.000191748,0.00707932,0.00118117,0.00391884,0.00245677,-0.00214518,0.00843689,-0.00982706,0.00746282,-0.00729408,-0.2,0,0,0.42,-0.23,0,-0.2,0,0,0.42,-0.23,0,0,0,0,0,0,0,0,0,0,0,0,0,0,0,0,0,0,-0.00857081,-0.00218166,0.0154275,0.00545415,-0.000561943,-0.00825669,0,-0.00436332,-0.00857081,0,-0.00106158,-0.00549868,-0.0359974,0,0,-0.0138058,-0.00613592,0.0076699,-0.00153398,-0.00306796,-0.011781,-0.00392699,0.00613592,0.00153398,0.00613592,-0.0107379,-0.0122718,-0.00785398,0.00981748,-3.02024,-0.615234,-0.559304,1.49414,0.0892179,-0.0525187,-2.51687,0.703125,-0.167791,1.05469,0.532781,-0.312089,0,-1.28481,3.25472,-2.75,0.4375,0.125,-2.75,-0.125,-0.722656,0.0195312,-2.1875,-0.625,0.1875,-2.375,0.0625,-0.703125,0.175781,-0.11732,-0.0152375,-0.0616563,0.0670718,0.180526,0.0200501,-0.126427,0.0590071,0.0077673,0.0262544,0.192816,0.00196976,0.0437111,-0.172794,0.490106,-0.413408,0.31787,0.0206129,-0.438551,-0.00076699,-0.129805,-0.0196963,-0.404156,-0.248745,0.094987,-0.400369,0.208813,-0.141402,0.136064
37.8,-0.198629,0.00016192,0.00028123,0.419424,-0.234485,-5.97656e-05,-0.198736,-0.000494283,0.000107135,0.419816,-0.234771,0.000204217,0.000187487,0.00058356,-0.00162885,0.00439821,-0.00304399,-0.000683101,0.00882039,0.000179763,0.00709466,0.00116583,0.00391884,0.00244478,-0.00208526,0.00843689,-0.00981508,0.00746282,-0.00730175,-0.2,0,0,0.42,-0.23,0,-0.2,0,0,0.42,-0.23,0,0,0,0,0,0,0,0,0,0,0,0,0,0,0,0,0,0,0.00685665,-0.00763582,0,0.00763582,-0.00540136,-0.0055247,-0.00171416,0.00545415,0,0.00109083,0.00269549,-0.000928014,0.0291408,-4.72612e-20,0.00123719,-0.00306796,0,0.00920388,-0.00460194,0.00920388,0.00981748,-0.0245437,0.00460194,0.00306796,0.00153398,0.0184078,0,0,-0.000981748,-2.96431,-0.615234,-0.447443,1.05469,0.178436,-0.105037,-2.23722,0.615234,-0.111861,0.966797,0.265549,-0.365111,-0.503374,-1.33422,3.17722,-2.75,0.4375,0.125,-2.75,-0.1875,-0.722656,0,-2.1875,-0.625,0.1875,-2.375,0,-0.703125,0.175781,-0.150855,-0.000920388,-0.028123,0.0557881,0.190201,0.01344,-0.122999,0.03852,-0.0107135,0.0231651,0.185468,-0.00631265,-0.143668,-0.175068,0.484944,-0.433685,0.304399,0.0157473,-0.431816,-0.0127992,-0.151711,0.00122719,-0.401088,-0.250614,0.101195,-0.45866,0.196302,-0.149256,0.147017
37.86,-0.198615,0.000153398,0.000308014,0.41939,-0.234485,-5.97656e-05,-0.198763,-0.000485761,0.000107135,0.419859,-0.234763,0.000232836,0.000147311,0.000575981,-0.00162402,0.00442218,-0.00304399,-0.000683101,0.00882039,0.000167779,0.00707932,0.00118884,0.00391884,0.00242081,-0.00210922,0.00841293,-0.00982706,0.00745515,-0.00729408,-0.2,0,0,0.42,-0.23,0,-0.2,0,0,0.42,-0.23,0,0,0,0,0,0,0,0,0,0,0,0,0,0,0,0,0,0,-0.0188558,-0.00545415,0.00514249,0.0141808,-5.19227e-06,-0.00183434,0.00514249,0.00981748,0.0188558,0.0174533,0.000535982,0.000915,0.0119991,-1.51679e-19,0.00371157,0.0076699,-0.00306796,0.0214757,0,0,-0.00589049,0.00589049,0,0.00613592,0,-0.00613592,-0.00460194,-0.00490874,0.00785398,-2.51687,-0.615234,-0.279652,2.46094,0.178436,-0.105037,-2.23722,0.615234,-0.223722,0.615234,0.443563,-0.364608,0.111861,-1.28481,3.25472,-2.75,0.5,0.125,-2.75,-0.1875,-0.722656,0,-2.1875,-0.625,0.1875,-2.375,0.0625,-0.693359,0.175781,-0.100768,-0.0044315,-0.0410863,0.0347222,0.179409,0.0060593,-0.134033,0.0289411,-0.0484251,-0.0486729,0.189454,-0.0111434,-0.0801907,-0.172794,0.476072,-0.457558,0.310535,-0.00879642,-0.441019,-0.00335558,-0.135696,-0.0296672,-0.391884,-0.254353,0.105461,-0.408374,0.201143,-0.144194,0.138028
37.9,-0.198629,0.000153398,0.000308014,0.419407,-0.234489,-9.55984e-05,-0.198722,-0.000502805,0.000107135,0.419825,-0.234755,0.000204149,0.000227662,0.000568402,-0.00162885,0.00444615,-0.00304399,-0.000731038,0.00884436,0.000155795,0.00708699,0.00118117,0.00391884,0.0024328,-0.00210922,0.00841293,-0.00983905,0.00745515,-0.00730175,-0.2,0,0,0.42,-0.23,0,-0.2,0,0,0.42,-0.23,0,0,0,0,0,0,0,0,0,0,0,0,0,0,0,0,0,0,-0.0342833,-0.0141808,-0.010285,0.00109083,0.00535463,-0.0109843,-0.0119991,-0.00763582,0.0119991,-0.0141808,0.00163391,-0.00642669,0.0291408,-0.00291022,-0.00185578,-0.0076699,0.00306796,0,0.00460194,-0.00153398,0.00392699,0.0019635,0.00613592,-0.0199418,0.00460194,-0.0230097,-0.00306796,-0.00490874,0,-2.68466,-0.615234,-0.559304,1.8457,0.0896389,-0.157052,-2.46094,0.703125,-0.111861,0.878906,0.443984,-0.260074,-1.23047,-1.43306,3.33221,-2.6875,0.4375,0.125,-2.75,-0.1875,-0.722656,0,-2.1875,-0.5625,0.1875,-2.3125,0.0625,-0.703125,0.166016,-0.0685748,0.0130218,-0.0102314,0.0845251,0.168862,0.0257926,-0.103769,0.0655521,-0.0347118,0.0829776,0.186919,0.00468741,-0.155721,-0.16179,0.494223,-0.429275,0.298263,0.0365519,-0.451422,-0.00158192,-0.145667,-0.0255868,-0.404156,-0.203396,0.0962573,-0.374627,0.199849,-0.144194,0.146035
37.96,-0.198629,0.000153398,0.00028123,0.419399,-0.234485,-8.84183e-05,-0.198696,-0.000502805,9.37433e-05,0.419774,-0.234767,0.000211363,0.00021427,0.000591139,-0.00163369,0.00439821,-0.00303201,-0.000707069,0.00884436,0.000167779,0.00707932,0.0011735,0.00391884,0.00244478,-0.00206129,0.00841293,-0.00985103,0.00746282,-0.00730175,-0.2,0,0,0.42,-0.23,0,-0.2,0,0,0.42,-0.23,0,0,0,0,0,0,0,0,0,0,0,0,0,0,0,0,0,0,-0.00857081,-0.00763582,-0.00171416,-0.0218166,0.000520405,-0.00641801,-0.0119991,-0.00327249,0.00857081,0.0141808,0.00270587,-0.00459669,0.00857081,0.00291022,0.00433016,-0.00153398,-0.00153398,0.00613592,0.00153398,0.00153398,-0.00785398,-0.00589049,-0.00306796,-0.0138058,-0.0076699,0,0,0.000981748,0.00490874,-2.5728,-0.439453,-0.391513,1.66992,0.000421007,-0.104534,-2.01349,0.615234,-0.0559304,0.878906,0.443563,-0.364608,-0.727095,-1.33422,3.17722,-2.75,0.4375,0.125,-2.75,-0.1875,-0.722656,0,-2.1875,-0.5625,0.25,-2.375,0.0625,-0.693359,0.175781,-0.12,-6.81775e-05,-0.0246947,0.177433,0.178361,0.0163728,-0.106446,0.0568255,-0.026516,-0.0228022,0.18528,0.000738849,-0.0899935,-0.186072,0.477115,-0.436753,0.306269,0.0230816,-0.445286,-0.00488956,-0.133732,-0.0175794,-0.385748,-0.216867,0.118404,-0.420646,0.197021,-0.150238,0.141126
38.02,-0.198588,0.000127832,0.00028123,0.419407,-0.234485,-8.84183e-05,-0.198722,-0.000494283,0.000187487,0.419833,-0.234759,0.000225656,0.00021427,0.000591139,-0.00163369,0.00444615,-0.00303201,-0.000671117,0.00883237,0.000167779,0.00709466,0.0011735,0.00391884,0.00245677,-0.00203732,0.00841293,-0.00983905,0.00745515,-0.00729408,-0.2,0,0,0.42,-0.23,0,-0.2,0,0,0.42,-0.23,0,0,0,0,0,0,0,0,0,0,0,0,0,0,0,0,0,0,0.00857081,-0.00436332,0.00857081,-0.00109083,0.00106677,-0.00366434,-0.00857081,0.00763582,0.0188558,-0.00763582,0.00164949,-0.0119297,0.0274266,0.00194015,-0.00123719,-0.0076699,-0.0107379,0.00613592,-0.0107379,-0.00613592,0.0137445,-0.0176715,0.00153398,0,0.00613592,-0.0076699,-0.00460194,-0.00294524,0.00785398,-2.51687,-0.527344,-0.503374,1.23047,0.0896389,-0.157052,-2.79652,0.615234,-0.335582,0.703125,0.532781,-0.312089,-0.223722,-1.33422,3.33221,-2.6875,0.4375,0.125,-2.75,-0.1875,-0.722656,0.0195312,-2.1875,-0.625,0.1875,-2.375,0.0625,-0.712891,0.166016,-0.1583,-0.00405653,-0.0452646,0.0932517,0.177268,0.0108654,-0.110625,0.0341566,-0.0564602,0.0555191,0.187058,0.0148332,-0.146561,-0.183162,0.493817,-0.429275,0.324677,0.021284,-0.420143,0.00278034,-0.155638,-0.00579845,-0.394952,-0.245677,0.0895941,-0.405306,0.201383,-0.146158,0.138028
38.06,-0.198535,0.000144876,0.000294622,0.419416,-0.234493,-7.41258e-05,-0.198682,-0.000511327,0.000107135,0.419859,-0.234763,0.00021851,0.00021427,0.000575981,-0.00166268,0.00439821,-0.00302002,-0.000671117,0.00884436,0.000167779,0.00708699,0.00118117,0.00390686,0.00244478,-0.00201335,0.00840094,-0.00983905,0.00746282,-0.00730175,-0.2,0,0,0.42,-0.23,0,-0.2,0,0,0.42,-0.23,0,0,0,0,0,0,0,0,0,0,0,0,0,0,0,0,0,0,-0.0257124,0.00109083,0.00685665,-0.00545415,0.00482384,-0.008235,0.02057,-0.00872665,-0.0137133,0.00654498,0.00592696,-0.000941029,-0.02057,9.45224e-20,-0.00247438,0.0076699,-0.00306796,-0.0076699,0,-0.00460194,0.00392699,0.00785398,0,-0.00613592,0.00153398,0,-0.00306796,0.00687223,-0.00392699,-2.96431,-0.615234,-0.447443,1.58203,0.0896389,-0.157052,-2.62873,0.703125,0,0.791016,0.354345,-0.417126,-0.559304,-1.33422,3.33221,-2.8125,0.4375,0.1875,-2.75,-0.125,-0.722656,0.0195312,-2.1875,-0.625,0.1875,-2.375,0.0625,-0.703125,0.175781,-0.0950908,-0.0166693,-0.0431755,0.109426,0.170089,0.019435,-0.172924,0.068586,0.0167131,-0.00503966,0.178671,-0.00685832,-0.00257124,-0.172794,0.506228,-0.455161,0.308138,0.0488956,-0.442218,0.00124636,-0.145667,-0.0314773,-0.390686,-0.232206,0.0975995,-0.420047,0.199849,-0.156129,0.149962
38.12,-0.198535,0.000144876,0.000308014,0.419399,-0.234481,-0.000109891,-0.198655,-0.000494283,0.000160703,0.419825,-0.234763,0.000189857,0.00021427,0.000575981,-0.00168201,0.00443416,-0.00294812,-0.000503337,0.00882039,0.000167779,0.00708699,0.00118117,0.00391884,0.00244478,-0.00201335,0.00841293,-0.00982706,0.00745515,-0.00730175,-0.2,0,0,0.42,-0.23,0,-0.2,0,0,0.42,-0.23,0,0,0,0,0,0,0,0,0,0,0,0,0,0,0,0,0,0,-0.0308549,0.00545415,0.00171416,-0.00327249,-0.00162872,-0.00459235,-0.00171416,0.00436332,-0.00514249,0.00763582,0.000546367,-0.00275368,0.02057,0.00194015,-0.00123719,0.00153398,0,0.00920388,-0.0138058,0.00306796,0.0127627,-0.0127627,0.00460194,-0.0138058,0.0076699,0,-0.00153398,-0.00589049,-0.0019635,-2.51687,-0.878906,-0.447443,2.02148,0.178436,-0.105037,-2.46094,0.527344,-0.167791,1.14258,0.354766,-0.312593,-0.559304,-1.33422,3.33221,-2.75,0.4375,0.125,-2.75,-0.1875,-0.722656,0.0195312,-2.1875,-0.625,0.1875,-2.375,0.0625,-0.703125,0.175781,-0.0848058,-0.0253959,-0.0342297,0.103257,0.182493,0.0135803,-0.131034,0.0407016,-0.0057853,-0.00428891,0.189428,-0.00208692,-0.125991,-0.178615,0.508316,-0.446484,0.294812,0.0067591,-0.413408,-0.00642355,-0.154503,-0.0108606,-0.401088,-0.216867,0.0853277,-0.420646,0.198075,-0.143212,0.147998
38.16,-0.198454,0.000153398,0.00028123,0.419407,-0.234489,-9.55984e-05,-0.198642,-0.000494283,0.000107135,0.419876,-0.234763,0.00021851,0.000160703,0.000568402,-0.00168685,0.00441019,-0.00293614,-0.000647148,0.00883237,0.000191748,0.00708699,0.0011735,0.00390686,0.00245677,-0.00203732,0.00840094,-0.00983905,0.00745515,-0.00730175,-0.2,0,0,0.42,-0.23,0,-0.2,0,0,0.42,-0.23,0,0,0,0,0,0,0,0,0,0,0,0,0,0,0,0,0,0,-0.0222841,0.00545415,-0.0171416,0.00436332,0.00321589,-0.00549,-0.00514249,-0.0152716,0,-0.00763582,0.00109273,-0.00550735,-0.0497107,-0.00873066,-0.000618595,0.00306796,0,0.0168738,0.00920388,0,0.00490874,-0.00589049,0.00306796,-0.0107379,-0.00306796,-0.0076699,-0.00920388,0,0,-2.96431,-0.615234,-0.503374,0.878906,0.0896389,-0.157052,-2.23722,0.791016,-0.0559304,0.527344,0.443563,-0.364608,-0.223722,-1.28481,3.4097,-2.75,0.4375,0.125,-2.75,-0.125,-0.722656,0,-2.1875,-0.625,0.1875,-2.375,0.0625,-0.712891,0.175781,-0.109982,-0.0262481,0.00616027,0.0714351,0.173139,0.0148039,-0.125517,0.0799715,-0.0107135,0.0491265,0.188339,0.00227432,0.100921,-0.144329,0.50791,-0.447155,0.293614,-0.00139017,-0.460026,-0.00383495,-0.146649,-0.0175794,-0.396822,-0.224201,0.108002,-0.404707,0.205985,-0.149103,0.146035
38.22,-0.198468,0.00016192,0.000308014,0.419407,-0.234472,-9.55306e-05,-0.198642,-0.000494283,0.000107135,0.419876,-0.234759,0.000211329,0.000160703,0.000545666,-0.00171101,0.00441019,-0.00293614,-0.000635164,0.00882039,0.000167779,0.00708699,0.0011735,0.00391884,0.00246875,-0.0020493,0.00841293,-0.00982706,0.00746282,-0.00729408,-0.2,0,0,0.42,-0.23,0,-0.2,0,0,0.42,-0.23,0,0,0,0,0,0,0,0,0,0,0,0,0,0,0,0,0,0,-0.0222841,0.00654498,0.00342833,-0.00218166,-3.11536e-05,-0.011006,-0.0119991,0,0,0.0152716,-0.00162352,0.00275801,0.00342833,9.45224e-20,-0.00247438,0,-0.00460194,0,0,0.00153398,0.00687223,0.000981748,0.0076699,-0.0199418,-0.0107379,0.00613592,0.00153398,0.00589049,0.00490874,-3.02024,-0.615234,-0.447443,1.40625,0.0892179,-0.0525187,-2.23722,0.615234,-0.167791,0.703125,0.532781,-0.312089,-0.279652,-1.38364,3.4097,-2.8125,0.4375,0.1875,-2.75,-0.1875,-0.722656,0,-2.1875,-0.5625,0.25,-2.375,0.0625,-0.703125,0.175781,-0.108643,-0.029282,-0.037658,0.0976151,0.17896,0.0258333,-0.111803,0.0494283,-0.0107135,-0.0425033,0.193602,-0.0139692,-0.0584958,-0.1637,0.520726,-0.441019,0.302817,0.0317582,-0.441019,-0.00488956,-0.148612,-0.0244517,-0.407224,-0.206992,0.123941,-0.432918,0.195007,-0.155147,0.140973
38.26,-0.198428,0.00016192,0.000308014,0.419424,-0.234481,-5.25855e-05,-0.198615,-0.000494283,0.000120527,0.419825,-0.234776,0.000211397,0.00021427,0.000447143,-0.00177384,0.00441019,-0.00294812,-0.000743022,0.00882039,0.000167779,0.00708699,0.0011735,0.00391884,0.00245677,-0.00203732,0.00841293,-0.00983905,0.00746282,-0.00729408,-0.2,0,0,0.42,-0.23,0,-0.2,0,0,0.42,-0.23,0,0,0,0,0,0,0,0,0,0,0,0,0,0,0,0,0,0,0.00685665,-0.0109083,-0.010285,0.00981748,-0.00215951,-0.00184301,0.02057,-0.01309,-0.00342833,-0.0141808,-0.00213874,-0.00549434,0.00514249,-0.00194015,0.00247438,-0.00306796,-0.00153398,0.00920388,0.00153398,-0.0122718,0.00589049,-0.0019635,0.0138058,0.0122718,0.0107379,0.00460194,-0.00460194,0.0127627,0.00687223,-2.90838,-0.527344,-0.279652,1.8457,0.178436,-0.105037,-2.74059,0.703125,0.335582,1.14258,0.443563,-0.364608,-0.223722,-1.13656,3.4872,-2.75,0.4375,0.125,-2.8125,-0.125,-0.722656,0,-2.1875,-0.625,0.1875,-2.375,0.0625,-0.712891,0.166016,-0.170941,0.0056246,-0.0102314,0.0470615,0.183548,0.00578945,-0.179619,0.0756082,-0.00519606,0.0829776,0.195306,0.00253279,-0.0797086,-0.128323,0.524728,-0.434884,0.29788,0.0187433,-0.444087,0.00891626,-0.14763,-0.0215064,-0.419496,-0.27022,0.0803902,-0.42985,0.201383,-0.162019,0.139009
38.32,-0.198441,0.000196009,0.000321406,0.419416,-0.234485,-8.84183e-05,-0.198655,-0.000485761,0.000160703,0.419833,-0.234759,0.000211329,0.000147311,0.000416828,-0.00179317,0.00438623,-0.00294812,-0.000719053,0.00879642,0.000179763,0.00707932,0.0011735,0.00390686,0.00245677,-0.00206129,0.00836499,-0.00983905,0.00744748,-0.00730175,-0.2,0,0,0.42,-0.23,0,-0.2,0,0,0.42,-0.23,0,0,0,0,0,0,0,0,0,0,0,0,0,0,0,0,0,0,-0.00685665,-0.00436332,0.0119991,0.00763582,-0.00324705,-0.00551603,0.00514249,-0.0152716,0.00342833,0.00109083,-0.00214393,-0.00366,-0.0325691,-0.012611,-0.00556735,-0.00613592,-0.00306796,0.00613592,-0.0168738,-0.00306796,0.00392699,-0.00981748,0.00306796,-0.0076699,0.00920388,0.00920388,0.00306796,-0.00981748,-0.00490874,-3.07617,-0.351562,-0.335582,1.31836,0.0896389,-0.157052,-2.68466,0.615234,-0.223722,0.527344,0.443563,-0.364608,0,-0.988315,3.56469,-2.75,0.4375,0.125,-2.75,-0.125,-0.722656,0.0195312,-2.1875,-0.625,0.1875,-2.4375,0.0625,-0.703125,0.166016,-0.142177,-0.0108742,-0.0561388,0.0570666,0.185896,0.0145688,-0.144747,0.0791193,-0.0229269,0.0206125,0.194643,-0.00113318,0.053514,-0.0872157,0.554652,-0.426351,0.300948,0.0236808,-0.406073,-0.000527306,-0.145513,-0.0136524,-0.396822,-0.230337,0.0846566,-0.436657,0.193713,-0.139132,0.150944
38.36,-0.198441,0.000153398,0.000308014,0.419424,-0.234477,-0.000102711,-0.198642,-0.000477238,0.000133919,0.419859,-0.234763,0.00021851,0.000174095,0.000431986,-0.00179317,0.00439821,-0.00294812,-0.000695085,0.00883237,0.000167779,0.00707932,0.00116583,0.00391884,0.0024328,-0.00203732,0.00838896,-0.00985103,0.00744748,-0.00729408,-0.2,0,0,0.42,-0.23,0,-0.2,0,0,0.42,-0.23,0,0,0,0,0,0,0,0,0,0,0,0,0,0,0,0,0,0,-0.0342833,-0.00981748,0.00685665,0.0109083,0.00160275,-0.00457934,0,-0.00436332,0.00514249,0.00981748,0.00487057,-0.00827404,0.00685665,-0.000970073,-0.00309297,0,0,0.0076699,0.00460194,-0.0168738,0.00687223,-0.0225802,0.00613592,-0.00153398,0.00153398,0,0.0122718,-0.00687223,0.0107992,-2.68466,-0.439453,-0.503374,1.58203,0.000421007,-0.104534,-2.46094,0.527344,0.111861,0.791016,0.354345,-0.417126,-0.447443,-1.03773,3.64218,-2.75,0.4375,0.1875,-2.75,-0.1875,-0.722656,0.0195312,-2.1875,-0.625,0.1875,-2.25,0.0625,-0.703125,0.175781,-0.0873235,0.00429515,-0.0445147,0.0426981,0.175861,0.0132671,-0.135802,0.0564505,-0.0236769,-0.0181296,0.180783,0.0078077,-0.0727983,-0.126686,0.547229,-0.439821,0.294812,0.0194144,-0.450823,0.0135182,-0.148459,-0.000736311,-0.404156,-0.240212,0.0987979,-0.419448,0.184749,-0.142077,0.135082
38.42,-0.198454,0.000170442,0.00028123,0.419407,-0.234477,-4.54054e-05,-0.198588,-0.000485761,0.000120527,0.419842,-0.234776,0.000240068,0.000147311,0.000431986,-0.0018125,0.00441019,-0.00292415,-0.000647148,0.00880841,0.000167779,0.00706398,0.00118117,0.00391884,0.00246875,-0.00203732,0.00838896,-0.00985103,0.00744748,-0.00730175,-0.2,0,0,0.42,-0.23,0,-0.2,0,0,0.42,-0.23,0,0,0,0,0,0,0,0,0,0,0,0,0,0,0,0,0,0,-0.0462824,0.01309,-0.00171416,0.00218166,-0.00539098,-0.00185603,0.0428541,-0.00218166,0.0222841,-0.00218166,-0.00378303,0.00460103,-0.0565674,-0.00582044,0.00371157,-0.00920388,0,-0.00153398,-0.00153398,0.00153398,-0.0176715,0.00785398,0,-0.0076699,-0.00613592,0.00306796,0.00153398,0.00589049,-0.0019635,-2.79652,-0.703125,-0.503374,1.49414,0.178436,-0.105037,-2.5728,0.615234,-0.223722,0.966797,0.621578,-0.364104,0.111861,-0.938899,3.4872,-2.75,0.4375,0.1875,-2.8125,-0.1875,-0.712891,0,-2.1875,-0.625,0.1875,-2.375,0.0625,-0.693359,0.175781,-0.0619856,-0.0432242,-0.0246947,0.0801618,0.189842,0.00552827,-0.226867,0.0529394,-0.0566209,0.032424,0.198598,-0.0188048,0.125509,-0.112134,0.532615,-0.422612,0.292415,0.0354254,-0.437352,-0.00488956,-0.123608,-0.0314773,-0.391884,-0.231535,0.114138,-0.425584,0.195487,-0.15484,0.147998
38.46,-0.198481,0.000196009,0.00028123,0.419399,-0.234708,-3.91564e-05,-0.199352,0.000102265,0.000107135,0.41945,-0.236223,0.00027455,0.000174095,0.000469879,-0.00166268,0.00444615,-0.0029601,-0.000707069,0.00885634,0.000167779,0.00707932,0.00118884,0.00393083,0.00245677,-0.00206129,0.00841293,-0.00983905,0.00745515,-0.00730175,-0.2,0,0,0.42,-0.23,0,-0.2,0,0,0.42,-0.23,0,0,0,0,0,0,0,0,0,0,0,0,0,0,0,0,0,0,-0.0171416,0.00872665,0.0137133,0.0163625,-0.0221051,-0.00834345,-0.0274266,0.019635,0.0342833,0.00654498,-0.0463177,0.000186544,-0.0377116,-0.00873066,0.00680454,0.0076699,-0.0138058,0,-0.00460194,-0.00460194,-0.00785398,0.0176715,-0.00306796,-0.0107379,-0.00153398,0.00613592,0.00153398,0.00392699,-0.0019635,-2.68466,-0.791016,-0.615234,2.28516,0.624104,-0.263097,-0.391513,-0.966797,-0.559304,1.40625,2.66854,-0.410576,-0.447443,-1.13656,2.86725,-2.75,0.4375,0.125,-2.75,-0.125,-0.722656,0,-2.1875,-0.5625,0.1875,-2.375,0.0625,-0.703125,0.175781,-0.117588,-0.0370542,-0.0555496,0.0247171,0.232526,0.0182532,-0.00997132,-0.0494964,-0.07928,0.0563203,0.341568,-0.0113551,0.0609063,-0.114772,0.478391,-0.459955,0.323622,0.0353535,-0.433613,0.00124636,-0.133732,-0.0414482,-0.386947,-0.224201,0.106132,-0.432918,0.195247,-0.15303,0.147998
38.52,-0.198709,0.000264186,0.000267838,0.419348,-0.234788,-1.79888e-05,-0.199713,0.000460194,4.01757e-05,0.419493,-0.236404,0.000239463,1.33919e-05,0.000166731,-0.0011697,0.00445813,-0.00300804,-0.000731038,0.00884436,0.000191748,0.00707932,0.0011735,0.00400273,0.00231296,-0.00252867,0.00840094,-0.00981508,0.00744748,-0.00730175,-0.2,0,0,0.42,-0.23,0,-0.2,0,0,0.42,-0.23,0,0,0,0,0,0,0,0,0,0,0,0,0,0,0,0,0,0,-0.00171416,0.00654498,0.00685665,0.00654498,0.00750375,-0.01281,0.00342833,-0.00545415,0.00857081,-0.00872665,0.00807089,0.00271897,-0.0222841,-0.013581,0.00494949,-0.0138058,-0.00613592,0,0.00306796,-0.00613592,-0.0019635,-0.0186532,-0.00613592,-0.0138058,-0.0122718,-0.00920388,0,-0.00294524,0.00294524,-2.46094,-0.878906,-0.335582,1.8457,0.267654,-0.157556,-0.391513,-1.05469,0.391513,2.02148,1.95648,-0.412591,-0.223722,-0.395326,2.16949,-2.75,0.4375,0.125,-2.75,-0.125,-0.722656,0.0195312,-2.25,-0.5,0.3125,-2.25,0.0625,-0.703125,0.175781,-0.125677,-0.0395085,-0.0404971,0.0716581,0.176504,0.0263395,-0.0355235,-0.0351111,-0.0211592,0.111014,0.240023,-0.0150164,0.0628348,-0.00927634,0.336063,-0.418202,0.313076,0.0365519,-0.448354,0.00230097,-0.139623,-0.0048167,-0.388001,-0.203684,0.150977,-0.401639,0.196302,-0.146004,0.14309
38.56,-0.198321,0.000178964,0.000241054,0.419424,-0.234603,-0.000103219,-0.199419,0.000221575,0,0.419629,-0.236088,0.000130708,4.01757e-05,0.000212204,-0.00131471,0.00437424,-0.00329566,-0.00168978,0.00880841,0.000167779,0.00704864,0.000928058,0.00396678,0.00202533,-0.00233692,0.00834102,-0.00983905,0.00743981,-0.00730175,-0.2,0,0,0.42,-0.23,0,-0.2,0,0,0.42,-0.23,0,0,0,0,0,0,0,0,0,0,0,0,0,0,0,0,0,0,-0.0239983,-0.0152716,-0.0154275,0,-0.00325743,-0.0091847,0.0188558,0,0.0171416,0.00218166,-0.00103043,-0.0165047,-0.00171416,0.00776059,-0.00494949,-0.0076699,-0.0076699,0,-0.00460194,-0.0107379,-0.00490874,-0.0107992,-0.00153398,-0.0122718,0.0122718,-0.00613592,-0.00306796,0.00294524,-0.00294524,-3.41175,-0.615234,-0.223722,1.58203,0.267654,-0.157556,-1.00675,-0.615234,-0.111861,1.58203,1.60129,-0.204532,-0.167791,-0.642405,2.71186,-2.6875,0.5,0.3125,-2.75,-0.125,-0.722656,0.0195312,-2.1875,-0.5,0.1875,-2.3125,0.0625,-0.703125,0.175781,-0.119945,0.0126468,0.00674952,0.0863314,0.190631,0.0224982,-0.0958395,-0.0221575,-0.0342833,0.0469247,0.245591,0.0277811,-0.00691022,-0.0869428,0.409261,-0.422084,0.344906,0.0844888,-0.431216,0.00738228,-0.136064,-0.00776194,-0.39361,-0.17799,0.0923025,-0.404779,0.199849,-0.151741,0.14898
38.62,-0.198602,0.00016192,0.00028123,0.419407,-0.234586,-0.000103169,-0.199512,0.000178964,0,0.419612,-0.23616,0.000123833,0.000133919,0.000219782,-0.00124221,0.00438623,-0.00309193,-0.00148604,0.00876047,0.000167779,0.00699495,0.000882039,0.00396678,0.00215716,-0.00212121,0.00836499,-0.00983905,0.00743981,-0.00729408,-0.2,0,0,0.42,-0.23,0,-0.2,0,0,0.42,-0.23,0,0,0,0,0,0,0,0,0,0,0,0,0,0,0,0,0,0,-0.0257124,-0.00654498,0.0171416,0.00327249,-0.00325743,-0.0091847,0,-0.00654498,0.0188558,-0.01309,-0.0107404,-0.0109626,0.0257124,-0.00291022,0.0105177,-0.00306796,0,0.0184078,-0.00920388,0.00306796,0.000981748,0.00981748,0.00460194,-0.00153398,0.00920388,0.00153398,-0.0107379,0.00883573,0.00589049,-2.79652,-0.615234,-0.167791,1.23047,0.267654,-0.157556,-0.783026,-0.791016,0.335582,1.58203,1.9569,-0.308058,-0.279652,-0.69182,2.32445,-2.75,0.4375,0.1875,-2.6875,-0.125,-0.722656,0.0195312,-2.25,-0.5625,0.1875,-2.25,0.0625,-0.703125,0.175781,-0.0883942,-0.00310205,-0.0624062,0.0757984,0.189958,0.0224962,-0.0487536,-0.00480647,-0.0377116,0.110568,0.267872,0.016972,-0.117313,-0.057204,0.341109,-0.432487,0.309193,0.0374867,-0.419616,-0.00642355,-0.140881,-0.0274583,-0.405882,-0.212648,0.0876526,-0.421317,0.207519,-0.157632,0.139991
38.66,-0.199124,0.000178964,0.000267838,0.419305,-0.235251,-7.71761e-05,-0.19978,0.000383495,-2.67838e-05,0.419544,-0.2369,-0.000116803,0.000160703,0.000197046,-0.000860361,0.00439821,-0.00309193,-0.00137819,0.00879642,0.000167779,0.00699495,0.000874369,0.00399075,0.00214518,-0.0022051,0.00837697,-0.00981508,0.00743981,-0.00730175,-0.2,0,0,0.42,-0.23,0,-0.2,0,0,0.42,-0.23,0,0,0,0,0,0,0,0,0,0,0,0,0,0,0,0,0,0,-0.0514249,-0.0163625,0,-0.00327249,-0.0151477,-0.0239071,-0.0137133,0.0109083,0.00171416,-0.00654498,-0.00697296,-0.0100607,-0.0257124,-0.00776059,0.0123737,0,0.00306796,-0.00460194,-0.00306796,0.00613592,0,0.00294524,0,-0.00920388,0.00920388,0.0138058,-0.00153398,0.00785398,0.0019635,-1.39826,-0.527344,-0.335582,1.8457,1.15773,-0.160076,-0.0559304,-1.05469,0.615234,1.75781,2.49221,0.00705443,-0.391513,-0.494157,1.08474,-2.75,0.4375,0.1875,-2.6875,-0.125,-0.712891,0.0195312,-2.25,-0.5,0.1875,-2.375,0.0625,-0.703125,0.175781,0.0152592,0.0148285,-0.0267838,0.117321,0.240327,0.0509013,0.00545633,-0.0601661,-0.000749946,0.0946165,0.289931,0.0247935,0.0289265,-0.0358321,0.220987,-0.439821,0.303057,0.0781132,-0.433685,-0.00949151,-0.139899,-0.0204326,-0.399075,-0.19611,0.0918471,-0.44646,0.197836,-0.15665,0.144071
38.72,-0.1997,0.00016192,0.000227662,0.419245,-0.235448,0.00010116,-0.199713,0.000136354,-2.67838e-05,0.419535,-0.236895,-0.000109657,0.000267838,3.78935e-05,-0.000391513,0.00444615,-0.00307995,-0.0013662,0.00879642,0.000191748,0.00699495,0.000874369,0.00397876,0.00215716,-0.00215716,0.00835301,-0.00982706,0.00743214,-0.00729408,-0.2,0,0,0.42,-0.23,0,-0.2,0,0,0.42,-0.23,0,0,0,0,0,0,0,0,0,0,0,0,0,0,0,0,0,0,0,-0.00763582,-0.00171416,0.019635,-0.00964249,0.0183043,0.0239983,-0.0109083,-0.00342833,-0.00545415,0.00272145,-0.0100997,-0.0119991,0.0242518,0.0191793,-0.00613592,0.00153398,0.0138058,-0.0199418,0,0,-0.00785398,0.00920388,0.0153398,0.00153398,0.00460194,0.00153398,0,0.00589049,-0.559304,-0.439453,-0.279652,1.40625,1.24821,-0.526195,-0.223722,-0.351562,0.167791,1.58203,2.49179,-0.0974791,-0.894886,-0.543573,0.0774817,-2.75,0.4375,0.1875,-2.625,-0.125,-0.712891,0.0195312,-2.25,-0.5625,0.1875,-2.375,0.0625,-0.703125,0.175781,-0.030005,-0.000920388,-0.0193379,0.034636,0.237207,-0.0406551,-0.0766634,0.00818123,0.00953503,0.0915317,0.270375,0.0245857,-0.044354,-0.0841236,0.059916,-0.432343,0.304927,0.0406984,-0.399938,-0.00383495,-0.139899,-0.0096334,-0.416284,-0.246396,0.10479,-0.426854,0.195007,-0.148643,0.139991
38.76,-0.19966,0.000110787,0.000200878,0.41922,-0.235582,0.000229609,-0.199579,-5.11327e-05,-2.67838e-05,0.419561,-0.236879,-0.000109725,0.000374973,-3.78935e-05,-0.000430181,0.00444615,-0.00305598,-0.00135422,0.00878444,0.000143811,0.00699495,0.000874369,0.00395479,0.00221708,-0.00156993,0.00836499,-0.00982706,0.00743214,-0.00728641,-0.2,0,0,0.42,-0.23,0,-0.2,0,0,0.42,-0.23,0,0,0,0,0,0,0,0,0,0,0,0,0,0,0,0,0,0,0.0188558,-0.0207258,-0.0119991,0.00763582,-0.00274222,-0.0174371,0.0188558,-0.0163625,0.0137133,0,0.00542213,-0.0128621,-0.010285,-0.0388029,-0.0247475,-0.00153398,-0.00460194,0.00153398,-0.0107379,-0.00306796,0.0019635,0.00392699,0,-0.00153398,0.0414175,0,-0.00460194,0.000981748,0.00883573,-1.00675,-0.263672,-0.167791,2.63672,1.15899,-0.473676,-0.615234,0,-0.111861,1.14258,2.22497,-0.0459682,-0.727095,0.148247,1.47215,-2.75,0.4375,0.1875,-2.75,-0.1875,-0.712891,0.0195312,-2.1875,-0.5625,0.125,-2.3125,0.0625,-0.703125,0.175781,-0.0717339,0.0303728,0.00391043,0.0864681,0.228777,0.0256898,-0.0797701,0.0378382,-0.0247482,0.0658795,0.2643,0.0301131,-0.081637,0.127777,0.203297,-0.441547,0.314802,0.0646429,-0.417746,0.000191748,-0.141863,-0.0214144,-0.395479,-0.21864,-0.00433829,-0.418249,0.201143,-0.149624,0.136892
38.82,-0.199633,-0.000178964,0.000227662,0.419271,-0.235666,0.000286593,-0.199566,-0.000255663,9.37433e-05,0.419595,-0.236849,-8.8354e-05,0.000441933,6.06296e-05,-0.000425347,0.00443416,-0.00245677,-0.000575243,0.00877245,0.000191748,0.00699495,0.000943398,0.00397876,0.00221708,-0.000431432,0.00834102,-0.00983905,0.00743214,-0.00728641,-0.2,0,0,0.42,-0.23,0,-0.2,0,0,0.42,-0.23,0,0,0,0,0,0,0,0,0,0,0,0,0,0,0,0,0,0,-0.010285,-0.01309,0.0188558,0,-0.00114466,-0.0238507,-0.0257124,-0.00654498,0.0257124,-0.0141808,0.00272664,-0.011934,-0.00685665,0.00485037,0.00556818,-0.00153398,0.00920388,0.0230097,-0.0122718,0.00153398,-0.00883573,0.00490874,0.0107379,0.00153398,-0.00460194,0,-0.0076699,0.0019635,0.015708,-0.727095,0.175781,-0.391513,2.19727,1.24821,-0.526195,-0.279652,0.175781,0.559304,1.49414,2.40257,-0.149998,-1.17454,-0.148247,1.16223,-2.75,0.25,0.0625,-2.6875,-0.125,-0.712891,0.0195312,-2.1875,-0.5625,0.1875,-2.3125,0.0625,-0.703125,0.175781,-0.0161316,0.0440764,-0.0604778,0.109345,0.228942,0.0362377,0.00802822,0.0386563,-0.0607992,0.117489,0.268515,0.0274022,-0.11201,-0.03274,0.1109,-0.440348,0.227269,-0.0172573,-0.414079,-0.00536893,-0.131063,-0.0237767,-0.419352,-0.224776,0.0307755,-0.417051,0.204451,-0.150606,0.13002
38.86,-0.199687,-0.000178964,0.000241054,0.419339,-0.235721,0.000379512,-0.19966,-0.000374973,0.000147311,0.419544,-0.236837,-6.69153e-05,0.000441933,9.09444e-05,-0.000309343,0.00442218,-0.00230097,-0.000551274,0.00878444,0.000191748,0.00699495,0.000920388,0.00397876,0.00230097,0.00137819,0.00835301,-0.00983905,0.00743214,-0.00729408,-0.2,0,0,0.42,-0.23,0,-0.2,0,0,0.42,-0.23,0,0,0,0,0,0,0,0,0,0,0,0,0,0,0,0,0,0,0.0222841,-0.00436332,0.010285,-0.00327249,0.000541174,0.000919338,-0.0188558,0.00654498,-0.0137133,0.00327249,0.00109273,-0.00550735,0.0154275,0.039773,0.0340278,-0.00920388,-0.00153398,0.00153398,-0.00306796,-0.0076699,0,0.00589049,0.00153398,0.00460194,0.0690291,-0.00460194,-0.0076699,0.0019635,0.0019635,-0.838956,0.0878906,-0.335582,1.93359,1.33785,-0.683247,-0.559304,0.439453,0.223722,1.31836,2.40257,-0.149998,-1.2864,-0.543573,-0.0774817,-2.75,0.3125,0.125,-2.75,-0.125,-0.712891,0.0195312,-2.25,-0.5625,-0.0625,-2.375,0.0625,-0.703125,0.175781,-0.0759128,0.0266231,-0.0446754,0.112207,0.227748,-0.0170191,0.00368925,0.0244073,0.0126955,0.0553466,0.27128,0.0136913,-0.178862,-0.146602,-0.0092803,-0.42381,0.233165,0.0244958,-0.433086,0.00383495,-0.139899,-0.0242983,-0.400944,-0.239301,-0.206968,-0.408446,0.204451,-0.150606,0.143918
38.92,-0.199633,-0.00016192,0.00028123,0.419365,-0.235746,0.00045106,-0.199687,-0.000409062,0.000133919,0.419535,-0.236841,-5.97352e-05,0.00028123,3.78935e-05,-0.000285176,0.00441019,-0.00249272,-0.000814927,0.00876047,0.000191748,0.00699495,0.000882039,0.00395479,0.00234891,0.00263653,0.00834102,-0.00982706,0.00742447,-0.00729408,-0.2,0,0,0.42,-0.23,0,-0.2,0,0,0.42,-0.23,0,0,0,0,0,0,0,0,0,0,0,0,0,0,0,0,0,0,-0.0154275,0.00545415,0.00342833,0,-0.000535982,0.000915,-0.00342833,0,0.0222841,0.00654498,-0.00378822,0.00643537,-0.0222841,0.0358927,0.0278409,-0.0214757,-0.00613592,0.0107379,-0.00153398,-0.00306796,0.0019635,-0.00687223,0.00153398,-0.00460194,0.00306796,-0.0076699,-0.0076699,-0.00589049,0,-0.838956,0,-0.447443,1.58203,1.33827,-0.787781,-0.447443,0.527344,-0.391513,1.31836,2.49179,-0.0974791,-0.503374,-0.148247,0.232445,-2.75,0.3125,0.1875,-2.75,-0.125,-0.712891,0.0195312,-2.1875,-0.5625,0,-2.3125,0.0625,-0.703125,0.175781,-0.00584663,0.00528371,-0.0349796,0.095281,0.230904,-0.0198724,-0.0244879,0.0409062,-0.0579601,0.0435351,0.281211,-0.0104813,-0.0175166,-0.119046,0.00203007,-0.398068,0.261544,0.0192706,-0.434955,-0.00076699,-0.141863,-0.0107685,-0.398547,-0.225687,-0.137962,-0.401711,0.204211,-0.142599,0.145882
38.96,-0.199646,-7.6699e-05,0.00028123,0.41945,-0.235737,0.000479746,-0.199687,-0.000349407,0.000107135,0.419552,-0.236841,-7.40615e-05,0.000241054,-8.33657e-05,-0.000198173,0.00443416,-0.00252867,-0.000802943,0.00878444,0.000179763,0.00699495,0.000897379,0.00397876,0.00231296,0.00268447,0.00832904,-0.00983905,0.00743214,-0.00730175,-0.2,0,0,0.42,-0.23,0,-0.2,0,0,0.42,-0.23,0,0,0,0,0,0,0,0,0,0,0,0,0,0,0,0,0,0,-0.0119991,0.00654498,0,0.00981748,0.00161314,-0.000910662,0.0411399,0,-0.0428541,-0.00109083,0.00162352,-0.00275801,-0.0377116,0.0038803,0.029697,0.00920388,-0.0138058,0.0184078,-0.00613592,-0.00920388,-0.00294524,0.019635,0.00306796,0.00153398,0.00460194,-0.00460194,0.00153398,0.00392699,-0.00785398,-0.727095,-0.263672,-0.447443,0.615234,1.24905,-0.735262,-0.894886,0.351562,-0.111861,1.58203,2.31377,-0.097983,-0.615234,0.444742,-0.0774817,-2.75,0.3125,0.1875,-2.75,-0.125,-0.703125,0.0195312,-2.1875,-0.5625,0,-2.375,0.0625,-0.703125,0.175781,-0.0113637,-0.00542007,-0.028123,0.0432304,0.226266,-0.0173685,-0.113624,0.0349407,0.0749946,0.0715214,0.270386,0.00847849,0.0408185,0.0133688,-0.029639,-0.461824,0.280479,0.00333162,-0.42695,0.00560862,-0.136954,-0.0375825,-0.404012,-0.234363,-0.143427,-0.407248,0.195247,-0.15257,0.153889
39.02,-0.199579,3.40885e-05,0.000294622,0.419416,-0.235691,0.000530093,-0.199767,-0.000204531,0.000133919,0.419535,-0.236883,-0.000131215,0.000294622,-2.27361e-05,-0.000169172,0.00441019,-0.00254066,-0.000778975,0.00876047,0.000143811,0.00699495,0.000889709,0.00395479,0.00232494,0.00272042,0.00835301,-0.00983905,0.00743981,-0.00729408,-0.2,0,0,0.42,-0.23,0,-0.2,0,0,0.42,-0.23,0,0,0,0,0,0,0,0,0,0,0,0,0,0,0,0,0,0,0.010285,-0.00327249,-0.010285,0,0.00485499,0.00277103,0.00342833,-0.00218166,0.0239983,0.00981748,-0.00592696,0.000941029,0,0.0349226,0.00618687,0.00153398,0.00306796,0.00460194,-0.00613592,-0.0138058,0.00589049,-0.00687223,0.00460194,0,0.00153398,0,-0.00306796,0.0225802,0.00294524,-1.06268,-0.351562,-0.279652,2.02148,1.24905,-0.735262,-0.447443,0.0878906,-0.503374,1.31836,2.49179,-0.0974791,-0.894886,-0.543573,-0.387408,-2.75,0.375,0.1875,-2.75,-0.1875,-0.722656,0,-2.25,-0.5625,0,-2.3125,0.0625,-0.703125,0.175781,-0.0626285,0.00313614,-0.00889222,0.0876099,0.217925,-0.0267458,-0.0301665,0.0248164,-0.0613885,0.0304452,0.287164,0.00336655,-0.0883865,-0.0979471,0.0321911,-0.444087,0.24793,0.0297448,-0.425752,0.0109296,-0.14579,-0.0109219,-0.404683,-0.232494,-0.139089,-0.41765,0.199849,-0.171376,0.142936
39.06,-0.199646,4.26106e-05,0.00028123,0.419476,-0.235636,0.00055182,-0.199727,-0.000144876,-1.33919e-05,0.419561,-0.23708,-0.000309552,0.000294622,-6.06296e-05,-0.000183673,0.00441019,-0.00252867,-0.000778975,0.00879642,0.000167779,0.00699495,0.000889709,0.00395479,0.00230097,0.00272042,0.00836499,-0.00983905,0.00743214,-0.00730175,-0.2,0,0,0.42,-0.23,0,-0.2,0,0,0.42,-0.23,0,0,0,0,0,0,0,0,0,0,0,0,0,0,0,0,0,0,-0.010285,-0.0185441,-0.00171416,-0.0185441,-0.00165468,-0.013764,-0.00514249,0.0152716,-0.0119991,0.0141808,-0.00863283,0.00553772,0,-0.0164913,-0.0278409,-0.0076699,0,0.0153398,0,-0.0168738,0.00785398,-0.00490874,0.00153398,-0.0138058,0,0.00613592,0,0.00490874,-0.00785398,-0.671165,-0.351562,-0.447443,1.58203,1.16025,-0.787277,-0.167791,0,-0.0559304,1.31836,2.84908,0.217129,-0.615234,-0.247079,1.47215,-2.75,0.4375,0.1875,-2.6875,-0.125,-0.703125,0.0195312,-2.1875,-0.5625,0,-2.3125,0.0625,-0.703125,0.175781,-0.014792,0.0328272,-0.0246947,0.152841,0.228754,0.00545527,-0.0170423,-0.0160557,0.0253375,0.00915632,0.300466,0.00130663,-0.0883865,0.0676626,0.138625,-0.42568,0.252867,0.00826911,-0.439821,0.0135182,-0.147753,-0.0128854,-0.398547,-0.202485,-0.136021,-0.430521,0.196781,-0.153551,0.153889
39.12,-0.19978,5.96548e-05,0.00028123,0.419527,-0.235581,0.000602201,-0.199807,-8.52212e-05,6.69595e-05,0.41962,-0.237395,-0.000588316,0.000254446,0.0001437,0.000130237,0.00441019,-0.00256462,-0.000814927,0.00878444,0.000191748,0.00699495,0.000889709,0.00395479,0.002277,0.00269645,0.00834102,-0.00983905,0.00743214,-0.00730175,-0.2,0,0,0.42,-0.23,0,-0.2,0,0,0.42,-0.23,0,0,0,0,0,0,0,0,0,0,0,0,0,0,0,0,0,0,-0.0411399,0.0141808,-0.00857081,-0.0283616,0.0123847,-0.00086728,0,-0.00327249,0.00685665,-0.00109083,-0.00753794,-0.0073264,-0.0325691,0.0358192,0.0203749,0,0,0.00306796,-0.00153398,-0.0107379,0.000981748,0.00883573,-0.00153398,-0.0214757,0,-0.00306796,-0.0122718,0.00294524,-0.00883573,-0.559304,-0.351562,-0.447443,2.28516,1.07104,-0.734758,0.167791,-0.175781,0.223722,1.8457,3.02248,0.42349,-0.671165,-0.495172,-1.7081,-2.75,0.4375,0.1875,-2.6875,-0.125,-0.722656,0.0195312,-2.1875,-0.5,0,-2.3125,0.0625,-0.703125,0.175781,0.0603095,-0.0343271,-0.0109814,0.18444,0.198481,-0.0223535,-0.0192925,0.0150671,-0.0204092,0.0612932,0.31089,0.0381854,0.0213735,-0.150568,-0.100196,-0.441019,0.256462,0.0346104,-0.436154,0.00690291,-0.140881,-0.0266299,-0.392411,-0.184749,-0.134823,-0.410915,0.209053,-0.151588,0.154871
39.16,-0.199941,3.40885e-05,0.00028123,0.419706,-0.235586,0.00056635,-0.199861,-5.96548e-05,0.000107135,0.419731,-0.237568,-0.000781549,0.000241054,0.000151264,0.000183296,0.00442218,-0.00257661,-0.000790959,0.00878444,0.000167779,0.00699495,0.000874369,0.00395479,0.00218113,0.00239685,0.00832904,-0.00982706,0.00743214,-0.00729408,-0.2,0,0,0.42,-0.23,0,-0.2,0,0,0.42,-0.23,0,0,0,0,0,0,0,0,0,0,0,0,0,0,0,0,0,0,-0.0137133,-0.00436332,-0.00171416,0.0349066,0,0,0.00342833,0,0.0188558,-0.00981748,-0.00591091,-0.0119205,-0.0325691,0.0242022,-0.0240794,0.00306796,-0.00153398,0.0076699,0.0107379,-0.00920388,0.00294524,-0.0137445,0.00460194,-0.0122718,-0.0107379,0.00460194,-0.0122718,0.00490874,-0.00883573,-0.167791,-0.527344,-0.671165,0.439453,1.16067,-0.89181,0.279652,-0.175781,0,1.8457,3.11172,0.580308,-0.503374,-0.495172,-0.310563,-2.75,0.4375,0.1875,-2.8125,-0.125,-0.712891,0.0195312,-2.1875,-0.5625,0,-2.375,0.0625,-0.703125,0.175781,0.0215272,0.0053178,-0.0246947,-0.0954772,0.223423,-0.022654,-0.0207922,0.00596548,-0.0484251,0.0795835,0.314532,0.055103,0.025391,-0.117986,0.0172492,-0.448354,0.260729,0.0242081,-0.460698,0.0058483,-0.142844,-0.00374291,-0.404683,-0.193569,-0.0983665,-0.425656,0.208813,-0.153551,0.154717
39.22,-0.199968,2.55663e-05,0.000415149,0.419791,-0.235577,0.000580728,-0.199847,-5.96548e-05,0.000133919,0.419723,-0.237736,-0.000938942,0.000174095,0.000173953,0.000207414,0.00441019,-0.00255264,-0.000802943,0.00876047,0.000167779,0.00697961,0.000889709,0.00397876,0.00215716,0.00236089,0.00834102,-0.00982706,0.00743214,-0.00729408,-0.2,0,0,0.42,-0.23,0,-0.2,0,0,0.42,-0.23,0,0,0,0,0,0,0,0,0,0,0,0,0,0,0,0,0,0,-0.0171416,-0.0109083,0.0119991,-0.00218166,-1.55768e-05,-0.00550301,0.0222841,-0.00436332,0.0239983,-0.00109083,-0.00268487,-0.00641993,0.00171416,0.0280745,-0.0216097,-0.0122718,-0.0107379,0.00613592,-0.00306796,0.00306796,-0.015708,0.0127627,0,-0.00613592,-0.00920388,0.0076699,-0.00460194,0.00392699,0,-0.279652,-0.263672,-0.559304,0.527344,1.24947,-0.839795,-0.223722,-0.175781,-0.111861,0.966797,3.28971,0.685079,-0.671165,-0.69324,-0.155281,-2.75,0.4375,0.1875,-2.75,-0.1875,-0.712891,0,-2.1875,-0.5,0,-2.3125,0.0625,-0.703125,0.175781,0.0310616,0.01926,-0.0655132,0.0400906,0.223116,-0.0122231,-0.0598419,0.0146921,-0.0613885,0.0459554,0.314811,0.0503975,-0.0573709,-0.136409,0.00260474,-0.416476,0.27674,0.0278753,-0.431888,-0.00642355,-0.123884,-0.0305569,-0.397876,-0.203444,-0.0996369,-0.432391,0.201143,-0.15257,0.145882
39.26,-0.199968,-3.40885e-05,0.000428541,0.419995,-0.235564,0.000587942,-0.199861,-7.6699e-05,0.000147311,0.419825,-0.23777,-0.0009819,0.000174095,0.000158827,0.000294239,0.00444615,-0.00255264,-0.000814927,0.00878444,0.000131826,0.00698728,0.000882039,0.00395479,0.00216914,0.00237288,0.00835301,-0.00985103,0.00743214,-0.00729408,-0.2,0,0,0.42,-0.23,0,-0.2,0,0,0.42,-0.23,0,0,0,0,0,0,0,0,0,0,0,0,0,0,0,0,0,0,-0.02057,0,-0.00514249,0.00218166,-0.0016391,-0.00826103,-0.00171416,-0.00981748,0.00685665,0.00218166,0.00110685,-0.0146914,-0.010285,-0.0145213,0.0104961,0.00920388,0.00460194,-0.0138058,-0.00613592,-0.00460194,-0.00392699,0,0,0.0138058,0.00306796,0.0138058,-0.00153398,0.00589049,0,-0.111861,-0.263672,-0.503374,-0.791016,1.24947,-0.839795,-0.0559304,-0.175781,-0.279652,1.05469,3.28995,0.789511,-0.447443,-0.69324,-0.310563,-2.75,0.4375,0.1875,-2.75,-0.1875,-0.722656,0.0195312,-2.25,-0.5625,0,-2.375,0.0625,-0.693359,0.175781,0.0379183,0.00340885,-0.0325691,-0.00804268,0.225857,-0.00699562,-0.0105072,0.0273049,-0.0284444,0.0175277,0.308573,0.0686588,-0.0213735,-0.00408411,-0.11976,-0.463023,0.24606,0.068358,-0.42695,0.00196541,-0.135819,-0.0176408,-0.395479,-0.244526,-0.12478,-0.445262,0.198555,-0.154533,0.145882
39.32,-0.199968,-0.000230097,0.000468716,0.420294,-0.235552,0.000537833,-0.199954,-0.00016192,0.000160703,0.41991,-0.237774,-0.00097472,0.000254446,0.000189079,0.000381064,0.00444615,-0.00254066,-0.000778975,0.00878444,0.000191748,0.00699495,0.000882039,0.00395479,0.00216914,0.00251669,0.00835301,-0.00982706,0.00742447,-0.00729408,-0.2,0,0,0.42,-0.23,0,-0.2,0,0,0.42,-0.23,0,0,0,0,0,0,0,0,0,0,0,0,0,0,0,0,0,0,0.0291408,-0.0185441,-0.0119991,0.00436332,0.000504829,-0.011921,0.0239983,0,0.00514249,0,-0.00160602,-0.0064225,0,-0.0164575,0.0154355,0,0.0122718,-0.0076699,0.0076699,-0.00920388,0.0019635,-0.0019635,-0.0076699,-0.00920388,0.00920388,-0.00920388,-0.0122718,-0.000981748,-0.0107992,0.279652,0.263672,-0.671165,-1.75781,1.24905,-0.735262,-0.783026,-0.175781,-0.391513,0.791016,3.3787,0.737464,-0.503374,-0.34662,-1.31989,-2.75,0.4375,0.1875,-2.75,-0.125,-0.712891,0.0195312,-2.1875,-0.5625,0,-2.25,0.0625,-0.703125,0.175781,-0.0615032,0.060098,-0.0228734,-0.0615086,0.22107,0.00232874,-0.0525578,0.016192,-0.0263553,0.0134692,0.314168,0.0518338,-0.0763338,-0.00735142,-0.160626,-0.444615,0.229522,0.0542885,-0.454562,0.00536893,-0.141863,-0.0156773,-0.38014,-0.198507,-0.144242,-0.399242,0.208813,-0.147508,0.156681
39.36,-0.200048,-0.000366451,0.00056246,0.420609,-0.235527,0.000552261,-0.200142,-0.000213053,0.000133919,0.419995,-0.237778,-0.00101056,0.000267838,0.000226895,0.000511301,0.00442218,-0.00254066,-0.00085088,0.00876047,0.000155795,0.00699495,0.000882039,0.00397876,0.00219311,0.00270843,0.00834102,-0.00983905,0.00743214,-0.00729408,-0.2,0,0,0.42,-0.23,0,-0.2,0,0,0.42,-0.23,0,0,0,0,0,0,0,0,0,0,0,0,0,0,0,0,0,0,0.00857081,-0.019635,0.0308549,0.0229074,0.00210239,-0.0183347,-0.0342833,-0.00327249,0.0239983,-0.0185441,0.000544675,-0.00275544,-0.0188558,-0.0290426,0.0160529,0.00306796,0,-0.00613592,-0.0076699,0,0.000981748,-0.0019635,-0.00153398,-0.0184078,0.0122718,-0.00153398,0.00460194,-0.00294524,0.000981748,-0.335582,0.615234,-1.06268,-2.54883,1.16025,-0.787277,0.894886,0.175781,-0.335582,0.615234,3.20096,0.737126,-0.279652,-0.297103,-1.7081,-2.75,0.375,0.1875,-2.75,-0.1875,-0.712891,0.0195312,-2.1875,-0.5625,0,-2.3125,0.0625,-0.693359,0.175781,-0.0123286,0.075915,-0.117956,-0.182981,0.216864,0.014579,0.0827539,0.0278503,-0.0613885,0.0748605,0.310032,0.0459333,-0.023784,0.0190592,-0.201549,-0.448354,0.254066,0.0548158,-0.422684,-0.0031159,-0.140881,-0.0156773,-0.394808,-0.182496,-0.159965,-0.413983,0.192179,-0.145698,0.1449
39.42,-0.200115,-0.000434628,0.000629419,0.420899,-0.235539,0.000545047,-0.200182,-0.000221575,0.000187487,0.420055,-0.237795,-0.00101052,0.00021427,0.000158827,0.000583655,0.00442218,-0.00257661,-0.000790959,0.00878444,0.000167779,0.00699495,0.000889709,0.00395479,0.00221708,0.00279232,0.00832904,-0.00982706,0.00743214,-0.00729408,-0.2,0,0,0.42,-0.23,0,-0.2,0,0,0.42,-0.23,0,0,0,0,0,0,0,0,0,0,0,0,0,0,0,0,0,0,-0.00342833,-0.0109083,-0.0274266,0.0207258,0.0043294,0.0073547,-0.0239983,-0.00872665,-0.00514249,-0.0152716,-0.00270237,0.00276059,0.02057,-0.00968087,0.00493936,-0.00460194,-0.00306796,-0.00153398,0.00306796,0.00460194,0.00981748,0.00589049,0,-0.0153398,0.0153398,0,-0.00306796,0.00589049,0,0.167791,0.527344,-0.950817,-3.33984,1.07146,-0.839291,0.894886,0.175781,-0.167791,0.351562,3.3787,0.737464,-0.671165,-0.445654,-1.31989,-2.75,0.375,0.1875,-2.75,-0.1875,-0.722656,0.0195312,-2.1875,-0.5625,0,-2.3125,0.0625,-0.693359,0.175781,0.0183663,0.0652794,-0.00808871,-0.21772,0.212916,-0.0365113,0.0662013,0.0396108,-0.00846368,0.0528253,0.3172,0.0348996,-0.125991,-0.0186054,-0.189914,-0.433014,0.263797,0.0426159,-0.445358,-0.00795753,-0.149717,-0.0236847,-0.395479,-0.191029,-0.170296,-0.416452,0.199609,-0.154533,0.145882
39.48,-0.200195,-0.00056246,0.000723162,0.42112,-0.235539,0.000588026,-0.200356,-0.000238619,0.000241054,0.420115,-0.237951,-0.00110321,0.00028123,7.56318e-05,0.000848952,0.00445813,-0.00252867,-0.000743022,0.00879642,0.000167779,0.00699495,0.000897379,0.00396678,0.00219311,0.00281629,0.00834102,-0.00982706,0.00743214,-0.00729408,-0.2,0,0,0.42,-0.23,0,-0.2,0,0,0.42,-0.23,0,0,0,0,0,0,0,0,0,0,0,0,0,0,0,0,0,0,0.00171416,0.0141808,0.0257124,0,2.07691e-05,0.00733735,-0.00857081,0.00327249,0,-0.01309,-0.0118456,-0.0146534,0.0119991,-0.00677661,0.0104961,0.00153398,0.00920388,0.0122718,-0.0122718,0.00306796,0,0.00785398,-0.0076699,0.0076699,0.00920388,0.00153398,0,0,-0.00490874,-0.111861,0.703125,-1.11861,-3.7793,1.16025,-0.787277,0.950817,0.175781,-0.223722,-0.263672,3.64055,0.897625,-1.06268,-0.247586,-1.94102,-2.75,0.375,0.125,-2.75,-0.1875,-0.703125,0,-2.1875,-0.5625,0,-2.25,0.0625,-0.693359,0.175781,0.016116,0.0278844,-0.123741,-0.168054,0.221528,-0.0381957,0.0527569,0.0173169,-0.0241054,0.035149,0.341723,0.0734351,-0.120366,-0.00235971,-0.286174,-0.448881,0.234459,0.0126074,-0.415277,-0.00642355,-0.139899,-0.0258016,-0.381338,-0.234651,-0.159222,-0.420119,0.196541,-0.148643,0.15079
39.52,-0.200303,-0.000596548,0.000696379,0.42118,-0.235543,0.000609516,-0.20053,-0.000213053,0.000174095,0.420123,-0.238179,-0.00114526,0.00028123,0.000128574,0.000969542,0.00444615,-0.0025047,-0.000778975,0.00876047,0.000191748,0.00699495,0.000882039,0.00397876,0.00221708,0.00279232,0.00831705,-0.00982706,0.00742447,-0.00728641,-0.2,0,0,0.42,-0.23,0,-0.2,0,0,0.42,-0.23,0,0,0,0,0,0,0,0,0,0,0,0,0,0,0,0,0,0,-0.00857081,0.00327249,0.010285,-0.00545415,-0.00110831,-0.0110104,0.00857081,-0.00109083,0.0154275,0.00218166,-0.00595924,0.0046233,0.00342833,0,0,-0.00613592,-0.00306796,-0.00613592,-0.0168738,-0.00306796,0.00392699,-0.0215984,0.00153398,-0.0138058,-0.0168738,0.00153398,-0.0107379,-0.00490874,0.0107992,0.503374,0.791016,-1.2864,-4.48242,1.16025,-0.787277,1.11861,0.0878906,-0.447443,0.263672,3.81794,0.898166,-1.06268,-0.34662,-1.78574,-2.75,0.3125,0.1875,-2.75,-0.125,-0.712891,0.0195312,-2.1875,-0.5625,0,-2.375,0.0625,-0.703125,0.175781,0.0473999,0.0531098,-0.0902078,-0.155182,0.223952,-0.00235992,0.0358827,0.023487,-0.0482644,-0.027216,0.339066,0.0365638,-0.0946539,-0.0385722,-0.290863,-0.432343,0.256606,0.0512206,-0.404276,-0.00076699,-0.143826,0.00395767,-0.400944,-0.194097,-0.105869,-0.418921,0.207279,-0.143581,0.134929
39.58,-0.200262,-0.000451672,0.000656203,0.421154,-0.23559,0.000587822,-0.20053,-0.000136354,0.000187487,0.420089,-0.238466,-0.00120142,0.00021427,0.000121011,0.000935777,0.00439821,-0.00254066,-0.000755006,0.00876047,0.000167779,0.00699495,0.000882039,0.00396678,0.00221708,0.00282828,0.00834102,-0.00983905,0.00742447,-0.00729408,-0.2,0,0,0.42,-0.23,0,-0.2,0,0,0.42,-0.23,0,0,0,0,0,0,0,0,0,0,0,0,0,0,0,0,0,0,-0.0137133,0.00545415,0.00514249,-0.0490874,-0.00647852,-0.00552904,0.0239983,-0.00981748,0.0359974,-0.0174533,-0.00320924,-0.011016,0.0137133,-0.00484043,-0.00061742,-0.00153398,-0.00613592,-0.0153398,-0.00920388,0.00460194,-0.00294524,-0.00687223,0,-0.0245437,0.0076699,-0.00306796,-0.00613592,-0.00490874,0,0.391513,0.439453,-1.2864,-2.19727,1.33827,-0.787781,1.11861,0.0878906,-0.223722,-0.175781,4.1732,1.00355,-0.223722,-0.396137,-1.7081,-2.75,0.375,0.1875,-2.75,-0.1875,-0.703125,0.0195312,-2.1875,-0.5625,0,-2.3125,0.0625,-0.703125,0.175781,0.0536675,0.0342589,-0.0759053,0.0231861,0.236546,-0.0124548,0.00502774,0.0332703,-0.0907435,0.0564379,0.345043,0.0700887,-0.105421,-0.021782,-0.278881,-0.436753,0.266337,0.0684299,-0.419616,-0.00795753,-0.136954,-0.0107685,-0.396678,-0.172621,-0.156754,-0.410915,0.202917,-0.143581,0.145882
39.62,-0.200142,-0.000340885,0.000535676,0.421078,-0.235725,0.000472652,-0.200597,-6.81769e-05,9.37433e-05,0.420166,-0.238849,-0.00133611,0.000174095,0.000173953,0.000911659,0.00442218,-0.00255264,-0.000778975,0.00878444,0.000167779,0.00699495,0.000882039,0.00397876,0.00219311,0.00279232,0.00832904,-0.00985103,0.0074168,-0.00729408,-0.2,0,0,0.42,-0.23,0,-0.2,0,0,0.42,-0.23,0,0,0,0,0,0,0,0,0,0,0,0,0,0,0,0,0,0,0.0119991,0.00327249,-0.0291408,0.00872665,-0.00108235,-0.00183868,-0.02057,-0.00109083,0.00342833,-0.00327249,-0.00864761,3.94733e-05,-0.0257124,0.00677661,0.00061742,0.00460194,0,0.00306796,-0.0138058,-0.0076699,0.00883573,-0.00785398,0.0122718,-0.0107379,0.00460194,0,-0.00153398,-0.0137445,0,0.279652,0.351562,-0.838956,-3.60352,1.24905,-0.735262,1.62198,-0.351562,0,0.439453,4.43952,1.05651,-0.447443,-0.495172,-1.7081,-2.75,0.375,0.1875,-2.6875,-0.125,-0.712891,0.0195312,-2.25,-0.5625,0,-2.3125,0.0625,-0.703125,0.175781,-0.00981088,0.0275435,0.00471394,-0.196568,0.231152,-0.0152287,0.100861,0.00899935,-0.016231,-0.011792,0.371273,0.0533653,0.0249089,-0.0725157,-0.27535,-0.451422,0.255264,0.0328128,-0.41161,0.00431432,-0.148735,-0.0097868,-0.42242,-0.197836,-0.14882,-0.416452,0.198555,-0.134591,0.145882
39.68,-0.200195,-0.000255663,0.000522284,0.421018,-0.235817,0.000472279,-0.200597,-7.6699e-05,6.69595e-05,0.42014,-0.239183,-0.00149976,0.000200878,0.000189079,0.000911659,0.00441019,-0.00258859,-0.000826912,0.00876047,0.000167779,0.00698728,0.000889709,0.00397876,0.00221708,0.00274439,0.00835301,-0.00982706,0.00742447,-0.00729408,-0.2,0,0,0.42,-0.23,0,-0.2,0,0,0.42,-0.23,0,0,0,0,0,0,0,0,0,0,0,0,0,0,0,0,0,0,-0.0222841,0.0174533,0,-0.0174533,-0.00378822,-0.00643537,-0.00342833,-0.00872665,0.0188558,-0.00872665,-0.0107815,-0.00914298,-0.0342833,-0.000968087,-0.00061742,-0.00306796,-0.00613592,-0.0138058,0,-0.0168738,-0.00294524,0.015708,0.0122718,-0.00306796,-0.00153398,0.0107379,-0.00306796,-0.0019635,0,0.503374,0,-0.838956,-3.25195,1.51586,-0.683751,1.39826,-0.175781,-0.391513,-0.175781,4.79525,1.26619,-0.335582,-0.594206,-1.7081,-2.75,0.4375,0.1875,-2.75,-0.125,-0.722656,0.0195312,-2.25,-0.5625,0,-2.3125,0.0625,-0.703125,0.175781,0.0641126,-0.00934024,-0.0522284,-0.0828984,0.240267,-0.00602042,0.0665775,0.0251232,-0.0444075,0.0138602,0.388864,0.0782764,0.0425862,-0.0538196,-0.271645,-0.434884,0.271131,0.0689572,-0.438023,0.0135182,-0.1368,-0.0335021,-0.42242,-0.215572,-0.134151,-0.439126,0.199609,-0.146526,0.145882
39.72,-0.200262,-0.000264186,0.000549068,0.421061,-0.236007,0.000450009,-0.200825,-5.96548e-05,0.000107135,0.4202,-0.239706,-0.00165535,0.00021427,0.000189079,0.000950248,0.00441019,-0.00254066,-0.000790959,0.00876047,0.000167779,0.00699495,0.000905049,0.00397876,0.0022051,0.00274439,0.00834102,-0.00983905,0.0074168,-0.00729408,-0.2,0,0,0.42,-0.23,0,-0.2,0,0,0.42,-0.23,0,0,0,0,0,0,0,0,0,0,0,0,0,0,0,0,0,0,-0.00685665,0.0174533,0.0154275,0.0119991,-0.00272145,-0.0100997,0.00171416,-0.00654498,0,0.00654498,-0.0167071,-0.0155505,0,0.000968087,-0.00061742,-0.00920388,0.00306796,0.0337476,-0.00153398,-0.0138058,0.000981748,0.015708,0.0214757,0.00460194,0.00306796,0,-0.00153398,-0.0137445,-0.000981748,0.279652,0.175781,-0.671165,-3.86719,1.69388,-0.684255,2.01349,0,0.111861,-0.439453,5.50577,1.47695,-0.559304,-0.445654,-1.94102,-2.75,0.3125,0.125,-2.75,-0.125,-0.712891,0.0195312,-2.25,-0.5625,0,-2.3125,0.0625,-0.703125,0.175781,0.0399542,-0.00848803,-0.0857617,-0.207101,0.24571,0.00219905,0.0790585,0.0190555,-0.0107135,-0.0561715,0.42164,0.097315,-0.0642811,-0.0596281,-0.283222,-0.422612,0.24793,-0.0279472,-0.434955,0.0104502,-0.140881,-0.0338089,-0.440828,-0.229714,-0.143355,-0.417051,0.198315,-0.134591,0.146863
39.78,-0.200383,-0.000383495,0.000575852,0.421154,-0.23615,0.000478103,-0.201173,-4.26106e-05,9.37433e-05,0.420183,-0.24025,-0.00177495,0.000160703,0.000196643,0.00116731,0.00442218,-0.00255264,-0.000778975,0.00878444,0.000191748,0.00699495,0.000882039,0.00395479,0.00218113,0.00280431,0.00834102,-0.00981508,0.00742447,-0.00729408,-0.2,0,0,0.42,-0.23,0,-0.2,0,0,0.42,-0.23,0,0,0,0,0,0,0,0,0,0,0,0,0,0,0,0,0,0,0.00514249,0.00218166,0.0171416,0.00109083,-0.00160795,0.002745,0.00685665,-0.0141808,0.00342833,-0.00218166,-0.0113192,-0.0100597,-0.00514249,-0.000968087,0.0030871,0,-0.0107379,0.0076699,0.00306796,-0.0122718,0.000981748,-0.00294524,0.00613592,-0.00306796,0.0076699,0.0076699,-0.0076699,-0.00687223,0,0.447443,0.439453,-1.00675,-3.25195,1.87189,-0.684759,2.90838,0,-0.167791,-0.615234,5.94948,1.53045,-0.447443,-0.544689,-2.56214,-2.75,0.4375,0.1875,-2.75,-0.125,-0.712891,0.0195312,-2.25,-0.5625,0,-2.375,0.0625,-0.703125,0.175781,0.028008,0.0339862,-0.0918684,-0.177527,0.249202,-0.0246141,0.103592,0.0326227,-0.016231,-0.0187124,0.432637,0.0911174,-0.0327834,-0.0560885,-0.359454,-0.442218,0.27674,0.0236089,-0.445358,0.00843689,-0.140881,-0.0146955,-0.407751,-0.211977,-0.155555,-0.432391,0.203972,-0.141617,0.145882
39.82,-0.20049,-0.000417584,0.000575852,0.421223,-0.236343,0.000477306,-0.201307,-3.40885e-05,8.03514e-05,0.4202,-0.24063,-0.00177323,0.000241054,0.000121011,0.00137955,0.00444615,-0.00254066,-0.000778975,0.00878444,0.000191748,0.00699495,0.000882039,0.00397876,0.00216914,0.00284026,0.00831705,-0.00982706,0.00742447,-0.00729408,-0.2,0,0,0.42,-0.23,0,-0.2,0,0,0.42,-0.23,0,0,0,0,0,0,0,0,0,0,0,0,0,0,0,0,0,0,0.0171416,0.00109083,-0.0171416,0.00981748,-0.00269549,-0.000928014,0.00514249,-0.00218166,-0.0119991,-0.00436332,-0.00538795,-0.00549072,0.00342833,-0.00871278,0.00555678,0.00460194,-0.00306796,0,0,0.00153398,0.00392699,-0.0127627,0.0168738,0.00153398,0.00153398,0.00920388,-0.0214757,-0.00883573,0,0.559304,0.527344,-1.11861,-2.98828,1.96111,-0.737277,2.90838,-0.263672,0.279652,-0.439453,6.21581,1.58341,-0.950817,-0.396137,-2.79507,-2.75,0.375,0.1875,-2.75,-0.125,-0.712891,0.0195312,-2.25,-0.5625,0,-2.375,0.0625,-0.693359,0.175781,0.0147237,0.0395767,-0.0233019,-0.222661,0.259119,-0.0172362,0.120412,0.00777217,0.0159631,-0.0125383,0.435975,0.0819107,-0.0826012,-0.0101649,-0.430535,-0.453819,0.260201,0.0389487,-0.439222,-0.00536893,-0.143826,-0.00487806,-0.431624,-0.219982,-0.145081,-0.43426,0.218017,-0.139654,0.145882
39.88,-0.200517,-0.000409062,0.000575852,0.42118,-0.236554,0.000462132,-0.201334,-4.26106e-05,4.01757e-05,0.420174,-0.240854,-0.00177939,0.000254446,9.83213e-05,0.00144226,0.00441019,-0.00254066,-0.00076699,0.00878444,0.000167779,0.00699495,0.000897379,0.00397876,0.00222907,0.00282828,0.00831705,-0.00982706,0.00742447,-0.00728641,-0.2,0,0,0.42,-0.23,0,-0.2,0,0,0.42,-0.23,0,0,0,0,0,0,0,0,0,0,0,0,0,0,0,0,0,0,-0.0154275,-0.00763582,-0.0222841,-0.0545415,0.00377784,0.00276669,-0.0359974,-0.00872665,0.00857081,0.0119991,-0.00540475,2.46708e-05,-0.00342833,0.00774469,0.00123503,-0.00460194,-0.0107379,-0.00153398,0,0.00920388,-0.0107992,0.00687223,0.00460194,0.00920388,0.00153398,-0.0107379,-0.0122718,-0.0019635,0.015708,0.671165,0.615234,-0.783026,-2.72461,2.13912,-0.737781,1.90163,-0.263672,-0.111861,-1.58203,6.48165,1.53207,-0.615234,-0.396137,-2.79464,-2.75,0.375,0.1875,-2.75,-0.1875,-0.712891,0.0195312,-2.1875,-0.5625,0,-2.3125,0.0625,-0.703125,0.166016,0.0825396,0.0561778,-0.0130169,0.0411672,0.254589,-0.0240187,0.205371,0.0217144,-0.0211592,-0.074157,0.444959,0.0711262,-0.0660488,-0.0527305,-0.436383,-0.431816,0.275541,0.0414175,-0.439222,-0.0125595,-0.1291,-0.0248198,-0.40708,-0.241314,-0.144482,-0.394377,0.208813,-0.146526,0.13002
39.92,-0.200517,-0.000409062,0.000589243,0.421231,-0.236671,0.000461676,-0.201387,-1.70442e-05,2.67838e-05,0.420183,-0.241162,-0.00184261,0.000174095,0.000105884,0.00144708,0.00441019,-0.00252867,-0.000778975,0.00879642,0.000191748,0.00699495,0.000882039,0.00395479,0.0022051,0.00285225,0.00834102,-0.00985103,0.00742447,-0.00729408,-0.2,0,0,0.42,-0.23,0,-0.2,0,0,0.42,-0.23,0,0,0,0,0,0,0,0,0,0,0,0,0,0,0,0,0,0,0,-0.00327249,-0.0119991,-0.00872665,-0.00919997,-0.0156287,-0.0154275,-0.0119991,-0.00857081,0.00654498,-0.00379733,0.00461343,-0.010285,-0.00774469,-0.00370508,-0.00153398,0,-0.00920388,-0.0076699,-0.00613592,0.00392699,-0.00392699,0.00306796,0,0,-0.00306796,-0.0076699,-0.0019635,0,0.783026,0.439453,-1.00675,-3.7793,2.40594,-0.68627,2.40501,-0.175781,0.111861,0.175781,6.83643,1.53315,-0.615234,-0.445654,-2.87227,-2.75,0.3125,0.1875,-2.6875,-0.125,-0.712891,0.0195312,-2.1875,-0.5625,0,-2.25,0.0625,-0.693359,0.175781,0.0516847,0.0474511,-0.0349261,-0.149764,0.285257,0.0127905,0.169588,0.0257027,0.0144632,-0.0536189,0.454066,0.0644777,-0.0213735,-0.00853127,-0.42301,-0.437952,0.252867,0.0573565,-0.424481,0.00230097,-0.143826,-0.0137138,-0.401615,-0.22051,-0.142612,-0.410915,0.204691,-0.146526,0.145882
39.98,-0.200597,-0.000417584,0.000616027,0.421231,-0.236878,0.000382015,-0.201561,5.11327e-05,9.37433e-05,0.420183,-0.24155,-0.00184084,0.00021427,0.000128574,0.00157734,0.00439821,-0.00255264,-0.000790959,0.00876047,0.000191748,0.00699495,0.000882039,0.00395479,0.00221708,0.00284026,0.00832904,-0.00981508,0.00743214,-0.00729408,-0.2,0,0,0.42,-0.23,0,-0.2,0,0,0.42,-0.23,0,0,0,0,0,0,0,0,0,0,0,0,0,0,0,0,0,0,-0.02057,0.00218166,0.00857081,-0.01309,-0.00107196,0.00183,0,0,0.0274266,0,-0.00434621,0.00737359,0.0137133,-0.000968087,0.0104977,-0.00153398,0.00306796,0.0138058,-0.00920388,-0.00613592,0.00392699,0,0.00153398,0,0.00153398,0,0.0107379,0.00589049,0,1.00675,0.527344,-1.11861,-2.19727,2.49473,-0.634256,3.52362,-0.351562,-0.223722,-0.175781,7.10276,1.58611,-0.559304,-0.396137,-3.26041,-2.75,0.375,0.125,-2.6875,-0.125,-0.712891,0.0195312,-2.1875,-0.5625,0,-2.375,0.0625,-0.703125,0.175781,0.100861,0.037395,-0.0787444,-0.13231,0.277257,-0.0189406,0.156142,-0.00511327,-0.0642275,-0.027439,0.470703,0.0588864,-0.105421,-0.0356679,-0.504695,-0.436753,0.249128,0.0119363,-0.419616,0.00230097,-0.143826,-0.0176408,-0.398547,-0.221708,-0.145081,-0.416452,0.185564,-0.154533,0.145882
40.02,-0.200745,-0.00044315,0.000629419,0.421342,-0.237059,0.00034547,-0.201762,0.000144876,8.03514e-05,0.420208,-0.241863,-0.00191122,0.000160703,8.3195e-05,0.00182821,0.00442218,-0.00255264,-0.000802943,0.00876047,0.000167779,0.00699495,0.000889709,0.00395479,0.00221708,0.00285225,0.00832904,-0.00982706,0.00742447,-0.00730175,-0.2,0,0,0.42,-0.23,0,-0.2,0,0,0.42,-0.23,0,0,0,0,0,0,0,0,0,0,0,0,0,0,0,0,0,0,0.00342833,-0.00109083,0.00685665,0.0272708,-0.00267991,0.004575,-0.0171416,0.01309,0,-0.0294524,-0.0107927,-0.00546605,-0.0171416,-0.0164575,0.00926271,-0.0107379,0.00306796,0.00153398,-0.0076699,-0.0184078,0.00589049,0.011781,-0.00153398,-0.0184078,0.0107379,0.00613592,0.00613592,-0.000981748,-0.0127627,1.34233,0.615234,-1.11861,-3.60352,2.58353,-0.582241,4.25071,-0.703125,-0.0559304,0,7.45801,1.69149,-0.503374,-0.247586,-3.95907,-2.6875,0.4375,0.1875,-2.6875,-0.125,-0.712891,0.0195312,-2.1875,-0.5,0,-2.375,0.0625,-0.703125,0.175781,0.067594,0.0464967,-0.0766552,-0.310369,0.287714,-0.0229688,0.210513,-0.0406675,-0.00803514,0.0865396,0.496085,0.0873811,0.00321406,0.0244139,-0.57625,-0.420742,0.249128,0.0370792,-0.422684,0.0150522,-0.14579,-0.0295752,-0.392411,-0.184893,-0.164088,-0.428724,0.190405,-0.147508,0.158798
40.08,-0.200932,-0.00044315,0.000602635,0.421342,-0.237358,0.000251306,-0.20191,0.000213053,8.03514e-05,0.420234,-0.242234,-0.00198134,0.000200878,7.56318e-05,0.0020453,0.00441019,-0.00252867,-0.000790959,0.00878444,0.000167779,0.00697961,0.000889709,0.00397876,0.00221708,0.00282828,0.00832904,-0.00983905,0.00742447,-0.00729408,-0.2,0,0,0.42,-0.23,0,-0.2,0,0,0.42,-0.23,0,0,0,0,0,0,0,0,0,0,0,0,0,0,0,0,0,0,-0.0308549,0.00327249,-0.00857081,0.00654498,-0.0102298,0.0100741,0.00685665,0.00436332,-0.00342833,0.00327249,-0.0102326,-0.0119031,-0.00514249,-0.00774469,0.00494011,0.00460194,0.00613592,0.0138058,0.00920388,0,-0.00981748,0.0107992,0.0107379,-0.00920388,0.00153398,0.0076699,-0.00613592,0,-0.000981748,1.56605,0.615234,-1.11861,-4.39453,2.845,-0.527583,3.69141,-0.703125,-0.279652,-0.0878906,7.90173,1.74499,-0.503374,-0.247586,-4.26959,-2.75,0.375,0.1875,-2.75,-0.1875,-0.722656,0,-2.1875,-0.5625,0,-2.3125,0.0625,-0.703125,0.166016,0.154909,0.03777,-0.0431219,-0.227466,0.314781,-0.0302005,0.177248,-0.0300319,-0.00117849,-0.0481956,0.509819,0.10306,-0.0448361,0.000544529,-0.628411,-0.450223,0.240595,0.0119363,-0.45763,-0.00335558,-0.129775,-0.0285934,-0.419352,-0.2033,-0.144482,-0.431792,0.202917,-0.148489,0.146863
40.12,-0.201012,-0.00044315,0.000602635,0.421333,-0.237658,0.00025715,-0.202057,0.000298274,1.33919e-05,0.420208,-0.242732,-0.00206525,0.000147311,0.0001437,0.00219486,0.00441019,-0.00255264,-0.000755006,0.00876047,0.000167779,0.00697961,0.000889709,0.00395479,0.00222907,0.00286423,0.00832904,-0.00983905,0.00742447,-0.00729408,-0.2,0,0,0.42,-0.23,0,-0.2,0,0,0.42,-0.23,0,0,0,0,0,0,0,0,0,0,0,0,0,0,0,0,0,0,0.00857081,-0.00981748,0.0154275,-0.01309,0,0,0.010285,-0.00545415,-0.0239983,-0.00436332,-0.0140524,6.41442e-05,-0.00857081,0.00290426,-0.000617514,-0.0076699,0.00920388,0.00153398,-0.0138058,-0.00460194,-0.015708,0.00490874,0,-0.0153398,0.0168738,0.00460194,-0.0107379,-0.0019635,0,1.73384,0.615234,-0.894886,-4.30664,3.19541,-0.531227,3.97106,-0.703125,-0.279652,-0.175781,8.43438,1.85091,0.111861,-0.495172,-4.50247,-2.75,0.375,0.125,-2.6875,-0.125,-0.703125,0,-2.1875,-0.5625,0,-2.3125,0.0625,-0.703125,0.175781,0.0840939,0.06395,-0.0911185,-0.147648,0.306312,-0.010286,0.185121,-0.0189191,0.0466574,-0.0138168,0.537378,0.0824818,-0.0184808,-0.0518229,-0.656604,-0.42568,0.236856,0.0346823,-0.410412,0.00124636,-0.123884,-0.0227029,-0.395479,-0.192227,-0.176959,-0.425656,0.207519,-0.146526,0.145882
40.18,-0.201119,-0.000383495,0.000602635,0.421308,-0.23805,0.000319988,-0.20207,0.000332363,9.37433e-05,0.4202,-0.243281,-0.00213456,0.000160703,0.000113448,0.00228169,0.00441019,-0.00254066,-0.000814927,0.00876047,0.000167779,0.00697961,0.000889709,0.00395479,0.0022051,0.00282828,0.00832904,-0.00983905,0.00742447,-0.00729408,-0.2,0,0,0.42,-0.23,0,-0.2,0,0,0.42,-0.23,0,0,0,0,0,0,0,0,0,0,0,0,0,0,0,0,0,0,-0.010285,0.00872665,-0.00514249,-0.0174533,-0.0108095,-4.93417e-05,0.00685665,0,0.0291408,0.0250891,-0.0188746,-0.0137021,-0.0308549,-0.00290426,-0.000617514,0,0,-0.00306796,-0.00920388,0.0107379,-0.015708,0.00589049,0,-0.0138058,0.0076699,0,-0.0214757,-0.0019635,-0.000981748,2.40501,0.351562,-0.950817,-3.16406,3.81604,-0.480969,4.25071,-0.966797,-0.335582,-1.05469,9.23287,1.9055,-0.391513,-0.396137,-4.50247,-2.75,0.375,0.125,-2.75,-0.1875,-0.712891,0,-2.1875,-0.5625,0,-2.375,0.0625,-0.693359,0.175781,0.132518,0.0208962,-0.0499786,-0.126364,0.343631,-0.0127009,0.193317,-0.0332363,-0.0676559,-0.130348,0.568971,0.112787,0.044354,-0.0253215,-0.682655,-0.441019,0.254066,0.0468823,-0.419616,-0.0140934,-0.123884,-0.0236847,-0.395479,-0.192898,-0.156754,-0.416452,0.218257,-0.146526,0.146863
40.22,-0.201253,-0.000349407,0.000589243,0.421248,-0.238536,0.000353686,-0.202124,0.00032384,1.33919e-05,0.4202,-0.243802,-0.002046,0.000174095,0.000113448,0.00237818,0.00439821,-0.00255264,-0.000802943,0.00878444,0.000191748,0.00699495,0.000897379,0.00395479,0.00221708,0.00284026,0.00832904,-0.00982706,0.00742447,-0.00729408,-0.2,0,0,0.42,-0.23,0,-0.2,0,0,0.42,-0.23,0,0,0,0,0,0,0,0,0,0,0,0,0,0,0,0,0,0,0.010285,-0.00436332,0.0137133,-0.019635,-0.0108207,-0.00372627,0,-0.00545415,-0.010285,0.0174533,-0.00645635,0.00370653,-0.0188558,1.296e-19,0.00494011,-0.00920388,-0.00460194,0.0153398,-0.00613592,0.00460194,0.0137445,0.00687223,-0.00460194,-0.0122718,0.00920388,0.0076699,-0.00920388,-0.00294524,0.000981748,1.90163,0.351562,-0.950817,-2.98828,4.25975,-0.53447,4.47443,-0.966797,-0.111861,-0.351562,9.5585,1.85434,-0.615234,-0.495172,-4.81299,-2.75,0.4375,0.125,-2.6875,-0.125,-0.722656,0.0195312,-2.1875,-0.5625,0,-2.375,0.0625,-0.693359,0.175781,0.104771,0.0436673,-0.0863509,-0.108687,0.363072,-0.00669491,0.212388,-0.0214757,0.0192308,-0.0998047,0.565,0.0744269,0.00433898,-0.0340343,-0.728274,-0.421413,0.264468,0.00946754,-0.42695,-0.00843689,-0.153644,-0.0248198,-0.386276,-0.197164,-0.160421,-0.431792,0.205745,-0.145544,0.1449
40.28,-0.201387,-0.000298274,0.000549068,0.421214,-0.239241,0.000415081,-0.20207,0.000374973,6.69595e-05,0.420149,-0.244222,-0.00201534,0.000187487,0.000121011,0.0024023,0.00441019,-0.00255264,-0.000826912,0.00876047,0.000143811,0.00698728,0.000882039,0.00395479,0.00221708,0.00279232,0.00832904,-0.00982706,0.00742447,-0.00728641,-0.2,0,0,0.42,-0.23,0,-0.2,0,0,0.42,-0.23,0,0,0,0,0,0,0,0,0,0,0,0,0,0,0,0,0,0,-0.00514249,-0.0163625,0.0274266,-0.00327249,-0.0151557,-0.00742293,0.0119991,0.00327249,0,0.00218166,-0.00752494,0.001873,0.00514249,-0.00677661,-0.00185254,0.0214757,-0.00920388,-0.00613592,-0.00920388,0,-0.00785398,-0.00981748,0.00613592,0.00153398,-0.00460194,-0.00306796,-0.00306796,-0.00785398,0.0107992,2.5728,0.439453,-1.00675,-3.7793,5.05824,-0.589052,3.8592,-1.14258,0.111861,-0.439453,10.0045,1.80355,-0.838956,-0.396137,-4.65773,-2.75,0.4375,0.1875,-2.75,-0.125,-0.703125,0,-2.1875,-0.5625,0,-2.25,0.0625,-0.712891,0.175781,0.149018,0.0625523,-0.10976,-0.169023,0.39994,-0.00175738,0.183032,-0.0440423,-0.00669595,-0.0310516,0.583925,0.0768674,-0.0716734,-0.0159734,-0.715133,-0.483971,0.273672,0.0536174,-0.419616,-0.00287621,-0.131892,-0.0078233,-0.407751,-0.224776,-0.130412,-0.410316,0.199609,-0.140635,0.134929
40.32,-0.201494,-0.000340885,0.000549068,0.421206,-0.239815,0.000541741,-0.20207,0.000340885,0.000133919,0.420183,-0.244612,-0.00193455,0.000254446,9.83214e-05,0.00243607,0.00439821,-0.00254066,-0.000790959,0.00878444,0.000191748,0.00697961,0.000882039,0.00393083,0.00219311,0.00286423,0.00831705,-0.00982706,0.00742447,-0.00730175,-0.2,0,0,0.42,-0.23,0,-0.2,0,0,0.42,-0.23,0,0,0,0,0,0,0,0,0,0,0,0,0,0,0,0,0,0,0,0.00545415,0.00514249,0,-0.0113584,-0.0028095,0,-0.00981748,0.00171416,0.0294524,-0.00855991,-0.0109913,0.00171416,-0.010649,0.00185254,-0.0184078,-0.00153398,0.0107379,-0.00306796,-0.00613592,-0.00883573,-0.0019635,-0.00460194,-0.0122718,0,-0.00460194,-0.00306796,-0.00392699,-0.011781,2.79652,0.351562,-1.06268,-4.21875,5.59089,-0.694973,4.25071,-0.966797,0.167791,-0.791016,10.3615,1.80464,-0.503374,-0.34662,-4.73536,-2.75,0.4375,0.1875,-2.6875,-0.125,-0.712891,0.0195312,-2.1875,-0.5625,0,-2.3125,0.0625,-0.693359,0.175781,0.149445,0.0231802,-0.0651918,-0.180835,0.4153,-0.0160506,0.207031,-0.0144535,-0.0168202,-0.145249,0.601614,0.0993648,-0.0814763,0.00245043,-0.736379,-0.403005,0.257134,0.0180722,-0.433086,0.00230097,-0.130757,-0.0156773,-0.383879,-0.194768,-0.143211,-0.406649,0.199609,-0.144562,0.157816
40.38,-0.201669,-0.000366451,0.00056246,0.421137,-0.240237,0.00056853,-0.202084,0.000349407,5.35676e-05,0.420166,-0.244822,-0.0018474,0.000294622,0.000105884,0.00246019,0.00439821,-0.00252867,-0.000778975,0.00878444,0.000167779,0.00699495,0.000882039,0.00391884,0.00221708,0.0029601,0.00835301,-0.00983905,0.00742447,-0.00729408,-0.2,0,0,0.42,-0.23,0,-0.2,0,0,0.42,-0.23,0,0,0,0,0,0,0,0,0,0,0,0,0,0,0,0,0,0,0.00171416,-0.0174533,0.0411399,-0.0185441,-0.00864761,-3.94733e-05,0.0154275,-0.0185441,0.00685665,0.00545415,-0.00161409,0.000926632,0.0137133,-0.00871278,0.00185254,0.0107379,0.00920388,0.0153398,-0.0122718,-0.0153398,0.00883573,-0.0127627,0,-0.00460194,0.0214757,0.00460194,-0.00153398,-0.00294524,0,3.02024,0.439453,-1.06268,-3.60352,5.85722,-0.747934,4.19478,-0.791016,-0.167791,-0.878906,10.5396,1.70088,-0.335582,-0.297103,-4.81299,-2.75,0.3125,0.1875,-2.6875,-0.125,-0.712891,0.0195312,-2.1875,-0.5625,0,-2.3125,0.0625,-0.703125,0.175781,0.163427,0.0715517,-0.138526,-0.0964343,0.426765,-0.0226623,0.177515,0.00214757,-0.0190701,-0.0466986,0.596125,0.0720429,-0.129526,-0.00562701,-0.743616,-0.461297,0.234459,0.00826911,-0.414678,0.0119842,-0.148735,-0.00487806,-0.391884,-0.212504,-0.190957,-0.426854,0.198315,-0.145544,0.145882
40.42,-0.201615,-0.000383495,0.00056246,0.42118,-0.240414,0.000582097,-0.202017,0.000357929,4.01757e-05,0.420115,-0.244961,-0.00185395,0.000227662,8.3195e-05,0.00242642,0.00436226,-0.00252867,-0.000743022,0.00876047,0.000191748,0.00698728,0.000889709,0.00373908,0.00221708,0.00310391,0.00831705,-0.00982706,0.00742447,-0.00729408,-0.2,0,0,0.42,-0.23,0,-0.2,0,0,0.42,-0.23,0,0,0,0,0,0,0,0,0,0,0,0,0,0,0,0,0,0,0.00342833,-0.01309,0,-0.0239983,0.00161862,-0.000911831,0.00514249,-0.00327249,0.00171416,0.00436332,-0.00533173,-0.0128446,0.0154275,-0.00484043,-0.000617514,0.00613592,0.00920388,-0.00153398,-0.0122718,0,0,-0.00785398,-0.00460194,-0.00613592,-0.0076699,0,-0.0184078,-0.0019635,0,2.68466,0.527344,-1.11861,-4.6582,5.85722,-0.747934,4.13885,-0.878906,-0.279652,0.615234,10.5396,1.70088,-0.335582,-0.297103,-4.81299,-2.75,0.3125,0.1875,-2.75,-0.125,-0.712891,0.0195312,-2.0625,-0.5625,0,-2.375,0.0625,-0.703125,0.175781,0.154642,0.0645295,-0.056246,-0.0810059,0.413324,-0.0214602,0.191389,-0.0292479,-0.00744589,-0.0346641,0.609098,0.099847,-0.114581,-0.0104372,-0.726074,-0.448498,0.234459,0.0402191,-0.41348,-0.00383495,-0.139746,-0.0099402,-0.364704,-0.209436,-0.139856,-0.415853,0.214949,-0.146526,0.145882
40.48,-0.201294,-0.000409062,0.000575852,0.421342,-0.240372,0.000611025,-0.20191,0.00032384,8.03514e-05,0.420157,-0.244973,-0.00186107,0.000321406,3.02526e-05,0.002383,0.00432631,-0.00254066,-0.000790959,0.00879642,0.000167779,0.00699495,0.000882039,0.00367916,0.00221708,0.00309193,0.00832904,-0.00983905,0.00742447,-0.00729408,-0.2,0,0,0.42,-0.23,0,-0.2,0,0,0.42,-0.23,0,0,0,0,0,0,0,0,0,0,0,0,0,0,0,0,0,0,0.02057,-0.00763582,-0.0137133,-0.00763582,0.00213949,-0.00734399,0.0479966,-0.00109083,0.00514249,0.00763582,-0.00267147,-0.00458382,0.0685665,-0.0135532,-0.0086452,0,0,0,0.00306796,-0.00460194,0.00785398,-0.015708,0.00153398,-0.0138058,-0.0076699,0.0153398,0,-0.0019635,-0.00392699,2.01349,0.527344,-0.950817,-4.57031,5.94615,-0.800354,3.02024,-1.05469,0,-1.49414,10.6286,1.649,-1.34233,-0.198069,-4.50247,-2.6875,0.375,0.1875,-2.75,-0.125,-0.712891,0.0195312,-2,-0.5625,0,-2.375,0.0625,-0.703125,0.175781,0.0882186,0.0561778,-0.0301586,-0.170743,0.41059,-0.00975303,0.0949683,-0.0302024,-0.0183201,-0.0541467,0.60428,0.0836104,-0.302121,0.0315838,-0.688966,-0.432631,0.254066,0.0395479,-0.445957,0.00124636,-0.147753,-0.00193282,-0.370984,-0.194097,-0.139257,-0.447131,0.196781,-0.146526,0.149809
40.52,-0.200919,-0.000519849,0.000669595,0.421606,-0.240291,0.000661646,-0.201843,0.000255663,0.000107135,0.420302,-0.244957,-0.0018755,0.000187487,-9.83213e-05,0.00229134,0.00433829,-0.00254066,-0.00076699,0.00878444,0.000191748,0.00698728,0.000882039,0.00367916,0.00221708,0.00312788,0.00831705,-0.00982706,0.00742447,-0.00729408,-0.2,0,0,0.42,-0.23,0,-0.2,0,0,0.42,-0.23,0,0,0,0,0,0,0,0,0,0,0,0,0,0,0,0,0,0,-0.0257124,0,0.0137133,-0.00763582,0.0021507,-0.00366706,0.063424,-0.00872665,0.02057,0.0119991,0.0102244,-0.00648149,-0.0119991,-0.0125851,-0.00555763,-0.00460194,-0.00460194,-0.00153398,-0.00153398,-0.00460194,-0.00294524,-0.00687223,0,-0.0138058,0,0.00920388,-0.0076699,-0.0019635,-0.000981748,1.78977,0.703125,-1.23047,-5.09766,5.59184,-0.903572,2.5728,-0.878906,-0.167791,-0.703125,10.3611,1.70034,-0.335582,0.0495172,-4.42484,-2.75,0.375,0.125,-2.75,-0.125,-0.712891,0.0195312,-2.0625,-0.5625,0,-2.375,0.0625,-0.703125,0.175781,0.143286,0.0519849,-0.0943861,-0.210373,0.407353,-0.0191317,0.0574167,-0.00811305,-0.0518534,-0.0933304,0.577815,0.0879831,-0.0202485,0.0672518,-0.67073,-0.424625,0.263269,0.0414175,-0.436154,0.00076699,-0.1368,-0.0107685,-0.367916,-0.194097,-0.156394,-0.43426,0.204211,-0.146526,0.146863
40.58,-0.20053,-0.000588026,0.000696379,0.422024,-0.239611,0.000729399,-0.201695,0.000178964,0.000107135,0.420728,-0.244881,-0.0019764,0.000174095,-0.000234458,0.00210802,0.00433829,-0.00255264,-0.000790959,0.00878444,0.000167779,0.00697961,0.000882039,0.00366717,0.00224105,0.00312788,0.00830507,-0.00981508,0.00743214,-0.00729408,-0.2,0,0,0.42,-0.23,0,-0.2,0,0,0.42,-0.23,0,0,0,0,0,0,0,0,0,0,0,0,0,0,0,0,0,0,0.0308549,-0.00654498,-0.0119991,0.0207258,0.023204,-0.0118439,-0.0239983,-0.00327249,0.0188558,0.0403607,0.0118497,-0.0110851,-0.02057,0.00290426,-0.00555763,-0.0076699,0.00460194,0.00920388,-0.00153398,-0.00306796,-0.00589049,-0.00883573,0,0,0.0214757,0,0.00613592,0.00981748,0,0.447443,0.966797,-0.894886,-6.41602,4.5275,-0.900328,4.36257,-0.791016,-0.0559304,-2.8125,10.183,1.80409,-0.335582,0.247586,-3.95907,-2.75,0.375,0.1875,-2.75,-0.125,-0.712891,0.0195312,-2.0625,-0.5625,0,-2.3125,0.0625,-0.703125,0.175781,-0.00868557,0.0718926,-0.0456396,-0.386458,0.338045,-0.00548809,0.21753,-0.0113515,-0.0484251,-0.270694,0.571531,0.101226,0.00948146,0.0616248,-0.615732,-0.418489,0.24606,0.0211402,-0.436154,-0.000287622,-0.133702,-0.00880505,-0.366717,-0.224105,-0.199346,-0.415253,0.190166,-0.15846,0.145882
40.62,-0.200236,-0.000596548,0.000696379,0.422313,-0.238075,0.000635851,-0.201361,0.000204531,4.01757e-05,0.421274,-0.244044,-0.00260503,0.000187487,-0.00033278,0.00188127,0.00432631,-0.00257661,-0.00076699,0.00878444,0.000167779,0.00699495,0.000889709,0.00367916,0.00222907,0.00315185,0.00831705,-0.00983905,0.00742447,-0.00730942,-0.2,0,0,0.42,-0.23,0,-0.2,0,0,0.42,-0.23,0,0,0,0,0,0,0,0,0,0,0,0,0,0,0,0,0,0,-0.00857081,0.00327249,0.00685665,0.0207258,0.0372788,-0.00442593,0.0359974,0.00109083,0.0239983,0.01309,0.0296383,-0.0323088,-0.0222841,-0.0125851,-0.00185254,-0.0184078,-0.0076699,0.00920388,0.00920388,-0.0076699,0.011781,0.00490874,-0.0076699,0.00613592,-0.00153398,-0.00153398,-0.0076699,0.0019635,-0.0107992,0.838956,0.878906,-0.950817,-7.11914,2.66466,-0.842502,2.68466,-0.615234,-0.223722,-4.39453,8.93732,2.63468,-0.894886,0.544689,-3.64855,-2.6875,0.375,0.1875,-2.8125,-0.125,-0.703125,0.0195312,-2,-0.5625,-0.0625,-2.3125,0.0625,-0.703125,0.175781,0.0407033,0.0531098,-0.0833512,-0.429918,0.248429,-0.0165822,0.0640587,-0.0226347,-0.0520141,-0.243423,0.502477,0.168819,0.0106064,0.137589,-0.558824,-0.395815,0.273001,0.0199418,-0.45763,0.00431432,-0.15168,-0.0227029,-0.352576,-0.235178,-0.154525,-0.412785,0.204451,-0.150453,0.156988
40.68,-0.200088,-0.000494283,0.000602635,0.422535,-0.236394,0.000434123,-0.201146,0.000213053,6.69595e-05,0.421623,-0.242468,-0.00281333,9.37433e-05,-0.00031009,0.00171242,0.00433829,-0.00255264,-0.000790959,0.00878444,0.000191748,0.00698728,0.000889709,0.00370313,0.0022051,0.00312788,0.00832904,-0.00982706,0.00742447,-0.00729408,-0.2,0,0,0.42,-0.23,0,-0.2,0,0,0.42,-0.23,0,0,0,0,0,0,0,0,0,0,0,0,0,0,0,0,0,0,0.00685665,-0.00872665,0.00685665,0.00218166,0.03066,-0.0136339,0.0257124,-0.00763582,0.0239983,0.00218166,0.0335095,-0.000152959,-0.00514249,-0.00290426,-0.00679266,-0.00920388,0.00460194,-0.0076699,0.00153398,0,0,0.00490874,0,0,-0.00460194,-0.00153398,-0.00153398,0.0019635,-0.000981748,-0.167791,0.703125,-1.17454,-8.17383,1.33785,-0.683247,2.5728,-0.791016,-0.447443,-5.71289,7.28491,2.62964,-0.335582,0.445654,-3.33804,-2.75,0.375,0.1875,-2.75,-0.125,-0.712891,0,-2,-0.5625,0,-2.25,0.0625,-0.703125,0.175781,-0.00488287,0.0668816,-0.0739768,-0.388979,0.194433,0.00990285,0.0632023,-0.00603366,-0.0546925,-0.2522,0.431692,0.112839,-0.0126955,0.10174,-0.493349,-0.415421,0.24606,0.0548877,-0.44229,-0.00383495,-0.139746,-0.0227029,-0.370313,-0.22051,-0.14719,-0.413384,0.198075,-0.150453,0.146863
40.72,-0.200142,-0.00044315,0.000602635,0.422646,-0.235343,9.44207e-05,-0.200852,0.000230097,5.35676e-05,0.421947,-0.241484,-0.00293988,0.000174095,-0.000249585,0.00159664,0.00435027,-0.00255264,-0.000790959,0.00878444,0.000167779,0.00697961,0.000889709,0.00369114,0.00221708,0.00305598,0.00832904,-0.00981508,0.00742447,-0.00729408,-0.2,0,0,0.42,-0.23,0,-0.2,0,0,0.42,-0.23,0,0,0,0,0,0,0,0,0,0,0,0,0,0,0,0,0,0,0.00171416,0.00981748,0.0154275,0.00436332,0.0107145,-0.0201343,0.0377116,0.00763582,0,0.0283616,0.0189587,-0.0138748,-0.00685665,-0.000968087,-0.00555763,-0.0138058,-0.0122718,0.0076699,0.00153398,0.0076699,-0.00589049,-0.00589049,0.0076699,0.00153398,0.0199418,0.00306796,0.00460194,0,0,-0.111861,0.615234,-1.00675,-8.61328,0.624104,-0.263097,1.67791,-0.878906,0.279652,-6.67969,6.66476,2.7842,-0.335582,0.396137,-2.9499,-2.6875,0.375,0.1875,-2.75,-0.1875,-0.703125,0.0195312,-2.0625,-0.5625,0,-2.3125,0.0625,-0.703125,0.175781,0.0107591,0.02468,-0.0911185,-0.414322,0.192286,0.0364918,0.00974145,-0.0382813,-0.00535676,-0.405494,0.421425,0.145345,-0.0316584,0.0777797,-0.462319,-0.407416,0.279808,0.0242081,-0.44229,-0.0110255,-0.133702,-0.0119037,-0.384454,-0.224776,-0.192682,-0.422588,0.1917,-0.148489,0.145882
40.78,-0.200088,-0.000409062,0.000415149,0.422714,-0.234822,-4.67949e-05,-0.200517,0.000213053,5.35676e-05,0.422126,-0.240373,-0.00293779,0.000294622,-0.000302527,0.00139884,0.00436226,-0.00255264,-0.000778975,0.00877245,0.000155795,0.00697961,0.000889709,0.00367916,0.0022051,0.00312788,0.00831705,-0.00982706,0.00742447,-0.00729408,-0.2,0,0,0.42,-0.23,0,-0.2,0,0,0.42,-0.23,0,0,0,0,0,0,0,0,0,0,0,0,0,0,0,0,0,0,0.010285,-0.00545415,-0.00685665,0.00545415,0.0156214,0.000980074,0,0.00327249,0.02057,0.0119991,0.0308155,-0.00289832,0,-0.00677661,-0.0092613,-0.0168738,-0.00920388,0.00920388,-0.0168738,0.0076699,0.000981748,0.00392699,-0.00460194,-0.0214757,0.0230097,0,0,0.0019635,0.000981748,-0.111861,0.439453,-0.783026,-8.34961,0.0900599,-0.261586,0.950817,-0.791016,-0.447443,-7.03125,5.33361,2.6237,-0.838956,0.396137,-2.4845,-2.75,0.4375,0.1875,-2.6875,-0.1875,-0.712891,0,-2.0625,-0.5,0,-2.25,0.0625,-0.703125,0.175781,-0.0117395,0.0518145,-0.0278016,-0.428913,0.161619,-8.83497e-05,0.0516847,-0.0278503,-0.0464967,-0.366889,0.353292,0.123308,-0.0883865,0.111088,-0.391869,-0.402478,0.273672,0.020541,-0.404875,-0.0107858,-0.140574,-0.0217212,-0.358712,-0.177558,-0.202414,-0.415853,0.196541,-0.150453,0.1449
40.82,-0.200102,-0.000340885,0.000374973,0.422808,-0.234527,-7.42614e-05,-0.200289,0.000196009,-1.33919e-05,0.422416,-0.239454,-0.0025829,0.000321406,-0.000347906,0.00122519,0.00438623,-0.00255264,-0.000719053,0.00876047,0.000155795,0.00697961,0.000920388,0.00367916,0.00221708,0.00312788,0.00831705,-0.00982706,0.00740913,-0.00729408,-0.2,0,0,0.42,-0.23,0,-0.2,0,0,0.42,-0.23,0,0,0,0,0,0,0,0,0,0,0,0,0,0,0,0,0,0,-0.00171416,0.0109083,0,-0.00109083,0.0144715,-0.024705,-0.010285,-0.00218166,-0.0119991,0.0174533,0.0194291,0.0091035,0.0188558,-0.00387235,-0.00246968,0,0.00153398,0.00613592,-0.0107379,-0.00613592,0.00490874,0.00687223,0.00460194,-0.0107379,-0.0138058,0.0122718,-0.00153398,-0.0176715,0.00785398,0.279652,0.263672,-0.615234,-8.70117,-0.0887969,-0.0520148,0.727095,-0.703125,0.111861,-8.26172,4.62262,2.30864,-0.615234,0.544689,-2.40686,-2.75,0.3125,0.1875,-2.75,-0.125,-0.722656,0.0195312,-2.0625,-0.5625,0,-2.375,0.0625,-0.703125,0.166016,0.0135984,0.0122718,-0.0374973,-0.416797,0.152141,0.0523804,0.0494886,-0.0152375,0.0253375,-0.432171,0.339289,0.0851091,-0.152989,0.115989,-0.360149,-0.438623,0.252196,0.0236808,-0.416548,0.00302002,-0.144501,-0.02528,-0.37712,-0.200232,-0.128782,-0.440396,0.198075,-0.130511,0.138028
40.88,-0.200088,-0.000349407,0.000401757,0.422901,-0.234001,-7.93063e-05,-0.200142,0.000204531,6.69595e-05,0.422552,-0.238645,-0.00204082,0.000267838,-0.00033278,0.00116731,0.00438623,-0.00255264,-0.000802943,0.00878444,0.000131826,0.00697961,0.000882039,0.00370313,0.00221708,0.0031159,0.00831705,-0.00982706,0.0074168,-0.00729408,-0.2,0,0,0.42,-0.23,0,-0.2,0,0,0.42,-0.23,0,0,0,0,0,0,0,0,0,0,0,0,0,0,0,0,0,0,-0.0359974,-0.0163625,0.00342833,-0.00545415,0.0161729,0.00556809,-0.00171416,-0.00654498,0.00514249,0.0327249,0.023232,0.00265161,-0.00685665,-0.00774469,-0.00493936,0,0,-0.0199418,0,-0.0076699,0.00490874,-0.00490874,0.0153398,-0.0199418,-0.00613592,0.0122718,-0.00613592,-0.00981748,0,-0.167791,0.527344,-0.559304,-8.78906,-0.711217,-0.207051,0.167791,-0.615234,-0.447443,-9.05273,3.82175,1.73256,-1.11861,0.445654,-2.25158,-2.75,0.375,0.1875,-2.75,-0.1875,-0.722656,0.0195312,-2.0625,-0.5625,0,-2.375,0.0625,-0.693359,0.175781,0.0808253,0.0676656,-0.0470323,-0.413403,0.1277,-0.00796392,0.0176157,-0.00736311,-0.0169809,-0.513709,0.299322,0.0763294,-0.0597814,0.123068,-0.335375,-0.438623,0.255264,0.0800307,-0.439222,0.00503337,-0.144501,-0.012732,-0.400992,-0.181825,-0.143523,-0.440396,0.202677,-0.138518,0.145882
40.92,-0.200142,-0.000349407,0.000441933,0.423038,-0.233357,-1.22271e-05,-0.200062,0.000187487,2.67838e-05,0.42262,-0.237836,-0.0015842,0.00028123,-0.000347906,0.00108048,0.00441019,-0.00252867,-0.000778975,0.00879642,0.000167779,0.00697961,0.000882039,0.00370313,0.00222907,0.00312788,0.00831705,-0.00982706,0.00742447,-0.00729408,-0.2,0,0,0.42,-0.23,0,-0.2,0,0,0.42,-0.23,0,0,0,0,0,0,0,0,0,0,0,0,0,0,0,0,0,0,-0.0137133,0.01309,-0.00342833,-0.00109083,0.021002,-0.000832573,0,-0.00872665,-0.010285,0.0272708,0.0129357,0.00547743,-0.0119991,-0.00871278,-0.00061742,0.0076699,-0.0076699,0.0076699,-0.00460194,0.00153398,0.000981748,-0.00392699,0.00153398,0.00306796,0.00920388,0.00460194,0,-0.00392699,-0.000981748,0.167791,0.351562,-0.894886,-9.22852,-1.24526,-0.20554,0.391513,-0.703125,-0.167791,-9.4043,3.11347,1.31133,0,0.594206,-2.01866,-2.75,0.3125,0.1875,-2.6875,-0.125,-0.712891,0.0195312,-2.0625,-0.5625,0,-2.375,0.0625,-0.693359,0.166016,0.041614,0.00876074,-0.0373366,-0.451308,0.0922836,0.00215423,0.00615269,-0.00129536,0.0178916,-0.502121,0.287566,0.0524133,-0.0483715,0.13051,-0.322293,-0.456359,0.268207,0.0236089,-0.430617,-0.00488956,-0.140574,-0.0137138,-0.373381,-0.229043,-0.174802,-0.425056,0.196541,-0.144562,0.146863
40.98,-0.199646,-0.000349407,0.000482108,0.423268,-0.232995,-1.07698e-05,-0.199713,0.000187487,1.33919e-05,0.422774,-0.237512,-0.00142001,0.000174095,-0.000355469,0.000631891,0.00441019,-0.00255264,-0.000790959,0.00877245,0.000167779,0.00697961,0.000882039,0.00369114,0.0022051,0.00309193,0.00834102,-0.00981508,0.0074168,-0.00729408,-0.2,0,0,0.42,-0.23,0,-0.2,0,0,0.42,-0.23,0,0,0,0,0,0,0,0,0,0,0,0,0,0,0,0,0,0,-0.00685665,0.00981748,0.0119991,0.00436332,0.00266953,-0.00824367,0.0257124,-0.00654498,0.00857081,0.0316341,0.012391,0.00823287,-0.0154275,-0.00774469,-0.0246968,-0.00460194,0,0,-0.00153398,0.00153398,0,-0.00785398,-0.00920388,0.00613592,-0.0184078,0.00306796,0.0076699,-0.00785398,0.00785398,-1.11861,0.351562,-0.783026,-10.2832,-1.51249,-0.152517,-0.671165,-0.703125,-0.0559304,-8.96484,2.7575,1.10179,-0.279652,0.297103,-0.310563,-2.75,0.4375,0.125,-2.75,-0.125,-0.712891,0.0195312,-2.0625,-0.5625,0,-2.3125,0.0625,-0.703125,0.166016,-0.0216486,0.0153057,-0.0722091,-0.50764,0.114475,0.0169181,-0.0800917,-0.00565868,-0.0184808,-0.542583,0.275689,0.0403347,-0.005946,0.129875,-0.115477,-0.431816,0.255264,0.0395479,-0.435555,-0.00488956,-0.139592,-0.0097868,-0.350706,-0.232782,-0.117781,-0.423187,0.188632,-0.140482,0.138028
41.04,-0.199285,-0.000349407,0.000508892,0.423481,-0.232575,-0.000123704,-0.199512,0.000204531,6.69595e-05,0.42291,-0.237091,-0.00114847,0.000174095,-9.83213e-05,0.00018812,0.00441019,-0.00255264,-0.000802943,0.00878444,0.000155795,0.00697961,0.000889709,0.00370313,0.00221708,0.00315185,0.00832904,-0.00983905,0.00742447,-0.00730175,-0.2,0,0,0.42,-0.23,0,-0.2,0,0,0.42,-0.23,0,0,0,0,0,0,0,0,0,0,0,0,0,0,0,0,0,0,0.010285,0.00436332,0.0428541,0.0185441,0.0128947,-0.010954,0.0137133,-0.0152716,-0.0411399,0.0109083,0.00916496,0.00273228,-0.02057,-0.00193617,0.0234619,0.00153398,0.00306796,-0.00613592,0,-0.0184078,-0.000981748,0.0107992,0.00460194,-0.00153398,0.0260777,0,-0.00153398,0.000981748,-0.0107992,-1.51012,0.527344,-0.950817,-10.7227,-1.95774,-0.0989908,-0.783026,-0.703125,0.335582,-8.34961,2.31254,0.839864,-0.391513,-0.0495172,-0.388204,-2.75,0.4375,0.1875,-2.75,-0.125,-0.712891,0.0195312,-2.0625,-0.5625,0,-2.3125,0.0625,-0.703125,0.175781,-0.0920911,0.026214,-0.136597,-0.596322,0.0772062,0.0268561,-0.0761802,0.0100902,0.0755839,-0.480131,0.265304,0.0404741,0.00948146,0.0353049,-0.126822,-0.444087,0.249128,0.052419,-0.439222,0.0152919,-0.138611,-0.0285934,-0.379516,-0.21864,-0.209748,-0.416452,0.198315,-0.149471,0.156834
41.08,-0.19899,-0.000298274,0.000482108,0.423694,-0.231889,-0.000199772,-0.199178,0.000213053,8.03514e-05,0.423029,-0.236515,-0.000684432,0.000267838,-0.000553183,-0.000314219,0.00437424,-0.00255264,-0.000778975,0.00878444,0.000167779,0.00697194,0.000897379,0.00367916,0.00221708,0.00310391,0.00829308,-0.00982706,0.0074168,-0.00729408,-0.2,0,0,0.42,-0.23,0,-0.2,0,0,0.42,-0.23,0,0,0,0,0,0,0,0,0,0,0,0,0,0,0,0,0,0,-0.00342833,0.0109083,0,0.0163625,0.0188476,-0.00084125,-0.00342833,0.00436332,0.00857081,0.0359974,0.0118435,0.00178662,-0.0377116,-0.0290823,-0.00620047,0,-0.00613592,0,0.00306796,-0.0107379,-0.00687223,0.00687223,0.00460194,-0.0168738,0.00153398,-0.00460194,0,-0.00981748,-0.000981748,-2.40501,0.175781,-0.671165,-11.6016,-2.75902,-0.0444565,-1.90163,-0.703125,-0.111861,-11.1621,1.78183,0.423173,-0.838956,1.13713,0.851407,-2.75,0.375,0.125,-2.75,-0.125,-0.722656,0,-2.0625,-0.5625,0,-2.375,0.0625,-0.693359,0.175781,-0.0941255,0.00801079,-0.0482108,-0.619554,0.0378756,0.00967338,-0.0753769,-0.0300319,-0.0251768,-0.598383,0.236918,0.0238041,0.0327834,0.253202,0.112867,-0.437424,0.267536,0.0389487,-0.445358,0.00738228,-0.132567,-0.0248198,-0.37712,-0.187961,-0.158264,-0.40545,0.196541,-0.138518,0.146863
41.14,-0.198843,-0.000349407,0.000522284,0.424009,-0.230975,-0.000375229,-0.19899,0.000187487,6.69595e-05,0.423174,-0.235616,-0.000114809,0.000348189,-0.000553245,-0.000642854,0.00441019,-0.00252867,-0.000707069,0.00878444,0.000167779,0.00697961,0.000897379,0.00370313,0.00224105,0.0031159,0.00829308,-0.00983905,0.0074168,-0.00729408,-0.2,0,0,0.42,-0.23,0,-0.2,0,0,0.42,-0.23,0,0,0,0,0,0,0,0,0,0,0,0,0,0,0,0,0,0,-0.0137133,0,0.00685665,-0.00109083,0.0276347,-0.00264102,0,0.0141808,0.0137133,0.0414516,0.0253262,-0.00468779,0.0411399,-0.00194015,-0.00494949,-0.0107379,0.0076699,0.0107379,0,-0.00306796,0.0019635,0.00883573,0,-0.0184078,0.00153398,0.00306796,0.00153398,-0.00392699,0,-2.06942,0.351562,-0.838956,-12.6562,-3.89195,0.115549,-1.8457,-0.703125,-0.0559304,-8.78906,0.712059,0.00201555,-1.34233,1.13656,1.31719,-2.6875,0.375,0.125,-2.75,-0.125,-0.703125,0,-2.0625,-0.5625,0,-2.375,0.0625,-0.703125,0.175781,-0.0882869,0.0349407,-0.0659417,-0.597037,-0.0162521,0.0202912,-0.100982,-0.0471103,-0.0341225,-0.641934,0.174,0.0139679,-0.227877,0.171794,0.207705,-0.419544,0.237527,0.0138777,-0.439222,-0.000287622,-0.141556,-0.0267833,-0.370313,-0.187289,-0.158863,-0.42079,0.195247,-0.144409,0.145882
41.18,-0.198776,-0.000400539,0.000602635,0.424222,-0.230002,-0.000400007,-0.199017,0.000170442,2.67838e-05,0.423285,-0.234627,-0.000226292,0.000241054,-0.00052293,-0.000633187,0.00442218,-0.00254066,-0.000778975,0.00879642,0.000167779,0.00697961,0.000882039,0.00371511,0.00226502,0.00310391,0.00829308,-0.00983905,0.0074168,-0.00729408,-0.2,0,0,0.42,-0.23,0,-0.2,0,0,0.42,-0.23,0,0,0,0,0,0,0,0,0,0,0,0,0,0,0,0,0,0,-0.0188558,0.00218166,-0.00342833,-0.00436332,0.0194967,-0.00542503,-0.00342833,-0.00436332,0.00857081,0.00872665,0.0232082,-0.0175195,0.00857081,-0.0106708,0.000618687,0.00306796,-0.0107379,-0.00306796,-0.0230097,0.0153398,0.00294524,0,0.00153398,-0.00613592,0.00920388,0.0168738,-0.00306796,0.00883573,0,-2.29315,0.439453,-0.894886,-12.9199,-4.59992,0.222085,-1.8457,-0.615234,-0.223722,-12.832,-0.177594,0.10403,-0.671165,0.889483,1.39467,-2.75,0.3125,0.1875,-2.6875,-0.1875,-0.722656,0.0195312,-2.0625,-0.5625,0,-2.4375,0.0625,-0.703125,0.175781,-0.0846985,0.0356906,-0.0534069,-0.615906,-0.0389303,0.0268503,-0.0914478,-0.00831759,-0.01982,-0.527651,0.138672,0.0440907,-0.0980287,0.188892,0.1881,-0.448354,0.275541,0.0450847,-0.393802,-0.0186954,-0.142538,-0.0176408,-0.374579,-0.21423,-0.173604,-0.448402,0.199849,-0.157172,0.145882
41.24,-0.198655,-0.000374973,0.000602635,0.424452,-0.229278,-0.000490252,-0.198763,0.000144876,8.03514e-05,0.423541,-0.233797,-0.000652365,0.000227662,-0.000659347,-0.000807193,0.00444615,-0.00257661,-0.00076699,0.00879642,0.000167779,0.00697961,0.000897379,0.00371511,0.00224105,0.00312788,0.00829308,-0.00982706,0.0074168,-0.00728641,-0.2,0,0,0.42,-0.23,0,-0.2,0,0,0.42,-0.23,0,0,0,0,0,0,0,0,0,0,0,0,0,0,0,0,0,0,0.0188558,0.00654498,0.0188558,-0.00436332,0.0102748,-0.00821336,0.00514249,0,0,0.0283616,0.0172553,-0.00740676,0.00342833,-0.00485037,-0.00680556,0.00920388,-0.00920388,0.00153398,0.00153398,0.00306796,0.0127627,-0.0019635,-0.00306796,-0.0076699,0.00613592,-0.00920388,0.00153398,-0.00490874,0.0107992,-2.68466,0.351562,-1.17454,-13.7109,-5.21924,0.276104,-2.34908,-0.615234,0.111861,-12.6562,-0.887969,0.520148,-0.503374,1.18598,1.7046,-2.75,0.375,0.1875,-2.75,-0.1875,-0.732422,0.0195312,-2.0625,-0.5625,0,-2.25,0.0625,-0.703125,0.175781,-0.172174,0.0244073,-0.0979751,-0.650421,-0.0494394,0.0360368,-0.134033,-0.0144876,-0.00803514,-0.644542,0.117374,0.0409081,-0.0785836,0.212355,0.262575,-0.463023,0.276069,0.0352816,-0.442889,-0.00642355,-0.152355,-0.0159841,-0.365375,-0.208765,-0.168666,-0.396246,0.195007,-0.143427,0.134929
41.28,-0.198401,-0.000553938,0.000669595,0.424683,-0.228829,-0.000574434,-0.198588,4.26106e-05,8.03514e-05,0.423805,-0.232711,-0.00098635,0.000200878,-0.000621453,-0.000986032,0.00441019,-0.00255264,-0.000778975,0.00877245,0.000167779,0.00697961,0.000882039,0.00371511,0.00225303,0.0031159,0.00830507,-0.00983905,0.00742447,-0.00729408,-0.2,0,0,0.42,-0.23,0,-0.2,0,0,0.42,-0.23,0,0,0,0,0,0,0,0,0,0,0,0,0,0,0,0,0,0,-0.0119991,-0.00109083,0.00342833,0.00109083,0.00810677,-0.00822203,0.0222841,-0.00218166,0.0119991,0.00763582,0.0307327,-0.0120468,-0.0308549,-0.00194015,-0.00618687,-0.0153398,-0.00306796,-0.0276117,-0.00460194,0.00613592,0.00294524,-0.0019635,0.0076699,-0.00460194,-0.00306796,0,-0.00153398,0.00785398,0,-3.46768,0.791016,-1.17454,-14.502,-5.66167,0.329623,-2.90838,-0.263672,0.111861,-12.2168,-2.31082,0.829718,-0.391513,0.988315,2.16949,-2.75,0.4375,0.1875,-2.6875,-0.1875,-0.712891,0.0195312,-2.0625,-0.5625,0,-2.3125,0.0625,-0.693359,0.175781,-0.135909,0.0575754,-0.0738161,-0.706753,-0.0630473,0.0394214,-0.185727,0.000102265,-0.0320334,-0.601264,0.0469584,0.0635477,0.0323013,0.192256,0.31437,-0.41034,0.2614,0.094172,-0.429419,-0.00949151,-0.142538,-0.0156773,-0.386851,-0.2161,-0.149659,-0.415253,0.198315,-0.156343,0.145882
41.34,-0.198428,-0.000630637,0.000736554,0.424913,-0.22844,-0.000615873,-0.198508,2.55663e-05,0.000120527,0.42389,-0.231444,-0.000855315,0.000267838,-0.000689662,-0.0010682,0.00445813,-0.00252867,-0.000778975,0.00878444,0.000143811,0.00697961,0.000889709,0.00373908,0.00226502,0.00312788,0.00831705,-0.00981508,0.00742447,-0.00729408,-0.2,0,0,0.42,-0.23,0,-0.2,0,0,0.42,-0.23,0,0,0,0,0,0,0,0,0,0,0,0,0,0,0,0,0,0,0,-0.0272708,0.0239983,0.00763582,0.0140818,-0.00361235,0.00171416,-0.00763582,0.00685665,0.0349066,0.0296296,-0.00287081,0.0239983,-0.00291022,0.000618687,0,0.00613592,-0.00153398,-0.00306796,-0.00306796,0,0.00981748,0.0138058,-0.00306796,0.00920388,0.00306796,0.00613592,0.0147262,0,-2.96431,1.05469,-1.78977,-15.293,-5.92721,0.382641,-2.79652,-0.263672,-0.615234,-12.3926,-3.46855,0.669642,-0.950817,1.23539,1.78208,-2.75,0.3125,0.1875,-2.75,-0.125,-0.712891,0.0195312,-2.125,-0.5625,0,-2.3125,0.0625,-0.703125,0.175781,-0.157228,0.117605,-0.121652,-0.767444,-0.0905751,0.0318596,-0.152622,0.012715,-0.025766,-0.723132,-0.00148024,0.0399542,-0.152346,0.215629,0.318604,-0.445813,0.240595,0.0420167,-0.433086,0.000191748,-0.139592,-0.0276117,-0.401519,-0.220366,-0.174802,-0.421989,0.190166,-0.163216,0.145882
41.38,-0.198254,-0.000715858,0.000723162,0.425049,-0.228198,-0.000607763,-0.198361,2.55663e-05,5.35676e-05,0.424112,-0.230388,-0.000658907,0.000241054,-0.000666926,-0.00113104,0.00445813,-0.00252867,-0.000778975,0.00878444,0.000191748,0.00697194,0.000882039,0.00373908,0.00224105,0.00312788,0.00830507,-0.00982706,0.00742447,-0.00729408,-0.2,0,0,0.42,-0.23,0,-0.2,0,0,0.42,-0.23,0,0,0,0,0,0,0,0,0,0,0,0,0,0,0,0,0,0,-0.0154275,-0.00436332,0.0171416,-0.00763582,0.00759851,0.003699,0.0137133,-0.01309,-0.00685665,0.0239983,0.0254926,-0.006522,-0.00857081,0,0,-0.0245437,-0.0122718,0,-0.00153398,0,0.000981748,-0.00981748,0.00460194,0.00306796,-0.00920388,0.0168738,0,0.0127627,0,-3.29989,1.23047,-1.34233,-15.293,-6.19233,0.331125,-3.24396,-0.263672,0,-12.3926,-4.33146,0.562667,-0.671165,0.938899,2.5569,-2.8125,0.3125,0.125,-2.75,-0.1875,-0.722656,0,-2.0625,-0.5625,0,-2.375,0.0625,-0.703125,0.175781,-0.143784,0.0803124,-0.106599,-0.726814,-0.0872638,0.0169125,-0.191351,0.0236233,0.00835654,-0.712736,-0.0354588,0.0394003,-0.0466038,0.200078,0.339311,-0.396726,0.277411,0.0389487,-0.436154,-0.00383495,-0.140421,-0.0078233,-0.383112,-0.230241,-0.137986,-0.449001,0.196541,-0.161252,0.145882
41.44,-0.198106,-0.000664725,0.000696379,0.425143,-0.228054,-0.000635841,-0.198227,5.11327e-05,8.03514e-05,0.424384,-0.229855,-0.000675366,0.000294622,-0.000712398,-0.00125671,0.00449408,-0.00255264,-0.000778975,0.00878444,0.000167779,0.00697961,0.000889709,0.00373908,0.00225303,0.00315185,0.00829308,-0.00982706,0.0074168,-0.00728641,-0.2,0,0,0.42,-0.23,0,-0.2,0,0,0.42,-0.23,0,0,0,0,0,0,0,0,0,0,0,0,0,0,0,0,0,0,-0.0119991,0.00545415,0.02057,0.00436332,0.00271783,0.00276234,-0.00342833,0.00436332,-0.00342833,0.0567232,0.00652488,-0.00736335,0.0137133,-0.0184314,0.00556818,0,-0.00460194,-0.00153398,-0.00613592,-0.00153398,0.00785398,-0.00687223,0.0076699,-0.00460194,0.0153398,-0.0107379,0,-0.000981748,0.011781,-3.52362,0.878906,-1.39826,-15.6445,-6.28099,0.383642,-3.52362,-0.263672,-0.0559304,-13.9746,-4.50876,0.457633,-0.615234,1.38364,2.47941,-2.75,0.375,0.1875,-2.75,-0.1875,-0.712891,0,-2.125,-0.5625,0,-2.25,0.0625,-0.703125,0.175781,-0.16537,0.0555642,-0.110778,-0.78887,-0.0832579,0.019909,-0.17046,-0.0138399,-0.00117849,-0.884539,-0.0188666,0.0417413,-0.129526,0.269013,0.360308,-0.449408,0.264468,0.0420167,-0.42695,-0.0018216,-0.147446,-0.0109219,-0.389248,-0.2161,-0.188272,-0.393178,0.196541,-0.147354,0.133947
41.48,-0.197972,-0.000553938,0.000656203,0.425202,-0.227957,-0.000656941,-0.19812,3.40885e-05,6.69595e-05,0.424606,-0.229457,-0.000676974,0.000254446,-0.000682083,-0.00141138,0.00445813,-0.00255264,-0.000778975,0.00878444,0.000131826,0.00697961,0.000882039,0.00373908,0.00225303,0.00313987,0.00830507,-0.00985103,0.0074168,-0.00728641,-0.2,0,0,0.42,-0.23,0,-0.2,0,0,0.42,-0.23,0,0,0,0,0,0,0,0,0,0,0,0,0,0,0,0,0,0,-0.0171416,-0.00872665,0.0137133,0.019635,0.00866695,-0.00179968,0,0.00218166,-0.0119991,0.0349066,0.0097977,-0.0147137,-0.0325691,-0.000970073,-0.00804173,-0.00460194,-0.00306796,0,0,-0.0138058,0.00490874,-0.00490874,0.00153398,-0.00306796,0.00306796,-0.00306796,-0.0168738,-0.0137445,0.00785398,-3.97106,0.966797,-1.17454,-15.9961,-6.36964,0.436159,-3.57955,-0.351562,0.167791,-14.5898,-4.95077,0.508648,-0.838956,1.23539,3.02224,-2.75,0.4375,0.1875,-2.75,-0.125,-0.712891,0.0195312,-2.0625,-0.5625,0,-2.3125,0.0625,-0.683594,0.175781,-0.168478,0.072847,-0.0930469,-0.858906,-0.0990501,0.029877,-0.18803,-0.00777217,0.0173023,-0.83051,-0.0413338,0.0565064,0.0213735,0.207535,0.447539,-0.436609,0.2614,0.0389487,-0.439222,0.0111693,-0.144501,-0.012732,-0.376976,-0.219168,-0.163129,-0.409117,0.213894,-0.134591,0.137874
41.54,-0.197838,-0.000426106,0.000589243,0.425228,-0.227902,-0.000692555,-0.197999,3.40885e-05,1.33919e-05,0.424708,-0.22919,-0.000670878,0.000267838,-0.000719976,-0.00156119,0.00447012,-0.00254066,-0.000814927,0.00879642,0.000167779,0.00697194,0.000882039,0.00373908,0.00226502,0.0031159,0.00830507,-0.00985103,0.00742447,-0.00729408,-0.2,0,0,0.42,-0.23,0,-0.2,0,0,0.42,-0.23,0,0,0,0,0,0,0,0,0,0,0,0,0,0,0,0,0,0,-0.00857081,0.00109083,0.010285,-0.00763582,0.00215246,-0.00549435,0.00857081,-0.00109083,0.00342833,0.0436332,0.00163382,-0.00275801,0,0.000970074,-0.00680454,-0.0168738,-0.00460194,-0.0153398,-0.00460194,0,-0.0019635,0.0019635,0.0107379,-0.00153398,0.00613592,0.00153398,0.00460194,0.0147262,0.00589049,-4.13885,0.439453,-0.894886,-16.084,-6.36964,0.436159,-3.91513,-0.439453,0.223722,-14.4141,-5.03943,0.456131,-1.06268,1.23539,3.17722,-2.75,0.4375,0.1875,-2.6875,-0.125,-0.722656,0,-2.125,-0.5625,-0.0625,-2.375,0.0625,-0.703125,0.166016,-0.199012,0.0404289,-0.0794943,-0.753659,-0.0882187,0.0386909,-0.217224,-0.00122718,-0.00819584,-0.880759,-0.0356759,0.0323511,-0.0803514,0.213083,0.488772,-0.413264,0.263269,0.071426,-0.430617,-0.00335558,-0.137475,-0.0196043,-0.395384,-0.223434,-0.168067,-0.418321,0.192419,-0.163216,0.139991
41.58,-0.197705,-0.000383495,0.000522284,0.425271,-0.227839,-0.000699464,-0.197905,2.55663e-05,-2.67838e-05,0.424947,-0.229033,-0.000621344,0.000267838,-0.000742713,-0.00167235,0.00445813,-0.00257661,-0.000802943,0.00882039,0.000167779,0.00697961,0.000882039,0.00373908,0.00225303,0.00315185,0.00830507,-0.00982706,0.0074168,-0.00729408,-0.2,0,0,0.42,-0.23,0,-0.2,0,0,0.42,-0.23,0,0,0,0,0,0,0,0,0,0,0,0,0,0,0,0,0,0,0,-0.01309,0.00171416,0,-2.07691e-05,-0.00733735,-0.0154275,-0.0163625,-0.0119991,0.0523599,0.00272303,-0.00459668,0.0291408,-0.000970074,-0.000618595,-0.00153398,-0.00920388,-0.00306796,-0.00306796,-0.00153398,0.00392699,-0.00392699,-0.00153398,-0.0107379,0.00153398,-0.00460194,0.00460194,-0.00294524,-0.000981748,-4.4185,0.439453,-1.06268,-16.084,-6.2814,0.488176,-3.91513,-0.439453,-0.167791,-16.7871,-5.30455,0.507647,-0.671165,1.23539,3.64218,-2.8125,0.375,0.1875,-2.6875,-0.1875,-0.712891,0.0195312,-2.0625,-0.5625,0,-2.3125,0.0625,-0.703125,0.175781,-0.229545,0.0645295,-0.0556567,-0.790595,-0.086412,0.0426533,-0.178602,0.0301683,0.0266767,-0.951455,-0.0441158,0.0340471,-0.167774,0.225724,0.50356,-0.442745,0.276069,0.0462831,-0.434884,-0.0018216,-0.143519,-0.0137138,-0.37084,-0.203828,-0.160661,-0.40605,0.191939,-0.145391,0.146863
41.64,-0.197597,-0.000332363,0.000468716,0.425322,-0.227737,-0.000713402,-0.197772,2.55663e-05,8.03514e-05,0.42493,-0.228868,-0.000600496,0.000241054,-0.000727555,-0.00174001,0.00447012,-0.00257661,-0.000802943,0.00879642,0.000191748,0.00697961,0.000882039,0.00373908,0.00225303,0.00315185,0.00831705,-0.00982706,0.00742447,-0.00729408,-0.2,0,0,0.42,-0.23,0,-0.2,0,0,0.42,-0.23,0,0,0,0,0,0,0,0,0,0,0,0,0,0,0,0,0,0,0,0.0174533,0.00514249,0.0163625,0.00215765,-0.00366001,0.0342833,0.00436332,0.00857081,0.0490874,0.00166497,-0.013764,-0.0342833,-0.000970073,0.00309297,-0.00153398,-0.00613592,0.0138058,0,-0.00613592,0.00490874,-0.00785398,0.00613592,-0.00920388,0.00613592,0.0076699,-0.0076699,0.00687223,-0.00589049,-4.69815,0.351562,-0.950817,-16.1719,-6.54653,0.43666,-4.30664,-0.439453,-0.223722,-17.7539,-5.48186,0.402612,-0.391513,1.28481,3.56469,-2.8125,0.375,0.1875,-2.6875,-0.125,-0.712891,0.0195312,-2.0625,-0.5625,0,-2.3125,0.0625,-0.703125,0.175781,-0.240259,-0.00167033,-0.0571566,-0.863711,-0.0948327,0.0358561,-0.291415,-0.0112833,-0.0251768,-0.935808,-0.0486032,0.0515479,0.0305335,0.221177,0.512723,-0.443944,0.269933,0.0125355,-0.439821,0.00230097,-0.144501,-0.0097868,-0.38618,-0.206896,-0.169864,-0.431192,0.204211,-0.155362,0.151772
41.68,-0.197611,-0.000349407,0.000482108,0.425356,-0.227627,-0.000684291,-0.197772,2.55663e-05,5.35676e-05,0.425015,-0.228703,-0.000551014,0.000267838,-0.000727555,-0.00180767,0.00449408,-0.00255264,-0.000778975,0.00877245,0.000191748,0.00697194,0.000882039,0.00373908,0.00222907,0.0031159,0.00831705,-0.00983905,0.00742447,-0.00729408,-0.2,0,0,0.42,-0.23,0,-0.2,0,0,0.42,-0.23,0,0,0,0,0,0,0,0,0,0,0,0,0,0,0,0,0,0,-0.0154275,0.00327249,0.00685665,-0.0141808,0.00488068,0.000936665,0.0119991,-0.00872665,-0.00857081,0.0283616,-0.00323648,-0.00549002,0.0119991,-0.00194015,-0.00247438,0.00153398,-0.00920388,-0.00460194,-0.00613592,-0.00613592,-0.00294524,-0.00294524,-0.00460194,-0.0138058,0.00613592,0.00153398,-0.0107379,0,0,-4.75408,0.351562,-0.671165,-15.9082,-6.63476,0.384643,-4.4185,-0.263672,0.279652,-15.9961,-5.57051,0.350095,-0.727095,1.18598,3.56469,-2.75,0.375,0.1875,-2.75,-0.125,-0.712891,0.0195312,-2.0625,-0.5625,0,-2.3125,0.0625,-0.693359,0.175781,-0.208064,0.0283957,-0.0619241,-0.746652,-0.104685,0.0254983,-0.246847,0.0148967,0.0117849,-0.86569,-0.0453998,0.0330206,-0.116349,0.224087,0.549723,-0.452476,0.273672,0.0481526,-0.426351,0.00230097,-0.136494,-0.0146955,-0.364704,-0.195295,-0.168067,-0.418921,0.207519,-0.148489,0.145882
41.74,-0.197571,-0.000357929,0.000468716,0.425433,-0.227449,-0.000683581,-0.197691,3.40885e-05,9.37433e-05,0.425083,-0.228555,-0.000444105,0.000241054,-0.000742713,-0.00185599,0.00447012,-0.00254066,-0.000814927,0.00876047,0.000191748,0.00697961,0.000882039,0.00373908,0.00221708,0.00312788,0.00830507,-0.00982706,0.00742447,-0.00730175,-0.2,0,0,0.42,-0.23,0,-0.2,0,0,0.42,-0.23,0,0,0,0,0,0,0,0,0,0,0,0,0,0,0,0,0,0,-0.0359974,0.00109083,0.00514249,0.00545415,0.00158189,-0.0155854,0.00342833,-0.00545415,0,0.0523599,0.00816908,-0.01379,-0.00342833,0,0,-0.0076699,-0.0153398,0.00613592,0,-0.00306796,0.00490874,-0.00490874,0.00306796,0.00306796,0.00153398,0.00920388,-0.00306796,-0.000981748,-0.0107992,-4.92188,0.439453,-0.894886,-16.6113,-6.72341,0.437161,-4.25071,-0.527344,0.167791,-16.6992,-5.7474,0.349595,-0.335582,1.23539,3.79717,-2.75,0.375,0.1875,-2.75,-0.125,-0.712891,0,-2.0625,-0.5625,0,-2.3125,0.0625,-0.703125,0.175781,-0.170942,0.0336112,-0.0571566,-0.836699,-0.105202,0.058514,-0.237741,0.00749946,-0.00937433,-0.971911,-0.0741272,0.0453443,-0.0620313,0.222814,0.556798,-0.431672,0.284745,0.0284745,-0.438023,-0.00076699,-0.144501,-0.012732,-0.380044,-0.227844,-0.159462,-0.433661,0.199609,-0.147508,0.156834
41.78,-0.197544,-0.000383495,0.000468716,0.425543,-0.227301,-0.000704478,-0.197624,4.26106e-05,0.000107135,0.425109,-0.228403,-0.000416062,0.000227662,-0.00075787,-0.00191399,0.00449408,-0.00252867,-0.000778975,0.00878444,0.000167779,0.00697961,0.000889709,0.00373908,0.00222907,0.0031159,0.00830507,-0.00983905,0.0074168,-0.00729408,-0.2,0,0,0.42,-0.23,0,-0.2,0,0,0.42,-0.23,0,0,0,0,0,0,0,0,0,0,0,0,0,0,0,0,0,0,-0.0325691,-0.00545415,0,0.00436332,0.00597508,0.00460967,0.010285,-0.00109083,0.00171416,0.0370882,0.00272822,-0.00643101,0.0154275,0.00485037,0.00185578,0.00306796,0.0107379,0,-0.00153398,0.00613592,0.00981748,0.00883573,-0.00460194,0.00153398,-0.0076699,0.0076699,0.0076699,-0.00981748,-0.00294524,-4.75408,0.615234,-0.894886,-16.6992,-6.98854,0.385645,-4.69815,-0.263672,-0.111861,-17.7539,-5.83647,0.192544,-0.559304,1.23539,3.79717,-2.8125,0.3125,0.1875,-2.75,-0.1875,-0.712891,0,-2.0625,-0.5625,0,-2.3125,0.0625,-0.703125,0.166016,-0.180476,0.0492578,-0.0468716,-0.848952,-0.119914,0.0189598,-0.25815,-0.0020794,-0.0141418,-0.914656,-0.0693401,0.0295045,-0.114581,0.21281,0.568629,-0.455544,0.231391,0.0389487,-0.436154,-0.00949151,-0.14941,-0.0266299,-0.364704,-0.225975,-0.140455,-0.430593,0.189111,-0.138518,0.148827
41.84,-0.197517,-0.000400539,0.000482108,0.42562,-0.227119,-0.000696605,-0.197611,3.40885e-05,2.67838e-05,0.425151,-0.228196,-0.000352405,0.000241054,-0.000773027,-0.00194298,0.0044821,-0.00255264,-0.000719053,0.00878444,0.000167779,0.00697194,0.000882039,0.00373908,0.00221708,0.00312788,0.00830507,-0.00982706,0.0074168,-0.00729408,-0.2,0,0,0.42,-0.23,0,-0.2,0,0,0.42,-0.23,0,0,0,0,0,0,0,0,0,0,0,0,0,0,0,0,0,0,-0.0308549,0.0119991,0.02057,0.00109083,0.00543047,0.00369034,0.0154275,-0.00436332,0.00685665,0.0370882,0.00866695,0.00179968,0.0137133,-0.000970074,-0.000618595,-0.0184078,0.00306796,0.00920388,-0.00920388,-0.00920388,-0.00589049,-0.00785398,0.00613592,-0.0138058,0.00153398,0.0107379,-0.00613592,0,0.0019635,-4.86594,0.263672,-0.950817,-16.6992,-7.16543,0.386146,-4.92188,-0.351562,0.447443,-15.2051,-6.10201,0.139526,-0.838956,1.38364,3.87466,-2.75,0.4375,0.125,-2.75,-0.125,-0.712891,0.0195312,-2.125,-0.5625,0,-2.375,0.0625,-0.693359,0.175781,-0.186584,0.0160557,-0.0893507,-0.847368,-0.126109,0.0204835,-0.269774,0.0053178,-0.0163917,-0.921048,-0.0895098,0.0104968,-0.113456,0.234818,0.584751,-0.411394,0.249128,0.0175449,-0.420814,0.0058483,-0.133548,-0.0097868,-0.38618,-0.194097,-0.159462,-0.436729,0.202677,-0.148336,0.143918
41.88,-0.19749,-0.000417584,0.000455324,0.425629,-0.226996,-0.000660262,-0.197718,2.55663e-05,5.35676e-05,0.425151,-0.228107,-0.000359924,0.000187487,-0.000788185,-0.00195265,0.00447012,-0.00255264,-0.000778975,0.00879642,0.000143811,0.00697961,0.000889709,0.00376305,0.00225303,0.00315185,0.00831705,-0.00982706,0.0074168,-0.00729408,-0.2,0,0,0.42,-0.23,0,-0.2,0,0,0.42,-0.23,0,0,0,0,0,0,0,0,0,0,0,0,0,0,0,0,0,0,0.0171416,-0.00327249,0.00857081,0,0.00540971,-0.00364701,-0.0257124,0.00763582,-0.0137133,0.0567232,-5.19227e-06,0.00183434,-0.0257124,-0.00291022,-0.000618595,0,0.00613592,0,-0.00460194,0.0107379,0.000981748,0.0019635,0,0.00153398,0.0199418,0.0107379,0,-0.0107992,-0.000981748,-4.47443,0.615234,-0.894886,-16.9629,-7.34231,0.386646,-4.30664,-0.439453,0.223722,-18.7207,-6.19066,0.0870091,-0.727095,1.33422,3.79717,-2.8125,0.3125,0.1875,-2.75,-0.1875,-0.722656,0.0195312,-2.0625,-0.5625,0,-2.375,0.0625,-0.693359,0.166016,-0.285255,0.0483034,-0.0626741,-0.844283,-0.130984,0.0337045,-0.17678,-0.0178283,0.0220698,-0.999588,-0.0757233,0.0107283,0.0208913,0.245186,0.587651,-0.447012,0.242992,0.0389487,-0.430617,-0.0136141,-0.140574,-0.0197577,-0.376305,-0.228371,-0.197476,-0.437328,0.196541,-0.137537,0.146863
41.94,-0.197517,-0.000400539,0.000468716,0.425663,-0.226941,-0.000667223,-0.197705,3.40885e-05,8.03514e-05,0.425177,-0.227992,-0.000338891,0.000160703,-0.000780606,-0.00193815,0.00449408,-0.00255264,-0.000790959,0.00876047,0.000167779,0.00697961,0.000882039,0.00377503,0.00224105,0.00312788,0.00830507,-0.00982706,0.00740913,-0.00728641,-0.2,0,0,0.42,-0.23,0,-0.2,0,0,0.42,-0.23,0,0,0,0,0,0,0,0,0,0,0,0,0,0,0,0,0,0,-0.0291408,0.00436332,0.0137133,-0.00436332,-0.000544605,-0.000919335,0.0171416,-0.00436332,0.00342833,0.0229074,0.0103215,-0.00829568,-0.0668523,-0.00679051,0.00309297,-0.00306796,0,-0.00306796,-0.0107379,-0.0122718,0.00294524,-0.0019635,-0.00153398,-0.0138058,0.0153398,0.0153398,0.0076699,-0.00883573,0.00785398,-4.69815,0.527344,-0.783026,-16.5234,-7.34231,0.386646,-4.64222,-0.263672,-0.111861,-15.293,-6.36713,0.191042,0.111861,1.38364,3.87466,-2.8125,0.375,0.125,-2.75,-0.125,-0.712891,0.0195312,-2.0625,-0.5625,0,-2.375,0.0625,-0.693359,0.175781,-0.190012,0.0313273,-0.0742982,-0.83194,-0.121276,0.0285276,-0.263828,0.0053178,-0.0148918,-0.868161,-0.100948,0.030147,0.152346,0.254553,0.572166,-0.443273,0.255264,0.0456839,-0.416548,0.00891626,-0.142538,-0.0156773,-0.374435,-0.196493,-0.187074,-0.445933,0.188871,-0.139347,0.137874
41.98,-0.19749,-0.000392017,0.000468716,0.425688,-0.226865,-0.000681245,-0.197718,5.11327e-05,5.35676e-05,0.425237,-0.227865,-0.000310728,0.000160703,-0.000773027,-0.00194298,0.00449408,-0.00254066,-0.000790959,0.00876047,0.000167779,0.00697961,0.000882039,0.003799,0.00225303,0.00315185,0.00830507,-0.00983905,0.0074168,-0.00728641,-0.2,0,0,0.42,-0.23,0,-0.2,0,0,0.42,-0.23,0,0,0,0,0,0,0,0,0,0,0,0,0,0,0,0,0,0,-0.0239983,0.00654498,0,0.00763582,-0.00217842,-0.00367734,0.00685665,-0.00872665,0,0.0414516,0.00108921,-0.00183867,-0.0497107,-0.00194015,-0.00123719,0,-0.00153398,-0.00920388,-0.0214757,-0.00153398,0.00785398,0.0019635,0.0138058,-0.0199418,0.00613592,0.00613592,0,-0.000981748,0.000981748,-4.75408,0.527344,-0.783026,-16.4355,-7.43097,0.439163,-4.81001,-0.351562,0,-18.0176,-6.36755,0.0865084,0,1.38364,3.87466,-2.8125,0.4375,0.1875,-2.6875,-0.1875,-0.712891,0.0195312,-2.125,-0.5625,0,-2.3125,0.0625,-0.693359,0.175781,-0.202975,0.0261118,-0.0468716,-0.883772,-0.121055,0.0346045,-0.241919,0.01234,-0.00535676,-0.951287,-0.0875609,0.0161065,0.100921,0.237729,0.586607,-0.449408,0.257134,0.0579557,-0.395072,-0.0018216,-0.147446,-0.0196043,-0.407512,-0.18542,-0.169864,-0.427525,0.196781,-0.147354,0.144746
42.04,-0.197865,-0.000366451,0.000468716,0.425654,-0.226856,-0.000681211,-0.198093,3.40885e-05,8.03514e-05,0.425219,-0.227798,-0.000296673,0.000160703,-0.000810921,-0.00177384,0.00464988,-0.00252867,-0.000778975,0.00878444,0.000191748,0.00697194,0.000889709,0.00393083,0.00225303,0.00310391,0.0082811,-0.00983905,0.00742447,-0.00728641,-0.2,0,0,0.42,-0.23,0,-0.2,0,0,0.42,-0.23,0,0,0,0,0,0,0,0,0,0,0,0,0,0,0,0,0,0,-0.00857081,-0.00218166,-0.00171416,-0.0250891,-1.03845e-05,-0.00366868,-0.010285,-0.00654498,0.00514249,-0.0141808,-0.00215765,-0.00366001,-0.0222841,-0.00679051,0.00433016,0,-0.00613592,0.00613592,0.0076699,0.00306796,-0.00589049,0.0019635,0.00153398,-0.0122718,0,0.00613592,-0.00613592,0.000981748,0.00883573,-3.57955,0.351562,-0.783026,-16.9629,-7.34231,0.386646,-3.8592,-0.439453,-0.0559304,-15.2051,-6.54444,0.0860077,-0.671165,1.48247,3.25472,-2.875,0.3125,0.125,-2.75,-0.1875,-0.712891,0.0195312,-2.1875,-0.5625,0,-2.375,0.0625,-0.683594,0.166016,-0.196332,0.0410084,-0.0434433,-0.747763,-0.12573,0.0345858,-0.170138,0.00968112,-0.0183201,-0.7262,-0.0837756,0.0191869,0.0186415,0.263648,0.519161,-0.464988,0.265139,0.0266769,-0.454562,-0.00690291,-0.133548,-0.0197577,-0.396151,-0.20076,-0.155196,-0.426327,0.202917,-0.149471,0.136892
42.08,-0.198213,-0.00028123,0.000441933,0.425611,-0.226843,-0.000659653,-0.198441,2.55663e-05,5.35676e-05,0.425092,-0.227734,-0.00030409,0.000147311,-0.000735134,-0.00134854,0.00474575,-0.00252867,-0.00076699,0.00877245,0.000155795,0.00697194,0.000889709,0.00406265,0.00226502,0.0031159,0.00829308,-0.00982706,0.0074168,-0.00729408,-0.2,0,0,0.42,-0.23,0,-0.2,0,0,0.42,-0.23,0,0,0,0,0,0,0,0,0,0,0,0,0,0,0,0,0,0,-0.0239983,-0.00654498,-0.00685665,-0.00327249,0.00325725,0.00184734,0,0.00218166,-0.0291408,0.0218166,-0.000529028,-0.00458368,0,0.00776059,0.0123737,0.00153398,0.00153398,0.0076699,0,-0.0184078,-0.0147262,0,0.0107379,-0.0107379,0.00153398,0.00306796,-0.0153398,0.00785398,0,-3.46768,0.351562,-0.503374,-17.3145,-7.5192,0.387147,-2.5728,-0.351562,0.559304,-17.666,-6.54444,0.0860077,-0.727095,1.18598,2.16949,-2.9375,0.3125,0.125,-2.75,-0.125,-0.703125,0.0195312,-2.3125,-0.5625,0,-2.3125,0.0625,-0.703125,0.175781,-0.130659,0.041213,-0.03048,-0.828636,-0.132776,0.0226915,-0.15589,-0.00691996,0.0529248,-0.851017,-0.0895744,0.0213309,-0.0441933,0.197258,0.367442,-0.477643,0.249799,0.0230097,-0.438623,0.0152919,-0.124713,-0.0177942,-0.427741,-0.205026,-0.158863,-0.42079,0.211881,-0.15619,0.145882
42.14,-0.198454,-0.000127832,0.000361581,0.425526,-0.226843,-0.000659653,-0.198682,2.55663e-05,6.69595e-05,0.425109,-0.227688,-0.000297113,0.000107135,-0.000492615,-0.000874862,0.00479369,-0.00254066,-0.000814927,0.00876047,0.000191748,0.00697194,0.000889709,0.00421845,0.00221708,0.00312788,0.0082811,-0.00982706,0.0074168,-0.00728641,-0.2,0,0,0.42,-0.23,0,-0.2,0,0,0.42,-0.23,0,0,0,0,0,0,0,0,0,0,0,0,0,0,0,0,0,0,-0.0377116,0.0119991,-0.00342833,-0.0141808,-0.000544605,-0.000919335,-0.00685665,-0.00327249,-0.0377116,0.0785398,0.0010944,-0.00367301,0,0.00582044,0.00989899,0.00153398,-0.00306796,-0.0076699,0.00613592,0,0,0.00392699,0,0.00460194,0.0107379,-0.00153398,-0.00153398,0.000981748,0.00883573,-2.5728,-0.175781,-0.615234,-16.7871,-7.34231,0.386646,-2.23722,-0.263672,0.167791,-17.9297,-6.54444,0.0860077,-0.223722,0.642405,1.31719,-3.0625,0.375,0.1875,-2.75,-0.125,-0.712891,0.0195312,-2.375,-0.5625,0,-2.3125,0.0625,-0.693359,0.175781,-0.0791272,-0.0112151,-0.0293015,-0.772218,-0.125172,0.0282248,-0.118071,0.00398835,0.0687272,-1.08046,-0.0946839,0.0192305,-0.0321405,0.130323,0.232762,-0.482437,0.260201,0.0560862,-0.450295,-0.00383495,-0.139439,-0.0217212,-0.421845,-0.230912,-0.17787,-0.410987,0.198075,-0.149318,0.136892
42.18,-0.198722,-8.52212e-06,0.000321406,0.425415,-0.226852,-0.000659687,-0.19891,5.96548e-05,-2.67838e-05,0.425015,-0.227679,-0.000297147,0.000107135,-0.000159153,-0.000352845,0.00478171,-0.00254066,-0.000778975,0.00876047,0.000167779,0.00693359,0.000882039,0.00424242,0.00226502,0.00312788,0.00826912,-0.00983905,0.00740913,-0.00729408,-0.2,0,0,0.42,-0.23,0,-0.2,0,0,0.42,-0.23,0,0,0,0,0,0,0,0,0,0,0,0,0,0,0,0,0,0,-0.0479966,-0.00218166,0,-0.0119991,0.00270745,-0.000906337,0.0257124,0.00218166,-0.00171416,0.0152716,0.00055499,-0.00458801,0.0171416,-0.00582044,0.00371212,0,0.00460194,-0.00153398,-0.00460194,-0.0184078,-0.011781,0,0.00613592,-0.00920388,0.00153398,-0.0076699,-0.00920388,-0.00785398,-0.00589049,-2.06942,-0.175781,-0.335582,-16.2598,-7.34231,0.386646,-2.5728,-0.439453,0.223722,-16.7871,-6.63267,0.138024,-0.167791,0.247079,0.697335,-3,0.3125,0.1875,-2.75,-0.125,-0.712891,0.0195312,-2.375,-0.5625,0,-2.25,0.0625,-0.693359,0.175781,-0.0317739,0.00521553,-0.0321405,-0.764328,-0.131337,0.0282002,-0.160443,-0.0103288,0.0061067,-0.81333,-0.0939436,0.0210619,-0.0835654,0.0652071,0.0947171,-0.478171,0.244862,0.0420167,-0.42882,0.0150522,-0.126891,-0.0176408,-0.436513,-0.208094,-0.159462,-0.398116,0.205985,-0.140329,0.151772
42.24,-0.198977,-8.52212e-06,0.00028123,0.42533,-0.226856,-0.000666867,-0.199258,0.000340885,-0.000267838,0.425032,-0.227658,-0.000318721,0.000133919,-0.000400848,0.000284592,0.00491353,-0.00255264,-0.000790959,0.00880841,0.000155795,0.00692592,0.000882039,0.0042544,0.00225303,0.00323574,0.00826912,-0.00982706,0.00740913,-0.00729408,-0.2,0,0,0.42,-0.23,0,-0.2,0,0,0.42,-0.23,0,0,0,0,0,0,0,0,0,0,0,0,0,0,0,0,0,0,-0.010285,0.0109083,0.010285,-0.00763582,0.00161824,-0.00274501,0,0.00436332,-0.0274266,0.0207258,0.00540451,0.00548135,-0.00685665,0.0358192,0.0339581,0.0107379,-0.00920388,0.0122718,-0.00306796,-0.00306796,-0.00392699,0,0,0,-0.00613592,0.0184078,-0.00153398,-0.00589049,-0.00294524,-1.90163,-0.439453,-0.335582,-15.7324,-7.34231,0.386646,-1.00675,-0.966797,1.2864,-15.2051,-6.63267,0.138024,-0.447443,0.544689,-1.94102,-3.125,0.4375,0.1875,-2.75,-0.1875,-0.712891,0.0195312,-2.4375,-0.5625,-0.0625,-2.3125,0.0625,-0.703125,0.175781,-0.0817519,-0.0209644,-0.0486929,-0.768996,-0.128989,0.0321647,-0.0741988,-0.0428151,0.081637,-0.837704,-0.104491,0.00178612,-0.0196057,0.0127969,-0.187252,-0.512829,0.273672,0.0150042,-0.434284,-4.79368e-05,-0.134591,-0.0176408,-0.42544,-0.225303,-0.149515,-0.450271,0.198075,-0.142292,0.148827
42.28,-0.199231,-8.52212e-06,0.000254446,0.425202,-0.226865,-0.000652575,-0.199579,0.000502805,-0.000321406,0.424981,-0.227649,-0.000347425,8.03514e-05,-0.000317653,0.000694597,0.00494948,-0.00255264,-0.000790959,0.00879642,0.000167779,0.00693359,0.000882039,0.00432631,0.00221708,0.00312788,0.0082811,-0.00982706,0.0074168,-0.00730175,-0.2,0,0,0.42,-0.23,0,-0.2,0,0,0.42,-0.23,0,0,0,0,0,0,0,0,0,0,0,0,0,0,0,0,0,0,-0.0137133,-0.0152716,0.010285,0.00218166,0.00760889,0.00736768,0.02057,-0.00436332,-0.00857081,0.019635,0.00598546,-0.00827835,-0.0171416,0.0183936,0.0092613,0.00920388,0,0,0,-0.0138058,0.00785398,-0.000981748,0.00460194,-0.0153398,0.0199418,-0.00153398,-0.00306796,0.0019635,-0.0127627,-1.45419,-0.351562,-0.335582,-15.6445,-7.5192,0.387147,-0.615234,-1.40625,1.06268,-16.084,-6.72091,0.19004,-0.447443,0.198069,-1.7081,-3.1875,0.4375,0.1875,-2.75,-0.125,-0.712891,0,-2.4375,-0.5625,0,-2.25,0.0625,-0.693359,0.175781,-0.04945,0.0313955,-0.0460146,-0.789093,-0.140634,0.0113676,-0.0831984,-0.0415538,0.0492822,-0.825669,-0.105996,0.0304537,0.0273195,0.0401151,-0.236163,-0.513356,0.255264,0.0395479,-0.439821,0.0104502,-0.146526,-0.016659,-0.441834,-0.191029,-0.196278,-0.410987,0.199609,-0.150299,0.158798
42.34,-0.198816,-8.52212e-06,0.000254446,0.425151,-0.22686,-0.000659721,-0.199204,0.000545415,-0.000348189,0.425006,-0.227624,-0.000390506,8.03514e-05,-9.83213e-05,0.000284592,0.00491353,-0.00255264,-0.000826912,0.00876047,0.000167779,0.00688757,0.000889709,0.00435027,0.00222907,0.00317582,0.00825713,-0.00983905,0.00740913,-0.00728641,-0.2,0,0,0.42,-0.23,0,-0.2,0,0,0.42,-0.23,0,0,0,0,0,0,0,0,0,0,0,0,0,0,0,0,0,0,-0.0274266,0.00218166,0,-0.00872665,0.00269187,-0.00640935,0.0119991,-0.00545415,0.0171416,0.0359974,-0.00379666,0.000932333,-0.00857081,0.0145213,-0.0030871,-0.00153398,-0.0138058,0.00153398,-0.00920388,-0.0107379,0.00392699,0.00981748,0,-0.0214757,0.0153398,0.00460194,0,-0.00883573,0.00687223,-2.06942,-0.263672,-0.335582,-15.7324,-7.43097,0.439163,-1.2864,-1.14258,0.727095,-17.3145,-6.63267,0.138024,0.223722,0.0990343,-0.465844,-3.0625,0.4375,0.1875,-2.75,-0.125,-0.703125,0.0195312,-2.4375,-0.5,-0.0625,-2.3125,0.0625,-0.693359,0.166016,-0.0635395,-0.00351111,-0.0254446,-0.737789,-0.130968,0.0392075,-0.103554,-0.0436332,0.000535674,-0.894955,-0.0874522,0.0137556,0.00160703,-0.0140675,-0.0761163,-0.488285,0.282876,0.0382776,-0.419616,0.00738228,-0.141678,-0.0276117,-0.435027,-0.179955,-0.189471,-0.42206,0.196781,-0.139347,0.138856
42.38,-0.198749,-2.55663e-05,0.000227662,0.425168,-0.226873,-0.000666953,-0.199137,0.000630637,-0.000468716,0.425015,-0.227632,-0.000390472,0.000133919,-0.000181516,0.000144708,0.0049375,-0.00260058,-0.000826912,0.00876047,0.000167779,0.0068799,0.000882039,0.00435027,0.00209724,0.00267248,0.00824515,-0.00982706,0.00740913,-0.00729408,-0.2,0,0,0.42,-0.23,0,-0.2,0,0,0.42,-0.23,0,0,0,0,0,0,0,0,0,0,0,0,0,0,0,0,0,0,-0.0154275,0.00545415,-0.010285,-0.00654498,0.00106844,-0.00549868,0.00342833,-0.00545415,0.010285,0.0370882,0.00433088,0.00181701,0.0188558,0.010649,0.00802646,-0.0107379,0,0.0199418,0.0076699,-0.0184078,0.00294524,-0.0019635,0.00460194,0.00613592,-0.0153398,0.00153398,0.00306796,0,-0.000981748,-2.46094,-0.263672,-0.503374,-15.4688,-7.43097,0.439163,-1.45419,-1.49414,1.00675,-16.875,-6.72091,0.19004,-0.391513,0.247586,-0.232922,-3.0625,0.4375,0.125,-2.75,-0.125,-0.703125,0.0195312,-2.4375,-0.5,0,-2.375,0.0625,-0.703125,0.175781,-0.0942329,-0.00835167,-0.00219627,-0.749072,-0.127212,0.0376755,-0.0931076,-0.0521553,0.0263017,-0.900596,-0.103369,0.0119849,-0.0967431,0.022508,-0.0674917,-0.472274,0.260058,0.00146208,-0.453363,0.0150522,-0.140543,-0.0156773,-0.444231,-0.221996,-0.102944,-0.415325,0.193473,-0.148183,0.146863
42.44,-0.198776,1.70442e-05,0.000227662,0.42516,-0.226877,-0.000674133,-0.199137,0.000570982,-0.000374973,0.424896,-0.227645,-0.000426255,9.37433e-05,-0.000196643,0.000154355,0.00491353,-0.00264851,-0.000958738,0.00878444,0.000167779,0.00687223,0.000866699,0.00435027,0.00201335,0.00264851,0.00825713,-0.00983905,0.00740913,-0.00728641,-0.2,0,0,0.42,-0.23,0,-0.2,0,0,0.42,-0.23,0,0,0,0,0,0,0,0,0,0,0,0,0,0,0,0,0,0,-0.0154275,0.0141808,0.0137133,-0.00981748,0.00100094,-0.0293451,0.0188558,0,0.0154275,0.00545415,-0.00324167,-0.00365568,0.0325691,0.010649,0.00679162,-0.00306796,-0.00460194,-0.00306796,-0.00306796,-0.0138058,0.00589049,-0.00687223,-0.00153398,-0.00306796,0.00460194,0.0122718,-0.0138058,-0.00687223,0.0107992,-2.12536,-0.439453,-0.503374,-14.9414,-7.34273,0.49118,-1.62198,-1.40625,0.727095,-15.8203,-6.45537,0.243058,-0.279652,-0.198069,-0.931688,-3.0625,0.4375,0.1875,-2.75,-0.125,-0.703125,0.0195312,-2.4375,-0.5,0,-2.375,0.0625,-0.693359,0.175781,-0.0915551,-0.030066,-0.0501928,-0.734704,-0.126907,0.0856555,-0.123962,-0.0570982,0.00664238,-0.756165,-0.0877194,0.0243615,-0.12583,0.0270459,-0.0666813,-0.485217,0.274055,0.0540728,-0.433086,0.0104502,-0.143335,-0.0104618,-0.431959,-0.195199,-0.14163,-0.4374,0.210587,-0.14131,0.134929
42.5,-0.198682,-2.55663e-05,0.000254446,0.425143,-0.226903,-0.000674234,-0.199111,0.000460194,-0.000107135,0.424751,-0.227696,-0.000497701,8.03514e-05,-0.000106055,-3.86998e-05,0.00488956,-0.00264851,-0.00093477,0.00878444,0.000167779,0.00687223,0.000889709,0.00435027,0.00203732,0.00282828,0.00825713,-0.00982706,0.00742447,-0.00729408,-0.2,0,0,0.42,-0.23,0,-0.2,0,0,0.42,-0.23,0,0,0,0,0,0,0,0,0,0,0,0,0,0,0,0,0,0,0.0154275,-0.00545415,0.0394257,-0.00981748,0.00323648,-0.00549002,0.010285,-0.01309,0.0291408,0.01309,0.00437242,-0.0128577,-0.00171416,-0.0107046,-0.0278178,0.00153398,-0.0122718,-0.00460194,0.00153398,-0.0138058,-0.00294524,0.0147262,0.0076699,0.00306796,0.00306796,0,0.00153398,0,0,-2.40501,-0.351562,-0.391513,-15.7324,-7.43097,0.439163,-1.56605,-0.966797,0.335582,-15.6445,-6.72007,0.399107,-0.615234,-0.148345,-0.0773283,-3.0625,0.4375,0.1875,-2.75,-0.125,-0.712891,0.0195312,-2.4375,-0.5,0,-2.375,0.0625,-0.683594,0.175781,-0.162639,0.0134649,-0.104296,-0.732147,-0.130362,0.0379494,-0.1095,-0.0198395,-0.047568,-0.764974,-0.100923,0.0456234,-0.0189629,0.0639304,0.0950633,-0.492024,0.289395,0.0559424,-0.44229,0.0104502,-0.134499,-0.0325204,-0.450367,-0.209868,-0.14755,-0.412857,0.195007,-0.148489,0.145882
42.54,-0.198669,-3.40885e-05,0.000227662,0.425143,-0.226996,-0.000717603,-0.198963,0.000374973,-2.67838e-05,0.424401,-0.229098,-0.00152392,0.000174095,-0.000189467,-0.000430181,0.00474575,-0.00264851,-0.000898817,0.00877245,0.000191748,0.00687223,0.000874369,0.0042544,0.0020493,0.00279232,0.00825713,-0.00982706,0.0074168,-0.00729408,-0.2,0,0,0.42,-0.23,0,-0.2,0,0,0.42,-0.23,0,0,0,0,0,0,0,0,0,0,0,0,0,0,0,0,0,0,-0.00342833,0.00218166,-0.0171416,-0.00545415,-0.00381743,-0.00826968,0.00685665,0.00109083,0.00514249,0.0272708,-0.0704923,0.0112876,-0.00171416,-0.00485037,-0.0798106,-0.0122718,0,-0.0076699,-0.00460194,0,0.00785398,-0.000981748,-0.0076699,0,0.00460194,0.0076699,-0.00460194,0.015708,0,-2.68466,-0.351562,-0.335582,-15.4688,-7.16584,0.490679,-2.18129,-1.05469,0.391513,-14.9414,-3.70922,1.34842,-0.615234,0,2.47941,-2.875,0.4375,0.1875,-2.6875,-0.125,-0.703125,0.0195312,-2.375,-0.5,0,-2.25,0.0625,-0.693359,0.175781,-0.126266,-0.000954477,0.011517,-0.7496,-0.112523,0.0452435,-0.117375,-0.039679,-0.0076066,-0.769287,0.104923,0.0383814,-0.0470859,0.0713913,0.368486,-0.450032,0.264851,0.0602807,-0.429419,-0.00383495,-0.145299,-0.0165056,-0.4101,-0.20493,-0.14882,-0.428196,0.201143,-0.164044,0.145882
42.6,-0.198709,-0.000102265,0.000321406,0.424981,-0.228965,-0.000531996,-0.198803,0.000366451,-9.37433e-05,0.423728,-0.233419,-0.000367274,0.00021427,-0.000303148,-0.000744358,0.00430234,-0.00255264,-0.000862864,0.00872452,0.000167779,0.00675719,0.000882039,0.00383495,0.00215716,0.0031159,0.00820919,-0.00982706,0.00740146,-0.00728641,-0.2,0,0,0.42,-0.23,0,-0.2,0,0,0.42,-0.23,0,0,0,0,0,0,0,0,0,0,0,0,0,0,0,0,0,0,-0.00685665,-0.00654498,0,-0.0294524,-0.0953676,0.00879042,-0.0462824,-0.0185441,-0.00685665,0,-0.0840494,0.0113444,-0.0222841,-0.0164912,0.0092803,-0.0076699,-0.0107379,0.00920388,-0.0076699,-0.00153398,0.00490874,0,-0.0107379,-0.00460194,0.0184078,-0.0107379,-0.00306796,-0.00687223,0.00785398,-2.01349,0.0878906,-0.671165,-14.7656,-3.36171,0.21858,-1.95756,-0.703125,0.223722,-12.4805,0.890916,0.211586,-0.727095,0.494157,1.23971,-2.6875,0.4375,0.1875,-2.6875,-0.125,-0.703125,0.0195312,-2.0625,-0.5,-0.0625,-2.25,0.0625,-0.693359,0.175781,-0.115392,0.0233165,-0.0321405,-0.62932,0.149317,0.003699,-0.027166,0.000443153,0.0230876,-0.559218,0.304868,-0.00799786,0.00257125,0.140418,0.195466,-0.414894,0.27674,0.0247354,-0.420886,-0.0018216,-0.140052,-0.0176408,-0.362019,-0.206512,-0.19261,-0.388984,0.199609,-0.141157,0.137874
42.64,-0.199432,-0.000622114,0.00070977,0.424538,-0.232828,-0.000196388,-0.199352,8.52212e-05,0,0.422918,-0.236248,-0.00130887,0.000147311,-0.000166731,-0.000328677,0.00427837,-0.00255264,-0.000862864,0.0087365,0.000179763,0.00675719,0.000882039,0.00382297,0.00216914,0.00312788,0.00823316,-0.00983905,0.00740146,-0.00729408,-0.2,0,0,0.42,-0.23,0,-0.2,0,0,0.42,-0.23,0,0,0,0,0,0,0,0,0,0,0,0,0,0,0,0,0,0,0.00685665,-0.0218166,0.0154275,0,-0.0672782,0.0153207,-0.00171416,0,-0.00857081,0.0545415,-0.0618716,-0.0226798,0.010285,0.0164913,-0.00556818,-0.00920388,-0.00306796,-0.00306796,-0.0076699,-0.00306796,0.000981748,0,0.0122718,-0.0230097,0.0153398,0,-0.00306796,-0.011781,-0.0019635,-0.894886,0.966797,-1.67791,-13.7109,-0.177594,-0.10403,-1.11861,-0.439453,0.223722,-8.87695,3.03088,1.15843,-0.447443,0.543573,0.852299,-2.6875,0.375,0.1875,-2.6875,-0.125,-0.703125,0.0195312,-2.1875,-0.5625,0,-2.25,0.0625,-0.693359,0.166016,-0.0705031,0.105845,-0.101832,-0.680655,0.247659,-0.022786,-0.0613962,-0.00852212,0.0171416,-0.655943,0.373674,0.0977145,-0.0750482,0.000545662,0.115308,-0.409429,0.2614,0.0492791,-0.421485,-0.000527306,-0.136125,-0.0176408,-0.406841,-0.170895,-0.187074,-0.411658,0.199849,-0.136248,0.147845
42.7,-0.199887,-0.0011931,0.000910649,0.424376,-0.234988,0.000640424,-0.1997,-0.000230097,0.000160703,0.42216,-0.238389,-0.00128793,0.000187487,-0.000522092,0.000187961,0.00429035,-0.0025047,-0.000778975,0.0087365,0.000167779,0.00675719,0.000882039,0.00381098,0.00221708,0.00312788,0.00825713,-0.00983905,0.00740146,-0.00729408,-0.2,0,0,0.42,-0.23,0,-0.2,0,0,0.42,-0.23,0,0,0,0,0,0,0,0,0,0,0,0,0,0,0,0,0,0,0.00685665,-0.0239983,-0.0119991,-0.0109083,-0.0489353,0.0264005,-0.0154275,-0.0207258,0.0497107,0.00872665,-0.0497517,0.00941929,-0.0308549,-0.0348491,0.0234633,-0.00306796,-0.00153398,0.0184078,-0.00920388,-0.0076699,0,0.00392699,-0.00306796,0.0122718,-0.00306796,0,-0.00460194,-0.00981748,-0.0019635,0,2.46094,-1.78977,-12.9199,1.60592,-0.945337,-0.335582,0.527344,-0.503374,-5.27344,4.79383,0.953289,-0.391513,1.43502,-0.700301,-2.6875,0.3125,0.0625,-2.6875,-0.125,-0.683594,0.0195312,-2.125,-0.5625,0,-2.25,0.0625,-0.693359,0.166016,-0.0249696,0.167306,-0.0670666,-0.612735,0.297386,-0.078418,0.000849951,0.0644613,-0.115492,-0.358913,0.435078,0.0326788,0.0363188,0.261175,-0.126778,-0.422899,0.253538,0.00213319,-0.418417,0.00431432,-0.135144,-0.0215678,-0.374962,-0.246252,-0.150258,-0.412857,0.201383,-0.138212,0.147845
42.74,-0.199941,-0.00139763,0.000991,0.42406,-0.236923,0.000861976,-0.199874,-0.000366451,0.000200878,0.421453,-0.240437,-0.00134322,0.000308014,-0.000764207,0.000284369,0.00415853,-0.0022051,-0.000419448,0.0087365,0.000167779,0.00674952,0.000912719,0.00329566,0.00228899,0.00315185,0.00823316,-0.00985103,0.00740146,-0.00729408,-0.2,0,0,0.42,-0.23,0,-0.2,0,0,0.42,-0.23,0,0,0,0,0,0,0,0,0,0,0,0,0,0,0,0,0,0,0.0188558,-0.00872665,0,-0.0239983,-0.0280536,-0.00190301,-0.00171416,-0.00218166,0.00342833,0.0218166,-0.0324173,-0.0035289,-0.02057,-0.0145352,0.000607897,-0.00613592,0,0.0107379,0.0122718,-0.0214757,-0.00589049,-0.00490874,-0.0291456,0.00153398,0.00613592,0.00306796,0.00153398,-0.00589049,-0.000981748,-0.335582,2.54883,-1.73384,-12.041,3.20196,-1.15485,0.223722,0.351562,-0.111861,-4.6582,6.7456,1.06353,-0.894886,1.58325,-0.467873,-2.5625,0.25,0.125,-2.6875,-0.125,-0.683594,0.0195312,-1.6875,-0.5625,0,-2.25,0.0625,-0.712891,0.166016,-0.0436109,0.157216,-0.0991,-0.513078,0.33302,-0.030673,-0.00916763,0.0410084,-0.0269445,-0.305174,0.482317,0.0607865,-0.0306942,0.272868,-0.0871343,-0.403581,0.22051,-0.000503335,-0.461369,0.0181201,-0.1291,-0.0133456,-0.271275,-0.231967,-0.169864,-0.417794,0.195487,-0.142139,0.146863
42.8,-0.20053,-0.0013891,0.000883865,0.423668,-0.237913,0.000966955,-0.200945,-0.000340885,0.000107135,0.42095,-0.241353,-0.00134623,0.000361581,-0.00114204,0.000882717,0.00412257,-0.0022051,-0.000419448,0.0087365,0.000167779,0.00675719,0.000912719,0.00286423,0.00255264,0.00431432,0.00820919,-0.00983905,0.00740146,-0.0072634,-0.2,0,0,0.42,-0.23,0,-0.2,0,0,0.42,-0.23,0,0,0,0,0,0,0,0,0,0,0,0,0,0,0,0,0,0,-0.0188558,-0.00327249,-0.0154275,-0.00654498,-0.0102494,0.00638775,0.0154275,-0.01309,-0.00171416,0,-0.0194459,-0.00358811,0.00342833,-0.0164575,0.01914,-0.00306796,-0.0076699,0.0076699,-0.00920388,-0.00153398,0,-0.00490874,0.0122718,0,0.00306796,0.0076699,-0.0122718,-0.000981748,-0.000981748,1.00675,2.54883,-1.56605,-10.7227,3.73044,-1.15864,2.51687,0.439453,-0.111861,-3.33984,7.18931,1.11704,-0.671165,2.17875,-2.4845,-2.5625,0.25,0.125,-2.6875,-0.125,-0.683594,0.0195312,-1.5625,-0.625,-0.0625,-2.3125,0.0625,-0.693359,0.175781,0.0907359,0.145455,-0.0575316,-0.524089,0.337027,-0.0514537,0.063684,0.0602684,-0.00728519,-0.142488,0.493024,0.0610255,-0.118759,0.391984,-0.322235,-0.406121,0.23585,0.00563259,-0.418417,-0.0018216,-0.135144,-0.0133456,-0.310967,-0.255264,-0.221852,-0.4258,0.209053,-0.147047,0.14625
42.84,-0.200597,-0.00134649,0.000897257,0.423362,-0.238335,0.00096501,-0.20116,-0.000306796,0.000107135,0.420754,-0.241788,-0.0013945,0.000334797,-0.00110422,0.00135061,0.00414654,-0.0022051,-0.000419448,0.00872452,0.000167779,0.00675719,0.000912719,0.00286423,0.00254066,0.00401472,0.00819721,-0.00983905,0.00740146,-0.0072634,-0.2,0,0,0.42,-0.23,0,-0.2,0,0,0.42,-0.23,0,0,0,0,0,0,0,0,0,0,0,0,0,0,0,0,0,0,0.0154275,-0.00872665,0.00514249,-0.00654498,-0.00434621,-0.00737359,0.0188558,0.0109083,0.0137133,0.0163625,-0.00914606,-0.0137465,-0.00342833,-0.00484043,0.00185226,-0.00613592,-0.00306796,0,0.00920388,-0.00613592,0.00392699,0,0.00460194,-0.00460194,-0.00153398,-0.00153398,-0.0107379,-0.00981748,0,1.17454,2.28516,-1.56605,-10.1074,3.90783,-1.15918,2.68466,0.263672,-0.223722,-1.75781,7.45563,1.17,-0.615234,1.98069,-2.79507,-2.5625,0.25,0.125,-2.75,-0.125,-0.703125,0,-1.5625,-0.625,-0.0625,-2.25,0.0625,-0.683594,0.185547,0.0288659,0.152103,-0.100011,-0.478071,0.342111,-0.0238532,0.0782552,0.008863,-0.0381401,-0.178536,0.489814,0.0832732,-0.0901542,0.345789,-0.410739,-0.402382,0.226646,0.0209724,-0.454634,0.00278034,-0.139071,-0.0182544,-0.295627,-0.244862,-0.197668,-0.406793,0.207519,-0.138212,0.145268
42.9,-0.200691,-0.00114196,0.000897257,0.423123,-0.238353,0.00089314,-0.201655,-0.000204531,0.000120527,0.420865,-0.242049,-0.0015944,0.000133919,-0.000105884,0.00191987,0.00412257,-0.00218113,-0.000599211,0.00872452,0.000155795,0.00674952,0.000889709,0.00321177,0.00249272,0.00388289,0.00823316,-0.00982706,0.00739379,-0.0072634,-0.2,0,0,0.42,-0.23,0,-0.2,0,0,0.42,-0.23,0,0,0,0,0,0,0,0,0,0,0,0,0,0,0,0,0,0,0.00857081,0.00872665,0.0188558,-0.00109083,-0.00111457,-0.0110357,-0.00857081,-0.00218166,-0.00171416,0.0185441,-0.0166679,-0.0284197,-0.00171416,0.0193617,0.0271706,-0.0214757,-0.0122718,0.00460194,0.00306796,-0.0076699,-0.00392699,-0.00687223,0.0199418,0.0076699,0.00460194,0.00613592,-0.0122718,-0.011781,0.00392699,0.783026,1.66992,-1.78977,-9.05273,3.81889,-1.10676,3.57955,0,-0.0559304,-3.07617,7.72291,1.43155,-0.559304,-0.148551,-4.42484,-2.5625,0.25,0.125,-2.75,-0.125,-0.703125,0.0195312,-1.8125,-0.625,-0.0625,-2.3125,0.0625,-0.703125,0.175781,0.0519536,0.096743,-0.127437,-0.464093,0.336332,-0.0136542,0.182658,0.0248164,-0.00862438,-0.203879,0.515306,0.120615,-0.0350332,-0.0263199,-0.657472,-0.369306,0.242657,0.0207567,-0.442362,0.00455401,-0.131063,-0.0109219,-0.361061,-0.264612,-0.203348,-0.42393,0.208813,-0.136095,0.141341
42.94,-0.200624,-0.000392017,0.000629419,0.422816,-0.238227,0.000635157,-0.201923,0.000136354,2.67838e-05,0.420933,-0.242289,-0.00200264,0.000107135,0.000189079,0.00214661,0.00415853,-0.00257661,-0.000778975,0.0087365,0.000167779,0.00675719,0.000897379,0.00333161,0.00239685,0.00382297,0.00820919,-0.00983905,0.00740146,-0.0072634,-0.2,0,0,0.42,-0.23,0,-0.2,0,0,0.42,-0.23,0,0,0,0,0,0,0,0,0,0,0,0,0,0,0,0,0,0,-0.00171416,0.0152716,-0.0137133,-0.00327249,0.00102492,-0.0183797,0.00514249,0.0229074,0.0274266,0.0272708,0.00218991,-0.00920219,-0.00171416,-0.010649,-0.0043226,0,0.00920388,0.00920388,-0.00306796,-0.0153398,0.00392699,0.00490874,0.0230097,-0.0368155,0,-0.0076699,-0.0076699,-0.00392699,0.00589049,1.00675,0.175781,-1.00675,-8.08594,3.64007,-0.793326,4.19478,-0.791016,-0.111861,-3.25195,7.9022,1.84929,-0.447443,-0.495172,-4.34721,-2.625,0.3125,0.125,-2.6875,-0.125,-0.703125,0.0195312,-1.875,-0.5625,-0.0625,-2.25,0.0625,-0.683594,0.166016,0.0658269,0.00865847,-0.0355153,-0.409349,0.327017,0.0113531,0.182015,-0.0594503,-0.0575316,-0.249014,0.487167,0.0985102,-0.0269981,-0.024777,-0.631016,-0.415853,0.239253,0.020541,-0.430689,0.0119842,-0.139071,-0.0228563,-0.379181,-0.166053,-0.191148,-0.39512,0.204451,-0.144102,0.139377
43,-0.20057,-7.6699e-05,0.000294622,0.422637,-0.238076,0.000291138,-0.201722,0.000622114,-1.33919e-05,0.421197,-0.242612,-0.00252539,0.00021427,-9.83213e-05,0.00210802,0.00417051,-0.00257661,-0.000778975,0.00870055,0.000155795,0.00674952,0.000889709,0.00330765,0.00232494,0.00376305,0.00818523,-0.00982706,0.00739379,-0.00727107,-0.2,0,0,0.42,-0.23,0,-0.2,0,0,0.42,-0.23,0,0,0,0,0,0,0,0,0,0,0,0,0,0,0,0,0,0,0,0.00545415,0.0154275,-0.0185441,0.00537674,-0.00916765,0.0137133,0.00327249,0.00514249,0.0207258,-0.00375812,-0.00825582,0.010285,0.000968087,-0.0043226,0.00460194,-0.0076699,0.00920388,-0.00460194,0.00460194,-0.00490874,-0.00589049,-0.00153398,0.00460194,-0.0107379,0.00306796,-0.00306796,-0.0019635,-0.00392699,1.23047,0.0878906,-0.447443,-7.91016,3.46126,-0.479888,3.80327,-1.66992,0.279652,-3.16406,8.25937,2.37187,-1.2864,-0.0495172,-3.95907,-2.5625,0.4375,0.1875,-2.75,-0.1875,-0.703125,0.0195312,-1.8125,-0.5625,-0.0625,-2.3125,0.0625,-0.703125,0.175781,0.0570416,-0.0032384,-0.0603171,-0.321418,0.312275,0.00668978,0.144786,-0.0687564,-0.00894579,-0.262459,0.512005,0.117527,-0.095136,0.0265921,-0.619437,-0.426255,0.273001,0.020541,-0.425824,-0.00771784,-0.130082,-0.0119037,-0.327697,-0.241698,-0.166677,-0.415397,0.199609,-0.145912,0.149348
43.04,-0.200651,-0.000102265,0.000254446,0.422535,-0.237899,7.65152e-05,-0.201802,0.000758468,4.01757e-05,0.421214,-0.242742,-0.00274742,0.000174095,6.05053e-05,0.00219968,0.00417051,-0.00276836,-0.00127033,0.0087365,0.000167779,0.00674952,0.000843689,0.00330765,0.00210922,0.00342749,0.00819721,-0.00983905,0.00739379,-0.00727874,-0.2,0,0,0.42,-0.23,0,-0.2,0,0,0.42,-0.23,0,0,0,0,0,0,0,0,0,0,0,0,0,0,0,0,0,0,0.0137133,0,-0.00171416,-0.0141808,0.00594803,0.00094637,-0.00685665,0.00763582,-0.00171416,0.0152716,-0.0134419,-0.0229191,-0.0257124,0.00871278,0.00555763,-0.00153398,0.00613592,0.0199418,0.00460194,-0.0153398,-0.00589049,-0.0137445,0.00613592,-0.00153398,-0.0076699,-0.00153398,-0.0076699,-0.00785398,0.0019635,1.2864,0,-0.783026,-7.73438,3.37137,-0.218869,4.02699,-1.66992,-0.111861,-4.30664,8.34925,2.63289,-0.391513,-0.297103,-4.50247,-2.625,0.4375,0.1875,-2.75,-0.125,-0.703125,0,-1.8125,-0.5,0,-2.25,0.0625,-0.693359,0.166016,0.0376498,0.0102265,-0.0220163,-0.323529,0.304065,-0.00495335,0.193961,-0.0911185,-0.000589244,-0.2432,0.536581,0.155735,0.0249089,-0.0442899,-0.676577,-0.413983,0.264564,0.0236329,-0.446029,0.0119842,-0.1291,-0.00312932,-0.343036,-0.207854,-0.156035,-0.406793,0.204451,-0.140022,0.143611
43.1,-0.200718,-8.52212e-05,0.000254446,0.422416,-0.237857,4.79908e-05,-0.201829,0.000758468,1.33919e-05,0.421154,-0.242814,-0.00279739,0.000120527,0.000136137,0.00224792,0.00418249,-0.0027324,-0.00107858,0.0087365,0.000167779,0.00675719,0.000882039,0.00330765,0.00210922,0.00333161,0.00820919,-0.00982706,0.00738612,-0.00727874,-0.2,0,0,0.42,-0.23,0,-0.2,0,0,0.42,-0.23,0,0,0,0,0,0,0,0,0,0,0,0,0,0,0,0,0,0,-0.00171416,0.00327249,-0.00514249,0.0119991,0.00323165,-0.00366212,0.0411399,-0.00545415,0.0137133,-0.0152716,-0.00378053,-0.000901962,-0.00685665,-0.00484043,0.00679266,0.00153398,-0.00460194,0,-0.0122718,-0.00460194,0.00392699,0.00294524,0,-0.00613592,0.0153398,0.00460194,-0.0184078,-0.0206167,-0.00883573,1.23047,-0.263672,-0.279652,-7.64648,3.37137,-0.218869,3.63548,-1.66992,0.223722,-3.69141,8.34925,2.63289,-0.167791,-0.445654,-4.5801,-2.5625,0.4375,0.1875,-2.6875,-0.125,-0.683594,0.0195312,-1.8125,-0.5,-0.0625,-2.25,0.0625,-0.693359,0.175781,0.0752013,0.00197713,-0.0151596,-0.410354,0.307812,0.00540462,0.100645,-0.0649385,-0.0287658,-0.112077,0.520123,0.113699,-0.0155882,-0.0263198,-0.694755,-0.421317,0.282444,0.053929,-0.412281,0.00124636,-0.139071,-0.020586,-0.330765,-0.198651,-0.19726,-0.419664,0.214949,-0.127106,0.154411
43.14,-0.200798,-6.81769e-05,0.000254446,0.422313,-0.23792,6.92395e-05,-0.201963,0.000647681,0,0.421035,-0.242882,-0.00269653,0.000160703,5.29422e-05,0.00229134,0.00417051,-0.00270843,-0.00111453,0.00870055,0.000167779,0.00675719,0.000866699,0.00330765,0.00213319,0.00337955,0.00819721,-0.00981508,0.00739379,-0.00727874,-0.2,0,0,0.42,-0.23,0,-0.2,0,0,0.42,-0.23,0,0,0,0,0,0,0,0,0,0,0,0,0,0,0,0,0,0,0.0119991,0,-0.010285,-0.00327249,3.36155e-05,0.0110308,-0.0274266,-0.00327249,-0.02057,-0.0109083,-0.00650251,0.005545,0.00857081,-0.000968087,-0.00308757,0.00613592,-0.00460194,-0.0168738,0.00153398,-0.0138058,0.00294524,-0.00294524,0.00306796,-0.0153398,0.0153398,-0.00306796,0.00920388,-0.00589049,-0.00294524,1.2864,-0.263672,-0.335582,-6.85547,3.37185,-0.323169,4.19478,-1.58203,0.391513,-3.16406,8.3483,2.42429,-0.335582,-0.297103,-4.50247,-2.625,0.4375,0.1875,-2.75,-0.125,-0.703125,0.0195312,-1.8125,-0.5,-0.0625,-2.25,0.0625,-0.693359,0.166016,0.0558094,0.00681769,-0.00487465,-0.333925,0.316739,-0.0248311,0.25117,-0.0582231,0.0411399,-0.111635,0.528282,0.0967713,-0.0739233,-0.0129784,-0.67814,-0.429323,0.280047,0.0894742,-0.438095,0.0104502,-0.138089,-0.0143887,-0.336901,-0.18264,-0.199657,-0.403725,0.187098,-0.141985,0.14852
43.2,-0.200865,-0.00016192,0.000401757,0.422245,-0.238118,0.000233493,-0.202124,0.000545415,-2.67838e-05,0.42089,-0.243005,-0.0024877,0.000187487,-4.5379e-05,0.00236371,0.00418249,-0.00270843,-0.00104263,0.0087365,0.000167779,0.00675719,0.000866699,0.00330765,0.00215716,0.00349939,0.00819721,-0.00982706,0.00740146,-0.00727107,-0.2,0,0,0.42,-0.23,0,-0.2,0,0,0.42,-0.23,0,0,0,0,0,0,0,0,0,0,0,0,0,0,0,0,0,0,-0.0154275,-0.00218166,0.0171416,0.00218166,-0.0108039,0.00178912,0.0137133,0.00436332,0,0.00872665,0.00161862,0.000911831,-0.0137133,-0.0145213,-0.00308757,0.0107379,0,0.00613592,-0.0122718,-0.00306796,0.00392699,-0.00589049,0.00613592,0.00306796,0.00153398,0,0,0,0.0019635,1.45419,0,-0.838956,-7.38281,3.81604,-0.480969,4.19478,-1.14258,0.111861,-2.46094,8.52474,2.21623,-0.671165,0,-4.65773,-2.5625,0.375,0.1875,-2.6875,-0.1875,-0.703125,0.0195312,-1.8125,-0.5625,-0.0625,-2.25,0.0625,-0.693359,0.175781,0.117359,0.0205553,-0.0744589,-0.345518,0.346333,-0.012918,0.184961,-0.0632682,0.00267838,-0.168445,0.516963,0.0976844,-0.0151061,0.0571776,-0.699849,-0.439725,0.270843,0.0398595,-0.412281,-0.000287622,-0.139071,-0.0114435,-0.343036,-0.221852,-0.178038,-0.40986,0.196541,-0.148029,0.143458
43.24,-0.200932,-0.000400539,0.00056246,0.422211,-0.238531,0.000504524,-0.202124,0.000230097,0,0.420592,-0.2432,-0.00217084,0.000174095,-0.000105884,0.0024023,0.00415853,-0.00261256,-0.00103064,0.00872452,0.000155795,0.00674952,0.000882039,0.00329566,0.00219311,0.00355931,0.00819721,-0.00983905,0.00737845,-0.0072634,-0.2,0,0,0.42,-0.23,0,-0.2,0,0,0.42,-0.23,0,0,0,0,0,0,0,0,0,0,0,0,0,0,0,0,0,0,-0.010285,-0.0207258,0.00685665,0,-0.0140243,0.00912817,0.0137133,-0.0185441,-0.0171416,-0.00872665,-0.000498456,-0.013786,0,-0.0125851,-0.000617514,-0.00613592,0,-0.00153398,-0.00920388,-0.0122718,-0.00589049,0.00981748,0.00920388,0.00460194,0.0184078,0,0,-0.0107992,0,1.73384,0.615234,-1.17454,-6.67969,4.2607,-0.743068,4.25071,-0.703125,0.223722,-0.527344,8.78963,1.95629,-0.894886,0.148551,-4.73536,-2.625,0.375,0.1875,-2.6875,-0.125,-0.683594,0.0195312,-1.875,-0.5625,-0.0625,-2.25,0.0625,-0.703125,0.175781,0.113769,0.0815055,-0.0699593,-0.331677,0.369292,-0.0384373,0.184961,0.0140785,0.0342833,-0.0538879,0.529005,0.114406,-0.0522284,0.0695207,-0.718838,-0.403581,0.261256,0.0546001,-0.417818,0.00915595,-0.1291,-0.0274583,-0.347974,-0.228515,-0.214781,-0.40986,0.196781,-0.13677,0.145268
43.3,-0.201133,-0.000622114,0.000736554,0.422211,-0.239092,0.000724572,-0.202151,0.000110787,4.01757e-05,0.420507,-0.243319,-0.00194049,0.000133919,-0.000264711,0.00252291,0.00415853,-0.00252867,-0.000958738,0.00872452,0.000131826,0.00675719,0.000874369,0.00330765,0.00221708,0.00363122,0.00818523,-0.00982706,0.00739379,-0.00727107,-0.2,0,0,0.42,-0.23,0,-0.2,0,0,0.42,-0.23,0,0,0,0,0,0,0,0,0,0,0,0,0,0,0,0,0,0,-0.0257124,0.00109083,0.00342833,-0.00436332,-0.0167687,-0.00467264,0,0,0.00857081,0.00109083,0.00161302,0.00275029,-0.0119991,-0.00871278,0.00555763,0.0076699,0,0.00920388,-0.00153398,-0.00920388,0.00392699,-0.00294524,0.0138058,0.00306796,0.00460194,0.0076699,0,-0.00392699,0,1.95756,0.878906,-1.17454,-6.67969,4.88228,-0.901409,4.36257,-0.615234,0,-1.58203,8.87714,1.69582,-0.447443,0.34662,-4.89062,-2.625,0.375,0.1875,-2.75,-0.1875,-0.683594,0.0195312,-1.875,-0.5625,0,-2.3125,0.0625,-0.703125,0.166016,0.164712,0.0600298,-0.0805121,-0.314224,0.397218,-0.0196376,0.215065,-0.0110787,-0.0211592,-0.0803771,0.529539,0.072119,-0.00417827,0.105552,-0.773546,-0.431192,0.252867,0.0295291,-0.433158,0.00656736,-0.139071,-0.0145421,-0.358376,-0.227844,-0.190765,-0.424601,0.196541,-0.143949,0.145421
43.34,-0.201387,-0.000656203,0.000790122,0.422134,-0.239518,0.000815992,-0.20211,0.000102265,2.67838e-05,0.420422,-0.243417,-0.00177487,0.000241054,-0.000279838,0.0025808,0.00415853,-0.00225303,-0.000599211,0.0087365,0.000155795,0.00675719,0.000912719,0.00329566,0.00222907,0.00365519,0.00819721,-0.00982706,0.00740913,-0.00727107,-0.2,0,0,0.42,-0.23,0,-0.2,0,0,0.42,-0.23,0,0,0,0,0,0,0,0,0,0,0,0,0,0,0,0,0,0,-0.010285,0.00981748,0.00171416,-0.00981748,-0.0102886,-0.0064815,0.00857081,-0.00327249,-0.00171416,-0.00436332,-0.00161302,-0.00275029,0.02057,-0.00387235,-9.34666e-20,0,0.00460194,-0.00920388,-0.0138058,-0.0107379,0.00392699,0.0137445,-0.00153398,0.00460194,-0.00153398,-0.0076699,0,0.0147262,0,2.74059,0.791016,-1.34233,-6.32812,5.23754,-1.00679,4.75408,-0.439453,-0.0559304,-0.966797,8.96512,1.53964,-0.559304,0.34662,-5.04587,-2.625,0.25,0.1875,-2.6875,-0.1875,-0.703125,0.0195312,-1.8125,-0.5625,0,-2.25,0.0625,-0.703125,0.175781,0.159303,0.0459853,-0.0824405,-0.280901,0.401304,-0.0196767,0.193907,-0.00368155,0.000749946,-0.0457753,0.539897,0.0764953,-0.134026,0.0955683,-0.77424,-0.415853,0.2161,0.0483683,-0.409213,0.00762197,-0.139071,-0.0319988,-0.326498,-0.23211,-0.179691,-0.394521,0.196541,-0.162909,0.145421
43.4,-0.201588,-0.000536893,0.000763338,0.421921,-0.239877,0.000735364,-0.202164,0.000110787,-4.01757e-05,0.420336,-0.243686,-0.00161564,0.000227662,-0.000219332,0.00264834,0.00415853,-0.00238486,-0.000719053,0.00872452,0.000167779,0.00674952,0.000897379,0.00329566,0.00225303,0.00365519,0.00820919,-0.00982706,0.00739379,-0.00727874,-0.2,0,0,0.42,-0.23,0,-0.2,0,0,0.42,-0.23,0,0,0,0,0,0,0,0,0,0,0,0,0,0,0,0,0,0,-0.0308549,-0.00981748,0.0119991,-0.0239983,-0.0064801,0.00180886,0,0.00109083,-0.0188558,0.0152716,-0.0144876,-0.00452956,0.00171416,0,0,0.00920388,-0.0122718,0.00460194,-0.0076699,-0.0168738,-0.00589049,0.00392699,0,-0.0153398,-0.00460194,0.00153398,0.00306796,-0.011781,-0.00981748,2.90838,0.615234,-1.11861,-5.71289,5.59232,-1.00787,4.30664,-0.615234,0.279652,-0.878906,9.46757,1.48902,-0.279652,0.34662,-5.35639,-2.625,0.3125,0.125,-2.6875,-0.125,-0.683594,0.0195312,-1.8125,-0.5625,0,-2.3125,0.0625,-0.683594,0.175781,0.220529,0.0733243,-0.100332,-0.192219,0.408054,-0.0330323,0.216405,-0.0132604,0.0417291,-0.111534,0.576415,0.0736846,-0.0734412,0.0657997,-0.794503,-0.43426,0.26303,0.0267488,-0.420886,0.0135182,-0.1291,-0.0218746,-0.329566,-0.194624,-0.173556,-0.413528,0.193473,-0.136095,0.155392
43.44,-0.201669,-0.000306796,0.000616027,0.421666,-0.240372,0.000625383,-0.202218,0.000170442,1.33919e-05,0.420379,-0.244219,-0.00172092,0.000200878,-0.000204163,0.0027062,0.00415853,-0.00246875,-0.000790959,0.00870055,0.000167779,0.00675719,0.000889709,0.00330765,0.00226502,0.00388289,0.00820919,-0.00982706,0.00740146,-0.00727874,-0.2,0,0,0.42,-0.23,0,-0.2,0,0,0.42,-0.23,0,0,0,0,0,0,0,0,0,0,0,0,0,0,0,0,0,0,-0.00685665,-0.00436332,-0.00857081,-0.00218166,-0.0130386,-0.0221208,0,-0.00545415,0.010285,0.0185441,-0.0117881,-0.00913805,0.00171416,-0.00869281,0.00677898,0,0.00153398,0,0.00153398,-0.0107379,0.00392699,0.00392699,0.0138058,-0.00153398,-0.00460194,0.0153398,-0.00613592,0.00294524,-0.0107992,3.18803,0.263672,-1.06268,-5.09766,6.03461,-0.748474,4.47443,-0.791016,0.111861,-1.66992,10.0926,1.54307,0,0.202121,-5.44037,-2.5625,0.3125,0.1875,-2.75,-0.125,-0.703125,0.0195312,-1.8125,-0.5625,-0.0625,-2.3125,0.0625,-0.693359,0.175781,0.180569,0.0394063,-0.0444611,-0.241139,0.440945,0.0192262,0.221762,-0.00613592,-0.0219091,-0.131017,0.592319,0.0871127,-0.065406,0.0873275,-0.832198,-0.415853,0.243807,0.0395479,-0.438095,0.00738228,-0.139071,-0.0217212,-0.358376,-0.223434,-0.184941,-0.441139,0.202677,-0.150974,0.156374
43.5,-0.201762,-0.000213053,0.000522284,0.421367,-0.240984,0.000514864,-0.202338,0.00032384,-1.33919e-05,0.42026,-0.24486,-0.00182567,8.03514e-05,-0.000173848,0.00276405,0.00414654,-0.00255264,-0.000755006,0.0087365,0.000143811,0.00675719,0.000882039,0.00328368,0.00226502,0.00377503,0.00819721,-0.00982706,0.00740146,-0.0072634,-0.2,0,0,0.42,-0.23,0,-0.2,0,0,0.42,-0.23,0,0,0,0,0,0,0,0,0,0,0,0,0,0,0,0,0,0,0.0171416,-0.00654498,-0.00857081,-0.0272708,-0.00970615,0.00730945,0.0274266,0.00109083,0.0137133,0.00218166,-0.0090998,-0.0100696,-0.0342833,-0.011615,-0.00617651,-0.00920388,-0.0107379,0.00460194,0,-0.00306796,0.00294524,-0.0019635,-0.0107379,-0.0076699,0.00613592,0,0.0076699,0.00490874,0.00589049,3.35582,0.263672,-0.838956,-4.13086,6.56678,-0.750096,4.69815,-0.878906,0.223722,-0.439453,10.7181,1.70143,-0.279652,0.152608,-5.51801,-2.5625,0.375,0.125,-2.6875,-0.1875,-0.703125,0.0195312,-1.8125,-0.5625,0,-2.25,0.0625,-0.703125,0.175781,0.141947,0.0343953,-0.0350868,-0.0960388,0.458783,-0.0352134,0.178961,-0.0345657,-0.0260874,-0.0476678,0.612609,0.0931662,0.0787444,0.0869996,-0.810687,-0.396246,0.27674,0.0285464,-0.436825,0.000191748,-0.138089,-0.0156773,-0.306892,-0.211162,-0.201023,-0.40986,0.188871,-0.152938,0.139377
43.54,-0.201829,-0.000196009,0.000428541,0.421154,-0.241529,0.000505198,-0.202419,0.000400539,2.67838e-05,0.420106,-0.245397,-0.00185196,0.000107135,-0.000120828,0.00284602,0.00414654,-0.00255264,-0.000778975,0.00872452,0.000155795,0.00674952,0.000882039,0.00328368,0.00222907,0.00367916,0.00818523,-0.00982706,0.00740146,-0.00727107,-0.2,0,0,0.42,-0.23,0,-0.2,0,0,0.42,-0.23,0,0,0,0,0,0,0,0,0,0,0,0,0,0,0,0,0,0,-0.00685665,0.00545415,0.0222841,-0.00872665,-0.0102942,-0.00831996,0.0119991,-0.00654498,0.0308549,-0.00436332,-0.0106971,-0.0146584,-0.0445682,-0.000970077,-0.00185146,0.00153398,-0.0153398,0.0107379,-0.0199418,0.00153398,-0.00589049,0.000981748,0.00153398,-0.0214757,0,-0.00460194,0.00153398,0.00294524,0.0186532,2.90838,0,-0.783026,-3.33984,7.18741,-0.699838,4.75408,-1.05469,-0.167791,1.58203,11.1646,1.75494,-0.335582,0.0040668,-5.75002,-2.625,0.375,0.1875,-2.6875,-0.125,-0.703125,0,-1.8125,-0.5625,0,-2.3125,0.0625,-0.703125,0.175781,0.196638,0.00869256,-0.0874223,-0.138257,0.481748,-0.003568,0.217852,-0.026964,-0.0643882,0.00152097,0.637284,0.103395,0.101564,0.0391586,-0.848252,-0.417722,0.285944,0.017473,-0.396342,-0.00464988,-0.1291,-0.0186225,-0.331436,-0.179955,-0.183958,-0.400057,0.195007,-0.150974,0.126768
43.6,-0.201923,-0.000170442,0.000415149,0.420975,-0.241981,0.000510315,-0.202526,0.000426106,2.67838e-05,0.420089,-0.245708,-0.00186487,0.00021427,-0.000120761,0.00289421,0.00412257,-0.00255264,-0.00076699,0.00872452,0.000155795,0.00674952,0.000889709,0.00328368,0.00226502,0.00375106,0.00819721,-0.00982706,0.00739379,-0.00727107,-0.2,0,0,0.42,-0.23,0,-0.2,0,0,0.42,-0.23,0,0,0,0,0,0,0,0,0,0,0,0,0,0,0,0,0,0,0.0119991,0.00327249,-0.00514249,0,-0.00161302,0.00275029,-0.00685665,-0.00654498,0,-0.00218166,-0.0118049,-0.00362266,0.0119991,-0.00579655,0.00369745,-0.0276117,-0.00153398,-0.0122718,-0.00460194,-0.00153398,-0.00490874,0.000981748,0.00460194,0,0,0.0168738,0.00613592,-0.0127627,-0.00785398,3.41175,0.0878906,-0.391513,-2.8125,7.54219,-0.70092,4.92188,-1.14258,0.223722,0.527344,11.4321,1.7036,-0.223722,0.0992388,-5.91197,-2.5,0.4375,0.1875,-2.6875,-0.125,-0.703125,0,-1.8125,-0.5625,-0.0625,-2.375,0.0625,-0.703125,0.175781,0.168301,0.0104992,-0.0312299,-0.146319,0.482458,-0.0259132,0.266278,-0.0295206,-0.00267838,-0.00464864,0.651918,0.0818403,-0.100279,0.0536181,-0.879355,-0.357034,0.258332,0.0628932,-0.427022,-0.00158192,-0.130082,-0.0187759,-0.337572,-0.226502,-0.187553,-0.443608,0.190405,-0.135113,0.153275
43.64,-0.20199,-0.000187487,0.000428541,0.420899,-0.242272,0.000516164,-0.202579,0.000400539,1.33919e-05,0.420072,-0.245859,-0.00180673,0.000107135,-0.000143404,0.00293754,0.00413456,-0.00255264,-0.000778975,0.00870055,0.000155795,0.00674952,0.000889709,0.00328368,0.00225303,0.0035713,0.00819721,-0.00981508,0.00739379,-0.00727107,-0.2,0,0,0.42,-0.23,0,-0.2,0,0,0.42,-0.23,0,0,0,0,0,0,0,0,0,0,0,0,0,0,0,0,0,0,-0.00857081,0,0.0137133,-0.00327249,-0.0092301,-0.0138304,-0.02057,-0.01309,0.0274266,0,-0.00536535,-0.0018138,-0.0222841,-0.00772874,-0.00369745,0,-0.00613592,0.00306796,0.00460194,0.0107379,0.00589049,0.00490874,0.00460194,-0.0122718,0,-0.00306796,0.0122718,-0.0019635,-0.00490874,3.91513,0.175781,-0.615234,-2.90039,7.89697,-0.702001,5.48118,-0.966797,0,-0.0878906,11.5211,1.65172,-0.223722,0.0496194,-5.83418,-2.5625,0.375,0.1875,-2.75,-0.1875,-0.683594,0,-1.8125,-0.5,-0.0625,-2.3125,0.0625,-0.693359,0.185547,0.216138,0.0187487,-0.0702807,-0.121727,0.509344,0.00701426,0.29906,-0.013874,-0.0561924,-0.0108182,0.645089,0.0758967,0.0347118,0.0662075,-0.870169,-0.413456,0.267536,0.0328128,-0.444231,-0.0138538,-0.140881,-0.0227029,-0.337572,-0.20076,-0.178565,-0.403725,0.18403,-0.145912,0.15033
43.7,-0.202084,-0.000213053,0.000455324,0.420916,-0.242428,0.000623176,-0.202552,0.000374973,2.67838e-05,0.41997,-0.245905,-0.00175624,0.000133919,-0.000135857,0.00297124,0.00414654,-0.00252867,-0.000790959,0.0087365,0.000155795,0.00675719,0.000882039,0.00327169,0.00221708,0.00361924,0.00820919,-0.00983905,0.00740146,-0.00727107,-0.2,0,0,0.42,-0.23,0,-0.2,0,0,0.42,-0.23,0,0,0,0,0,0,0,0,0,0,0,0,0,0,0,0,0,0,-0.00857081,0.00763582,0.00857081,0.00872665,-0.00325966,-0.00553019,-0.010285,0.00436332,0.0222841,0.00763582,3.36155e-05,-0.0110308,-0.0462824,-0.000966092,-0.000616242,-0.0122718,-0.00153398,0.00920388,-0.0107379,0,0.00490874,0,0,-0.0153398,-0.00613592,0.0138058,0.00153398,0.0137445,-0.000981748,3.29989,0,-0.671165,-3.42773,7.89744,-0.8063,5.59304,-0.966797,0,-0.615234,11.5211,1.65172,0.503374,0.148858,-5.83418,-2.625,0.375,0.1875,-2.6875,-0.1875,-0.703125,0.0195312,-1.8125,-0.5625,0,-2.3125,0.0625,-0.693359,0.166016,0.225512,0.00603366,-0.0626741,-0.17228,0.503639,-0.0138667,0.275812,-0.046224,-0.0472466,-0.0260237,0.636143,0.0923113,0.0986715,0.0436553,-0.889523,-0.39011,0.255935,0.0211402,-0.415349,-0.0031159,-0.140052,-0.0176408,-0.327169,-0.191029,-0.16869,-0.438071,0.195247,-0.161774,0.146403
43.74,-0.202044,-0.000255663,0.000535676,0.420907,-0.242453,0.000651796,-0.202526,0.000306796,4.01757e-05,0.420012,-0.245922,-0.00174181,0.000133919,-0.000158499,0.00296643,0.00414654,-0.00255264,-0.000802943,0.0087365,0.000167779,0.00675719,0.000889709,0.00328368,0.00226502,0.00367916,0.00820919,-0.00982706,0.00739379,-0.00727874,-0.2,0,0,0.42,-0.23,0,-0.2,0,0,0.42,-0.23,0,0,0,0,0,0,0,0,0,0,0,0,0,0,0,0,0,0,0.0359974,-0.00109083,0.00685665,0.00109083,-0.00540475,-2.46708e-05,0.010285,0.00436332,0.0257124,0.0218166,0.00269948,-0.00460849,-0.0154275,-0.00289828,-0.00308121,0.00153398,0.00306796,-0.0122718,-0.0122718,0.00306796,0.00294524,-0.00392699,0.00920388,0.0184078,0.00920388,0.0122718,-0.00153398,-0.00294524,-0.0127627,3.52362,0.439453,-0.950817,-2.90039,7.89792,-0.910599,5.1456,-0.791016,0.111861,0.351562,11.3421,1.54688,-0.335582,0.0992388,-5.91197,-2.5625,0.375,0.125,-2.6875,-0.125,-0.703125,0.0195312,-1.8125,-0.5625,0,-2.3125,0.0625,-0.703125,0.166016,0.132358,0.027748,-0.0672809,-0.140459,0.508939,-0.0260225,0.231994,-0.0394063,-0.0554424,-0.0891351,0.631484,0.0788893,0.00610671,0.0562447,-0.880684,-0.417722,0.249128,0.0646909,-0.412281,-0.00642355,-0.138089,-0.0138672,-0.346776,-0.263317,-0.202366,-0.435003,0.198075,-0.144931,0.158338
43.8,-0.20203,-0.000272708,0.000575852,0.420958,-0.242449,0.000644636,-0.202512,0.000255663,-1.33919e-05,0.419961,-0.245922,-0.00174181,0.000174095,-0.000143404,0.00297605,0.00415853,-0.00254066,-0.00076699,0.00872452,0.000167779,0.00675719,0.000889709,0.00328368,0.00226502,0.00363122,0.00819721,-0.00981508,0.00740146,-0.00727107,-0.2,0,0,0.42,-0.23,0,-0.2,0,0,0.42,-0.23,0,0,0,0,0,0,0,0,0,0,0,0,0,0,0,0,0,0,0.0222841,0.00763582,0.0137133,-0.00218166,0.00214509,-0.00550552,0.00171416,-0.0141808,0.0188558,0.0119991,0.000573512,-0.0119525,0.0222841,0.00193218,-0.00369745,-0.00153398,-0.00920388,-0.00613592,-0.00920388,0.00306796,0.00392699,0.00687223,0,-0.00460194,0.00153398,0,0,0.0019635,0,3.41175,0.263672,-0.950817,-3.07617,7.89792,-0.910599,5.25746,-0.703125,0.167791,0.351562,11.4316,1.5993,-0.615234,0.148858,-5.83418,-2.5625,0.3125,0.125,-2.6875,-0.1875,-0.703125,0.0195312,-1.8125,-0.5625,0,-2.25,0.0625,-0.683594,0.175781,0.158445,0.0119991,-0.0850118,-0.135035,0.493672,-0.0147744,0.247796,0.00279525,-0.0363724,-0.0421985,0.635736,0.0935773,-0.119081,0.0372247,-0.881724,-0.412785,0.272473,0.0506214,-0.417818,-0.00642355,-0.139071,-0.0246664,-0.328368,-0.217298,-0.184629,-0.40986,0.196302,-0.149993,0.145421
43.84,-0.20199,-0.000272708,0.000602635,0.421035,-0.242428,0.000651893,-0.202485,0.000264186,2.67838e-05,0.420081,-0.24593,-0.00174179,0.000187487,-0.000158499,0.00296643,0.00415853,-0.00252867,-0.000802943,0.00876047,0.000131826,0.00674952,0.000889709,0.00328368,0.002277,0.00366717,0.00819721,-0.0098031,0.00740146,-0.0072634,-0.2,0,0,0.42,-0.23,0,-0.2,0,0,0.42,-0.23,0,0,0,0,0,0,0,0,0,0,0,0,0,0,0,0,0,0,-0.0377116,-0.00218166,0.00514249,-0.00763582,0,0,-0.0171416,0.00327249,-0.00514249,0,-0.00215959,0.00368679,-0.00514249,0.00579655,0.00246497,-0.0153398,0,-0.0122718,0,0.00613592,-0.00589049,-0.000981748,-0.00460194,0.00306796,-0.00153398,-0.00306796,-0.00613592,0,0.00883573,3.91513,0.439453,-0.950817,-3.86719,7.98638,-0.85872,5.31339,-0.966797,0.167791,0.615234,11.4311,1.495,-0.335582,0.0992388,-5.91197,-2.5625,0.3125,0.1875,-2.6875,-0.1875,-0.703125,0.0195312,-1.8125,-0.5625,-0.0625,-2.25,0.0625,-0.693359,0.166016,0.274419,0.0316341,-0.0705485,-0.124725,0.497116,-0.0260757,0.282829,-0.0329635,0.0076066,-0.0120968,0.641538,0.0622979,-0.0408185,0.0301602,-0.897322,-0.385173,0.252867,0.0646909,-0.438023,-0.00877245,-0.1291,-0.0168124,-0.319164,-0.233836,-0.180291,-0.403725,0.202198,-0.148029,0.136432
43.9,-0.201896,-0.000238619,0.000602635,0.421129,-0.242403,0.000652009,-0.202419,0.000315318,2.67838e-05,0.420047,-0.245918,-0.00174901,0.000120527,-0.000166047,0.00297124,0.00415853,-0.00252867,-0.000790959,0.00872452,0.000155795,0.00674952,0.000889709,0.00328368,0.00226502,0.00370313,0.00819721,-0.00982706,0.00740913,-0.00727107,-0.2,0,0,0.42,-0.23,0,-0.2,0,0,0.42,-0.23,0,0,0,0,0,0,0,0,0,0,0,0,0,0,0,0,0,0,0.00685665,0.00654498,0,0.00654498,0.0043182,-0.00181873,0.010285,0.0119991,0.00514249,-0.0218166,-0.000517486,-0.00643216,-0.00514249,-0.00579655,0.00369745,0.00613592,-0.0122718,-0.00153398,-0.0107379,-0.00306796,-0.00294524,0.00687223,0.00460194,0.00306796,0.0276117,-0.00153398,-0.00306796,0.0137445,0,3.46768,0.175781,-1.00675,-3.7793,7.80899,-0.858179,4.58629,-0.878906,0.111861,2.02148,11.6101,1.59985,-0.671165,0.148858,-5.83418,-2.625,0.3125,0.1875,-2.6875,-0.1875,-0.683594,0,-1.8125,-0.5625,-0.0625,-2.25,0.0625,-0.703125,0.166016,0.175908,0.010772,-0.0602635,-0.195512,0.487467,-0.0224429,0.22128,-0.0555301,-0.0129634,0.0802838,0.637749,0.0828246,-0.0207307,0.0672038,-0.902464,-0.428124,0.277411,0.0426159,-0.41475,-4.79368e-05,-0.132045,-0.0246664,-0.337572,-0.232638,-0.24038,-0.406793,0.199609,-0.161927,0.145421
43.94,-0.201829,-0.000221575,0.00056246,0.421197,-0.242369,0.00066654,-0.202432,0.00032384,2.67838e-05,0.420217,-0.245918,-0.00173465,0.000227662,-0.000150952,0.00297124,0.00414654,-0.00252867,-0.000802943,0.00872452,0.000143811,0.00675719,0.000882039,0.00328368,0.00225303,0.00370313,0.00819721,-0.00982706,0.00739379,-0.00725573,-0.2,0,0,0.42,-0.23,0,-0.2,0,0,0.42,-0.23,0,0,0,0,0,0,0,0,0,0,0,0,0,0,0,0,0,0,0.0188558,0.00327249,-0.00171416,0,-3.92181e-05,-0.0128692,0.00342833,0.00109083,0.00514249,0.01309,-0.00159728,-0.00458876,0.0291408,-0.0125592,0.000616242,-0.00153398,0.00306796,0.0076699,0.00460194,0,0.00981748,0.000981748,0.0138058,-0.0398835,0.0107379,0.0122718,-0.0107379,-0.0176715,0.0137445,3.18803,0.263672,-0.783026,-4.6582,7.80899,-0.858179,5.25746,-0.966797,0.111861,-1.58203,11.3421,1.54688,-0.167791,0.248097,-5.83418,-2.625,0.375,0.1875,-2.75,-0.1875,-0.683594,0.0195312,-1.875,-0.5,-0.0625,-2.3125,0.0625,-0.693359,0.166016,0.145214,0.0156125,-0.0528176,-0.179556,0.494829,-0.000923099,0.236333,-0.0345657,-0.0129634,-0.0849085,0.63991,0.0785634,-0.155721,0.0829631,-0.893221,-0.411586,0.246731,0.0248073,-0.44543,-0.00287621,-0.144961,-0.0186225,-0.355979,-0.145536,-0.206632,-0.434404,0.207279,-0.130204,0.13137
44,-0.201856,-0.000196009,0.000535676,0.421197,-0.242352,0.00065224,-0.202392,0.000357929,0,0.420277,-0.245922,-0.00174181,0.000200878,-0.000143404,0.00296643,0.00412257,-0.00255264,-0.000790959,0.0087365,0.000167779,0.00675719,0.000889709,0.00328368,0.00221708,0.00365519,0.00819721,-0.00982706,0.00739379,-0.0072634,-0.2,0,0,0.42,-0.23,0,-0.2,0,0,0.42,-0.23,0,0,0,0,0,0,0,0,0,0,0,0,0,0,0,0,0,0,-0.0291408,-0.00109083,0,-0.00436332,0.00488949,0.00829529,0.0274266,0.0109083,0.00857081,0.019635,-0.00319456,-0.00917752,0.00171416,0.00483046,-0.000616242,-0.0199418,-0.0076699,-0.00920388,0,0.0138058,0.00392699,0.00589049,0.00613592,0,0,0.0107379,0,-0.0019635,0.00981748,3.35582,0,-0.950817,-3.25195,7.72053,-0.910059,4.53036,-1.31836,0.279652,0.439453,11.5211,1.65172,-1.06268,0.0992388,-5.75639,-2.625,0.3125,0.1875,-2.6875,-0.125,-0.703125,0.0195312,-1.875,-0.5625,-0.0625,-2.3125,0.0625,-0.703125,0.166016,0.243886,0.0217825,-0.0535676,-0.162103,0.484298,-0.0426802,0.184318,-0.0576095,-0.0171416,-0.120038,0.643272,0.0880274,-0.065406,0.0285299,-0.888079,-0.372374,0.270604,0.0579557,-0.436825,-0.0171614,-0.139071,-0.0236847,-0.34064,-0.221708,-0.182759,-0.431336,0.196541,-0.145912,0.13545
44.06,-0.201856,-0.000196009,0.000535676,0.421206,-0.242352,0.000666599,-0.202459,0.000349407,2.67838e-05,0.420217,-0.245914,-0.00174185,0.000200878,-0.000150952,0.00296161,0.00414654,-0.00255264,-0.000790959,0.00870055,0.000143811,0.00675719,0.000882039,0.00328368,0.00226502,0.00354733,0.00819721,-0.00982706,0.00739379,-0.00727107,-0.2,0,0,0.42,-0.23,0,-0.2,0,0,0.42,-0.23,0,0,0,0,0,0,0,0,0,0,0,0,0,0,0,0,0,0,0.00857081,-0.00654498,-0.0137133,-0.00109083,0.0043182,-0.00181873,-0.0325691,0.00218166,0.0257124,0.00981748,-0.00213157,-0.00550552,0.010285,-0.000966092,-0.00184873,0,-0.00153398,0,-0.0138058,0.00306796,0.00589049,0,0.0168738,0.00460194,0.0153398,-0.00460194,-0.00153398,-0.00294524,0.000981748,3.02024,0.0878906,-1.00675,-4.04297,7.80899,-0.858179,5.1456,-0.878906,-0.223722,-0.966797,11.5211,1.65172,-0.615234,0.198478,-5.75639,-2.625,0.3125,0.1875,-2.75,-0.1875,-0.683594,0.0195312,-1.875,-0.5625,-0.0625,-2.25,0.0625,-0.693359,0.166016,0.168463,0.0326908,-0.026141,-0.176471,0.485438,-0.0230265,0.311006,-0.039304,-0.0541033,-0.0718185,0.64081,0.0806849,-0.0911185,0.0481838,-0.882937,-0.414654,0.258332,0.0395479,-0.407416,-0.00594418,-0.141034,-0.0176408,-0.362115,-0.235706,-0.208046,-0.400657,0.198075,-0.144931,0.14444
44.1,-0.201856,-0.000213053,0.000549068,0.42118,-0.242365,0.00065938,-0.202419,0.00032384,-1.33919e-05,0.420149,-0.245922,-0.00174181,0.000174095,-0.000166047,0.00297124,0.00415853,-0.00255264,-0.000790959,0.00872452,0.000155795,0.00674952,0.000889709,0.00327169,0.00225303,0.00363122,0.00819721,-0.00983905,0.00740146,-0.00727107,-0.2,0,0,0.42,-0.23,0,-0.2,0,0,0.42,-0.23,0,0,0,0,0,0,0,0,0,0,0,0,0,0,0,0,0,0,-0.0257124,-0.00436332,0.0291408,-0.00327249,-0.00541036,-0.00186313,0.00342833,0.00654498,0.00171416,-0.00872665,0.0021876,-0.0128791,-0.0428541,-0.00966092,-0.00123248,-0.00153398,-0.0076699,0,-0.00920388,-0.0122718,-0.00490874,0.00589049,0,-0.0168738,-0.00460194,0,0.00153398,0,-0.000981748,3.8592,0.263672,-0.838956,-3.60352,7.80899,-0.858179,4.69815,-1.05469,0.167791,0.175781,11.4316,1.5993,-0.447443,0.148858,-5.83418,-2.5625,0.3125,0.1875,-2.6875,-0.125,-0.683594,0.0195312,-1.8125,-0.5,0,-2.3125,0.0625,-0.693359,0.175781,0.237029,0.0300319,-0.113188,-0.163909,0.505403,-0.0226489,0.234994,-0.045474,-0.00208914,0.0125817,0.632508,0.0954305,0.0763338,0.0787969,-0.887674,-0.412785,0.270604,0.0395479,-0.417818,0.00915595,-0.130082,-0.0236847,-0.327169,-0.191556,-0.172357,-0.40986,0.195247,-0.148029,0.146403
44.16,-0.201869,-0.000247141,0.000535676,0.421154,-0.242373,0.000659341,-0.202445,0.00032384,0,0.420157,-0.245914,-0.00174185,0.000174095,-0.000158499,0.00296643,0.00414654,-0.00254066,-0.000790959,0.0087365,0.000155795,0.00674952,0.000882039,0.00328368,0.00225303,0.00370313,0.00820919,-0.00982706,0.00739379,-0.00727107,-0.2,0,0,0.42,-0.23,0,-0.2,0,0,0.42,-0.23,0,0,0,0,0,0,0,0,0,0,0,0,0,0,0,0,0,0,0.0222841,-0.00109083,0,0.00872665,-0.000554482,-0.00459863,0.0222841,0.00654498,-0.00857081,0.0490874,0.000539896,-0.000921699,0.0171416,-0.00193218,0.00123248,-0.0107379,0.00460194,-0.00153398,0.00306796,0,-0.00490874,0.00490874,0.00920388,-0.0122718,0.00153398,0.0076699,0,0,0,3.29989,0.175781,-0.838956,-3.95508,7.80899,-0.858179,4.86594,-0.791016,0.223722,-1.31836,11.4311,1.495,-0.671165,0.148858,-5.83418,-2.5625,0.3125,0.1875,-2.75,-0.1875,-0.703125,0.0195312,-1.8125,-0.5625,-0.0625,-2.25,0.0625,-0.703125,0.175781,0.142374,0.0268958,-0.0535676,-0.20807,0.496029,-0.0171764,0.19996,-0.045474,0.0171416,-0.219953,0.635467,0.0715173,-0.103653,0.0533464,-0.893625,-0.393178,0.244862,0.0426159,-0.442961,-0.0031159,-0.130082,-0.0225495,-0.346776,-0.20076,-0.188224,-0.4258,0.196541,-0.147876,0.145421
44.2,-0.20195,-0.00028123,0.000589243,0.421095,-0.24239,0.000673623,-0.202499,0.000298274,-1.33919e-05,0.420081,-0.245922,-0.00174181,0.000147311,-0.000150952,0.00297124,0.00414654,-0.00254066,-0.000790959,0.00872452,0.000167779,0.00675719,0.000874369,0.00328368,0.00226502,0.00370313,0.00818523,-0.00985103,0.00740146,-0.00727874,-0.2,0,0,0.42,-0.23,0,-0.2,0,0,0.42,-0.23,0,0,0,0,0,0,0,0,0,0,0,0,0,0,0,0,0,0,0.00857081,0.00872665,-0.0119991,-0.00327249,-0.00108655,-0.0018434,-0.010285,-0.00436332,0.02057,-0.01309,-0.011209,-0.022929,-0.00685665,-0.00193218,0.00123248,-0.00460194,-0.00153398,-0.0122718,-0.00613592,-0.00920388,0,-0.00687223,0.00306796,-0.00920388,0.00613592,-0.00613592,-0.0076699,0.00687223,-0.0215984,3.35582,0.0878906,-1.11861,-3.86719,7.80899,-0.858179,5.25746,-0.791016,0.111861,0.263672,11.6996,1.65227,-0.223722,0.198478,-5.91197,-2.625,0.375,0.1875,-2.75,-0.125,-0.683594,0,-1.8125,-0.5625,-0.0625,-2.25,0.0625,-0.693359,0.175781,0.177837,0.0106697,-0.0349261,-0.151128,0.497767,-0.0232581,0.270455,-0.0211008,-0.0398007,0.0402631,0.659301,0.11553,-0.0236233,0.0510821,-0.895069,-0.40545,0.257134,0.0640916,-0.423954,0.0058483,-0.135144,-0.0106151,-0.334504,-0.208094,-0.197428,-0.396989,0.204691,-0.154901,0.167173
44.26,-0.201963,-0.000247141,0.000549068,0.421052,-0.242394,0.000666424,-0.202526,0.000306796,-2.67838e-05,0.420064,-0.24593,-0.00174179,0.000174095,-0.000150952,0.00298087,0.00415853,-0.00252867,-0.000778975,0.00872452,0.000155795,0.00675719,0.000889709,0.00327169,0.00221708,0.00372709,0.00819721,-0.00982706,0.00739379,-0.0072634,-0.2,0,0,0.42,-0.23,0,-0.2,0,0,0.42,-0.23,0,0,0,0,0,0,0,0,0,0,0,0,0,0,0,0,0,0,0.00171416,-0.00872665,-0.0119991,-0.00545415,-2.80129e-05,-0.00919232,-0.0119991,0.00763582,0.00685665,-0.00981748,-0.0122944,-0.0192471,0.02057,-0.00483046,-0.00801114,0.00460194,0.00306796,0,-0.0138058,-0.0076699,0,0.000981748,0.00613592,0,0.0199418,0.0076699,0,-0.00490874,0.0107992,3.57955,0.351562,-1.00675,-2.90039,7.89744,-0.8063,5.25746,-0.791016,0.111861,-0.0878906,11.6101,1.59985,-0.447443,0.148858,-5.67861,-2.625,0.3125,0.1875,-2.75,-0.125,-0.673828,0.0195312,-1.8125,-0.5625,-0.0625,-2.3125,0.0625,-0.703125,0.175781,0.192889,0.0421674,-0.0309085,-0.136009,0.495819,-0.00827233,0.276563,-0.0459512,-0.0110349,0.0297302,0.661808,0.108166,-0.113938,0.0597769,-0.870227,-0.425056,0.246731,0.0389487,-0.408614,0.00455401,-0.135144,-0.0187759,-0.339441,-0.221708,-0.226238,-0.4252,0.196541,-0.142967,0.134469
44.3,-0.201963,-0.000204531,0.000522284,0.421035,-0.242386,0.000652104,-0.202526,0.00032384,-2.67838e-05,0.420089,-0.245926,-0.00174899,0.000200878,-0.000166047,0.00297124,0.00415853,-0.00254066,-0.000778975,0.00870055,0.000155795,0.00675719,0.000889709,0.00329566,0.00225303,0.00370313,0.00819721,-0.00982706,0.00738612,-0.0072634,-0.2,0,0,0.42,-0.23,0,-0.2,0,0,0.42,-0.23,0,0,0,0,0,0,0,0,0,0,0,0,0,0,0,0,0,0,0.00685665,0.00218166,0,-0.0163625,1.68077e-05,0.00551539,0.00514249,-0.00763582,-0.0188558,0.0229074,0.00214838,-9.86716e-06,0.0188558,-0.00483046,-0.00308121,-0.00920388,-0.00920388,0.0184078,0.00460194,0.00920388,0,0.00392699,0.00920388,0.0122718,0.0076699,-0.0076699,-0.00460194,-0.00785398,0.00490874,3.63548,0.0878906,-1.00675,-3.42773,7.89792,-0.910599,5.20153,-0.791016,0.335582,0,11.3421,1.54688,-0.894886,0.0992388,-5.91197,-2.5625,0.3125,0.1875,-2.75,-0.1875,-0.673828,0.0195312,-1.8125,-0.5625,-0.0625,-2.25,0.0625,-0.703125,0.175781,0.182604,0.0160898,-0.0522284,-0.0898188,0.495394,-0.0371149,0.242279,-0.0171124,0.04039,-0.105005,0.632753,0.0699792,-0.116831,0.0643055,-0.882128,-0.397445,0.272473,0.00213319,-0.444231,-0.0123198,-0.135144,-0.0217212,-0.347974,-0.249847,-0.200496,-0.394521,0.201143,-0.139868,0.140359
44.36,-0.201963,-0.000196009,0.000535676,0.421035,-0.242398,0.000659208,-0.202526,0.00032384,1.33919e-05,0.420072,-0.245926,-0.00173461,0.000160703,-0.000150952,0.00298087,0.00415853,-0.00254066,-0.000778975,0.00872452,0.000143811,0.00675719,0.000882039,0.00328368,0.00224105,0.00370313,0.00819721,-0.00983905,0.00738612,-0.00727107,-0.2,0,0,0.42,-0.23,0,-0.2,0,0,0.42,-0.23,0,0,0,0,0,0,0,0,0,0,0,0,0,0,0,0,0,0,0.0308549,-0.00654498,0.00342833,-0.00109083,0.00322044,-0.00733905,0,0,0.00514249,-0.0141808,0.00431357,-0.00553512,-0.0171416,-0.000966092,-0.00184873,-0.00460194,0.00306796,-0.0076699,0.00153398,-0.0337476,-0.0019635,-0.00589049,0.00613592,-0.00460194,0.0122718,-0.00613592,-0.0153398,-0.0107992,0,3.91513,0.175781,-0.894886,-3.95508,7.80899,-0.858179,5.25746,-1.05469,-0.167791,0.263672,11.3421,1.54688,-0.950817,0.148858,-5.83418,-2.5625,0.3125,0.125,-2.75,-0.125,-0.703125,0.0195312,-1.8125,-0.5625,-0.0625,-2.25,0.0625,-0.703125,0.175781,0.134607,0.0326908,-0.0604242,-0.150905,0.489493,-0.0116902,0.252564,-0.032384,-0.0116242,0.045905,0.628424,0.0804546,0.00321406,0.0481838,-0.888714,-0.406649,0.24793,0.0542885,-0.439294,0.0308714,-0.13318,-0.0117503,-0.34064,-0.214901,-0.2097,-0.397589,0.212121,-0.136923,0.145421
44.4,-0.201936,-0.000221575,0.000549068,0.421069,-0.24239,0.000659264,-0.202499,0.000315318,0,0.420089,-0.24593,-0.00174179,0.000241054,-0.000166047,0.00297124,0.00415853,-0.00255264,-0.000802943,0.00872452,0.000167779,0.00674952,0.000882039,0.00328368,0.00225303,0.00370313,0.00822118,-0.00981508,0.00740146,-0.00728641,-0.2,0,0,0.42,-0.23,0,-0.2,0,0,0.42,-0.23,0,0,0,0,0,0,0,0,0,0,0,0,0,0,0,0,0,0,0.00342833,-0.0229074,0.0239983,0.00981748,-0.00974536,-0.0055598,0.0154275,-0.00654498,0.00342833,-0.00981748,-0.00267147,-0.00458382,0.0291408,-0.00579655,-0.00123248,-0.0138058,0,-0.00306796,-0.0122718,-0.00920388,-0.00589049,0.000981748,0.00306796,0,0.0138058,0.00460194,0,0.00687223,-0.0107992,3.63548,0.527344,-1.06268,-3.86719,7.89792,-0.910599,5.31339,-0.966797,0.167791,-0.175781,11.5211,1.65172,-1.17454,0.0992388,-5.91197,-2.5625,0.3125,0.1875,-2.625,-0.125,-0.703125,0.0195312,-1.8125,-0.5625,-0.0625,-2.25,0.0625,-0.703125,0.175781,0.186782,0.0679724,-0.102903,-0.199653,0.515086,-0.015251,0.21903,-0.0184419,-0.00685665,0.0258946,0.642562,0.0788391,-0.159739,0.0672038,-0.887674,-0.388241,0.255264,0.0462831,-0.411682,0.0058483,-0.1291,-0.0186225,-0.334504,-0.225303,-0.212768,-0.420263,0.196302,-0.154901,0.156527
44.46,-0.201896,-0.000238619,0.000535676,0.421086,-0.242381,0.000659303,-0.202472,0.000315318,2.67838e-05,0.420174,-0.245926,-0.00174899,0.000147311,-0.000158499,0.00297605,0.00414654,-0.00255264,-0.000814927,0.00872452,0.000119842,0.00674952,0.000882039,0.00328368,0.00226502,0.00370313,0.00820919,-0.00982706,0.00740146,-0.00727107,-0.2,0,0,0.42,-0.23,0,-0.2,0,0,0.42,-0.23,0,0,0,0,0,0,0,0,0,0,0,0,0,0,0,0,0,0,-0.0154275,-0.00872665,0.0119991,0.00545415,0.00380294,0.00645189,0.0428541,-0.0152716,0.010285,0.0119991,-0.00318896,-0.011016,0.00342833,-0.00193218,0.00369745,-0.00920388,-0.00153398,-0.0153398,-0.0122718,0,-0.00294524,-0.00490874,0.00306796,-0.00153398,0.00153398,0.0107379,0,-0.000981748,-0.0107992,3.24396,0.175781,-0.783026,-3.7793,7.72053,-0.910059,4.47443,-0.791016,0,0.351562,11.4316,1.5993,0,0.0992388,-5.91197,-2.5625,0.3125,0.1875,-2.6875,-0.1875,-0.683594,0.0195312,-1.8125,-0.5625,-0.0625,-2.25,0.0625,-0.693359,0.175781,0.220477,0.0413152,-0.0775659,-0.184756,0.487652,-0.0392759,0.161499,-0.000988564,-0.0232483,-0.074157,0.643428,0.0919914,-0.0544782,0.0533464,-0.903909,-0.396246,0.258332,0.071426,-0.411682,-0.00239685,-0.132045,-0.012732,-0.334504,-0.223434,-0.188224,-0.431935,0.196541,-0.147047,0.156221
44.5,-0.20191,-0.000238619,0.00056246,0.421137,-0.242373,0.0006737,-0.202459,0.000315318,1.33919e-05,0.420183,-0.245926,-0.00173461,0.000174095,-0.000158499,0.00296643,0.00415853,-0.00254066,-0.000778975,0.00872452,0.000155795,0.00674952,0.000882039,0.00328368,0.00222907,0.00367916,0.00819721,-0.00985103,0.00738612,-0.00727107,-0.2,0,0,0.42,-0.23,0,-0.2,0,0,0.42,-0.23,0,0,0,0,0,0,0,0,0,0,0,0,0,0,0,0,0,0,0.0497107,0,-0.00171416,0.0163625,-0.0021619,-9.86834e-06,-0.0291408,-0.00218166,-0.00857081,0.0425424,0.00214838,-9.86716e-06,0.00514249,-0.010627,-0.00431369,-0.0168738,-0.0122718,-0.00460194,-0.00613592,0.00306796,0,-0.000981748,0.00306796,-0.00153398,-0.00460194,0.0076699,-0.00306796,-0.011781,0.0019635,3.46768,0.175781,-0.950817,-3.60352,7.89744,-0.8063,5.03374,-0.878906,0,-0.791016,11.3421,1.54688,-1.06268,0.148858,-5.83418,-2.5625,0.3125,0.1875,-2.6875,-0.1875,-0.703125,0.0195312,-1.8125,-0.5625,0,-2.25,0.0625,-0.693359,0.185547,0.0915399,0.0238619,-0.0528176,-0.236061,0.499242,-0.0269282,0.304149,-0.0271685,0.0158024,-0.197609,0.632755,0.0694041,-0.0676559,0.0794309,-0.876987,-0.382105,0.278609,0.0481526,-0.423954,-0.00618386,-0.13499,-0.016659,-0.334504,-0.219839,-0.174754,-0.4252,0.200089,-0.135941,0.143458
44.56,-0.201883,-0.000247141,0.000549068,0.421137,-0.242373,0.0006737,-0.202472,0.000298274,2.67838e-05,0.420174,-0.245926,-0.00176334,0.000120527,-0.000158499,0.00297605,0.00413456,-0.00255264,-0.000802943,0.0087365,0.000167779,0.00674952,0.000889709,0.00328368,0.00226502,0.00366717,0.00819721,-0.00982706,0.00739379,-0.0072634,-0.2,0,0,0.42,-0.23,0,-0.2,0,0,0.42,-0.23,0,0,0,0,0,0,0,0,0,0,0,0,0,0,0,0,0,0,0.00685665,-0.00981748,-0.0137133,-0.00436332,-0.00269958,0.000906896,0.00171416,-0.01309,0.0119991,0.0250891,-0.00747451,-0.0146732,-0.010285,-0.00579655,1.31614e-16,-0.0076699,-0.00153398,-0.0076699,-0.00460194,-0.00460194,-0.0019635,0.00785398,-0.00153398,-0.00153398,0.00613592,-0.00306796,-0.00153398,-0.00392699,0.00981748,3.35582,0.263672,-1.11861,-3.07617,7.80899,-0.858179,5.03374,-0.791016,0.111861,-1.58203,11.6101,1.59985,-0.167791,0.148858,-5.83418,-2.5625,0.3125,0.1875,-2.6875,-0.125,-0.683594,0.0195312,-1.8125,-0.5,-0.0625,-2.25,0.0625,-0.693359,0.175781,0.174569,0.0443491,-0.0274802,-0.153158,0.500317,-0.0287618,0.243779,-0.00364747,-0.0266767,-0.126517,0.651998,0.0998801,-0.00530319,0.0649395,-0.892816,-0.398116,0.258332,0.055487,-0.427621,0.00124636,-0.133027,-0.0256482,-0.3253,-0.223434,-0.195631,-0.403725,0.198075,-0.143949,0.13545
44.6,-0.201869,-0.000238619,0.00056246,0.421154,-0.242369,0.00066654,-0.202419,0.000315318,-2.67838e-05,0.420157,-0.245922,-0.00174181,0.000174095,-0.000158499,0.00296643,0.00414654,-0.00254066,-0.000778975,0.00874848,0.000143811,0.00675719,0.000882039,0.00328368,0.00222907,0.00369114,0.00819721,-0.00982706,0.00739379,-0.0072634,-0.2,0,0,0.42,-0.23,0,-0.2,0,0,0.42,-0.23,0,0,0,0,0,0,0,0,0,0,0,0,0,0,0,0,0,0,0.0394257,0.00545415,-0.00685665,-0.00872665,0.00539355,-0.00365226,0.0325691,0,0.00514249,0,-0.00426875,-0.00917258,-0.0119991,-0.00579655,-0.0073949,-0.00306796,0.0076699,0.0138058,0.0122718,0.00920388,0.00490874,-0.00490874,-0.00153398,-0.0138058,0,0.0199418,-0.0076699,-0.00883573,0.0137445,3.46768,0.263672,-1.11861,-2.28516,7.80899,-0.858179,4.69815,-0.791016,-0.167791,-0.439453,11.5211,1.65172,-0.615234,0.148858,-5.83418,-2.625,0.3125,0.125,-2.75,-0.1875,-0.703125,0.0195312,-1.8125,-0.5625,-0.0625,-2.375,0.0625,-0.693359,0.166016,0.108091,0.0129536,-0.0425327,-0.138257,0.483963,-0.0193571,0.176712,-0.0315318,-0.0076066,-0.0236034,0.64542,0.0880175,-0.016231,0.0649395,-0.867743,-0.408518,0.238726,0.0113371,-0.461968,-0.0120801,-0.140052,-0.012732,-0.3253,-0.195295,-0.184557,-0.449744,0.204211,-0.13904,0.131524
44.66,-0.201896,-0.000238619,0.000589243,0.421137,-0.242373,0.0006737,-0.202459,0.00032384,6.69595e-05,0.420106,-0.245926,-0.00174899,0.000160703,-0.000158499,0.00296643,0.00415853,-0.00255264,-0.000790959,0.0087365,0.000167779,0.00674952,0.000874369,0.00328368,0.00222907,0.00372709,0.00819721,-0.00982706,0.00740146,-0.00727107,-0.2,0,0,0.42,-0.23,0,-0.2,0,0,0.42,-0.23,0,0,0,0,0,0,0,0,0,0,0,0,0,0,0,0,0,0,-0.0119991,-0.00109083,0.00342833,-0.0174533,0.000543277,0.000921699,-0.00857081,-0.00872665,-0.00171416,-0.0414516,-0.000523089,-0.00459369,-0.00857081,-0.000966092,0.00677866,-0.00153398,-0.00460194,-0.00613592,-0.00153398,0.00613592,-0.00294524,-0.0127627,0.00306796,0.00306796,0.00920388,-0.00613592,0,0.00883573,-0.000981748,3.57955,0.175781,-1.00675,-2.90039,7.80899,-0.858179,4.58629,-0.878906,0,1.49414,11.5211,1.65172,-0.391513,0.148858,-5.98976,-2.5625,0.3125,0.1875,-2.6875,-0.1875,-0.683594,0.0195312,-1.875,-0.625,-0.0625,-2.25,0.0625,-0.693359,0.185547,0.21362,0.0260436,-0.065781,-0.100798,0.493832,-0.0287914,0.263009,-0.0149307,-0.00326762,0.149874,0.638096,0.0791468,-0.0224984,0.0504481,-0.910264,-0.412785,0.264468,0.0518198,-0.433757,-0.00949151,-0.132045,-0.00472466,-0.334504,-0.229043,-0.204762,-0.397589,0.196541,-0.156865,0.146403
44.7,-0.201896,-0.000230097,0.00056246,0.421137,-0.242381,0.000659303,-0.202419,0.000315318,-2.67838e-05,0.420098,-0.245918,-0.00173465,0.000174095,-0.000143404,0.00297605,0.00415853,-0.00255264,-0.00076699,0.00872452,0.000191748,0.00674952,0.000882039,0.00327169,0.00224105,0.00365519,0.00819721,-0.00982706,0.00739379,-0.0072634,-0.2,0,0,0.42,-0.23,0,-0.2,0,0,0.42,-0.23,0,0,0,0,0,0,0,0,0,0,0,0,0,0,0,0,0,0,0.0171416,0.0174533,0.0171416,0.00109083,-0.00275,-0.0156393,0.0462824,-0.00109083,0.0257124,0.00981748,0.000534294,0.000916765,-0.00514249,-0.00386437,-0.00616242,0.0076699,-0.0076699,0.0076699,-0.00920388,0.00153398,-0.00392699,-0.000981748,0.00613592,-0.00153398,0,-0.00153398,0.00153398,-0.000981748,0.00785398,3.18803,0,-0.894886,-3.42773,7.89744,-0.8063,4.30664,-0.791016,0.167791,0.351562,11.5206,1.54743,-0.447443,0.198478,-5.75639,-2.625,0.375,0.1875,-2.6875,-0.125,-0.703125,0.0195312,-1.875,-0.5625,0,-2.25,0.0625,-0.703125,0.175781,0.155338,-0.0118969,-0.0905292,-0.174974,0.500758,0.00490645,0.149286,-0.0293502,-0.0487465,-0.0539237,0.635647,0.0675524,-0.0368009,0.0546144,-0.874329,-0.431192,0.270604,0.0230097,-0.417818,-0.00536893,-0.131063,-0.016659,-0.339441,-0.221037,-0.182759,-0.406793,0.195007,-0.146894,0.137414
44.76,-0.201936,-0.000196009,0.000549068,0.421095,-0.242381,0.000659303,-0.202459,0.000315318,2.67838e-05,0.420106,-0.245922,-0.00175618,0.000200878,-0.000135857,0.00297124,0.00415853,-0.00255264,-0.000802943,0.00872452,0.000155795,0.00674952,0.000882039,0.00328368,0.00221708,0.00366717,0.00819721,-0.00982706,0.00739379,-0.00727107,-0.2,0,0,0.42,-0.23,0,-0.2,0,0,0.42,-0.23,0,0,0,0,0,0,0,0,0,0,0,0,0,0,0,0,0,0,-0.00171416,0.00218166,-0.0257124,-0.0272708,0.00268837,-0.00458382,0.00514249,0,0.0119991,0.00654498,0.00215398,-0.00184833,0,0.00193218,-0.00123248,0,-0.00460194,0.00460194,0.00153398,-0.00613592,-0.00490874,0,0.00153398,-0.00153398,0.00920388,0.00920388,-0.0076699,-0.0137445,-0.000981748,3.46768,0.175781,-0.894886,-4.21875,7.80899,-0.858179,4.86594,-0.878906,-0.167791,-0.351562,11.3421,1.54688,-0.615234,0.198478,-5.91197,-2.5625,0.375,0.1875,-2.75,-0.125,-0.703125,0.0195312,-1.8125,-0.625,-0.0625,-2.375,0.0625,-0.693359,0.175781,0.197067,0.0152375,-0.0034819,-0.0551352,0.489881,-0.0172045,0.235583,-0.0315318,-0.0266767,-0.0421123,0.632574,0.073944,-0.0602635,0.0349604,-0.887674,-0.415853,0.264468,0.0309433,-0.439294,0.00302002,-0.130082,-0.0176408,-0.331436,-0.21864,-0.201766,-0.428268,0.204211,-0.134131,0.146403
44.8,-0.20195,-0.000221575,0.000549068,0.421112,-0.242377,0.000666501,-0.202499,0.000315318,2.67838e-05,0.420115,-0.245926,-0.00174899,0.000160703,-0.000166047,0.00297124,0.00413456,-0.00252867,-0.000778975,0.00870055,0.000155795,0.00674952,0.000882039,0.00328368,0.00225303,0.00363122,0.00819721,-0.00982706,0.00737078,-0.00727874,-0.2,0,0,0.42,-0.23,0,-0.2,0,0,0.42,-0.23,0,0,0,0,0,0,0,0,0,0,0,0,0,0,0,0,0,0,0.010285,-0.0141808,-0.00857081,0.0163625,-0.0021563,0.0018286,0.00514249,0.00763582,-0.00171416,0.0185441,-0.00801441,-0.0137515,0,-0.00289828,0.00801114,-0.00920388,0.00153398,0.00460194,-0.00306796,0,-0.00392699,-0.00392699,0.00153398,-0.0153398,-0.00920388,0.00460194,0,-0.0225802,-0.0147262,3.29989,0.263672,-1.23047,-2.63672,7.89792,-0.910599,5.08967,-0.878906,0.279652,-0.0878906,11.4316,1.5993,-0.335582,0.0992388,-6.06755,-2.5625,0.3125,0.125,-2.75,-0.1875,-0.703125,0.0195312,-1.8125,-0.5625,-0.0625,-2.3125,0.0625,-0.703125,0.185547,0.174409,0.0505191,-0.0377651,-0.232225,0.499401,-0.0303172,0.2396,-0.0468035,0.000749946,-0.0913873,0.653079,0.0974624,-0.0482108,0.058509,-0.915405,-0.395048,0.249799,0.0297448,-0.428891,-0.0031159,-0.131063,-0.0137138,-0.331436,-0.194624,-0.163153,-0.419064,0.196541,-0.124835,0.160301
44.86,-0.201963,-0.000238619,0.000575852,0.421095,-0.242381,0.000659303,-0.202499,0.000315318,0,0.420081,-0.245922,-0.00174181,0.000133919,-0.000143404,0.00297605,0.00415853,-0.00252867,-0.000778975,0.00870055,0.000167779,0.00674952,0.000889709,0.00328368,0.00225303,0.00373908,0.00820919,-0.00982706,0.00740146,-0.00727107,-0.2,0,0,0.42,-0.23,0,-0.2,0,0,0.42,-0.23,0,0,0,0,0,0,0,0,0,0,0,0,0,0,0,0,0,0,0.0291408,-0.00872665,0.010285,-0.0141808,0.00102492,-0.0183797,-0.0445682,0.00981748,-0.0171416,-0.01309,-0.00478063,-0.0174432,-0.00685665,-0.00772874,-0.00492993,0.00153398,-0.0107379,0,0.0076699,0,-0.00687223,0.00490874,-0.00613592,-0.00920388,0.00153398,-0.00153398,-0.00153398,0.00785398,0,3.52362,0.351562,-0.894886,-3.25195,7.89744,-0.8063,4.47443,-0.878906,0.167791,0.791016,11.5211,1.65172,-0.391513,0.198478,-5.75639,-2.625,0.3125,0.125,-2.75,-0.125,-0.683594,0,-1.8125,-0.5625,-0.0625,-2.25,0.0625,-0.703125,0.175781,0.138035,0.0413152,-0.0781551,-0.107495,0.493208,0.0103873,0.339021,-0.0511668,0.0342833,0.0402631,0.646444,0.104559,-0.0196057,0.0662075,-0.878026,-0.418921,0.274343,0.0389487,-0.450367,-0.00335558,-0.128118,-0.0227029,-0.316096,-0.206896,-0.190022,-0.407392,0.198075,-0.155883,0.145421
44.9,-0.201923,-0.000247141,0.00056246,0.421129,-0.242369,0.00066654,-0.202472,0.000315318,1.33919e-05,0.420115,-0.24593,-0.00174179,0.000147311,-0.000158499,0.00296643,0.00415853,-0.00254066,-0.000814927,0.00872452,0.000155795,0.00675719,0.000889709,0.00328368,0.00226502,0.00372709,0.00819721,-0.00981508,0.00739379,-0.00727107,-0.2,0,0,0.42,-0.23,0,-0.2,0,0,0.42,-0.23,0,0,0,0,0,0,0,0,0,0,0,0,0,0,0,0,0,0,0.0274266,-0.00545415,0.010285,0.00981748,0.00487828,0.00461836,0.0308549,-0.00763582,0,0.0381791,-0.00213718,-0.00366706,0.010285,-0.00386437,-0.00246497,0.00920388,0.00613592,-0.0184078,-0.0184078,0.00460194,0.00490874,0,0.0076699,-0.00613592,0.00920388,0.00153398,0.00306796,0,0.000981748,3.35582,0.263672,-1.06268,-4.13086,7.80899,-0.858179,5.25746,-0.703125,0.167791,-0.703125,11.5206,1.54743,-0.503374,0.148858,-5.83418,-2.625,0.3125,0.1875,-2.625,-0.1875,-0.683594,0.0195312,-1.8125,-0.5625,-0.0625,-2.25,0.0625,-0.693359,0.166016,0.137446,0.0356224,-0.0768159,-0.208602,0.484994,-0.0358983,0.185497,-0.0162602,-0.00133919,-0.169927,0.641493,0.0770056,-0.0750482,0.0591429,-0.882533,-0.43426,0.241794,0.0775619,-0.39941,-0.00771784,-0.140052,-0.0177942,-0.343708,-0.21423,-0.204762,-0.412928,0.193234,-0.147876,0.14444
44.96,-0.201923,-0.000221575,0.000575852,0.421112,-0.242369,0.00066654,-0.202485,0.000315318,1.33919e-05,0.420123,-0.245918,-0.00174901,0.000147311,-0.000166047,0.00297124,0.00415853,-0.00254066,-0.000778975,0.00872452,0.000167779,0.00674952,0.000889709,0.00328368,0.00225303,0.00363122,0.00819721,-0.00982706,0.00738612,-0.00725573,-0.2,0,0,0.42,-0.23,0,-0.2,0,0,0.42,-0.23,0,0,0,0,0,0,0,0,0,0,0,0,0,0,0,0,0,0,-0.00514249,0,0.00342833,-0.0250891,0.000520866,-0.00643216,-0.0377116,-0.00981748,-0.00342833,0.00109083,0.00431357,-0.00553512,-0.0171416,-0.00579655,-0.00492993,-0.00306796,0,0.0214757,-0.00460194,0,-0.00392699,0.00589049,0,-0.00460194,-0.0076699,0.0076699,-0.0168738,-0.011781,0.0147262,3.24396,0.263672,-0.838956,-2.72461,7.80899,-0.858179,5.36932,-0.703125,0.111861,-1.40625,11.4316,1.5993,0.279652,0.0992388,-5.75639,-2.625,0.375,0.125,-2.6875,-0.1875,-0.703125,0.0195312,-1.8125,-0.5625,-0.0625,-2.3125,0.0625,-0.693359,0.185547,0.202584,0.0221575,-0.0644418,-0.0664188,0.493708,-0.0137973,0.323969,-0.0118969,0.00551746,-0.0228527,0.628087,0.0810305,0.00723163,0.0672038,-0.876582,-0.409717,0.254066,-0.00400273,-0.427022,-0.00335558,-0.131063,-0.0236847,-0.328368,-0.2161,-0.166221,-0.4252,0.213415,-0.135941,0.130388
45,-0.201883,-0.000255663,0.000575852,0.421129,-0.242373,0.000659341,-0.202445,0.000315318,1.33919e-05,0.420123,-0.245926,-0.00173461,0.000200878,-0.000150952,0.00297124,0.00415853,-0.00254066,-0.000755006,0.0087365,0.000155795,0.00674952,0.000889709,0.00328368,0.00222907,0.00369114,0.00819721,-0.00982706,0.00740913,-0.00727107,-0.2,0,0,0.42,-0.23,0,-0.2,0,0,0.42,-0.23,0,0,0,0,0,0,0,0,0,0,0,0,0,0,0,0,0,0,-0.010285,0.00436332,0.0171416,-0.00436332,-0.00381974,-0.0119673,0.0291408,0.00763582,0,-0.0349066,0.00213718,0.00366706,-0.00685665,-0.00193218,-0.0073949,0.0076699,-0.0107379,-0.00920388,0.00306796,0.00613592,-0.00589049,0.0019635,-0.00460194,0.0214757,0.00460194,0,-0.00153398,0.00883573,0,3.35582,0.0878906,-1.06268,-3.7793,7.89744,-0.8063,4.92188,-0.878906,0.223722,1.49414,11.4311,1.495,-0.615234,0.148858,-5.67861,-2.625,0.3125,0.1875,-2.75,-0.1875,-0.683594,0.0195312,-1.8125,-0.5625,-0.0625,-2.25,0.0625,-0.693359,0.175781,0.208852,0.0168397,-0.0918684,-0.151879,0.502559,-0.00243908,0.186247,-0.0468035,-0.00133919,0.121137,0.632777,0.0620503,-0.0396936,0.0510821,-0.869187,-0.431192,0.275541,0.0561581,-0.442961,-0.00925182,-0.1291,-0.0197577,-0.319164,-0.265858,-0.193761,-0.40986,0.198075,-0.157018,0.145421
45.06,-0.20191,-0.000221575,0.000535676,0.421137,-0.242373,0.000659341,-0.202445,0.000315318,1.33919e-05,0.420149,-0.245926,-0.00174899,0.000174095,-0.000150952,0.00296161,0.00414654,-0.00254066,-0.000778975,0.00872452,0.000143811,0.00674952,0.000882039,0.00328368,0.00225303,0.00370313,0.00820919,-0.00982706,0.00740146,-0.00727107,-0.2,0,0,0.42,-0.23,0,-0.2,0,0,0.42,-0.23,0,0,0,0,0,0,0,0,0,0,0,0,0,0,0,0,0,0,-0.0137133,0.00763582,-0.0154275,-0.0239983,0.0021675,0.00184833,-0.00171416,0.00327249,-0.00171416,0.0152716,-0.00374006,-0.00641735,-0.00171416,-0.00676264,-0.00431369,0.0107379,-0.00460194,-0.0214757,-0.00153398,0.00306796,-0.00981748,0,0.0138058,0,0,-0.00153398,-0.00460194,0.0107992,0.00687223,3.57955,0.0878906,-0.838956,-3.51562,7.72053,-0.910059,5.53711,-0.878906,0.279652,0.351562,11.5206,1.54743,-0.167791,0.148858,-5.83418,-2.625,0.375,0.1875,-2.6875,-0.1875,-0.673828,0.0195312,-1.875,-0.5625,-0.0625,-2.25,0.0625,-0.703125,0.166016,0.218388,0.00688587,-0.0227127,-0.0746177,0.490585,-0.0300703,0.247956,-0.0380768,0.00208914,-0.0834114,0.64453,0.0827941,-0.0470859,0.0655735,-0.875542,-0.43613,0.263269,0.0819002,-0.433158,-0.00594418,-0.125173,-0.0176408,-0.355979,-0.225303,-0.185156,-0.407392,0.201143,-0.158828,0.138549
45.1,-0.201829,-0.000221575,0.000575852,0.421171,-0.242373,0.000659341,-0.202432,0.00032384,-1.33919e-05,0.420089,-0.245909,-0.00174905,0.000187487,-0.000158499,0.00296643,0.00415853,-0.00254066,-0.00076699,0.0087365,0.000155795,0.00674952,0.000889709,0.00328368,0.00226502,0.00370313,0.00818523,-0.00981508,0.00740146,-0.00727107,-0.2,0,0,0.42,-0.23,0,-0.2,0,0,0.42,-0.23,0,0,0,0,0,0,0,0,0,0,0,0,0,0,0,0,0,0,0.00685665,0.0109083,0.0308549,0.00436332,0.00700657,-0.00640255,0.0119991,0.00218166,0.00171416,-0.0349066,-0.00533173,-0.0128446,0.00514249,0.00386437,0.00616242,-0.00153398,-0.0107379,0,0.0107379,-0.0138058,-0.00785398,0.0107992,0.00306796,-0.0122718,0,-0.0076699,0,0.00490874,-0.000981748,3.41175,0.0878906,-1.11861,-4.21875,7.80899,-0.858179,4.86594,-0.966797,-0.167791,1.58203,11.6106,1.70415,-0.391513,0.0992388,-5.91197,-2.625,0.3125,0.1875,-2.75,-0.125,-0.673828,0.0195312,-1.875,-0.5625,0,-2.25,0.0625,-0.703125,0.175781,0.169212,0.000340885,-0.119295,-0.193174,0.480907,-0.0135685,0.219192,-0.0367474,-0.00208914,0.126251,0.647042,0.095651,-0.0716734,0.0359567,-0.908415,-0.412785,0.275541,0.0383495,-0.458301,0.0106899,-0.127136,-0.0285934,-0.334504,-0.201958,-0.185156,-0.393921,0.196302,-0.152938,0.146403
45.16,-0.201883,-0.000213053,0.000575852,0.421163,-0.242373,0.000644983,-0.202432,0.00032384,-2.67838e-05,0.420089,-0.245922,-0.00174181,0.000174095,-0.000143404,0.00296643,0.00415853,-0.00252867,-0.000778975,0.00872452,0.000155795,0.00675719,0.000882039,0.00329566,0.00224105,0.00363122,0.00820919,-0.00982706,0.00740913,-0.00725573,-0.2,0,0,0.42,-0.23,0,-0.2,0,0,0.42,-0.23,0,0,0,0,0,0,0,0,0,0,0,0,0,0,0,0,0,0,0.0171416,-0.00327249,0.00857081,-0.0185441,0.00809873,-0.00272069,0.0119991,0.00545415,0.0119991,-0.00763582,-0.00104618,-0.00918738,0,0.000966092,-0.000616242,-0.00920388,0.00153398,-0.0199418,0.00153398,0,0.00392699,-0.00294524,0.00920388,-0.00153398,0.00613592,0.00460194,-0.00306796,0.00785398,0.00883573,3.41175,0.175781,-0.950817,-3.42773,7.72053,-0.910059,5.25746,-0.878906,-0.0559304,0,11.5206,1.54743,-0.671165,0.198478,-5.91197,-2.5625,0.375,0.1875,-2.75,-0.1875,-0.703125,0.0195312,-1.8125,-0.5625,0,-2.25,0.0625,-0.683594,0.166016,0.153999,0.0278503,-0.0747268,-0.100265,0.478724,-0.0203579,0.219192,-0.0432923,-0.0213199,0.017168,0.638975,0.0880471,-0.0522284,0.040123,-0.888079,-0.397445,0.249799,0.0788322,-0.439294,-0.0031159,-0.139071,-0.0146955,-0.347974,-0.221037,-0.193833,-0.419664,0.199609,-0.156037,0.136279
45.2,-0.201869,-0.000213053,0.000575852,0.42118,-0.242369,0.00066654,-0.202432,0.000315318,0,0.42014,-0.245918,-0.00174901,0.000254446,-0.000150952,0.00297124,0.00414654,-0.00255264,-0.000778975,0.00872452,0.000155795,0.00674952,0.000889709,0.00328368,0.00225303,0.00371511,0.00819721,-0.00981508,0.00739379,-0.0072634,-0.2,0,0,0.42,-0.23,0,-0.2,0,0,0.42,-0.23,0,0,0,0,0,0,0,0,0,0,0,0,0,0,0,0,0,0,0.0137133,0,-0.010285,0.0141808,0.00378613,0.000936501,0.00857081,0,0.00342833,0.019635,3.36155e-05,-0.0110308,-0.00342833,0.00386437,0.00246497,0,0.00153398,-0.0138058,0.00920388,0,-0.00392699,0.00589049,0.0107379,-0.0260777,0.00613592,0.00153398,-0.00153398,-0.0019635,-0.000981748,2.90838,0.263672,-1.06268,-4.83398,7.80899,-0.858179,5.64897,-0.878906,0.279652,-1.05469,11.5211,1.65172,-1.39826,0.0992388,-5.91197,-2.5625,0.3125,0.1875,-2.75,-0.125,-0.703125,0.0195312,-1.875,-0.5,0,-2.25,0.0625,-0.712891,0.166016,0.159516,0.0213053,-0.0370152,-0.233722,0.487178,-0.0285346,0.226048,-0.0315318,-0.00685665,-0.0995862,0.636647,0.0920218,-0.0660488,0.0336925,-0.898767,-0.414654,0.252196,0.0665604,-0.454634,-0.0031159,-0.131063,-0.0236847,-0.349844,-0.173148,-0.198027,-0.412928,0.197836,-0.145912,0.14625
45.26,-0.201869,-0.000247141,0.000575852,0.421171,-0.242373,0.000659341,-0.202405,0.000315318,4.01757e-05,0.4202,-0.245918,-0.00174901,0.000174095,-0.000158499,0.00296643,0.00415853,-0.00252867,-0.000778975,0.00870055,0.000167779,0.00674952,0.000882039,0.00328368,0.00226502,0.00370313,0.00819721,-0.00983905,0.00740146,-0.00727874,-0.2,0,0,0.42,-0.23,0,-0.2,0,0,0.42,-0.23,0,0,0,0,0,0,0,0,0,0,0,0,0,0,0,0,0,0,-0.00685665,-0.00654498,-0.00171416,0.0283616,0.00488949,0.00829529,0,0.00436332,0,0.0239983,0.00322817,-0.00185326,0.0394257,0.00483046,0.00554618,0,0,-0.00153398,0,-0.00920388,-0.00490874,0,0.00306796,-0.0260777,0.0214757,0.00306796,-0.0184078,-0.00294524,-0.0107992,3.35582,0.175781,-1.00675,-3.95508,7.80899,-0.858179,5.08967,-0.966797,0.223722,-0.527344,11.3421,1.54688,-0.894886,0.148858,-5.98976,-2.625,0.3125,0.1875,-2.75,-0.125,-0.703125,0.0195312,-1.8125,-0.5,-0.0625,-2.3125,0.0625,-0.703125,0.175781,0.200656,0.0378041,-0.0541568,-0.289167,0.485141,-0.0429642,0.240511,-0.0402585,-0.00401757,-0.125985,0.630258,0.0736668,-0.170506,0.0330585,-0.906566,-0.415853,0.252867,0.0420167,-0.435027,0.0058483,-0.130082,-0.0176408,-0.334504,-0.174347,-0.228108,-0.415996,0.215189,-0.145084,0.156374
45.3,-0.20191,-0.000230097,0.00056246,0.421129,-0.242369,0.00066654,-0.202459,0.000315318,5.35676e-05,0.420132,-0.245914,-0.00174185,0.000133919,-0.000158499,0.00296643,0.00415853,-0.00252867,-0.000802943,0.00870055,0.000167779,0.00674952,0.000882039,0.00328368,0.00222907,0.00367916,0.00820919,-0.00982706,0.00739379,-0.00727107,-0.2,0,0,0.42,-0.23,0,-0.2,0,0,0.42,-0.23,0,0,0,0,0,0,0,0,0,0,0,0,0,0,0,0,0,0,0.0325691,-0.00327249,-0.00514249,-0.00763582,-1.68077e-05,-0.00551539,-0.00171416,0,0.0274266,0.0152716,-0.00533734,-0.0110061,-0.0222841,-0.0125592,-0.00677866,0.00153398,0,-0.00613592,0.0107379,-0.0138058,-0.00392699,-0.00392699,-0.00153398,0.00613592,0.00920388,0.00613592,-0.00920388,-0.00589049,-0.0019635,3.1321,0.175781,-1.06268,-3.25195,7.89792,-0.910599,5.20153,-0.966797,-0.0559304,0.791016,11.5211,1.65172,-0.223722,0.148858,-5.83418,-2.625,0.375,0.125,-2.75,-0.125,-0.703125,0.0195312,-1.8125,-0.5625,-0.0625,-2.25,0.0625,-0.683594,0.166016,0.125823,0.0295547,-0.045961,-0.138789,0.494784,-0.0156308,0.249296,-0.0315318,-0.06021,-0.0808544,0.647222,0.0916861,0.0266767,0.0852274,-0.869592,-0.418921,0.252867,0.052419,-0.456503,0.0104502,-0.131063,-0.0137138,-0.3253,-0.235178,-0.202366,-0.422732,0.205745,-0.141985,0.147385
45.36,-0.201869,-0.000204531,0.000549068,0.421112,-0.242373,0.000659341,-0.202459,0.000315318,0,0.420132,-0.24593,-0.00175615,0.000200878,-0.000158499,0.00296643,0.00415853,-0.00255264,-0.000802943,0.00870055,0.000167779,0.00674952,0.000889709,0.00327169,0.00222907,0.00365519,0.00819721,-0.00983905,0.00739379,-0.00727107,-0.2,0,0,0.42,-0.23,0,-0.2,0,0,0.42,-0.23,0,0,0,0,0,0,0,0,0,0,0,0,0,0,0,0,0,0,0.0291408,0.00436332,0.00342833,-0.0392699,-0.00165224,-0.010119,-0.00857081,0.00436332,0,0.0185441,-0.00584362,-0.0211152,0.02057,-0.00483046,-0.00308121,-0.0107379,-0.00613592,-0.00460194,0,0.00460194,0.0019635,0.00687223,-0.00153398,-0.00613592,-0.00613592,0.00306796,-0.00306796,-0.000981748,0,3.29989,0.175781,-1.00675,-3.07617,7.80899,-0.858179,4.92188,-0.878906,0.167791,-0.175781,11.5211,1.65172,-0.950817,0.148858,-5.83418,-2.5625,0.4375,0.1875,-2.75,-0.125,-0.703125,0.0195312,-1.8125,-0.5625,0,-2.25,0.0625,-0.703125,0.175781,0.128661,0.0117264,-0.0617634,-0.00969565,0.498224,-0.00613574,0.263009,-0.0402585,0,-0.0939444,0.648904,0.112476,-0.121973,0.0620412,-0.880684,-0.394377,0.267536,0.049351,-0.435027,-0.00795753,-0.136954,-0.0246664,-0.324101,-0.210635,-0.170488,-0.415996,0.199849,-0.146894,0.145421
45.4,-0.201869,-0.000213053,0.000549068,0.421137,-0.242377,0.000666501,-0.202472,0.000315318,5.35676e-05,0.420123,-0.24593,-0.00174179,0.000133919,-0.000158499,0.00296643,0.00417051,-0.00255264,-0.000826912,0.00872452,0.000155795,0.00674952,0.000882039,0.00328368,0.00225303,0.00370313,0.00819721,-0.00983905,0.00739379,-0.00727107,-0.2,0,0,0.42,-0.23,0,-0.2,0,0,0.42,-0.23,0,0,0,0,0,0,0,0,0,0,0,0,0,0,0,0,0,0,0,-0.00763582,-0.00171416,0.00545415,-0.00163543,-0.00460356,-0.00857081,-0.00763582,0.02057,-0.00654498,0.00372325,0.0119327,-0.0119991,-0.0154575,-0.00246497,0.00460194,0,-0.00460194,0.00613592,0,-0.00392699,-0.000981748,0.00920388,-0.00153398,0,-0.00153398,-0.00153398,-0.00589049,0.00981748,3.57955,0.263672,-0.950817,-4.6582,7.80899,-0.858179,5.08967,-0.966797,0.223722,0.703125,11.4311,1.495,-0.391513,0.248097,-5.83418,-2.625,0.375,0.1875,-2.75,-0.125,-0.703125,0.0195312,-1.8125,-0.5625,0,-2.25,0.0625,-0.683594,0.166016,0.186943,0.0365769,-0.0514784,-0.192427,0.498359,-0.0174529,0.264349,-0.0162602,-0.0464967,0.00769058,0.629772,0.045806,-0.00417827,0.0939223,-0.882533,-0.426255,0.255264,0.0505495,-0.448498,-0.0031159,-0.131063,-0.016659,-0.346776,-0.222235,-0.185156,-0.406793,0.198315,-0.141985,0.135604
45.46,-0.201869,-0.000230097,0.000535676,0.421095,-0.242381,0.000659303,-0.202459,0.000315318,-2.67838e-05,0.420098,-0.24593,-0.00175615,0.000174095,-0.000158499,0.00297605,0.00412257,-0.00255264,-0.000755006,0.0087365,0.000167779,0.00674952,0.000889709,0.00328368,0.00222907,0.00372709,0.00818523,-0.00983905,0.00739379,-0.00727874,-0.2,0,0,0.42,-0.23,0,-0.2,0,0,0.42,-0.23,0,0,0,0,0,0,0,0,0,0,0,0,0,0,0,0,0,0,0.0394257,-0.01309,0.00514249,-0.0316341,0.00323725,-0.00182366,0.0137133,-0.00545415,0.00685665,0.0109083,-0.00213157,-0.00550552,0.00857081,-0.00772874,-0.00492993,-0.00613592,0.0076699,-0.00306796,0.00613592,0.00306796,-0.0107992,0.000981748,0.0107379,-0.0138058,0,0,-0.00613592,-0.00392699,-0.00589049,3.74734,0.351562,-0.950817,-3.42773,7.80899,-0.858179,4.47443,-0.878906,0.167791,-1.23047,11.4316,1.5993,-0.223722,0.148858,-5.83418,-2.625,0.3125,0.1875,-2.8125,-0.125,-0.683594,0.0195312,-1.875,-0.5625,-0.0625,-2.3125,0.0625,-0.703125,0.175781,0.108091,0.0491896,-0.0638526,-0.0376819,0.488783,-0.0227248,0.218441,-0.0206235,-0.0110349,-0.058287,0.64148,0.0812569,-0.0779408,0.0707361,-0.878026,-0.399985,0.239924,0.0438862,-0.449097,-0.00642355,-0.124191,-0.0187759,-0.349844,-0.195295,-0.186355,-0.409261,0.202917,-0.143949,0.151465
45.52,-0.201936,-0.000204531,0.000549068,0.421129,-0.242377,0.000666501,-0.202472,0.000315318,-2.67838e-05,0.420149,-0.24593,-0.00175615,0.000120527,-0.000150952,0.00298087,0.00415853,-0.00254066,-0.000802943,0.0087365,0.000155795,0.00675719,0.000889709,0.00328368,0.00222907,0.00369114,0.00819721,-0.00985103,0.00739379,-0.00727107,-0.2,0,0,0.42,-0.23,0,-0.2,0,0,0.42,-0.23,0,0,0,0,0,0,0,0,0,0,0,0,0,0,0,0,0,0,0.010285,0.00654498,-0.00857081,-0.00872665,-0.00382535,-0.0138057,0.0411399,-0.00327249,0.00685665,0.00545415,-0.00317215,-0.0165314,-0.0445682,-2.0738e-16,0.00369745,-0.00613592,-0.00153398,0.00306796,-0.00460194,-0.0076699,0.00589049,0.00294524,0,0.00460194,-0.00153398,0.0168738,0,0,-0.00490874,3.52362,0.0878906,-1.06268,-4.04297,7.89744,-0.8063,5.48118,-0.878906,0.279652,-0.263672,11.5211,1.65172,-0.167791,0.0992388,-5.91197,-2.5625,0.3125,0.1875,-2.6875,-0.1875,-0.683594,0.0195312,-1.8125,-0.625,0,-2.375,0.0625,-0.703125,0.175781,0.173069,0.00736311,-0.0377651,-0.134426,0.502739,0.000951447,0.164927,-0.0249868,-0.0110349,-0.0441415,0.643561,0.103309,0.0975466,0.0452856,-0.905353,-0.403581,0.257134,0.0340112,-0.427621,0.00455401,-0.141034,-0.0207394,-0.328368,-0.23211,-0.181489,-0.443608,0.197021,-0.147876,0.15033
45.56,-0.20195,-0.000238619,0.000549068,0.421086,-0.242381,0.000659303,-0.202485,0.000298274,0,0.42014,-0.245922,-0.00174181,0.000187487,-0.000143404,0.00297605,0.00414654,-0.00254066,-0.000790959,0.00870055,0.000155795,0.00674952,0.000882039,0.00328368,0.00221708,0.00363122,0.00820919,-0.00982706,0.00740146,-0.00727107,-0.2,0,0,0.42,-0.23,0,-0.2,0,0,0.42,-0.23,0,0,0,0,0,0,0,0,0,0,0,0,0,0,0,0,0,0,-0.010285,0.00654498,-0.00685665,-0.0239983,-0.00273319,-0.0101239,-0.00171416,-0.00872665,-0.0188558,0.0403607,-0.00318335,-0.0128544,-0.00514249,-0.000966092,-0.00431369,-0.00460194,0.00460194,-0.00306796,-0.00460194,-0.0076699,-0.00392699,0,-0.00306796,-0.00460194,-0.00306796,0.0184078,-0.00920388,0.00883573,0,3.24396,0.0878906,-1.00675,-3.86719,7.80899,-0.858179,4.97781,-0.966797,0.335582,-1.23047,11.4316,1.5993,-0.223722,0.148858,-5.83418,-2.625,0.3125,0.1875,-2.75,-0.125,-0.683594,0.0195312,-1.8125,-0.5625,0,-2.3125,0.0625,-0.693359,0.175781,0.215549,0.010772,-0.0411935,-0.0669466,0.500724,-0.00612433,0.251974,-0.0123741,0.0377116,-0.182489,0.64325,0.0953812,-0.0408185,0.0459195,-0.879875,-0.40545,0.244862,0.0456839,-0.425824,0.00455401,-0.131063,-0.0176408,-0.322232,-0.212504,-0.175425,-0.447275,0.205745,-0.156865,0.145421
45.62,-0.201896,-0.000247141,0.000535676,0.421112,-0.242386,0.000652104,-0.202472,0.000298274,4.01757e-05,0.420098,-0.245918,-0.00174901,0.000120527,-0.000158499,0.00297605,0.00412257,-0.00257661,-0.000814927,0.00872452,0.000143811,0.00674952,0.000889709,0.00327169,0.00226502,0.00372709,0.00819721,-0.00982706,0.00739379,-0.00727107,-0.2,0,0,0.42,-0.23,0,-0.2,0,0,0.42,-0.23,0,0,0,0,0,0,0,0,0,0,0,0,0,0,0,0,0,0,0,-0.00763582,0,-0.00763582,-0.00325406,-0.00369173,0.0137133,-0.00654498,0.00171416,-0.0174533,0.00429116,0.00181873,-0.0428541,-0.000966092,-0.000616242,-0.0153398,-0.0107379,0.00153398,-0.00460194,-0.0260777,-0.00392699,0.00981748,0.00153398,-0.00920388,-0.00920388,0.00153398,-0.0107379,0.00589049,0.00589049,3.69141,0.175781,-1.17454,-4.6582,7.80899,-0.858179,5.31339,-0.791016,-0.279652,1.66992,11.4311,1.495,-0.111861,0.0992388,-5.75639,-2.625,0.3125,0.1875,-2.6875,-0.1875,-0.683594,0.0195312,-1.875,-0.5625,0,-2.25,0.0625,-0.703125,0.166016,0.189622,0.0399858,-0.0535676,-0.136232,0.501936,-0.0187007,0.219781,-0.0167374,-0.00744589,0.0551594,0.628132,0.0663228,0.0924041,0.0504481,-0.890967,-0.381578,0.279137,0.0376784,-0.427022,0.0232015,-0.131063,-0.0276117,-0.330237,-0.208094,-0.167947,-0.412928,0.207279,-0.153766,0.139531
45.66,-0.20191,-0.000247141,0.000575852,0.421095,-0.24239,0.000673623,-0.202485,0.000315318,5.35676e-05,0.420081,-0.245914,-0.00172749,0.000147311,-0.000143404,0.00297605,0.00414654,-0.00254066,-0.000790959,0.00871253,0.000167779,0.00674952,0.000889709,0.00328368,0.00221708,0.00371511,0.00820919,-0.00982706,0.00738612,-0.00727107,-0.2,0,0,0.42,-0.23,0,-0.2,0,0,0.42,-0.23,0,0,0,0,0,0,0,0,0,0,0,0,0,0,0,0,0,0,0.00514249,0.00109083,0.00857081,-0.0174533,0.000543277,0.000921699,-0.0137133,0,0.00857081,-0.0185441,0.00427435,0.00733412,0.00857081,-0.00386437,-0.00246497,-0.00306796,-0.00153398,0.0107379,0,-0.0122718,-0.00392699,0.00490874,0.0107379,-0.0107379,0.0245437,-0.00460194,-0.0076699,-0.0137445,0.000981748,3.41175,0.263672,-0.783026,-2.28516,7.80899,-0.858179,5.1456,-0.966797,0.279652,-0.351562,11.5206,1.54743,-0.559304,0.198478,-5.75639,-2.625,0.3125,0.1875,-2.75,-0.1875,-0.703125,0.0195312,-1.875,-0.5625,-0.0625,-2.25,0.0625,-0.703125,0.175781,0.180676,0.0225325,-0.0747268,-0.0944051,0.494507,-0.0287883,0.275972,-0.0315318,-0.0224984,0.0620797,0.628,0.0544313,-0.0699057,0.0546144,-0.885421,-0.408518,0.257134,0.0180722,-0.435627,0.00891626,-0.131063,-0.0227029,-0.349844,-0.200232,-0.234843,-0.401256,0.204211,-0.133978,0.14444
45.72,-0.201883,-0.000221575,0.000535676,0.421129,-0.242377,0.000652143,-0.202472,0.000315318,-6.69595e-05,0.420038,-0.245922,-0.00174181,0.000160703,-0.000150952,0.00296161,0.00415853,-0.00254066,-0.000778975,0.0087365,0.000167779,0.00675719,0.000882039,0.00327169,0.00225303,0.00367916,0.00818523,-0.00982706,0.00739379,-0.00727107,-0.2,0,0,0.42,-0.23,0,-0.2,0,0,0.42,-0.23,0,0,0,0,0,0,0,0,0,0,0,0,0,0,0,0,0,0,0.00685665,0,-0.00685665,0.00327249,-0.00271078,-0.00277003,0,0.00109083,-0.0188558,-0.0556324,0.00374006,0.00641735,0.0171416,0.00289828,-0.000616242,0.00460194,0,0.00613592,0.0076699,-0.0076699,0.00490874,-0.00589049,-0.00306796,-0.0153398,-0.00153398,-0.00460194,0,-0.00392699,-0.0019635,3.63548,0.175781,-0.950817,-3.51562,7.89792,-0.910599,4.69815,-0.878906,-0.111861,0.966797,11.4316,1.5993,-0.894886,0.0992388,-5.91197,-2.5625,0.375,0.1875,-2.75,-0.1875,-0.703125,0.0195312,-1.8125,-0.5625,-0.0625,-2.3125,0.0625,-0.703125,0.166016,0.174569,0.0221575,-0.0398543,-0.182422,0.500511,-0.0205456,0.247207,-0.0337135,0.0444075,0.216825,0.629403,0.0568376,-0.0996357,0.0365907,-0.886635,-0.425056,0.254066,0.0266769,-0.452165,0.00431432,-0.140052,-0.0117503,-0.321033,-0.194624,-0.18089,-0.400057,0.196541,-0.143949,0.147385
45.76,-0.20195,-0.000238619,0.00056246,0.421154,-0.242377,0.000652143,-0.202472,0.000315318,2.67838e-05,0.420081,-0.245926,-0.00174899,0.000174095,-0.000158499,0.00296643,0.00415853,-0.00254066,-0.000790959,0.00872452,0.000155795,0.00675719,0.000874369,0.00328368,0.00222907,0.00367916,0.00820919,-0.00982706,0.00739379,-0.0072634,-0.2,0,0,0.42,-0.23,0,-0.2,0,0,0.42,-0.23,0,0,0,0,0,0,0,0,0,0,0,0,0,0,0,0,0,0,-0.00857081,-0.00218166,-0.0222841,0.0381791,-0.00269958,0.000906896,0,-0.00654498,0.00342833,-0.0174533,5.60258e-06,-0.00183846,-0.00171416,-0.00386437,0.00246497,-0.00460194,-0.00306796,0.0122718,0.00460194,0.00613592,0.00490874,0.000981748,-0.00460194,0.00306796,0.0122718,0.00153398,-0.0076699,-0.00294524,0.00785398,3.29989,0,-0.783026,-4.30664,7.89792,-0.910599,4.47443,-0.966797,0,-0.439453,11.4316,1.5993,-0.615234,0.148858,-5.98976,-2.5625,0.375,0.1875,-2.75,-0.1875,-0.683594,0,-1.8125,-0.5625,-0.0625,-2.25,0.0625,-0.703125,0.166016,0.21212,0.0282252,-0.0116777,-0.32588,0.500489,-0.0278995,0.247207,-0.0184419,-0.00953503,0.0577164,0.637039,0.0736364,-0.0470859,0.0591429,-0.897322,-0.406649,0.260201,0.0150042,-0.44543,-0.00925182,-0.140052,-0.0184691,-0.319164,-0.229043,-0.208502,-0.413528,0.204211,-0.144931,0.137414
45.82,-0.20191,-0.000264186,0.000549068,0.421112,-0.242377,0.000652143,-0.202459,0.000315318,1.33919e-05,0.420123,-0.245922,-0.00175618,0.000174095,-0.000150952,0.00297124,0.00415853,-0.00254066,-0.000755006,0.00872452,0.000143811,0.00675719,0.000882039,0.00328368,0.00224105,0.00372709,0.00820919,-0.00981508,0.00739379,-0.00727107,-0.2,0,0,0.42,-0.23,0,-0.2,0,0,0.42,-0.23,0,0,0,0,0,0,0,0,0,0,0,0,0,0,0,0,0,0,0.0188558,0,0.0137133,-0.0229074,0.00107535,-0.00183353,0.0325691,-0.0119991,0.00857081,0.0272708,-0.00320576,-0.00550059,0.02057,0.000966092,0.000616242,0,0.00306796,-0.0076699,0.00613592,-0.00460194,0.00392699,-0.00883573,0.00920388,-0.0076699,0.0138058,-0.00153398,0.00153398,-0.00392699,0.000981748,3.57955,0.175781,-1.23047,-3.95508,7.80899,-0.858179,5.20153,-0.966797,0.279652,0.439453,11.6101,1.59985,-0.950817,0.0992388,-5.91197,-2.625,0.3125,0.1875,-2.75,-0.1875,-0.683594,0.0195312,-1.875,-0.5625,0,-2.25,0.0625,-0.703125,0.175781,0.15325,0.0264186,-0.0823334,-0.0751455,0.492939,-0.0224186,0.180729,-0.00753355,-0.0184808,-0.127572,0.643293,0.0812486,-0.113938,0.0423873,-0.893221,-0.415853,0.24793,0.0530901,-0.448498,0.00172573,-0.139071,-0.00880505,-0.346776,-0.208765,-0.213966,-0.407392,0.194768,-0.143949,0.14444
45.86,-0.201896,-0.000230097,0.000549068,0.421095,-0.242377,0.000652143,-0.202485,0.000315318,2.67838e-05,0.420089,-0.24593,-0.00175615,0.000133919,-0.000158499,0.00297605,0.00412257,-0.00255264,-0.000814927,0.00872452,0.000167779,0.00675719,0.000882039,0.00328368,0.00222907,0.00370313,0.00820919,-0.00983905,0.00739379,-0.00727874,-0.2,0,0,0.42,-0.23,0,-0.2,0,0,0.42,-0.23,0,0,0,0,0,0,0,0,0,0,0,0,0,0,0,0,0,0,0.00685665,0.00218166,-0.010285,-0.0316341,-0.00434621,-0.00737359,-0.0359974,-0.0109083,0.0239983,-0.00327249,-0.000523089,-0.00459369,-0.0257124,-0.00772874,0.00369745,-0.00460194,-0.0199418,0.0122718,0.0076699,0,0.00294524,-0.0019635,0.00920388,0.00306796,0.0122718,0.00306796,-0.00153398,-0.0206167,-0.00490874,3.29989,0.175781,-0.950817,-3.60352,7.89744,-0.8063,5.20153,-0.878906,0.111861,0.263672,11.4316,1.5993,-0.335582,0.198478,-5.91197,-2.625,0.375,0.1875,-2.75,-0.125,-0.683594,0.0195312,-1.8125,-0.5625,-0.0625,-2.25,0.0625,-0.693359,0.166016,0.175908,0.0186464,-0.0343368,-0.0376819,0.503782,-0.0113385,0.32054,-0.00971521,-0.0506749,-0.000285313,0.638263,0.0794332,0.0369616,0.0707361,-0.903909,-0.403053,0.295147,0.0162027,-0.451566,-0.00335558,-0.138089,-0.0156773,-0.346776,-0.229043,-0.2097,-0.416596,0.198315,-0.127259,0.150484
45.92,-0.201923,-0.000221575,0.00056246,0.421112,-0.242373,0.000659341,-0.202445,0.000315318,-4.01757e-05,0.420166,-0.245922,-0.00174181,0.000187487,-0.000158499,0.00296643,0.00415853,-0.00255264,-0.000743022,0.00870055,0.000143811,0.00674952,0.000882039,0.00328368,0.002277,0.00363122,0.00818523,-0.00983905,0.00739379,-0.00727107,-0.2,0,0,0.42,-0.23,0,-0.2,0,0,0.42,-0.23,0,0,0,0,0,0,0,0,0,0,0,0,0,0,0,0,0,0,-0.00171416,-0.00654498,-0.010285,-0.0163625,0.00161302,-0.00275029,0.0119991,-0.00654498,-0.00514249,0.0359974,0.00106859,0.00183353,0.0119991,-0.00289828,-0.00308121,-0.00306796,0.00613592,0.00306796,-0.0168738,-0.0291456,-0.00392699,0,0.00306796,-0.0138058,0.00460194,0.0122718,-0.0138058,0.00294524,0,3.29989,0.351562,-0.838956,-3.25195,7.80899,-0.858179,4.86594,-0.878906,0.391513,-2.46094,11.4311,1.495,-0.615234,0.148858,-5.83418,-2.5625,0.3125,0.1875,-2.6875,-0.125,-0.683594,0,-1.8125,-0.5,-0.0625,-2.375,0.0625,-0.703125,0.175781,0.195728,0.0352475,-0.035676,-0.101325,0.491694,-0.0208731,0.22053,-0.0184419,0.0143025,-0.168872,0.634746,0.0660053,-0.0922434,0.0562447,-0.880684,-0.409717,0.242992,0.0310152,-0.40128,0.0262694,-0.131063,-0.0176408,-0.334504,-0.200089,-0.190765,-0.433805,0.210587,-0.150821,0.145421
45.96,-0.201896,-0.000238619,0.000535676,0.421137,-0.242377,0.000652143,-0.202472,0.00032384,0,0.420089,-0.245926,-0.00174899,0.000160703,-0.000150952,0.00297124,0.00415853,-0.00252867,-0.000802943,0.00872452,0.000167779,0.00675719,0.000874369,0.00328368,0.00226502,0.00370313,0.00820919,-0.00982706,0.00740146,-0.00727107,-0.2,0,0,0.42,-0.23,0,-0.2,0,0,0.42,-0.23,0,0,0,0,0,0,0,0,0,0,0,0,0,0,0,0,0,0,-0.00857081,-0.00981748,0.0239983,0.00872665,0.00161862,-0.000911831,-0.00514249,-0.00327249,0.010285,-0.0436332,-0.00267147,-0.00458382,-0.0171416,-0.00579655,0.00492993,0,-0.00460194,0.0122718,0.0107379,-0.0138058,0.00785398,-0.0107992,-0.00153398,-0.00306796,0.00460194,-0.00153398,0.00153398,0.0147262,0,3.91513,0.263672,-1.17454,-3.86719,7.89792,-0.910599,4.47443,-0.878906,0.223722,0.263672,11.5206,1.54743,-0.279652,0.148858,-5.98976,-2.5625,0.3125,0.125,-2.75,-0.125,-0.683594,0,-1.8125,-0.5625,0,-2.25,0.0625,-0.703125,0.185547,0.206763,0.0434969,-0.101564,-0.205517,0.491853,-0.024262,0.257492,-0.0258391,-0.02057,0.161158,0.642393,0.0791271,0.00321406,0.0626752,-0.906162,-0.415853,0.262071,0.0156035,-0.457702,0.0104502,-0.142998,-0.00668816,-0.3253,-0.220366,-0.19436,-0.407392,0.195007,-0.162755,0.145421
46.02,-0.201896,-0.000221575,0.000575852,0.421137,-0.242373,0.0006737,-0.202432,0.000315318,1.33919e-05,0.420123,-0.245922,-0.00174181,0.000187487,-0.000166047,0.00298087,0.00414654,-0.00254066,-0.000802943,0.0087365,0.000131826,0.00674185,0.000882039,0.00328368,0.00226502,0.00371511,0.00819721,-0.00983905,0.00740146,-0.00727107,-0.2,0,0,0.42,-0.23,0,-0.2,0,0,0.42,-0.23,0,0,0,0,0,0,0,0,0,0,0,0,0,0,0,0,0,0,0.00685665,-0.00872665,0,0.0174533,-0.00217311,-0.0036868,0.0154275,0.00981748,-0.010285,0.019635,0.00642833,0.00548579,-0.00857081,-0.00772874,0.00123248,0,0.00613592,-0.0153398,-0.0138058,-0.00460194,-0.0137445,-0.00589049,-0.00306796,-0.00153398,0,-0.00920388,-0.0138058,0.00687223,-0.00589049,3.69141,0.263672,-1.00675,-4.30664,7.89744,-0.8063,4.75408,-0.966797,-0.167791,0.615234,11.5206,1.54743,-0.503374,0.148858,-5.83418,-2.625,0.3125,0.1875,-2.625,-0.1875,-0.683594,0.0195312,-1.8125,-0.5625,-0.0625,-2.25,0.0625,-0.693359,0.175781,0.175908,0.0396108,-0.0575852,-0.240424,0.499264,-0.0195744,0.212335,-0.0511668,0.0192308,-0.0970292,0.624026,0.0587007,-0.0305335,0.0730003,-0.897958,-0.414654,0.241794,0.0708268,-0.409213,0.00196541,-0.121092,-0.0117503,-0.322232,-0.223434,-0.185755,-0.391453,0.210587,-0.154901,0.151312
46.06,-0.201869,-0.000221575,0.000535676,0.421095,-0.242381,0.000659303,-0.202472,0.000315318,0,0.420072,-0.245926,-0.00174899,0.000133919,-0.000158499,0.00296643,0.00414654,-0.00254066,-0.000802943,0.0087365,0.000143811,0.00674952,0.000882039,0.00328368,0.00225303,0.00370313,0.00819721,-0.00982706,0.00739379,-0.00727107,-0.2,0,0,0.42,-0.23,0,-0.2,0,0,0.42,-0.23,0,0,0,0,0,0,0,0,0,0,0,0,0,0,0,0,0,0,-0.0119991,-0.00436332,0.00685665,-0.0229074,-0.00218991,-0.00920219,0.00685665,-0.00327249,0,-0.00763582,-0.0085431,-0.0165067,-0.0359974,-0.00386437,-0.00246497,-0.00460194,-0.00613592,-0.00153398,0.00153398,0.00920388,-0.00687223,-0.00589049,0.00460194,-0.00306796,0.0184078,-0.00306796,-0.00920388,-0.0019635,0.00981748,3.69141,0.175781,-1.06268,-2.98828,7.89792,-0.910599,5.1456,-0.878906,-0.111861,-0.615234,11.5211,1.65172,0.0559304,0.148858,-5.83418,-2.625,0.3125,0.1875,-2.6875,-0.1875,-0.683594,0.0195312,-1.8125,-0.5625,-0.0625,-2.25,0.0625,-0.693359,0.175781,0.210941,0.0308841,-0.0672809,-0.0725885,0.499638,-0.00796773,0.233494,-0.0249868,0,0.019725,0.654136,0.102973,0.0678166,0.0591429,-0.882533,-0.40545,0.266337,0.0432151,-0.439893,-0.0120801,-0.128118,-0.0117503,-0.337572,-0.219168,-0.221972,-0.403725,0.205745,-0.145912,0.135604
46.12,-0.201923,-0.000204531,0.000575852,0.421146,-0.242381,0.000673661,-0.202405,0.000315318,1.33919e-05,0.42014,-0.245926,-0.00174899,0.000120527,-0.000158499,0.00296643,0.00417051,-0.00252867,-0.000790959,0.00870055,0.000191748,0.00675719,0.000882039,0.00328368,0.00224105,0.00372709,0.00818523,-0.00981508,0.00739379,-0.00727107,-0.2,0,0,0.42,-0.23,0,-0.2,0,0,0.42,-0.23,0,0,0,0,0,0,0,0,0,0,0,0,0,0,0,0,0,0,0.0171416,0.00872665,0.00857081,0.0109083,0.00321484,-0.00917752,0.0445682,0.00872665,0.0257124,-0.00327249,0.00162529,-0.00460356,-0.0257124,-0.00966092,0.00616242,0.0168738,0,-0.0076699,-0.0076699,-0.00460194,-0.00589049,0,0.00306796,0.00306796,0.0076699,0.00306796,0.00153398,0.000981748,0,3.02024,0.351562,-1.06268,-4.13086,7.80899,-0.858179,4.69815,-0.966797,-0.279652,-0.527344,11.4316,1.5993,-0.391513,0.248097,-5.98976,-2.5625,0.3125,0.1875,-2.6875,-0.125,-0.683594,0.0195312,-1.8125,-0.5625,-0.0625,-2.375,0.0625,-0.703125,0.175781,0.158016,0.00299978,-0.0747268,-0.215518,0.488827,-0.00859141,0.151374,-0.0489851,-0.0527641,-0.00795643,0.6338,0.0791666,0.0409792,0.0765326,-0.908415,-0.450799,0.252867,0.0548877,-0.419688,0.00076699,-0.129253,-0.0176408,-0.334504,-0.230241,-0.201695,-0.415397,0.194768,-0.148858,0.145421
46.16,-0.201883,-0.000230097,0.000602635,0.421171,-0.242373,0.000659341,-0.202472,0.00032384,-1.33919e-05,0.420166,-0.24593,-0.00174179,0.000200878,-0.000158499,0.00296643,0.00415853,-0.00254066,-0.000755006,0.00870055,0.000167779,0.00675719,0.000882039,0.00328368,0.00226502,0.00371511,0.00820919,-0.00982706,0.00739379,-0.00727107,-0.2,0,0,0.42,-0.23,0,-0.2,0,0,0.42,-0.23,0,0,0,0,0,0,0,0,0,0,0,0,0,0,0,0,0,0,0.00514249,-0.00981748,0.0137133,0.0207258,-0.00217311,-0.0036868,-0.00685665,0.00545415,-0.00514249,0.0207258,-0.00803682,-0.00639762,-0.0222841,-0.00483046,-0.00554618,-0.00460194,-0.0076699,0.00153398,-0.00460194,0,0.00687223,-0.000981748,0,-0.00613592,-0.00460194,0.00613592,-0.00306796,-0.000981748,-0.00785398,3.46768,0.263672,-1.00675,-4.48242,7.80899,-0.858179,5.31339,-0.791016,0,0.703125,11.5211,1.65172,-0.391513,0.0992388,-5.91197,-2.625,0.3125,0.1875,-2.75,-0.125,-0.683594,0.0195312,-1.8125,-0.5625,-0.0625,-2.25,0.0625,-0.703125,0.175781,0.177997,0.0426447,-0.0876901,-0.258624,0.499266,-0.0190001,0.260921,-0.0432923,0.0116242,-0.107785,0.653293,0.0824667,0.00658882,0.0620412,-0.873289,-0.406649,0.269405,0.0346823,-0.425824,-0.00335558,-0.142016,-0.016659,-0.328368,-0.21423,-0.176552,-0.422732,0.199609,-0.146894,0.153275
46.22,-0.201856,-0.000230097,0.000549068,0.421137,-0.242373,0.000659341,-0.202445,0.000315318,6.69595e-05,0.420132,-0.245926,-0.00174899,0.00021427,-0.000181142,0.00296161,0.00415853,-0.00255264,-0.000802943,0.00872452,0.000155795,0.00674952,0.000882039,0.00328368,0.00226502,0.00363122,0.00820919,-0.00982706,0.00739379,-0.00727874,-0.2,0,0,0.42,-0.23,0,-0.2,0,0,0.42,-0.23,0,0,0,0,0,0,0,0,0,0,0,0,0,0,0,0,0,0,0.0171416,-0.00654498,0,0,0.00106414,-0.00551046,0.0188558,0.0141808,0.0377116,-0.00763582,-0.00480864,-0.00825088,-0.00857081,-0.000966092,-0.00184873,0.0076699,-0.00153398,-0.00920388,0.00306796,-0.0199418,0.00981748,-0.00392699,-0.00153398,-0.00920388,0,-0.00153398,-0.00306796,-0.00294524,-0.00392699,3.18803,0.351562,-1.11861,-2.8125,7.80899,-0.858179,4.75408,-0.966797,-0.0559304,-0.966797,11.5211,1.65172,0.0559304,0.0496194,-5.83418,-2.625,0.375,0.1875,-2.75,-0.125,-0.703125,0.0195312,-1.75,-0.5625,-0.0625,-2.25,0.0625,-0.703125,0.166016,0.151321,0.0360997,-0.0549068,-0.170611,0.492792,-0.0153527,0.206816,-0.0598934,-0.0821191,0.0107754,0.646668,0.0864612,-0.0385687,0.057241,-0.882937,-0.431192,0.258332,0.0585549,-0.442362,0.0168259,-0.144808,-0.0137138,-0.3253,-0.208094,-0.181561,-0.407392,0.199609,-0.144931,0.149502
46.26,-0.201883,-0.000204531,0.00056246,0.421137,-0.242373,0.000659341,-0.202419,0.00032384,0,0.420157,-0.24593,-0.00174179,0.000200878,-0.000158499,0.00296643,0.00414654,-0.00254066,-0.000790959,0.0087365,0.000167779,0.00675719,0.000882039,0.00328368,0.00225303,0.00367916,0.00819721,-0.00983905,0.00740146,-0.00727107,-0.2,0,0,0.42,-0.23,0,-0.2,0,0,0.42,-0.23,0,0,0,0,0,0,0,0,0,0,0,0,0,0,0,0,0,0,0.010285,-0.00109083,0,-0.00654498,0.00217871,0.00552526,0.0137133,0.00109083,-0.0308549,0.0141808,0.00106299,0.00367199,0.010285,-0.00966092,-0.00246497,-0.0107379,-0.00306796,0.00920388,0.0076699,-0.00920388,0.00589049,-0.000981748,0.0076699,-0.0107379,0.0076699,-0.00306796,0.0107379,-0.00687223,0,3.63548,0.175781,-1.00675,-4.13086,7.80899,-0.858179,4.69815,-0.966797,0.279652,-2.10938,11.5206,1.54743,-0.503374,0.148858,-5.83418,-2.5625,0.375,0.1875,-2.75,-0.125,-0.703125,0.0195312,-1.8125,-0.5625,-0.0625,-2.25,0.0625,-0.693359,0.175781,0.167712,0.0226347,-0.056246,-0.144431,0.490563,-0.0374242,0.214424,-0.0345657,0.0617099,-0.0803266,0.635093,0.0623275,-0.0911185,0.0765326,-0.882533,-0.393178,0.260201,0.0211402,-0.452165,0.0058483,-0.141034,-0.016659,-0.343708,-0.203828,-0.199298,-0.403725,0.186043,-0.141157,0.145421
46.32,-0.201896,-0.000221575,0.000549068,0.421129,-0.242377,0.000652143,-0.202459,0.000298274,-2.67838e-05,0.420098,-0.245935,-0.00174895,0.000227662,-0.000143404,0.00297605,0.00415853,-0.00252867,-0.000814927,0.0087365,0.000155795,0.00674952,0.000882039,0.00328368,0.00224105,0.00367916,0.00819721,-0.00981508,0.00740913,-0.00725573,-0.2,0,0,0.42,-0.23,0,-0.2,0,0,0.42,-0.23,0,0,0,0,0,0,0,0,0,0,0,0,0,0,0,0,0,0,0.0137133,0.00436332,-0.00857081,0.00436332,0.00377492,-0.00274043,0,-0.00436332,-0.0188558,-0.00436332,-0.00425754,-0.0128495,0.0514249,-0.00869483,-0.00184873,0.0184078,-0.00613592,0.0076699,-0.00920388,-0.0168738,-0.00490874,0.000981748,0.0076699,-0.00153398,-0.00613592,-0.00613592,-0.00613592,0.0176715,0.0206167,3.24396,0.175781,-1.11861,-2.54883,7.80899,-0.858179,5.25746,-0.791016,0.279652,-0.0878906,11.5211,1.65172,-0.279652,0.248097,-5.83418,-2.6875,0.3125,0.1875,-2.6875,-0.125,-0.703125,0.0195312,-1.8125,-0.5625,0,-2.25,0.0625,-0.693359,0.175781,0.162195,0.0134309,-0.0377651,-0.186786,0.48754,-0.0206049,0.245868,-0.0211008,0.04039,0.00279949,0.645901,0.0956569,-0.222573,0.0691058,-0.88727,-0.452668,0.265139,0.0254066,-0.418417,0.0137579,-0.130082,-0.0186225,-0.343708,-0.221037,-0.171686,-0.397589,0.202438,-0.165854,0.124498
46.36,-0.201869,-0.000230097,0.000535676,0.421129,-0.242369,0.00066654,-0.202472,0.000315318,0,0.420089,-0.245918,-0.00173465,0.000147311,-0.000158499,0.00296643,0.00415853,-0.0025047,-0.000778975,0.00872452,0.000155795,0.00674952,0.000889709,0.00327169,0.00224105,0.00372709,0.00819721,-0.00983905,0.00738612,-0.00727107,-0.2,0,0,0.42,-0.23,0,-0.2,0,0,0.42,-0.23,0,0,0,0,0,0,0,0,0,0,0,0,0,0,0,0,0,0,0.0171416,-0.0218166,0.0119991,-0.00654498,0.0021619,9.86834e-06,-0.00514249,0,-0.0188558,-0.0119991,0.000534294,0.000916765,-0.0137133,0.00193218,-0.0073949,0,0.00920388,-0.00153398,-0.0214757,-0.0184078,-0.000981748,0.00687223,0,-0.0076699,0.00460194,-0.00460194,-0.0076699,-0.0127627,0.00294524,3.46768,0.175781,-0.894886,-4.6582,7.80899,-0.858179,5.36932,-0.878906,0.167791,0.791016,11.5206,1.54743,0.111861,0.0496194,-5.83418,-2.5625,0.375,0.1875,-2.625,-0.125,-0.683594,0.0195312,-1.8125,-0.5625,-0.0625,-2.3125,0.0625,-0.693359,0.166016,0.152659,0.0666429,-0.0775659,-0.143152,0.490426,-0.0266813,0.257492,-0.0315318,0.0377116,0.0346213,0.635647,0.0675524,-0.00305336,0.0417533,-0.867743,-0.415853,0.232063,0.0420167,-0.393274,0.0152919,-0.134009,-0.0246664,-0.327169,-0.208765,-0.195559,-0.400657,0.204451,-0.13496,0.142476
46.42,-0.20195,-0.000213053,0.000549068,0.421137,-0.242386,0.000652104,-0.202432,0.000332363,-2.67838e-05,0.420149,-0.245926,-0.00173461,0.000187487,-0.000143404,0.00297605,0.00414654,-0.00255264,-0.000790959,0.00872452,0.000191748,0.00674952,0.000882039,0.00328368,0.00225303,0.00369114,0.00820919,-0.00982706,0.00740146,-0.00727107,-0.2,0,0,0.42,-0.23,0,-0.2,0,0,0.42,-0.23,0,0,0,0,0,0,0,0,0,0,0,0,0,0,0,0,0,0,-0.0342833,0.00436332,-0.0171416,0.00872665,-0.00543277,-0.00921699,0.0171416,0.0119991,-0.00342833,0.0272708,0.00429116,0.00181873,0.010285,-0.0125592,-0.00554618,-0.00153398,-0.00153398,0.00306796,-0.00306796,0,-0.0019635,0,0.0076699,-0.0138058,0.0107379,-0.00460194,0.00460194,0.00490874,0.00883573,3.46768,0.175781,-1.00675,-4.30664,7.80899,-0.858179,5.03374,-0.878906,0.223722,-1.05469,11.3421,1.54688,-1.06268,0.248097,-5.67861,-2.625,0.375,0.125,-2.75,-0.125,-0.703125,0.0195312,-1.8125,-0.5625,-0.0625,-2.25,0.0625,-0.693359,0.166016,0.263545,0.0125786,-0.0206235,-0.205517,0.506293,-0.00765019,0.208907,-0.0572345,0.00953503,-0.131408,0.628469,0.0657469,-0.0871009,0.0806989,-0.876178,-0.411586,0.258332,0.033412,-0.43009,-0.00383495,-0.133027,-0.0176408,-0.343708,-0.197692,-0.206033,-0.401256,0.191939,-0.152938,0.136586
46.46,-0.201923,-0.000230097,0.000522284,0.421137,-0.242377,0.000666501,-0.202485,0.000315318,0,0.420166,-0.245926,-0.00174899,0.000174095,-0.000158499,0.00296643,0.00415853,-0.00255264,-0.000802943,0.0087365,0.000167779,0.00674952,0.000882039,0.00328368,0.00225303,0.00367916,0.00820919,-0.00982706,0.00739379,-0.00727107,-0.2,0,0,0.42,-0.23,0,-0.2,0,0,0.42,-0.23,0,0,0,0,0,0,0,0,0,0,0,0,0,0,0,0,0,0,0.010285,0.00763582,-0.0137133,0.0283616,0.00269397,-0.00274536,0.00171416,0,-0.0154275,0.00872665,0.0010854,-0.00368186,-0.00685665,-0.010627,-0.00431369,0.00920388,0,0.00153398,-0.00306796,0,-0.0019635,-0.000981748,0.00460194,0.00460194,-0.00613592,-0.00153398,-0.0076699,0,-0.00392699,3.02024,0.263672,-0.950817,-4.57031,7.80899,-0.858179,5.48118,-0.966797,0.167791,0.351562,11.4316,1.5993,-0.559304,0.148858,-5.83418,-2.5625,0.3125,0.1875,-2.75,-0.125,-0.683594,0.0195312,-1.8125,-0.5625,0,-2.25,0.0625,-0.703125,0.185547,0.17173,0.00773808,-0.0248018,-0.284057,0.4897,-0.0211693,0.245117,-0.0315318,0.0308549,-0.0597885,0.634879,0.0773232,-0.0316584,0.0794309,-0.876987,-0.43426,0.255264,0.0370792,-0.430689,-0.00335558,-0.133027,-0.016659,-0.337572,-0.234507,-0.171686,-0.407392,0.204211,-0.147876,0.149348
46.52,-0.201896,-0.000230097,0.00056246,0.421137,-0.242377,0.000666501,-0.202472,0.000315318,1.33919e-05,0.420123,-0.245926,-0.00174899,0.000107135,-0.000150952,0.00298087,0.00414654,-0.00252867,-0.000778975,0.00872452,0.000155795,0.00675719,0.000882039,0.00327169,0.00226502,0.00365519,0.00819721,-0.00982706,0.00739379,-0.00727874,-0.2,0,0,0.42,-0.23,0,-0.2,0,0,0.42,-0.23,0,0,0,0,0,0,0,0,0,0,0,0,0,0,0,0,0,0,0.0257124,-0.00654498,0.00171416,0.0141808,-0.00161862,0.000911831,0.00171416,0.00436332,0.0188558,-0.0218166,-0.00481425,-0.00641242,-0.02057,-0.00386437,-0.00246497,0.00460194,-0.0138058,0.0153398,-0.00306796,0.00460194,0.00294524,-0.00294524,-0.00153398,-0.0076699,0,0,-0.00306796,0.00294524,-0.011781,3.57955,0.263672,-0.671165,-3.60352,7.80899,-0.858179,5.03374,-0.966797,-0.223722,-0.263672,11.5206,1.54743,-0.111861,0.148858,-5.83418,-2.625,0.375,0.1875,-2.75,-0.125,-0.683594,0.0195312,-1.8125,-0.5625,0,-2.25,0.0625,-0.703125,0.166016,0.138197,0.0360997,-0.0596743,-0.227334,0.498325,-0.0284837,0.243779,-0.0402585,-0.0390508,0.0687771,0.646679,0.0827843,0.0295693,0.0568787,-0.886866,-0.423858,0.280479,0.00826911,-0.43009,-0.00771784,-0.138089,-0.0146955,-0.324101,-0.211162,-0.182759,-0.40986,0.199609,-0.150821,0.157356
46.56,-0.201883,-0.000230097,0.000549068,0.421112,-0.242386,0.000652104,-0.202432,0.000315318,2.67838e-05,0.420123,-0.245935,-0.00174895,0.000174095,-0.000158499,0.00297605,0.00413456,-0.00255264,-0.00076699,0.0087365,0.000167779,0.00674952,0.000882039,0.00328368,0.00225303,0.00363122,0.00819721,-0.00982706,0.00739379,-0.0072634,-0.2,0,0,0.42,-0.23,0,-0.2,0,0,0.42,-0.23,0,0,0,0,0,0,0,0,0,0,0,0,0,0,0,0,0,0,0,0.00654498,0.0171416,-0.00109083,0.00487828,0.00461836,0.0119991,-0.00327249,0.00685665,0.01309,-0.00802001,-0.011913,0.0359974,-0.00966092,0.00246497,-0.0153398,-0.00920388,-0.0076699,0,-0.00460194,-0.00392699,-0.000981748,-0.00153398,-0.00613592,0.00153398,-0.0122718,-0.00153398,-0.00392699,0.00981748,2.85245,0.175781,-0.894886,-2.98828,7.72053,-0.910059,4.75408,-0.966797,0.335582,-0.878906,11.6101,1.59985,-0.838956,0.148858,-5.83418,-2.625,0.3125,0.1875,-2.75,-0.125,-0.683594,0.0195312,-1.8125,-0.5625,-0.0625,-2.25,0.0625,-0.703125,0.175781,0.188282,0.00991974,-0.08919,-0.162412,0.485671,-0.0353209,0.219192,-0.0249868,-0.0163917,-0.0708492,0.653426,0.0937839,-0.160221,0.0765326,-0.900211,-0.382776,0.273672,0.0536893,-0.436825,0.00124636,-0.131063,-0.016659,-0.3253,-0.213032,-0.184629,-0.385317,0.198075,-0.143949,0.13545
46.62,-0.201936,-0.000221575,0.00056246,0.421129,-0.242377,0.000652143,-0.202472,0.000315318,2.67838e-05,0.420055,-0.245926,-0.00174899,0.000133919,-0.000150952,0.00297124,0.00414654,-0.00254066,-0.000778975,0.00872452,0.000143811,0.00675719,0.000874369,0.00328368,0.00226502,0.00371511,0.00820919,-0.00982706,0.00739379,-0.00727107,-0.2,0,0,0.42,-0.23,0,-0.2,0,0,0.42,-0.23,0,0,0,0,0,0,0,0,0,0,0,0,0,0,0,0,0,0,0.00171416,0.0185441,0.00514249,-0.00872665,-1.68077e-05,-0.00551539,-0.00342833,-0.00218166,-0.0188558,-0.0294524,0.00216519,-0.00552526,-0.0154275,-0.00772874,-0.00123248,0,-0.00306796,-0.00460194,0.00460194,0,0.00490874,-0.00785398,0.00153398,-0.00920388,-0.00613592,0.00306796,-0.0107379,-0.00392699,0,3.41175,0.175781,-1.11861,-3.95508,7.80899,-0.858179,4.81001,-0.878906,-0.111861,1.58203,11.4316,1.5993,-0.391513,0.198478,-5.91197,-2.5625,0.375,0.1875,-2.6875,-0.1875,-0.683594,0.0195312,-1.8125,-0.5625,0,-2.25,0.0625,-0.703125,0.175781,0.190211,-0.0149307,-0.0665309,-0.134426,0.495124,-0.0150549,0.254064,-0.0271685,0.0350332,0.109549,0.63272,0.08101,0.00610671,0.0684718,-0.887674,-0.414654,0.260201,0.0481526,-0.44543,-0.00287621,-0.140052,-0.0096334,-0.331436,-0.208094,-0.173484,-0.416596,0.207279,-0.143949,0.145421
46.66,-0.201936,-0.000247141,0.000549068,0.42112,-0.242381,0.000659303,-0.202499,0.000315318,5.35676e-05,0.420132,-0.24593,-0.00175615,0.000120527,-0.000143404,0.00298568,0.00415853,-0.00252867,-0.000778975,0.00872452,0.000143811,0.00674952,0.000889709,0.00328368,0.00226502,0.00370313,0.00820919,-0.00983905,0.00739379,-0.00727874,-0.2,0,0,0.42,-0.23,0,-0.2,0,0,0.42,-0.23,0,0,0,0,0,0,0,0,0,0,0,0,0,0,0,0,0,0,-0.0154275,0.00545415,0.00342833,0.019635,-0.00327647,-0.0110456,-0.00342833,0.00545415,0,0.0250891,0.00214278,0.0018286,-0.0171416,-0.000966092,-0.00554618,0.00613592,0,0.0107379,0.00460194,-0.00460194,-0.00392699,0.00687223,0.0107379,-0.00613592,-0.00613592,0.0107379,-0.0076699,-0.00294524,-0.0107992,3.57955,0,-0.838956,-2.8125,7.80899,-0.858179,5.36932,-0.966797,-0.0559304,0,11.5206,1.54743,-0.279652,0.198478,-5.60082,-2.625,0.3125,0.1875,-2.75,-0.1875,-0.703125,0.0195312,-1.8125,-0.5625,0,-2.3125,0.0625,-0.693359,0.175781,0.224494,0.0138058,-0.0617634,-0.246594,0.501811,-0.00428094,0.256742,-0.0424401,-0.00535676,-0.120124,0.632932,0.0665886,0.0152668,0.0459195,-0.879066,-0.428124,0.252867,0.017473,-0.44543,0.00172573,-0.131063,-0.0246664,-0.349844,-0.21423,-0.172884,-0.431935,0.204451,-0.144931,0.156374
46.72,-0.201896,-0.000230097,0.000535676,0.421154,-0.242373,0.0006737,-0.202499,0.000315318,1.33919e-05,0.420081,-0.245926,-0.00174899,0.000160703,-0.000158499,0.00296643,0.00415853,-0.00254066,-0.000778975,0.00872452,0.000155795,0.00674952,0.000889709,0.00328368,0.00224105,0.00371511,0.00820919,-0.00982706,0.00740146,-0.00727107,-0.2,0,0,0.42,-0.23,0,-0.2,0,0,0.42,-0.23,0,0,0,0,0,0,0,0,0,0,0,0,0,0,0,0,0,0,0.0137133,0.00109083,-0.00171416,0.0218166,0.00975657,0.00923672,-0.02057,0.00109083,-0.00685665,-0.0305433,0.00268828,-0.000931566,-0.0222841,-0.00966092,-0.00985987,0.00460194,0.00153398,0,-0.0122718,0,-0.00294524,0.00490874,-0.00306796,-0.0122718,0.0230097,-0.00153398,0.00153398,0.00687223,0.0019635,3.52362,0.351562,-0.894886,-4.57031,7.80899,-0.858179,5.03374,-0.878906,0.223722,0.175781,11.3421,1.54688,-0.391513,0.198478,-5.75639,-2.625,0.375,0.1875,-2.6875,-0.1875,-0.683594,0.0195312,-1.8125,-0.5625,-0.0625,-2.25,0.0625,-0.703125,0.166016,0.162195,0.020828,-0.0501393,-0.26043,0.475405,-0.0454214,0.291025,-0.0337135,0.0123741,0.110076,0.631674,0.0718226,0.0186415,0.0765326,-0.860348,-0.425056,0.250998,0.0389487,-0.411682,-0.0031159,-0.132045,-0.0227029,-0.322232,-0.199561,-0.231775,-0.407392,0.195007,-0.154901,0.143458
46.76,-0.201883,-0.000230097,0.000549068,0.421112,-0.242369,0.00066654,-0.202472,0.000306796,2.67838e-05,0.420089,-0.24593,-0.00175615,0.000160703,-0.000181142,0.00296161,0.00415853,-0.00254066,-0.000826912,0.00870055,0.000155795,0.00675719,0.000882039,0.00328368,0.00224105,0.00370313,0.00818523,-0.00983905,0.00740146,-0.00727874,-0.2,0,0,0.42,-0.23,0,-0.2,0,0,0.42,-0.23,0,0,0,0,0,0,0,0,0,0,0,0,0,0,0,0,0,0,0.053139,-0.00545415,0.00342833,-0.0327249,0.0064857,2.9605e-05,-0.0119991,0.00436332,0.00857081,-0.0229074,0.00215959,-0.00368679,0.00342833,-0.00966092,-0.00246497,-0.00460194,-0.00613592,-0.00153398,-0.0230097,-0.0122718,0.00294524,-0.00294524,0.00613592,-0.0122718,0.0214757,-0.00306796,0.00153398,0.00687223,-0.00981748,3.41175,0.175781,-0.950817,-2.90039,7.80899,-0.858179,5.20153,-0.878906,0.167791,-0.351562,11.5211,1.65172,-0.223722,0.0992388,-5.91197,-2.625,0.375,0.1875,-2.6875,-0.125,-0.673828,0,-1.8125,-0.5625,-0.0625,-2.25,0.0625,-0.703125,0.175781,0.082004,0.033918,-0.0617634,-0.0358756,0.481779,-0.0267208,0.271206,-0.0394063,-0.01982,0.0782545,0.632898,0.0776194,-0.0584958,0.0833255,-0.881088,-0.406649,0.266337,0.0444135,-0.389008,0.00915595,-0.138089,-0.0146955,-0.34064,-0.199561,-0.228108,-0.403125,0.195247,-0.154901,0.155392
46.82,-0.201896,-0.000230097,0.00056246,0.421146,-0.242377,0.000666501,-0.202445,0.000315318,-1.33919e-05,0.420089,-0.245935,-0.00174895,0.000107135,-0.000158499,0.00297605,0.00415853,-0.00255264,-0.000778975,0.00870055,0.000143811,0.00674952,0.000889709,0.00325971,0.00224105,0.00363122,0.00819721,-0.00982706,0.00739379,-0.00727874,-0.2,0,0,0.42,-0.23,0,-0.2,0,0,0.42,-0.23,0,0,0,0,0,0,0,0,0,0,0,0,0,0,0,0,0,0,0.0188558,-0.00327249,-0.00514249,0.0229074,-0.000543277,-0.000921699,0.0274266,0,0,-0.0119991,0.00161969,-0.0027651,-0.0599957,0,0,-0.0153398,-0.00613592,0.00613592,0.0107379,-0.00153398,-0.00294524,0.011781,0.0107379,-0.00920388,-0.00920388,-0.00613592,-0.00153398,-0.0147262,0,3.46768,0.175781,-0.950817,-3.60352,7.80899,-0.858179,5.08967,-0.966797,0.167791,0.351562,11.3421,1.54688,0.111861,0.0496194,-5.83418,-2.5625,0.3125,0.1875,-2.8125,-0.1875,-0.683594,0,-1.8125,-0.5625,0,-2.25,0.0625,-0.693359,0.166016,0.15191,0.0295547,-0.045961,-0.263515,0.496175,-0.0248166,0.189675,-0.0315318,0.00133919,0.0346213,0.634146,0.0754881,0.147847,0.0475498,-0.892816,-0.385173,0.267536,0.0266769,-0.456503,-0.00134223,-0.132045,-0.0295752,-0.347447,-0.205697,-0.163153,-0.397589,0.198075,-0.13315,0.145575
46.86,-0.20191,-0.000255663,0.000575852,0.421137,-0.242381,0.000659303,-0.202419,0.000298274,0,0.420081,-0.245926,-0.00174899,0.000160703,-0.000158499,0.00297605,0.00415853,-0.00254066,-0.000802943,0.00872452,0.000155795,0.00675719,0.000882039,0.00328368,0.00224105,0.00372709,0.00820919,-0.00981508,0.00739379,-0.00727107,-0.2,0,0,0.42,-0.23,0,-0.2,0,0,0.42,-0.23,0,0,0,0,0,0,0,0,0,0,0,0,0,0,0,0,0,0,-0.00171416,0,0.0154275,0.00981748,0.00104734,-0.0110258,0.0497107,-0.0119991,0.0188558,-0.0250891,-0.00322257,1.48007e-05,0.0222841,-0.0115931,0.0073949,-0.0122718,0.00306796,-0.0199418,0,-0.0076699,0.011781,-0.00294524,-0.00153398,-0.00920388,0,0.00460194,0,-0.00490874,0,3.69141,0.0878906,-0.950817,-3.7793,7.80899,-0.858179,4.36257,-0.966797,-0.0559304,0.703125,11.6101,1.59985,-0.223722,0.148858,-5.98976,-2.5625,0.3125,0.1875,-2.6875,-0.125,-0.703125,0.0195312,-1.8125,-0.5625,-0.0625,-2.25,0.0625,-0.703125,0.175781,0.19439,0.0255663,-0.0884401,-0.209881,0.493163,-0.00432041,0.142429,-0.00582913,-0.0377116,0.0882597,0.643495,0.0699298,-0.115063,0.0823292,-0.915001,-0.391309,0.24793,0.0800307,-0.436226,0.00455401,-0.146925,-0.0146955,-0.3253,-0.205697,-0.186355,-0.419664,0.196302,-0.142967,0.145421
46.92,-0.201883,-0.000213053,0.000589243,0.421095,-0.242386,0.000652104,-0.202526,0.000315318,-2.67838e-05,0.420081,-0.245926,-0.00176334,0.000133919,-0.000158499,0.00296643,0.00417051,-0.00255264,-0.000790959,0.00872452,0.000155795,0.00675719,0.000874369,0.00328368,0.00222907,0.00367916,0.00820919,-0.00982706,0.00739379,-0.00727107,-0.2,0,0,0.42,-0.23,0,-0.2,0,0,0.42,-0.23,0,0,0,0,0,0,0,0,0,0,0,0,0,0,0,0,0,0,-0.0171416,0,0.00171416,-0.0141808,0.00380854,0.00829036,-0.0462824,0,-0.0188558,0.0163625,-0.00533734,-0.0110061,-0.02057,0.00386437,0.00123248,-0.00306796,0.0076699,0,-0.00306796,0.00613592,0.00981748,-0.011781,0.0107379,-0.00153398,-0.00306796,0.00920388,-0.00613592,-0.0019635,-0.0019635,3.91513,0.0878906,-0.950817,-3.07617,7.72053,-0.910059,6.09641,-0.878906,0.279652,-1.31836,11.5206,1.54743,-0.279652,0.0992388,-6.06755,-2.5625,0.3125,0.1875,-2.75,-0.1875,-0.683594,0.0195312,-1.8125,-0.5625,0,-2.3125,0.0625,-0.693359,0.175781,0.222565,0.0213053,-0.0623527,-0.107495,0.487811,-0.0426649,0.345129,-0.0315318,0.04039,-0.0775466,0.647723,0.092546,0.0215342,0.0359567,-0.893625,-0.410915,0.239924,0.0395479,-0.43009,-0.00925182,-0.144961,-0.00570641,-0.349844,-0.219839,-0.177822,-0.428867,0.202677,-0.145912,0.147385
46.98,-0.20191,-0.000255663,0.000575852,0.421078,-0.242373,0.000659341,-0.202472,0.000315318,0,0.420132,-0.24593,-0.0017705,0.000174095,-0.000150952,0.00298087,0.00415853,-0.00254066,-0.000790959,0.00872452,0.000143811,0.00674952,0.000882039,0.00327169,0.00224105,0.00370313,0.00819721,-0.00982706,0.00739379,-0.00727107,-0.2,0,0,0.42,-0.23,0,-0.2,0,0,0.42,-0.23,0,0,0,0,0,0,0,0,0,0,0,0,0,0,0,0,0,0,-0.00857081,-0.00981748,0,-0.0316341,0.00375812,-0.00825582,-0.0137133,0,-0.010285,-0.0109083,1.68077e-05,-0.00551539,-0.00171416,-0.00676264,-0.00184873,0.00153398,0,0,0.0122718,-0.00460194,-0.00392699,0.000981748,0.00153398,0.0107379,0.0230097,-0.00153398,0,-0.00392699,0.0019635,3.18803,0.0878906,-0.950817,-2.90039,7.80899,-0.858179,4.92188,-0.878906,0.279652,0.439453,11.3421,1.54688,-0.391513,0.248097,-5.67861,-2.625,0.25,0.1875,-2.75,-0.125,-0.683594,0,-1.8125,-0.625,-0.0625,-2.25,0.0625,-0.703125,0.175781,0.208103,0.0452013,-0.0575852,-0.0351248,0.487404,-0.00986201,0.274634,-0.0315318,0.02057,0.0238653,0.637182,0.081851,-0.0470859,0.0655735,-0.888714,-0.418921,0.254066,0.0395479,-0.46077,0.00172573,-0.131063,-0.0186225,-0.330237,-0.245581,-0.231176,-0.406793,0.196541,-0.143949,0.143458
47.02,-0.201923,-0.000255663,0.000535676,0.421112,-0.242381,0.000659303,-0.202499,0.000315318,4.01757e-05,0.420123,-0.24593,-0.00175615,0.000174095,-0.000150952,0.00298087,0.00412257,-0.00254066,-0.000814927,0.00872452,0.000155795,0.00674952,0.000882039,0.00328368,0.00224105,0.00369114,0.00820919,-0.00983905,0.00739379,-0.00727107,-0.2,0,0,0.42,-0.23,0,-0.2,0,0,0.42,-0.23,0,0,0,0,0,0,0,0,0,0,0,0,0,0,0,0,0,0,0,-0.0239983,0.0137133,-0.00981748,0.00107535,-0.00183353,-0.0119991,0.00545415,0.00171416,0.00436332,-0.000528691,-0.00275523,0.0239983,0.000966092,0.00554618,-0.00613592,0,0.00153398,-0.0138058,0.00613592,-0.00589049,-0.00294524,0.0122718,-0.0199418,-0.0138058,0.00153398,0.00460194,-0.00294524,0.000981748,3.41175,0.175781,-0.894886,-4.04297,7.80899,-0.858179,5.08967,-0.878906,0.335582,-1.05469,11.4316,1.5993,-0.503374,0.0992388,-5.91197,-2.625,0.3125,0.1875,-2.6875,-0.1875,-0.673828,0.0195312,-1.8125,-0.5625,0,-2.3125,0.0625,-0.703125,0.175781,0.192299,0.0735629,-0.0809942,-0.127505,0.493107,-0.022705,0.273883,-0.0424401,-0.00744589,-0.0359427,0.638275,0.0757563,-0.124223,0.0423873,-0.910899,-0.399985,0.254066,0.0376784,-0.408614,-0.00925182,-0.1291,-0.0146955,-0.352911,-0.184222,-0.156945,-0.413528,0.192179,-0.144931,0.14444
47.08,-0.20191,-0.000221575,0.000549068,0.42112,-0.242381,0.000659303,-0.202499,0.000298274,-4.01757e-05,0.420098,-0.245926,-0.00176334,0.000147311,-0.000158499,0.00296643,0.00415853,-0.00251669,-0.000790959,0.0087365,0.000155795,0.00674952,0.000889709,0.00328368,0.00225303,0.00370313,0.00820919,-0.00983905,0.00739379,-0.00727107,-0.2,0,0,0.42,-0.23,0,-0.2,0,0,0.42,-0.23,0,0,0,0,0,0,0,0,0,0,0,0,0,0,0,0,0,0,0,0.00327249,0,0.0109083,0.00541036,0.00186313,-0.00514249,-0.00109083,0.0377116,0.0185441,0.00323938,-0.00553019,-0.00685665,0.00289828,-0.00184873,-0.00153398,0.00920388,-0.0107379,0.00460194,-0.0214757,-0.0019635,0.00785398,0.00306796,0,0.0122718,0.00153398,-0.00460194,-0.00687223,-0.0019635,3.57955,0.175781,-1.00675,-3.42773,7.80899,-0.858179,4.92188,-0.966797,-0.0559304,0.439453,11.4316,1.5993,-0.391513,0.0992388,-5.91197,-2.625,0.3125,0.1875,-2.75,-0.125,-0.683594,0.0195312,-1.8125,-0.5625,-0.0625,-2.3125,0.0625,-0.683594,0.166016,0.190961,0.0156125,-0.0549068,-0.211687,0.484437,-0.0300984,0.26017,-0.0276457,-0.0714056,-0.0888303,0.63057,0.0815942,-0.0236233,0.038855,-0.884381,-0.412785,0.233261,0.0610237,-0.446029,0.0183598,-0.133027,-0.0256482,-0.334504,-0.225303,-0.2097,-0.413528,0.201383,-0.141004,0.147385
47.12,-0.201963,-0.000221575,0.000535676,0.421112,-0.242381,0.000659303,-0.202472,0.000315318,-4.01757e-05,0.420064,-0.245926,-0.00174899,0.000227662,-0.000158499,0.00296643,0.00415853,-0.00254066,-0.000790959,0.00870055,0.000155795,0.00674952,0.000889709,0.00325971,0.00225303,0.00363122,0.00820919,-0.00981508,0.00738612,-0.00727107,-0.2,0,0,0.42,-0.23,0,-0.2,0,0,0.42,-0.23,0,0,0,0,0,0,0,0,0,0,0,0,0,0,0,0,0,0,0.010285,0.0119991,-0.0154275,-0.0327249,0.00268837,-0.00458382,-0.00514249,0.00545415,0.00171416,-0.0229074,-0.00533173,-0.0128446,0.0394257,-0.00386437,-0.00246497,0.00613592,0.0122718,0.0107379,0.00153398,-0.00153398,0,0.00883573,0.00920388,0,-0.00613592,0.0153398,0.00306796,-0.00589049,-0.00392699,3.35582,0.175781,-0.950817,-2.90039,7.80899,-0.858179,5.25746,-0.966797,0.279652,0.615234,11.6101,1.59985,-0.391513,0.0992388,-5.91197,-2.625,0.3125,0.1875,-2.75,-0.1875,-0.673828,0.0195312,-1.875,-0.5625,-0.0625,-2.3125,0.0625,-0.703125,0.185547,0.175747,-0.00184078,-0.0227127,-0.0358756,0.489881,-0.0172045,0.257492,-0.0424401,0.000589244,0.0820901,0.647714,0.0956486,-0.186576,0.0591429,-0.882533,-0.428124,0.229522,0.0180722,-0.438095,-0.00158192,-0.13499,-0.0266299,-0.344379,-0.225303,-0.169289,-0.441139,0.193234,-0.141832,0.149348
47.18,-0.20195,-0.000238619,0.000535676,0.421095,-0.242381,0.000659303,-0.202472,0.000315318,-1.33919e-05,0.420047,-0.245922,-0.00175618,0.000174095,-0.000158499,0.00297605,0.00414654,-0.00254066,-0.000802943,0.0087365,0.000131826,0.00674952,0.000874369,0.00328368,0.00225303,0.00370313,0.00820919,-0.00982706,0.00740146,-0.00727874,-0.2,0,0,0.42,-0.23,0,-0.2,0,0,0.42,-0.23,0,0,0,0,0,0,0,0,0,0,0,0,0,0,0,0,0,0,0.00171416,-0.00109083,0.00514249,-0.0163625,-0.00595924,-0.0046233,-0.010285,0.00436332,0.0291408,-0.0152716,-0.00267147,-0.00458382,-0.0222841,0.00869483,-0.00308121,-0.00460194,-0.00613592,0.0138058,-0.0122718,0.00306796,-0.00392699,-0.00883573,0.00460194,-0.0107379,0.00153398,0.0076699,0.0122718,0.0107992,-0.00883573,3.46768,0.175781,-1.06268,-2.98828,7.89792,-0.910599,4.81001,-0.878906,-0.335582,1.49414,11.6101,1.59985,-0.447443,0.0496194,-5.83418,-2.625,0.3125,0.1875,-2.75,-0.1875,-0.703125,0.0195312,-1.8125,-0.5625,-0.0625,-2.25,0.0625,-0.703125,0.175781,0.19155,0.0260436,-0.0638526,-0.0987684,0.507176,-0.0171255,0.267777,-0.0402585,-0.0569423,0.0541038,0.642225,0.079415,0.014624,0.0214654,-0.883573,-0.40545,0.266337,0.0125355,-0.412281,-0.00570449,-0.131063,-0.00865165,-0.337572,-0.203828,-0.188224,-0.4258,0.184269,-0.158828,0.154411
47.22,-0.201936,-0.000221575,0.000535676,0.421095,-0.242386,0.000652104,-0.202485,0.000315318,1.33919e-05,0.420055,-0.24593,-0.00175615,0.000147311,-0.000143404,0.00296643,0.00414654,-0.00254066,-0.000790959,0.0087365,0.000143811,0.00674952,0.000874369,0.00327169,0.00226502,0.00367916,0.00820919,-0.00982706,0.00740146,-0.00727107,-0.2,0,0,0.42,-0.23,0,-0.2,0,0,0.42,-0.23,0,0,0,0,0,0,0,0,0,0,0,0,0,0,0,0,0,0,0,-0.01309,0,-0.00436332,0.00104734,-0.0110258,-0.00514249,0,-0.0137133,0.00654498,-0.00961169,-0.0183402,0.010285,0.00579655,0.00123248,-0.0168738,0.00153398,-0.00153398,-0.0122718,-0.00153398,-0.0019635,-0.011781,-0.00153398,0,0.00153398,-0.0107379,-0.0076699,0.00589049,0.00785398,3.69141,0.263672,-1.06268,-3.86719,7.80899,-0.858179,5.53711,-0.878906,-0.0559304,0.791016,11.5211,1.65172,-0.223722,0.0992388,-5.91197,-2.5625,0.3125,0.1875,-2.6875,-0.1875,-0.683594,0.0195312,-1.8125,-0.5625,0,-2.25,0.0625,-0.703125,0.175781,0.193639,0.0483374,-0.0535676,-0.146765,0.493333,-0.00403247,0.25883,-0.0315318,0.0260874,-0.0344411,0.656441,0.106926,-0.0750482,0.0256316,-0.893625,-0.380907,0.250998,0.0426159,-0.412281,-0.00134223,-0.133027,-0.00570641,-0.324101,-0.226502,-0.187026,-0.388984,0.204211,-0.15392,0.137567
47.28,-0.201923,-0.000204531,0.00056246,0.421137,-0.242373,0.000659341,-0.202459,0.000332363,0,0.420115,-0.24593,-0.00175615,0.000147311,-0.000158499,0.00298568,0.00415853,-0.00254066,-0.000790959,0.00870055,0.000155795,0.00675719,0.000874369,0.00328368,0.00226502,0.00363122,0.00819721,-0.00982706,0.00738612,-0.0072634,-0.2,0,0,0.42,-0.23,0,-0.2,0,0,0.42,-0.23,0,0,0,0,0,0,0,0,0,0,0,0,0,0,0,0,0,0,0.0325691,0.00763582,0.0257124,0.0163625,0.00593682,-0.00273056,0.0325691,0.00218166,0,0.00218166,-0.00266587,-0.00642229,-0.0274266,-0.0154575,0.00123248,0,0,-0.00153398,-0.00613592,-0.0076699,0.00589049,-0.011781,0.00306796,-0.0122718,0,-0.0076699,-0.00306796,-0.011781,0.0107992,3.35582,0.0878906,-0.950817,-3.86719,7.80899,-0.858179,4.97781,-0.878906,0,-1.23047,11.4316,1.5993,-0.391513,0.297716,-5.75639,-2.625,0.375,0.1875,-2.6875,-0.125,-0.703125,0.0195312,-1.8125,-0.5625,0,-2.25,0.0625,-0.693359,0.175781,0.127161,0.00518145,-0.107671,-0.236061,0.483046,-0.0209125,0.180729,-0.0375996,0,-0.0259375,0.642549,0.0830904,0.0380865,0.0939223,-0.899402,-0.415853,0.254066,0.0426159,-0.422756,0.00455401,-0.141034,-0.00570641,-0.334504,-0.201958,-0.181561,-0.394521,0.199609,-0.135941,0.134469
47.32,-0.20191,-0.000238619,0.000535676,0.421129,-0.242377,0.000652143,-0.202472,0.00032384,6.69595e-05,0.420055,-0.245926,-0.00174899,0.000107135,-0.000150952,0.00298087,0.00415853,-0.00252867,-0.000802943,0.00874848,0.000155795,0.00674952,0.000882039,0.00328368,0.00226502,0.00370313,0.00820919,-0.00982706,0.00738612,-0.00727107,-0.2,0,0,0.42,-0.23,0,-0.2,0,0,0.42,-0.23,0,0,0,0,0,0,0,0,0,0,0,0,0,0,0,0,0,0,-0.00857081,-0.0119991,0,0,0.00323165,-0.00366212,0.010285,0.0109083,0.02057,-0.00545415,0.00266026,0.00826075,-0.0411399,0.00193218,0.00123248,-0.00920388,-0.00920388,0.00153398,0.00306796,-0.00920388,-0.00392699,-0.0019635,0,-0.00306796,-0.0076699,0.0138058,0,-0.0127627,-0.00294524,3.52362,0.351562,-1.00675,-4.39453,7.80899,-0.858179,5.1456,-0.966797,-0.167791,-0.175781,11.4311,1.495,-0.391513,0.0992388,-5.91197,-2.5625,0.3125,0.1875,-2.75,-0.1875,-0.703125,0.0195312,-1.8125,-0.5625,0,-2.3125,0.0625,-0.703125,0.175781,0.208103,0.0478602,-0.0535676,-0.169332,0.488627,-0.0187615,0.226637,-0.0542007,-0.0478359,0.0135554,0.63173,0.0534379,0.0912792,0.039489,-0.897958,-0.397445,0.271275,0.0370792,-0.44356,0.00608799,-0.131063,-0.0156773,-0.328368,-0.220366,-0.169816,-0.438071,0.196541,-0.13496,0.148367
47.38,-0.201923,-0.000230097,0.000535676,0.421095,-0.24239,0.000659264,-0.202459,0.000315318,1.33919e-05,0.420157,-0.24593,-0.00175615,0.000200878,-0.000150952,0.00297124,0.00415853,-0.00254066,-0.000802943,0.00872452,0.000167779,0.00674952,0.000882039,0.00328368,0.00222907,0.00373908,0.00818523,-0.00982706,0.00740146,-0.0072634,-0.2,0,0,0.42,-0.23,0,-0.2,0,0,0.42,-0.23,0,0,0,0,0,0,0,0,0,0,0,0,0,0,0,0,0,0,0.00857081,0.00218166,0.010285,-0.00109083,0.00538234,-0.00732918,0.0239983,-0.00109083,0,0.0152716,-0.00748572,-0.0109962,0.0119991,0.00289828,-0.00184873,0.0107379,-0.0076699,0.00613592,0.00920388,-0.0138058,-0.00589049,0,0.00306796,-0.0076699,0.0076699,0,-0.00460194,0,0.00785398,3.57955,0.175781,-0.950817,-2.72461,7.80899,-0.858179,4.97781,-0.878906,-0.111861,0.175781,11.5206,1.54743,-0.391513,0.0992388,-5.91197,-2.625,0.375,0.1875,-2.75,-0.125,-0.673828,0.0195312,-1.8125,-0.5625,-0.0625,-2.3125,0.0625,-0.693359,0.175781,0.175158,0.0186464,-0.0741375,-0.159855,0.484831,-0.0117122,0.197871,-0.0293502,-0.00133919,-0.08469,0.652189,0.0922383,-0.0962609,0.0365907,-0.885826,-0.437328,0.269405,0.0278753,-0.454634,0.0104502,-0.1291,-0.0176408,-0.334504,-0.207567,-0.202294,-0.409261,0.201143,-0.148029,0.137414
47.42,-0.201923,-0.000238619,0.000535676,0.421103,-0.242377,0.000666501,-0.202472,0.00032384,2.67838e-05,0.420157,-0.24593,-0.00175615,0.000200878,-0.000181142,0.00296161,0.00415853,-0.00255264,-0.000778975,0.00872452,0.000191748,0.00674185,0.000882039,0.00328368,0.00222907,0.00371511,0.00819721,-0.00981508,0.00740146,-0.00727107,-0.2,0,0,0.42,-0.23,0,-0.2,0,0,0.42,-0.23,0,0,0,0,0,0,0,0,0,0,0,0,0,0,0,0,0,0,-0.0239983,-0.00763582,-0.0154275,-0.00654498,-0.00273879,-0.0119623,0.0359974,-0.019635,0.0222841,0.00981748,0.00213718,0.00366706,0.010285,-0.00966092,0.00492993,0.00460194,-0.00920388,0.00613592,0,-0.00153398,-0.0127627,-0.00981748,0.00613592,0.0214757,0,0.00613592,-0.00460194,-0.0019635,-0.00294524,3.8592,0.0878906,-0.894886,-2.8125,7.89744,-0.8063,5.31339,-0.878906,0.223722,-0.791016,11.5206,1.54743,-0.335582,0.0992388,-5.91197,-2.625,0.375,0.1875,-2.75,-0.125,-0.683594,0.0195312,-1.8125,-0.625,0,-2.3125,0.0625,-0.703125,0.166016,0.240296,0.0391336,-0.0227127,-0.139317,0.500566,-0.00273535,0.175212,0.00688587,-0.0472466,-0.0628733,0.632943,0.0629117,-0.0911185,0.0833255,-0.903273,-0.425056,0.273672,0.0266769,-0.436226,-0.00230097,-0.122074,-0.0078233,-0.34064,-0.265858,-0.185755,-0.422132,0.200904,-0.146066,0.148367
47.48,-0.201923,-0.000238619,0.000549068,0.42112,-0.242377,0.000666501,-0.202512,0.000298274,-2.67838e-05,0.420089,-0.245922,-0.00174181,0.00021427,-0.000166047,0.00297124,0.00414654,-0.00252867,-0.000790959,0.00872452,0.000155795,0.00674952,0.000882039,0.00328368,0.002277,0.00367916,0.00818523,-0.00983905,0.00739379,-0.00727107,-0.2,0,0,0.42,-0.23,0,-0.2,0,0,0.42,-0.23,0,0,0,0,0,0,0,0,0,0,0,0,0,0,0,0,0,0,0.010285,-0.00763582,0.00514249,-0.00654498,0.00542156,0.00554006,-0.0171416,-0.01309,-0.0171416,0.00654498,-0.00532613,-0.014683,0.0137133,-0.00386437,0.00246497,0.00306796,0,0.00460194,-0.0076699,-0.0076699,-0.00589049,0.000981748,0.0168738,-0.0199418,0.0107379,0.0076699,0.00153398,-0.011781,0.0019635,3.35582,0.263672,-0.950817,-4.39453,7.72053,-0.910059,5.1456,-0.878906,0,-0.175781,11.6106,1.70415,-0.391513,0.148858,-5.98976,-2.625,0.3125,0.1875,-2.6875,-0.1875,-0.683594,0.0195312,-1.8125,-0.5,-0.0625,-2.3125,0.0625,-0.693359,0.175781,0.17173,0.0391336,-0.0651918,-0.141874,0.484245,-0.0377402,0.285508,-0.00364747,0.0369616,-0.0395552,0.647535,0.0990384,-0.105421,0.0614072,-0.898767,-0.42079,0.252867,0.0303441,-0.420886,0.00455401,-0.1291,-0.0186225,-0.362115,-0.187817,-0.205434,-0.424601,0.195247,-0.136095,0.143458
47.52,-0.20191,-0.000221575,0.000535676,0.421137,-0.242369,0.00066654,-0.202472,0.000315318,-2.67838e-05,0.420072,-0.245922,-0.00175618,0.000174095,-0.000143404,0.00297605,0.00412257,-0.00254066,-0.000778975,0.0087365,0.000131826,0.00674952,0.000882039,0.00328368,0.00226502,0.00370313,0.00818523,-0.00983905,0.00740146,-0.00727107,-0.2,0,0,0.42,-0.23,0,-0.2,0,0,0.42,-0.23,0,0,0,0,0,0,0,0,0,0,0,0,0,0,0,0,0,0,0.00685665,0.0174533,0.00685665,0.00872665,0.0124393,0.00281444,-0.00342833,-0.00763582,-0.00342833,-0.0109083,0.00322257,-1.48007e-05,-0.0188558,-0.00966092,-0.00246497,-0.0122718,-0.0107379,0.0076699,-0.00306796,0.0076699,0,0.000981748,0.00153398,0.0076699,0.0107379,0.00306796,0.00613592,0.00785398,-0.0107992,3.46768,0.0878906,-0.894886,-3.25195,7.80899,-0.858179,4.92188,-0.878906,0.223722,-0.0878906,11.4311,1.495,-0.559304,0.248097,-5.83418,-2.625,0.375,0.1875,-2.6875,-0.1875,-0.683594,0.0195312,-1.8125,-0.5625,-0.0625,-2.3125,0.0625,-0.703125,0.166016,0.177248,-0.0127491,-0.0672809,-0.205517,0.469871,-0.0322905,0.254064,-0.0162602,0.00953503,0.032815,0.630436,0.070277,0.00433898,0.072004,-0.885421,-0.387714,0.275541,0.0236089,-0.430689,-0.0103064,-0.13499,-0.0186225,-0.331436,-0.241842,-0.206632,-0.415397,0.190645,-0.155883,0.156221
47.58,-0.201896,-0.000230097,0.000549068,0.421095,-0.242381,0.000659303,-0.202512,0.000315318,-2.67838e-05,0.420064,-0.245922,-0.00175618,0.000160703,-0.000166047,0.00297124,0.00415853,-0.00255264,-0.000790959,0.0087365,0.000155795,0.00675719,0.000882039,0.00328368,0.00226502,0.00370313,0.00819721,-0.00983905,0.00740146,-0.00727107,-0.2,0,0,0.42,-0.23,0,-0.2,0,0,0.42,-0.23,0,0,0,0,0,0,0,0,0,0,0,0,0,0,0,0,0,0,0.02057,0.00872665,0.00857081,0.0109083,0.00487828,0.00461836,-0.0222841,0.00545415,0.00342833,-0.00327249,0.0102132,-0.00280456,0.0257124,-0.00483046,0.000616242,-0.00306796,0,0.00920388,0.0122718,-0.0122718,0.00687223,-0.000981748,-0.00306796,0.00306796,0.0107379,0.00153398,-0.00613592,-0.000981748,-0.00490874,3.52362,0.175781,-1.06268,-2.8125,7.80899,-0.858179,4.97781,-0.966797,-0.0559304,1.49414,11.3421,1.54688,-0.838956,0.0496194,-5.83418,-2.625,0.3125,0.1875,-2.75,-0.125,-0.683594,0.0195312,-1.8125,-0.5625,-0.0625,-2.25,0.0625,-0.693359,0.166016,0.148482,0.00555642,-0.0720484,-0.207851,0.485501,-0.0356088,0.295793,-0.0424401,-0.00417827,0.00355025,0.616455,0.0758565,-0.125348,0.0643055,-0.893221,-0.409717,0.255264,0.0211402,-0.461369,0.00915595,-0.142016,-0.016659,-0.322232,-0.232638,-0.206632,-0.412928,0.202917,-0.147047,0.15033
47.62,-0.201936,-0.000204531,0.000549068,0.421095,-0.242381,0.000659303,-0.202419,0.00032384,2.67838e-05,0.420098,-0.245926,-0.00174899,0.00021427,-0.000150952,0.00298087,0.00415853,-0.00255264,-0.000814927,0.00872452,0.000167779,0.00674185,0.000889709,0.00329566,0.00226502,0.00363122,0.00819721,-0.00982706,0.00738612,-0.00728641,-0.2,0,0,0.42,-0.23,0,-0.2,0,0,0.42,-0.23,0,0,0,0,0,0,0,0,0,0,0,0,0,0,0,0,0,0,0,-0.00109083,0,-0.0229074,-0.00164103,-0.00644202,0.0428541,0.0152716,-0.0188558,-0.00872665,0.00375686,0.000901964,0.00171416,-0.00579655,1.31614e-16,0,0.00306796,-0.00153398,0.00460194,0.00153398,-0.0127627,0.0176715,0.0076699,0,0.00153398,-0.0122718,0.00306796,-0.0147262,-0.0107992,3.35582,0.0878906,-1.00675,-3.51562,7.89744,-0.8063,4.19478,-1.05469,0.223722,0,11.3421,1.54688,-1.45419,0.148858,-5.83418,-2.625,0.3125,0.1875,-2.75,-0.125,-0.683594,0,-1.8125,-0.5625,-0.0625,-2.25,0.0625,-0.703125,0.175781,0.193639,0.0226347,-0.0549068,-0.0725885,0.49854,-0.0134881,0.156142,-0.0629273,0.0350332,0.0202528,0.629537,0.0681555,-0.0694236,0.0626752,-0.894261,-0.415853,0.249128,0.0438143,-0.44543,-0.00488956,-0.122074,-0.0354656,-0.344906,-0.226502,-0.184629,-0.385317,0.193473,-0.132996,0.156527
47.68,-0.201936,-0.000221575,0.000535676,0.421112,-0.242381,0.000659303,-0.202512,0.000315318,-2.67838e-05,0.420098,-0.245926,-0.00174899,0.000147311,-0.000150952,0.00297124,0.00414654,-0.00254066,-0.000802943,0.0087365,0.000143811,0.00674952,0.000882039,0.00328368,0.00226502,0.00366717,0.00820919,-0.00982706,0.00739379,-0.00727107,-0.2,0,0,0.42,-0.23,0,-0.2,0,0,0.42,-0.23,0,0,0,0,0,0,0,0,0,0,0,0,0,0,0,0,0,0,0.0222841,-0.00327249,-0.0119991,-0.0229074,0.00813234,0.00831009,-0.0394257,-0.00109083,0.0154275,0,0.00373445,0.00825582,-0.0428541,-6.91355e-17,0.00123248,0.00306796,0.00306796,0,-0.00613592,-0.00306796,-0.000981748,0,-0.00460194,-0.00306796,0.00153398,0,0.00306796,-0.00589049,0.00294524,3.24396,0.263672,-0.894886,-3.16406,7.72053,-0.910059,5.98455,-0.966797,0.279652,1.75781,11.3421,1.54688,-0.279652,0.0992388,-5.91197,-2.625,0.3125,0.1875,-2.625,-0.1875,-0.703125,0.0195312,-1.8125,-0.5625,0,-2.25,0.0625,-0.703125,0.166016,0.149071,0.0287025,-0.0295693,-0.0751455,0.478993,-0.0429923,0.330076,-0.0293502,-0.0281765,-0.0146538,0.629581,0.0534478,0.0843689,0.0452856,-0.895069,-0.42079,0.24793,0.0401472,-0.424553,0.000191748,-0.134009,-0.0176408,-0.319164,-0.220366,-0.186427,-0.41046,0.193473,-0.141985,0.142476
47.72,-0.201883,-0.000255663,0.000535676,0.421129,-0.242373,0.000659341,-0.202445,0.000298274,-1.33919e-05,0.420081,-0.24593,-0.00175615,0.000133919,-0.000150952,0.00297124,0.00415853,-0.0025047,-0.000802943,0.00872452,0.000143811,0.00674952,0.000882039,0.00328368,0.00225303,0.00367916,0.00818523,-0.00983905,0.00738612,-0.0072634,-0.2,0,0,0.42,-0.23,0,-0.2,0,0,0.42,-0.23,0,0,0,0,0,0,0,0,0,0,0,0,0,0,0,0,0,0,0.0188558,-0.00872665,0.010285,-0.00981748,0.00377492,-0.00274043,0.0548532,-0.00545415,-0.00685665,-0.00436332,0.00375126,0.00274043,-0.0119991,-0.00386437,-0.00369745,0.00613592,0,0.00153398,-0.00613592,0.00460194,-0.00490874,0,0,-0.0076699,0.00920388,-0.0076699,-0.0076699,-0.0137445,0.00687223,3.35582,0.0878906,-1.00675,-3.86719,7.80899,-0.858179,4.25071,-0.966797,0.223722,0.263672,11.4311,1.495,-0.223722,0.198478,-5.75639,-2.625,0.3125,0.1875,-2.6875,-0.1875,-0.673828,0.0195312,-1.8125,-0.5625,-0.0625,-2.25,0.0625,-0.693359,0.175781,0.150571,0.0430196,-0.0741375,-0.130062,0.48737,-0.0208928,0.134822,-0.0189191,0.0150525,0.00535653,0.629715,0.064765,-0.00417827,0.0568787,-0.880279,-0.428124,0.25047,0.0370792,-0.423954,-0.00747816,-0.130082,-0.0176408,-0.328368,-0.209964,-0.202366,-0.393921,0.204451,-0.133978,0.138396
47.78,-0.201896,-0.000204531,0.000549068,0.421112,-0.242381,0.000673661,-0.202459,0.000315318,-4.01757e-05,0.420072,-0.245926,-0.00176334,0.000187487,-0.000158499,0.00297605,0.00415853,-0.00254066,-0.000778975,0.00874848,0.000191748,0.00673418,0.000882039,0.00328368,0.00226502,0.00370313,0.00819721,-0.00982706,0.00740146,-0.00727874,-0.2,0,0,0.42,-0.23,0,-0.2,0,0,0.42,-0.23,0,0,0,0,0,0,0,0,0,0,0,0,0,0,0,0,0,0,0,-0.00109083,-0.00342833,-0.0119991,-0.000526469,0.00459369,-0.0119991,-0.00763582,-0.0257124,-0.019635,-0.00106299,-0.00367199,0.00685665,-0.0144914,0.000616242,0.00460194,0,-0.00306796,-0.0153398,-0.0168738,-0.00392699,-0.0019635,0.0076699,0,-0.0122718,-0.0076699,0,0.00785398,-0.00981748,3.57955,0.351562,-0.950817,-3.33984,7.80899,-0.858179,5.36932,-0.791016,0.391513,-0.0878906,11.3421,1.54688,-1.2864,0.148858,-5.83418,-2.625,0.3125,0.125,-2.6875,-0.125,-0.683594,0.0195312,-1.8125,-0.5625,0,-2.25,0.0625,-0.693359,0.175781,0.189622,0.0226347,-0.0480501,-0.118779,0.496309,-0.0361338,0.269866,-0.0162602,0.0554424,0.0677216,0.639174,0.0778778,-0.0768159,0.091024,-0.894665,-0.425056,0.254066,0.0450847,-0.406745,0.0130388,-0.130757,-0.0156773,-0.343708,-0.226502,-0.160613,-0.394521,0.196541,-0.155883,0.155392
47.82,-0.20191,-0.000255663,0.00056246,0.421112,-0.242381,0.000659303,-0.202472,0.000315318,0,0.420115,-0.245926,-0.00174899,0.000147311,-0.000158499,0.00297605,0.00415853,-0.00254066,-0.000802943,0.0087365,0.000131826,0.00674952,0.000882039,0.00328368,0.00225303,0.00365519,0.00819721,-0.00982706,0.00739379,-0.0072634,-0.2,0,0,0.42,-0.23,0,-0.2,0,0,0.42,-0.23,0,0,0,0,0,0,0,0,0,0,0,0,0,0,0,0,0,0,-0.010285,-0.0109083,-0.0137133,-0.01309,0.00160742,-0.00458876,-0.0222841,-0.00872665,0.00685665,-0.00763582,-0.00320016,-0.00733905,0.00685665,-0.00193218,0.00123248,-0.0168738,0.00613592,0.00613592,0.0184078,-0.00306796,-0.0166897,0.00294524,-0.00306796,-0.0122718,-0.0107379,-0.00613592,-0.00920388,-0.00392699,0.00883573,3.46768,0.175781,-0.894886,-3.86719,7.80899,-0.858179,5.1456,-0.878906,0.279652,1.05469,11.5211,1.65172,-1.00675,0.0496194,-5.83418,-2.5625,0.375,0.1875,-2.75,-0.1875,-0.673828,0.0195312,-1.75,-0.5625,-0.0625,-2.25,0.0625,-0.703125,0.175781,0.211531,0.047383,-0.0288194,-0.114415,0.492043,-0.0171946,0.291776,-0.0140785,-0.0137133,0.0133324,0.643451,0.0846375,-0.0647632,0.0533464,-0.896514,-0.382105,0.241794,0.0278753,-0.473641,0.000431432,-0.118301,-0.020586,-0.322232,-0.20076,-0.161284,-0.397589,0.205745,-0.143949,0.136432
47.88,-0.201896,-0.000230097,0.000575852,0.421095,-0.242373,0.000659341,-0.202526,0.000315318,-1.33919e-05,0.420055,-0.24593,-0.00175615,0.000160703,-0.000150952,0.00296161,0.00415853,-0.00252867,-0.000778975,0.00872452,0.000155795,0.00674952,0.000882039,0.00328368,0.00225303,0.00363122,0.00819721,-0.00982706,0.00740146,-0.00727107,-0.2,0,0,0.42,-0.23,0,-0.2,0,0,0.42,-0.23,0,0,0,0,0,0,0,0,0,0,0,0,0,0,0,0,0,0,0.010285,-0.00109083,0.0171416,-0.0261799,0.00378053,-0.000901962,-0.0222841,-0.00436332,-0.0154275,-0.00109083,-0.00373445,-0.00825582,-0.0171416,-0.00483046,-0.00677866,0.00460194,-0.0076699,-0.0107379,0.0153398,-0.00920388,-0.000981748,-0.00294524,0.00153398,-0.00460194,0.0153398,-0.0122718,-0.00613592,0.00981748,-0.000981748,3.41175,0.351562,-1.23047,-2.72461,7.80899,-0.858179,5.25746,-0.703125,0.167791,0,11.6101,1.59985,-0.223722,0.148858,-5.83418,-2.5625,0.3125,0.1875,-2.8125,-0.1875,-0.683594,0.0195312,-1.8125,-0.5625,-0.0625,-2.25,0.0625,-0.703125,0.175781,0.169052,0.0251914,-0.0918684,-0.0594985,0.487359,-0.0245697,0.297132,-0.0228052,0.0321941,-0.00389788,0.644686,0.0867575,0.00321406,0.0597769,-0.868147,-0.425056,0.268207,0.0604245,-0.466905,0.00608799,-0.134009,-0.0146955,-0.331436,-0.2161,-0.212241,-0.385317,0.202677,-0.157847,0.146403
47.92,-0.20191,-0.000230097,0.000549068,0.421137,-0.242377,0.000652143,-0.202459,0.000315318,5.35676e-05,0.420081,-0.24593,-0.00175615,0.000174095,-0.000158499,0.00296643,0.00415853,-0.00255264,-0.000790959,0.00870055,0.000167779,0.00674952,0.000882039,0.00329566,0.00226502,0.00365519,0.00820919,-0.00982706,0.00738612,-0.00727107,-0.2,0,0,0.42,-0.23,0,-0.2,0,0,0.42,-0.23,0,0,0,0,0,0,0,0,0,0,0,0,0,0,0,0,0,0,0.0119991,-0.00545415,0.00171416,0.019635,0.00214509,-0.00550552,0.0171416,0.00327249,0.0325691,-0.0261799,-0.00801441,-0.0137515,-0.0479966,0.000966092,-0.00431369,0.00153398,0.00460194,-0.00153398,0,-0.0107379,-0.000981748,-0.000981748,0.00306796,-0.0214757,-0.0076699,0,0,-0.00589049,-0.00294524,3.63548,0.263672,-0.894886,-4.04297,7.80899,-0.858179,4.97781,-0.878906,0,1.05469,11.5211,1.65172,-0.838956,0.0992388,-5.91197,-2.625,0.375,0.1875,-2.75,-0.125,-0.683594,0.0195312,-1.8125,-0.5,-0.0625,-2.25,0.0625,-0.683594,0.166016,0.166963,0.033918,-0.0583351,-0.249151,0.4908,-0.0150747,0.211584,-0.0380768,-0.0704949,0.092623,0.653246,0.0977488,0.0917613,0.0446516,-0.876987,-0.418921,0.24606,0.0426159,-0.435027,0.00738228,-0.134009,-0.016659,-0.335702,-0.18355,-0.16742,-0.41046,0.196541,-0.141832,0.148367
47.98,-0.201923,-0.000238619,0.00056246,0.421095,-0.242377,0.000652143,-0.202459,0.00032384,2.67838e-05,0.420047,-0.24593,-0.00175615,0.000147311,-0.000166047,0.00297124,0.00412257,-0.00255264,-0.000755006,0.0087365,0.000155795,0.00674952,0.000874369,0.00328368,0.00226502,0.00370313,0.00819721,-0.00983905,0.00740913,-0.0072634,-0.2,0,0,0.42,-0.23,0,-0.2,0,0,0.42,-0.23,0,0,0,0,0,0,0,0,0,0,0,0,0,0,0,0,0,0,0.00514249,-0.00436332,0.00171416,-0.0261799,-0.00269397,0.00274536,0.0188558,-0.00654498,0.00514249,0,-5.60258e-06,0.00183846,-0.0325691,-1.38271e-16,0.00246497,-0.0107379,-0.00460194,0.00613592,-0.00613592,0.00153398,0,-0.0019635,0.00613592,-0.00460194,-0.00153398,0.0076699,-0.00460194,0.0107992,-0.00294524,3.18803,0.175781,-1.06268,-3.95508,7.80899,-0.858179,4.97781,-0.878906,0.167791,0.791016,11.3421,1.54688,-0.391513,0.0992388,-5.91197,-2.625,0.375,0.1875,-2.75,-0.1875,-0.683594,0.0195312,-1.8125,-0.5625,0,-2.3125,0.0625,-0.703125,0.175781,0.182015,0.0325886,-0.0596743,-0.0594985,0.500478,-0.0315764,0.208156,-0.0192941,-0.0129634,-0.00698268,0.637228,0.0665689,0.053514,0.0498141,-0.898767,-0.390782,0.264468,0.0254785,-0.424553,-0.00464988,-0.13499,-0.0155239,-0.34064,-0.217298,-0.182088,-0.4252,0.201383,-0.158982,0.148213
48.02,-0.201923,-0.000238619,0.00056246,0.421069,-0.242377,0.000652143,-0.202445,0.000315318,2.67838e-05,0.420012,-0.245926,-0.00176334,0.000147311,-0.000150952,0.00298087,0.00415853,-0.00252867,-0.000802943,0.00872452,0.000131826,0.00674952,0.000882039,0.00328368,0.00226502,0.00367916,0.00819721,-0.00982706,0.00740146,-0.00727107,-0.2,0,0,0.42,-0.23,0,-0.2,0,0,0.42,-0.23,0,0,0,0,0,0,0,0,0,0,0,0,0,0,0,0,0,0,0.00685665,-0.019635,0.0188558,-0.0414516,0.00430139,-0.00733412,0.02057,0.00218166,0.0428541,-0.0283616,2.80129e-05,-0.00919232,-0.010285,-0.00386437,-0.00246497,-0.0076699,0.00306796,0,-0.00153398,-0.00306796,-0.0019635,0.0019635,0.00613592,0.0199418,-0.0076699,0.00920388,0,0.00490874,-0.0019635,3.35582,0.439453,-1.11861,-2.72461,7.80899,-0.858179,4.53036,-0.878906,-0.0559304,1.49414,11.5211,1.65172,-0.279652,0.148858,-5.83418,-2.625,0.375,0.1875,-2.75,-0.1875,-0.703125,0.0195312,-1.8125,-0.5625,0,-2.375,0.0625,-0.693359,0.175781,0.178586,0.0631318,-0.0939575,0.00542359,0.486487,-0.0114175,0.203388,-0.0358952,-0.0883865,0.111578,0.636992,0.0889184,-0.0133383,0.0568787,-0.886866,-0.400513,0.246731,0.0401472,-0.433158,0.000431432,-0.133027,-0.0196043,-0.34064,-0.266385,-0.168618,-0.428268,0.196541,-0.152938,0.147385
48.08,-0.201923,-0.000238619,0.000535676,0.421163,-0.242381,0.000659303,-0.202472,0.000315318,-2.67838e-05,0.420098,-0.24593,-0.00174179,0.00021427,-0.000166047,0.00297124,0.00415853,-0.00255264,-0.000778975,0.00872452,0.000167779,0.00674952,0.000882039,0.00328368,0.00225303,0.00370313,0.00818523,-0.00983905,0.00740146,-0.0072634,-0.2,0,0,0.42,-0.23,0,-0.2,0,0,0.42,-0.23,0,0,0,0,0,0,0,0,0,0,0,0,0,0,0,0,0,0,0.0154275,0.00872665,0.0119991,0.0414516,-0.00597604,-0.0101387,0.00514249,-0.00327249,0.00685665,-0.00436332,-0.00320016,-0.00733905,0.0188558,-0.00579655,0.00123248,-0.00306796,-0.00920388,0,0.00460194,0,-0.0019635,-0.000981748,0.0122718,-0.0184078,0.00306796,-0.00613592,0,-0.0019635,0.00589049,3.46768,-0.263672,-0.950817,-4.83398,7.89744,-0.8063,5.53711,-0.966797,0.335582,-0.439453,11.5211,1.65172,-0.503374,0.148858,-5.83418,-2.5625,0.3125,0.1875,-2.75,-0.125,-0.683594,0,-1.8125,-0.5625,0,-2.25,0.0625,-0.693359,0.166016,0.161445,0.00640863,-0.0775659,-0.340248,0.50721,-0.00609473,0.236922,-0.0249868,-0.0110349,0.00279949,0.643619,0.0843496,-0.120848,0.0672038,-0.895069,-0.409717,0.273672,0.0389487,-0.44543,-0.00335558,-0.133027,-0.016659,-0.352911,-0.188488,-0.191292,-0.396989,0.196781,-0.146066,0.139377
48.12,-0.20195,-0.000221575,0.000535676,0.421086,-0.242377,0.000666501,-0.202526,0.000298274,1.33919e-05,0.420081,-0.245926,-0.00174899,0.000160703,-0.000150952,0.00297124,0.00415853,-0.00254066,-0.000802943,0.00872452,0.000167779,0.00675719,0.000889709,0.00327169,0.00224105,0.00371511,0.00819721,-0.00982706,0.00739379,-0.00727107,-0.2,0,0,0.42,-0.23,0,-0.2,0,0,0.42,-0.23,0,0,0,0,0,0,0,0,0,0,0,0,0,0,0,0,0,0,0.02057,0.00327249,0,-0.0250891,1.68077e-05,0.00551539,-0.0497107,-0.00763582,-0.00857081,0.0261799,3.92181e-05,-0.0128692,-0.0239983,-0.00579655,-0.00246497,0,-0.00613592,0.0076699,-0.00306796,0.0076699,0.00785398,0.00883573,0.0076699,-0.00613592,0.0122718,0.0138058,0.00920388,-0.00392699,-0.000981748,3.29989,0.0878906,-0.894886,-2.37305,7.89792,-0.910599,5.76083,-0.966797,-0.111861,0.175781,11.4316,1.5993,-0.559304,0.148858,-5.83418,-2.625,0.375,0.1875,-2.6875,-0.1875,-0.683594,0,-1.875,-0.5625,-0.0625,-2.3125,0.0625,-0.703125,0.175781,0.153839,0.0156125,-0.0535676,-0.0625833,0.495054,-0.0376908,0.351986,-0.0145558,0.0158024,-0.116817,0.636972,0.0956979,0.023784,0.0626752,-0.883977,-0.415853,0.266337,0.0248073,-0.43009,-0.0110255,-0.142998,-0.0266299,-0.342509,-0.211833,-0.210299,-0.437472,0.187337,-0.143949,0.146403
48.18,-0.20191,-0.000238619,0.000535676,0.421129,-0.242381,0.000659303,-0.202459,0.000298274,4.01757e-05,0.42014,-0.24593,-0.0017705,0.000107135,-0.000150952,0.00298087,0.00415853,-0.00255264,-0.000790959,0.00872452,0.000167779,0.00675719,0.000882039,0.00328368,0.00225303,0.00369114,0.00819721,-0.00982706,0.00739379,-0.00727107,-0.2,0,0,0.42,-0.23,0,-0.2,0,0,0.42,-0.23,0,0,0,0,0,0,0,0,0,0,0,0,0,0,0,0,0,0,0.0394257,-0.00218166,0.00171416,0.0250891,0.000537674,-0.000916765,0.0291408,-0.00218166,0,0.0621774,-0.00154125,-0.0229734,-0.0222841,-0.00772874,0.00492993,0.00460194,0.00306796,0,0.00153398,0,0.00883573,0,0.00460194,-0.0076699,-0.00153398,0.0076699,0,-0.00981748,-0.00294524,3.02024,0.175781,-1.00675,-4.21875,7.80899,-0.858179,4.19478,-0.878906,0.559304,-0.878906,11.5211,1.65172,0.503374,0.198478,-5.91197,-2.625,0.375,0.1875,-2.75,-0.1875,-0.683594,0.0195312,-1.8125,-0.5625,0,-2.375,0.0625,-0.693359,0.175781,0.11211,0.0282252,-0.0569959,-0.269689,0.494183,-0.0245386,0.187586,-0.0254641,-0.00401757,-0.269756,0.640298,0.116767,0.0347118,0.0684718,-0.90905,-0.425056,0.249128,0.0395479,-0.439294,-0.00335558,-0.143979,-0.0176408,-0.337572,-0.209964,-0.181489,-0.4252,0.196541,-0.138058,0.148367
48.22,-0.201923,-0.000238619,0.000575852,0.421095,-0.242381,0.000659303,-0.202445,0.000315318,9.37433e-05,0.420106,-0.24593,-0.00175615,0.000200878,-0.000143404,0.00297605,0.00415853,-0.00252867,-0.000790959,0.00872452,0.000155795,0.00675719,0.000889709,0.00328368,0.00221708,0.00363122,0.00819721,-0.00982706,0.00739379,-0.0072634,-0.2,0,0,0.42,-0.23,0,-0.2,0,0,0.42,-0.23,0,0,0,0,0,0,0,0,0,0,0,0,0,0,0,0,0,0,0.00857081,-0.00327249,0.0222841,-0.0327249,0.0086252,-0.00731438,0.0462824,0.00436332,0.00685665,0.0163625,1.68077e-05,-0.00551539,0.0119991,0,0,0.00306796,0,-0.00306796,-0.0199418,0,0.00294524,-0.00392699,0.00306796,-0.00306796,-0.00306796,0.00920388,-0.00153398,-0.0019635,0.00392699,3.52362,0.263672,-0.783026,-4.04297,7.72053,-0.910059,5.1456,-0.966797,-0.0559304,-1.05469,11.5211,1.65172,-0.950817,0.198478,-5.91197,-2.625,0.3125,0.125,-2.6875,-0.1875,-0.673828,0.0195312,-1.8125,-0.625,-0.0625,-2.3125,0.0625,-0.683594,0.175781,0.175158,0.0304069,-0.102153,-0.0333185,0.478008,-0.0117433,0.151963,-0.0402585,-0.0230876,-0.0813822,0.637184,0.0812766,-0.0962609,0.0430213,-0.892816,-0.421989,0.252867,0.0456839,-0.396342,-0.0031159,-0.138089,-0.0138672,-0.334504,-0.215572,-0.175425,-0.428268,0.198075,-0.145912,0.141341
48.28,-0.201923,-0.000238619,0.00056246,0.421137,-0.242377,0.000652143,-0.202445,0.000306796,-1.33919e-05,0.420123,-0.245935,-0.00174895,0.000107135,-0.000166047,0.00297124,0.00412257,-0.00252867,-0.000790959,0.00872452,0.000155795,0.00675719,0.000882039,0.00328368,0.00222907,0.00367916,0.00820919,-0.00983905,0.00740146,-0.00727107,-0.2,0,0,0.42,-0.23,0,-0.2,0,0,0.42,-0.23,0,0,0,0,0,0,0,0,0,0,0,0,0,0,0,0,0,0,0.0274266,-0.00763582,-0.010285,0.0207258,0.0102494,-0.00638775,0.0308549,-0.00218166,0.02057,-0.00218166,-0.00106859,-0.00183353,-0.00342833,-0.00869483,0.00184873,-0.00460194,-0.0076699,0.00460194,-0.00153398,0.00153398,0.00687223,0,0.00613592,0,-0.00920388,0.00460194,-0.00153398,0.00883573,0.0019635,3.29989,0.263672,-0.838956,-4.57031,7.80899,-0.858179,5.03374,-0.878906,-0.111861,-1.49414,11.4316,1.5993,-0.503374,0.148858,-5.98976,-2.5625,0.375,0.1875,-2.6875,-0.125,-0.683594,0,-1.8125,-0.625,0,-2.25,0.0625,-0.693359,0.175781,0.137446,0.0391336,-0.035676,-0.253514,0.474591,-0.0133102,0.182818,-0.0263163,-0.0398007,-0.00976271,0.639523,0.073625,-0.0218556,0.0758986,-0.896918,-0.403053,0.268207,0.0303441,-0.433158,-0.00464988,-0.142016,-0.0176408,-0.34064,-0.222907,-0.16555,-0.419664,0.198315,-0.156865,0.143458
48.34,-0.201963,-0.000247141,0.000535676,0.421129,-0.242381,0.000673661,-0.202459,0.000315318,4.01757e-05,0.420098,-0.245926,-0.00174899,0.000133919,-0.000143404,0.00297605,0.00415853,-0.00254066,-0.000814927,0.00870055,0.000143811,0.00674952,0.000866699,0.00328368,0.0022051,0.00365519,0.00819721,-0.00982706,0.00739379,-0.00727107,-0.2,0,0,0.42,-0.23,0,-0.2,0,0,0.42,-0.23,0,0,0,0,0,0,0,0,0,0,0,0,0,0,0,0,0,0,0.0188558,-0.00327249,-0.00685665,0.0141808,0.00325966,0.00553019,0.0514249,0.00763582,0.00857081,-0.0392699,1.12052e-05,-0.00367693,0.0137133,0.000966092,0.000616242,0.00613592,-0.0076699,0.00920388,-0.00460194,-0.0214757,0,-0.00785398,0.00306796,-0.00613592,-0.00153398,0.00306796,-0.00153398,-0.00392699,-0.00785398,3.35582,0.175781,-0.950817,-3.42773,7.80899,-0.858179,5.20153,-0.878906,0.391513,-0.527344,11.4316,1.5993,-0.335582,0.148858,-5.83418,-2.625,0.375,0.1875,-2.75,-0.125,-0.712891,0,-1.8125,-0.5625,0,-2.3125,0.0625,-0.703125,0.175781,0.158605,0.0312591,-0.0398543,-0.226056,0.488737,-0.0380068,0.143018,-0.0468035,-0.0211592,0.142426,0.637028,0.0773133,-0.0813156,0.040123,-0.894665,-0.428124,0.269405,0.0223386,-0.425824,0.0185995,-0.13499,-0.00948,-0.334504,-0.208238,-0.179691,-0.415996,0.198075,-0.143949,0.153275
48.38,-0.201936,-0.000238619,0.000549068,0.42112,-0.242381,0.000659303,-0.202432,0.000298274,2.67838e-05,0.420081,-0.245935,-0.00176331,0.000120527,-0.000166047,0.00297124,0.00414654,-0.00254066,-0.000802943,0.00872452,0.000155795,0.00674952,0.000882039,0.00327169,0.00221708,0.00363122,0.00820919,-0.00982706,0.00739379,-0.0072634,-0.2,0,0,0.42,-0.23,0,-0.2,0,0,0.42,-0.23,0,0,0,0,0,0,0,0,0,0,0,0,0,0,0,0,0,0,0.0188558,-0.00763582,0.0119991,-0.0218166,0.00432941,0.0018582,0.0239983,-0.00654498,0.0188558,-0.00436332,-0.00320016,-0.00733905,0,1.38271e-16,-0.00246497,0.0153398,0,0.00153398,-0.00613592,-0.0153398,-0.000981748,-0.00294524,0.00306796,-0.00613592,0.00920388,0.0107379,-0.0076699,-0.000981748,0.0137445,3.24396,0.263672,-1.2864,-4.48242,7.80899,-0.858179,4.25071,-0.966797,0.111861,-0.791016,11.5206,1.54743,-0.391513,0.0992388,-5.75639,-2.6875,0.3125,0.1875,-2.6875,-0.125,-0.683594,0.0195312,-1.8125,-0.5625,-0.0625,-2.3125,0.0625,-0.693359,0.166016,0.155928,0.0391336,-0.0789051,-0.0807873,0.486599,-0.0300885,0.195193,-0.0167374,-0.04039,0.00535653,0.643784,0.0852103,-0.0361581,0.0498141,-0.883977,-0.445334,0.254066,0.0370792,-0.423954,0.0122239,-0.134009,-0.0146955,-0.333305,-0.209436,-0.199969,-0.431935,0.204211,-0.146894,0.131524
48.44,-0.20191,-0.000238619,0.000549068,0.421129,-0.242381,0.000659303,-0.202512,0.000315318,-2.67838e-05,0.420072,-0.245935,-0.00174895,0.000133919,-0.000143404,0.00297605,0.00415853,-0.00254066,-0.000778975,0.00872452,0.000155795,0.00674952,0.000882039,0.00328368,0.00226502,0.00367916,0.00818523,-0.00982706,0.00738612,-0.00727107,-0.2,0,0,0.42,-0.23,0,-0.2,0,0,0.42,-0.23,0,0,0,0,0,0,0,0,0,0,0,0,0,0,0,0,0,0,-0.0154275,-0.00763582,0.010285,0.0327249,-0.00379733,-0.00461343,-0.00342833,-0.00436332,-0.0171416,-0.00218166,-0.00159168,-0.00642722,-0.0188558,-0.010627,0.000616242,0,-0.00153398,0.00306796,-0.0168738,-0.00613592,-0.0019635,-0.000981748,0,0.00613592,0.00153398,0.0138058,-0.00306796,-0.0137445,-0.000981748,3.52362,0.175781,-0.950817,-3.07617,7.89792,-0.910599,5.53711,-0.791016,0.223722,0.439453,11.4316,1.5993,-0.391513,0.198478,-5.91197,-2.625,0.3125,0.1875,-2.6875,-0.1875,-0.683594,0.0195312,-1.75,-0.5625,-0.0625,-2.375,0.0625,-0.703125,0.166016,0.221816,0.0391336,-0.0754767,-0.300232,0.502853,-0.0171452,0.258081,-0.0228052,0.0369616,-0.0020916,0.640569,0.0828123,0.0163917,0.0749023,-0.894665,-0.415853,0.257134,0.0328128,-0.402478,0.00302002,-0.133027,-0.016659,-0.328368,-0.238774,-0.187026,-0.436873,0.199609,-0.133978,0.146403
48.48,-0.20195,-0.000238619,0.00056246,0.421095,-0.242377,0.000652143,-0.202459,0.000332363,-1.33919e-05,0.420115,-0.24593,-0.00174179,0.000133919,-0.000150952,0.00297124,0.00415853,-0.00254066,-0.000778975,0.0087365,0.000167779,0.00674952,0.000874369,0.00328368,0.00221708,0.00371511,0.00820919,-0.00982706,0.00737845,-0.00727874,-0.2,0,0,0.42,-0.23,0,-0.2,0,0,0.42,-0.23,0,0,0,0,0,0,0,0,0,0,0,0,0,0,0,0,0,0,0.00171416,-0.00981748,0,-0.0119991,-0.0027556,-0.0174777,0.010285,0.00218166,0,0,-0.00374006,-0.00641735,-0.00857081,-0.00193218,0.00492993,-0.00460194,-0.00306796,-0.00613592,-0.0076699,-0.00153398,-0.000981748,-0.0019635,0.00460194,-0.00153398,0.0168738,0.00920388,0,-0.00687223,-0.0127627,3.57955,0.263672,-1.00675,-3.51562,7.9859,-0.754421,4.53036,-0.966797,0.111861,0.439453,11.5211,1.65172,-0.447443,0.148858,-5.98976,-2.5625,0.3125,0.1875,-2.625,-0.1875,-0.683594,0,-1.8125,-0.625,-0.0625,-2.25,0.0625,-0.703125,0.175781,0.19155,0.0434969,-0.056246,-0.116222,0.500601,0.00886977,0.225298,-0.0375996,0.00133919,-0.0172108,0.644699,0.0825062,-0.0144632,0.0510821,-0.906162,-0.406649,0.260201,0.0512206,-0.421485,-0.0018216,-0.134009,-0.0155239,-0.337572,-0.21864,-0.219503,-0.428867,0.196541,-0.140697,0.158338
48.54,-0.201896,-0.000238619,0.00056246,0.421129,-0.242382,0.000630567,-0.202445,0.000315318,2.67838e-05,0.42014,-0.24593,-0.00174179,0.000160703,-0.000150952,0.00296161,0.00415853,-0.0025047,-0.000790959,0.00870055,0.000167779,0.00674952,0.000882039,0.00328368,0.00225303,0.00367916,0.00820919,-0.00981508,0.00740146,-0.00727107,-0.2,0,0,0.42,-0.23,0,-0.2,0,0,0.42,-0.23,0,0,0,0,0,0,0,0,0,0,0,0,0,0,0,0,0,0,0,-0.00872665,0.0137133,0.0239983,0.0113528,0.00097104,0.0257124,-0.0109083,0.0222841,0.0109083,0.00268828,-0.000931566,0.0154275,-0.00579655,-0.00246497,0.00460194,0.0153398,0.0122718,-0.00613592,0,-0.000981748,0.0019635,0.0076699,0.00920388,0.00920388,-0.0076699,0.00613592,0,0.00785398,3.46768,0.263672,-0.838956,-3.16406,7.72053,-0.910059,4.75408,-0.791016,0.279652,-0.527344,11.3421,1.54688,-0.727095,0.148858,-5.98976,-2.625,0.3125,0.1875,-2.6875,-0.125,-0.683594,0.0195312,-1.8125,-0.5625,-0.0625,-2.25,0.0625,-0.693359,0.166016,0.189622,0.0413152,-0.0836726,-0.265325,0.472556,-0.0271648,0.193103,-0.00971521,-0.0472466,-0.0646796,0.631842,0.0715346,-0.0944932,0.0626752,-0.881088,-0.425056,0.219791,0.0150042,-0.422756,-0.00335558,-0.134009,-0.0196043,-0.343708,-0.243711,-0.202366,-0.39512,0.190166,-0.148029,0.137567
48.58,-0.20195,-0.000230097,0.000535676,0.421095,-0.242381,0.000659303,-0.202459,0.000306796,6.69595e-05,0.420098,-0.245926,-0.00174899,0.000200878,-0.000181142,0.00296161,0.00415853,-0.00252867,-0.000778975,0.00872452,0.000167779,0.00674952,0.000882039,0.00328368,0.00225303,0.00370313,0.00820919,-0.00982706,0.00740913,-0.00727107,-0.2,0,0,0.42,-0.23,0,-0.2,0,0,0.42,-0.23,0,0,0,0,0,0,0,0,0,0,0,0,0,0,0,0,0,0,-0.00171416,-0.00218166,-0.00171416,0,0.00432941,0.0018582,0.0291408,0.00327249,0.00342833,0.01309,-0.000534294,-0.000916765,0.0291408,-6.91355e-17,0.00123248,0,0.00153398,0.0107379,0.00920388,0.00153398,-0.00490874,0,-0.00306796,-0.0122718,0.00153398,-0.0076699,0,0.00490874,0,3.1321,0.351562,-0.950817,-2.19727,7.80899,-0.858179,4.4185,-0.878906,-0.335582,-0.0878906,11.3421,1.54688,-0.671165,0.0496194,-5.98976,-2.625,0.3125,0.1875,-2.75,-0.1875,-0.703125,0.0195312,-1.8125,-0.5,-0.0625,-2.25,0.0625,-0.703125,0.175781,0.198407,0.027373,-0.0501393,-0.164218,0.486599,-0.0300885,0.187586,-0.0372246,-0.0135526,-0.0670137,0.638119,0.071793,-0.147686,0.0543427,-0.892181,-0.415853,0.249799,0.017473,-0.454634,-0.00488956,-0.130082,-0.0176408,-0.322232,-0.20076,-0.188224,-0.39512,0.196541,-0.153091,0.145421
48.64,-0.201923,-0.000221575,0.00056246,0.421095,-0.242381,0.000659303,-0.202472,0.000315318,4.01757e-05,0.420047,-0.24593,-0.00175615,0.000187487,-0.000166047,0.00297124,0.00417051,-0.00254066,-0.000778975,0.00870055,0.000143811,0.00674952,0.000882039,0.00327169,0.00222907,0.00365519,0.00820919,-0.00981508,0.00738612,-0.0072634,-0.2,0,0,0.42,-0.23,0,-0.2,0,0,0.42,-0.23,0,0,0,0,0,0,0,0,0,0,0,0,0,0,0,0,0,0,-0.00857081,-0.0152716,0,-0.0479966,-0.00379733,-0.00461343,0.0154275,-0.00763582,0.00685665,0.00109083,0.00213718,0.00366706,-0.0154275,-0.00579655,-0.0073949,-0.0199418,-0.00153398,0.00460194,0.00153398,-0.0153398,-0.0019635,-0.00687223,-0.00613592,-0.0138058,0.00153398,-0.00153398,-0.00613592,-0.00785398,0.00883573,3.41175,0.351562,-0.838956,-2.72461,7.80899,-0.858179,4.97781,-0.966797,0.111861,-0.175781,11.3421,1.54688,-0.950817,0.0496194,-5.83418,-2.5,0.375,0.125,-2.75,-0.125,-0.683594,0.0195312,-1.75,-0.5625,-0.0625,-2.3125,0.0625,-0.703125,0.175781,0.209441,0.0527008,-0.056246,0.027768,0.502853,-0.0171452,0.216352,-0.0162602,-0.0177309,-0.011346,0.632943,0.0629117,-0.00996357,0.0672038,-0.869187,-0.377168,0.257134,0.0297448,-0.438095,0.0124636,-0.133027,-0.0107685,-0.314898,-0.195295,-0.185827,-0.407392,0.202438,-0.139868,0.136432
48.68,-0.20195,-0.000213053,0.00056246,0.421112,-0.242373,0.000659341,-0.202485,0.000315318,2.67838e-05,0.420055,-0.24593,-0.00175615,0.000227662,-0.000166047,0.00297124,0.00414654,-0.00255264,-0.000802943,0.00872452,0.000155795,0.00674952,0.000882039,0.00328368,0.00225303,0.0036432,0.00818523,-0.00982706,0.00738612,-0.00725573,-0.2,0,0,0.42,-0.23,0,-0.2,0,0,0.42,-0.23,0,0,0,0,0,0,0,0,0,0,0,0,0,0,0,0,0,0,-0.0274266,0,-0.00342833,-0.00436332,0.000526469,-0.00459369,-0.010285,0,-0.00857081,-0.0119991,-0.00162529,0.00460356,0.0428541,-0.0125592,-0.00308121,-0.0076699,0.00153398,-0.00613592,0,-0.0168738,-0.000981748,-0.000981748,0.00306796,-0.00920388,0,0.00920388,-0.00306796,-0.0127627,0.0019635,3.52362,0.263672,-1.00675,-3.60352,7.89744,-0.8063,5.1456,-0.878906,0.727095,1.93359,11.6101,1.59985,-0.391513,0.148858,-5.83418,-2.625,0.3125,0.125,-2.75,-0.125,-0.683594,0.0195312,-1.8125,-0.5625,0,-2.375,0.0625,-0.693359,0.175781,0.249832,0.0213053,-0.0493893,-0.149322,0.493867,-0.0171863,0.269115,-0.0315318,0.0144632,0.0397354,0.640468,0.0610387,-0.196861,0.0874917,-0.882128,-0.399314,0.252196,0.052419,-0.436226,0.0137579,-0.134009,-0.016659,-0.334504,-0.206896,-0.18216,-0.427669,0.199609,-0.13496,0.143151
48.74,-0.20195,-0.000255663,0.000549068,0.421154,-0.242369,0.000637805,-0.202472,0.000306796,1.33919e-05,0.420064,-0.245926,-0.00174899,0.000147311,-0.000158499,0.00297605,0.00414654,-0.00254066,-0.000790959,0.00872452,0.000167779,0.00674952,0.000882039,0.00328368,0.00225303,0.00369114,0.00819721,-0.00982706,0.00740146,-0.00727107,-0.2,0,0,0.42,-0.23,0,-0.2,0,0,0.42,-0.23,0,0,0,0,0,0,0,0,0,0,0,0,0,0,0,0,0,0,-0.0239983,-0.0207258,-0.00857081,0.0316341,0.00810433,-0.000882226,-0.0154275,-0.0109083,-0.00857081,-0.0272708,0.00213718,0.00366706,-0.00342833,-0.00869483,0.000616242,-0.00153398,-0.00613592,0.00920388,-0.0107379,-0.00460194,-0.0019635,-0.00294524,0,-0.00460194,-0.00920388,-0.00460194,-0.0138058,0.00490874,-0.0019635,3.63548,0.351562,-1.00675,-3.60352,7.89792,-0.910599,5.1456,-0.966797,-0.223722,0.966797,11.4311,1.495,-0.279652,0.198478,-5.91197,-2.5625,0.3125,0.125,-2.6875,-0.125,-0.673828,0,-1.8125,-0.5625,-0.0625,-2.3125,0.0625,-0.703125,0.175781,0.242975,0.0670179,-0.0377651,-0.2997,0.478545,-0.0237477,0.278062,-0.008863,0.0158024,0.0995434,0.632776,0.0626253,-0.0339083,0.0736343,-0.894665,-0.411586,0.266337,0.0211402,-0.41475,0.00124636,-0.133027,-0.0146955,-0.328368,-0.2161,-0.166149,-0.400657,0.210347,-0.152938,0.147385
48.78,-0.201936,-0.000247141,0.000549068,0.421095,-0.242381,0.000644944,-0.202445,0.000315318,8.03514e-05,0.420106,-0.245918,-0.00174901,0.000200878,-0.000166047,0.00297124,0.00414654,-0.00252867,-0.000778975,0.0087365,0.000167779,0.00674952,0.000882039,0.00328368,0.00221708,0.00367916,0.00820919,-0.00983905,0.00739379,-0.0072634,-0.2,0,0,0.42,-0.23,0,-0.2,0,0,0.42,-0.23,0,0,0,0,0,0,0,0,0,0,0,0,0,0,0,0,0,0,0,-0.00545415,-0.0154275,-0.0338158,-0.00435742,-0.0110505,0.0274266,-0.00654498,0.00342833,-0.0370882,0.002182,-0.0110406,0.0274266,-0.0135253,-0.00492993,0,0.00153398,0.00613592,-0.00153398,0,-0.0019635,-0.00785398,-0.00613592,0.0076699,0.00153398,0,-0.0076699,-0.00589049,0.00785398,3.24396,0.175781,-0.894886,-3.07617,7.80899,-0.858179,4.75408,-0.878906,0.111861,1.14258,11.6101,1.59985,-1.11861,0.0992388,-5.75639,-2.625,0.3125,0.1875,-2.6875,-0.125,-0.683594,0.0195312,-1.8125,-0.5625,-0.0625,-2.3125,0.0625,-0.683594,0.166016,0.193639,0.0356224,-0.0240518,-0.0289552,0.503975,-0.00369672,0.189675,-0.0184419,-0.0148918,0.132421,0.63235,0.0920416,-0.142543,0.09039,-0.876582,-0.414654,0.249799,0.0266769,-0.433757,-0.00335558,-0.133027,-0.0097868,-0.316096,-0.237048,-0.187026,-0.41046,0.204451,-0.141985,0.137414
48.84,-0.201896,-0.000221575,0.000589243,0.421095,-0.242369,0.00066654,-0.202472,0.000298274,0,0.420081,-0.24593,-0.00174179,0.000147311,-0.000166047,0.00297124,0.00415853,-0.00254066,-0.000802943,0.0087365,0.000191748,0.00675719,0.000889709,0.00328368,0.00225303,0.00372709,0.00819721,-0.00983905,0.00740146,-0.00727107,-0.2,0,0,0.42,-0.23,0,-0.2,0,0,0.42,-0.23,0,0,0,0,0,0,0,0,0,0,0,0,0,0,0,0,0,0,0.00342833,0.0152716,0.00857081,-0.0218166,-0.00378053,0.000901962,0,-0.00109083,-0.0257124,0.00436332,-0.0090886,-0.0137465,-0.0222841,-0.0154575,0.00123248,0.00613592,-0.0076699,-0.00460194,0.00306796,-0.0138058,0.00785398,0.0107992,0.00613592,-0.0168738,-0.0076699,-0.00460194,0,0.011781,-0.00490874,3.29989,0.263672,-0.950817,-2.98828,8.07483,-0.806841,4.92188,-0.791016,0.279652,0.263672,11.5211,1.65172,-0.950817,0.198478,-6.06755,-2.625,0.375,0.1875,-2.75,-0.125,-0.683594,0.0195312,-1.8125,-0.5625,0,-2.25,0.0625,-0.703125,0.175781,0.182765,-0.00838576,-0.076066,-0.0769518,0.502311,-0.0284655,0.247207,-0.0276457,0.0514249,-0.0295501,0.655396,0.0971646,0.0226591,0.0961865,-0.895069,-0.428124,0.269405,0.049351,-0.442961,0.00997088,-0.142998,-0.0285934,-0.34064,-0.191556,-0.171015,-0.400657,0.196781,-0.15981,0.15033
48.88,-0.201883,-0.000221575,0.00056246,0.421129,-0.242381,0.000659303,-0.202485,0.000306796,-1.33919e-05,0.420072,-0.245926,-0.00174899,0.000147311,-0.000166047,0.00297124,0.00415853,-0.00252867,-0.000790959,0.0087365,0.000143811,0.00674952,0.000882039,0.00327169,0.00221708,0.00367916,0.00819721,-0.00982706,0.00739379,-0.00725573,-0.2,0,0,0.42,-0.23,0,-0.2,0,0,0.42,-0.23,0,0,0,0,0,0,0,0,0,0,0,0,0,0,0,0,0,0,0.00685665,0.00654498,0.0137133,-0.00872665,-2.80129e-05,-0.00919232,-0.0154275,-0.00763582,-0.00342833,-0.00872665,-0.00694582,-0.0119179,0,-0.00772874,0.00492993,-0.0107379,0.0107379,-0.00306796,0,0.00613592,-0.000981748,0,-0.0107379,0.0076699,0.00613592,-0.0076699,0.00460194,-0.00883573,0.0176715,3.46768,0.263672,-1.00675,-4.13086,7.80899,-0.858179,5.1456,-0.791016,-0.0559304,0.439453,11.6101,1.59985,0.111861,0.198478,-5.91197,-2.5625,0.375,0.1875,-2.75,-0.1875,-0.683594,0.0195312,-1.8125,-0.5625,-0.0625,-2.25,0.0625,-0.683594,0.175781,0.174569,0.00906753,-0.0836726,-0.134426,0.495314,-0.00798747,0.2794,-0.015408,0.00819584,0.0240883,0.650942,0.0937953,-0.0441933,0.0730003,-0.906162,-0.394377,0.231391,0.0456839,-0.436825,-0.00901214,-0.134009,-0.0176408,-0.305694,-0.237048,-0.19623,-0.394521,0.191939,-0.13904,0.127443
48.94,-0.201883,-0.000213053,0.00056246,0.421154,-0.242377,0.000637784,-0.202432,0.00032384,9.37433e-05,0.420123,-0.245935,-0.00176331,0.000147311,-0.000158499,0.00296643,0.00415853,-0.00255264,-0.000778975,0.0087365,0.000155795,0.00674952,0.000889709,0.00327169,0.00226502,0.00366717,0.00819721,-0.00982706,0.00738612,-0.00727107,-0.2,0,0,0.42,-0.23,0,-0.2,0,0,0.42,-0.23,0,0,0,0,0,0,0,0,0,0,0,0,0,0,0,0,0,0,-0.02057,-0.00654498,0.010285,0.0250891,-0.00164664,-0.00828049,0.0257124,0.00981748,0.00342833,-0.00763582,-0.00158607,-0.00826569,0.0308549,0.00289828,0.00431369,-0.00306796,0.00460194,-0.00460194,0.00153398,0.0168738,-0.0019635,0.00785398,0.00306796,-0.0153398,-0.0076699,0,-0.00306796,-0.00981748,-0.000981748,4.02699,0.175781,-0.894886,-4.39453,7.80899,-0.858179,5.48118,-0.966797,-0.223722,1.49414,11.4316,1.5993,-0.950817,0.0992388,-5.91197,-2.625,0.25,0.1875,-2.75,-0.1875,-0.683594,0.0195312,-1.8125,-0.5625,0,-2.3125,0.0625,-0.703125,0.175781,0.229422,0.0343953,-0.0768159,-0.27352,0.498385,-0.00895038,0.191765,-0.052019,-0.016231,0.0120539,0.640556,0.0870636,-0.136758,0.038855,-0.902869,-0.409717,0.24606,0.0481526,-0.439893,-0.0199897,-0.133027,-0.0256482,-0.333305,-0.195822,-0.168019,-0.40986,0.199609,-0.137905,0.146403
48.98,-0.201883,-0.000213053,0.000549068,0.421095,-0.242377,0.000652143,-0.202526,0.000315318,2.67838e-05,0.420123,-0.24593,-0.00175615,0.000174095,-0.000158499,0.00296643,0.00415853,-0.00255264,-0.000778975,0.00872452,0.000167779,0.00675719,0.000882039,0.00328368,0.00225303,0.00367916,0.00819721,-0.00982706,0.00739379,-0.00727107,-0.2,0,0,0.42,-0.23,0,-0.2,0,0,0.42,-0.23,0,0,0,0,0,0,0,0,0,0,0,0,0,0,0,0,0,0,0.010285,0.00327249,-0.00857081,-0.0294524,0.00537674,-0.00916765,-0.0514249,-0.00109083,-0.0119991,0.00436332,0.00268267,0.000906898,-0.010285,0,0,0.00920388,-0.00613592,0.00153398,0.00613592,-0.0184078,0.00490874,0,0.00460194,-0.00306796,0.00613592,0.0076699,-0.00306796,0,0,3.63548,0.175781,-1.11861,-2.54883,7.80899,-0.858179,4.97781,-0.966797,0,-0.615234,11.4316,1.5993,-0.447443,0.148858,-5.98976,-2.625,0.3125,0.1875,-2.75,-0.125,-0.673828,0.0195312,-1.8125,-0.5625,-0.0625,-2.3125,0.0625,-0.703125,0.166016,0.167712,0.0147603,-0.0377651,-0.0464085,0.484336,-0.00775041,0.355414,-0.0293502,0.0213199,-0.0359427,0.631852,0.068432,-0.0213735,0.0475498,-0.889928,-0.43426,0.267536,0.0358808,-0.448498,0.0150522,-0.140052,-0.0176408,-0.337572,-0.219168,-0.19623,-0.4252,0.199609,-0.147876,0.145421
49.04,-0.20195,-0.000204531,0.000549068,0.421086,-0.242373,0.0006737,-0.202499,0.000315318,-2.67838e-05,0.42014,-0.245935,-0.00174895,0.000133919,-0.000143404,0.00297605,0.00414654,-0.00255264,-0.000755006,0.00872452,0.000167779,0.00675719,0.000889709,0.00328368,0.00226502,0.00369114,0.00819721,-0.00981508,0.00739379,-0.00727107,-0.2,0,0,0.42,-0.23,0,-0.2,0,0,0.42,-0.23,0,0,0,0,0,0,0,0,0,0,0,0,0,0,0,0,0,0,-0.010285,0.00436332,-0.00342833,-0.0359974,0.00434061,0.00553513,0.00171416,0.00763582,0.00342833,0.0141808,1.68077e-05,-0.00551539,-0.0171416,-0.00289828,0.00184873,-0.0153398,0,-0.0122718,0.00306796,-0.0322136,0.00589049,0.00785398,0.00153398,0.0076699,-0.00153398,0,-0.0122718,-0.00294524,-0.0019635,3.24396,0.263672,-0.894886,-2.72461,7.89792,-0.910599,5.36932,-0.966797,0.279652,1.49414,11.3421,1.54688,-0.111861,0.198478,-5.75639,-2.5625,0.3125,0.1875,-2.75,-0.125,-0.703125,0,-1.8125,-0.5625,-0.0625,-2.25,0.0625,-0.703125,0.175781,0.215549,0.0117264,-0.0480501,-0.0189501,0.486237,-0.0380182,0.246457,-0.0468035,-0.00417827,-0.0777696,0.637352,0.0809887,0.0112492,0.0517161,-0.898362,-0.383975,0.255264,0.062294,-0.442362,0.028858,-0.141034,-0.0256482,-0.331436,-0.241842,-0.181489,-0.40986,0.208573,-0.144931,0.147385
49.08,-0.201923,-0.000230097,0.000535676,0.421129,-0.242377,0.000666501,-0.202472,0.000315318,0,0.420098,-0.245926,-0.00174899,0.000160703,-0.000158499,0.00297605,0.00415853,-0.00254066,-0.000802943,0.00872452,0.000143811,0.00674185,0.000882039,0.00327169,0.00226502,0.00375106,0.00819721,-0.00983905,0.00740913,-0.0072634,-0.2,0,0,0.42,-0.23,0,-0.2,0,0,0.42,-0.23,0,0,0,0,0,0,0,0,0,0,0,0,0,0,0,0,0,0,-0.0119991,0,-0.0171416,0.0294524,0.00704019,0.00462823,0.0119991,-0.00545415,0,0.00218166,0.000545499,-0.00276016,0.00514249,-0.00193218,4.38904e-17,-0.00460194,-0.00460194,0.0107379,-0.0153398,-0.0199418,-0.0127627,-0.0019635,0,-0.0184078,0,-0.0122718,-0.00460194,0.0137445,0.00294524,3.41175,0.263672,-0.671165,-4.13086,7.72053,-0.910059,5.20153,-0.791016,-0.223722,-0.878906,11.5211,1.65172,-0.615234,0.148858,-5.83418,-2.625,0.3125,0.1875,-2.625,-0.1875,-0.683594,0.0195312,-1.8125,-0.5,0,-2.25,0.0625,-0.712891,0.175781,0.216298,0.0230097,-0.0192843,-0.287142,0.481008,-0.0359165,0.223209,-0.0206235,0,-0.0233804,0.635959,0.0754798,-0.0636383,0.0533464,-0.892816,-0.406649,0.263269,0.0186714,-0.405546,0.0170655,-0.122074,-0.0156773,-0.327169,-0.189686,-0.187553,-0.385317,0.201383,-0.161927,0.142323
49.14,-0.201923,-0.000238619,0.000535676,0.421137,-0.242386,0.000637728,-0.202499,0.000315318,-1.33919e-05,0.420089,-0.24593,-0.00175615,0.000147311,-0.000158499,0.00296643,0.00414654,-0.00252867,-0.000802943,0.00870055,0.000167779,0.00675719,0.000889709,0.00328368,0.00221708,0.00375106,0.00820919,-0.00982706,0.00739379,-0.00727107,-0.2,0,0,0.42,-0.23,0,-0.2,0,0,0.42,-0.23,0,0,0,0,0,0,0,0,0,0,0,0,0,0,0,0,0,0,0.00514249,0.00545415,-0.010285,0.0349066,-0.00921889,-0.0101535,-0.0514249,-0.00218166,-0.00514249,-0.00654498,-0.00266026,-0.00826075,-0.00857081,-0.010627,0.000616242,-0.0107379,-0.0076699,0.00306796,0.00460194,0.0168738,0.00687223,0.0127627,0.00920388,-0.0199418,-0.0138058,0.0107379,0.00306796,-0.00589049,0,3.52362,0.351562,-0.783026,-4.30664,7.80899,-0.858179,5.53711,-0.791016,0.111861,0.263672,11.4316,1.5993,-0.559304,0.198478,-5.91197,-2.625,0.375,0.1875,-2.75,-0.1875,-0.683594,0,-1.8125,-0.5625,0,-2.25,0.0625,-0.693359,0.185547,0.182015,0.0129536,-0.0329976,-0.310237,0.513867,-0.00520212,0.352735,-0.0271685,0.0116242,0.0128047,0.642538,0.0867673,-0.0184808,0.0794309,-0.891776,-0.393178,0.268207,0.0340112,-0.444231,-0.0202294,-0.142016,-0.0305569,-0.346776,-0.181825,-0.159941,-0.431935,0.193473,-0.141985,0.145421
49.18,-0.201936,-0.000238619,0.000549068,0.421129,-0.242386,0.000652104,-0.202445,0.000315318,2.67838e-05,0.42014,-0.24593,-0.00175615,0.000147311,-0.000158499,0.00297605,0.00414654,-0.00254066,-0.000778975,0.00870055,0.000167779,0.00674952,0.000882039,0.00325971,0.00226502,0.00369114,0.00819721,-0.00982706,0.00740146,-0.00727874,-0.2,0,0,0.42,-0.23,0,-0.2,0,0,0.42,-0.23,0,0,0,0,0,0,0,0,0,0,0,0,0,0,0,0,0,0,0.0222841,-0.0119991,0.00857081,0.0185441,0.00107535,-0.00183353,0.0188558,-0.00872665,0.0342833,0.0305433,-0.00372325,-0.0119327,-0.0119991,0.00483046,-0.00308121,-0.0184078,-0.00306796,0,-0.0076699,-0.00153398,-0.000981748,-0.000981748,-0.00613592,-0.00460194,0.0153398,0.0138058,-0.0153398,-0.0019635,-0.00883573,3.24396,0.263672,-1.00675,-3.16406,7.80899,-0.858179,4.47443,-0.966797,-0.167791,-0.703125,11.4316,1.5993,-0.279652,0.0992388,-5.75639,-2.5625,0.375,0.125,-2.75,-0.125,-0.683594,0.0195312,-1.8125,-0.5625,-0.0625,-2.375,0.0625,-0.703125,0.166016,0.149071,0.0478602,-0.0720484,-0.243509,0.493277,-0.0224171,0.206816,-0.0140785,-0.0712449,-0.143219,0.644664,0.0941113,-0.00819584,0.0330585,-0.883573,-0.377839,0.260201,0.0389487,-0.419688,-0.0018216,-0.134009,-0.016659,-0.313699,-0.217298,-0.215237,-0.437472,0.211881,-0.146066,0.154411
49.24,-0.201923,-0.000204531,0.00056246,0.421129,-0.242381,0.000644944,-0.202485,0.000315318,2.67838e-05,0.420047,-0.24593,-0.00175615,0.000160703,-0.000158499,0.00296643,0.00415853,-0.00254066,-0.000802943,0.00872452,0.000167779,0.00675719,0.000882039,0.00327169,0.00222907,0.00363122,0.00819721,-0.00983905,0.00739379,-0.00727107,-0.2,0,0,0.42,-0.23,0,-0.2,0,0,0.42,-0.23,0,0,0,0,0,0,0,0,0,0,0,0,0,0,0,0,0,0,0.02057,0.0152716,0.00857081,0.00763582,0.00429579,-0.00917258,0.00342833,0.00654498,-0.00685665,-0.0218166,-0.00212597,-0.00734399,-0.00342833,0.000966092,0.00184873,0.00613592,-0.00920388,-0.00613592,0.00613592,-0.00153398,0.00883573,-0.00589049,0.00460194,0.0107379,-0.00613592,0.00306796,0,-0.00687223,-0.00294524,3.24396,0.0878906,-1.00675,-2.72461,7.72053,-0.910059,4.69815,-1.05469,0.111861,0.263672,11.4316,1.5993,-0.727095,0.0992388,-5.91197,-2.625,0.375,0.1875,-2.75,-0.125,-0.683594,0.0195312,-1.8125,-0.5625,0,-2.3125,0.0625,-0.683594,0.175781,0.15116,-0.0100902,-0.0733876,-0.199876,0.486668,-0.0074526,0.241689,-0.0446218,0.0110349,0.0802838,0.641469,0.0849338,-0.0379259,0.0446516,-0.895474,-0.428124,0.272473,0.052419,-0.448498,-0.0018216,-0.143979,-0.0117503,-0.336373,-0.244382,-0.169289,-0.415996,0.196781,-0.141004,0.148367
49.28,-0.201936,-0.000247141,0.00056246,0.421078,-0.242386,0.000652104,-0.202459,0.000315318,0,0.420055,-0.24593,-0.00175615,0.000160703,-0.000150952,0.00298087,0.00414654,-0.00255264,-0.000802943,0.00872452,0.000155795,0.00674952,0.000882039,0.00327169,0.00226502,0.00370313,0.00820919,-0.00982706,0.00739379,-0.00727107,-0.2,0,0,0.42,-0.23,0,-0.2,0,0,0.42,-0.23,0,0,0,0,0,0,0,0,0,0,0,0,0,0,0,0,0,0,0.00685665,0.00327249,0,-0.0283616,-1.12052e-05,-0.00367693,0.0359974,0.00327249,0.0137133,0,-0.00533173,-0.0128446,-0.0137133,-0.00386437,8.77809e-17,-0.00306796,-0.00153398,0.0276117,-0.0122718,-0.0245437,-0.00490874,0,0,0,0,-0.00460194,-0.00153398,-0.00392699,-0.00589049,3.41175,0.175781,-1.11861,-2.72461,7.80899,-0.858179,4.97781,-0.966797,-0.0559304,0.791016,11.5211,1.65172,0.223722,0.148858,-5.83418,-2.625,0.3125,0.1875,-2.75,-0.125,-0.683594,0.0195312,-1.8125,-0.5625,0,-2.25,0.0625,-0.703125,0.175781,0.179926,0.0181691,-0.056246,-0.0482148,0.49545,-0.0187303,0.173873,-0.0380768,-0.0274266,-0.0082612,0.647881,0.095935,-0.00707093,0.0568787,-0.894261,-0.408518,0.258332,-0.0150762,-0.411682,0.0214278,-0.130082,-0.0176408,-0.327169,-0.226502,-0.185156,-0.401256,0.198075,-0.143949,0.151312
49.34,-0.201936,-0.000230097,0.00056246,0.421154,-0.242373,0.000659341,-0.202526,0.000315318,1.33919e-05,0.420149,-0.245926,-0.00174899,0.000147311,-0.000158499,0.00297605,0.00415853,-0.00255264,-0.000790959,0.00872452,0.000167779,0.00674952,0.000882039,0.00328368,0.00225303,0.00363122,0.00820919,-0.00982706,0.00740146,-0.00727107,-0.2,0,0,0.42,-0.23,0,-0.2,0,0,0.42,-0.23,0,0,0,0,0,0,0,0,0,0,0,0,0,0,0,0,0,0,0.00857081,0.00218166,0,0.0109083,0.000537674,-0.000916765,-0.0222841,0.00109083,-0.0119991,0.0119991,-0.00427995,-0.00549566,-0.00171416,-0.0154575,0.00369745,0.0138058,-0.0122718,0.0153398,0,0,-0.00294524,0,0.0153398,0,-0.00306796,0.00306796,0.0076699,0.00490874,-0.00392699,3.29989,0.175781,-0.783026,-3.7793,7.80899,-0.858179,5.81676,-0.791016,0,-0.175781,11.6101,1.59985,-0.559304,0.248097,-5.98976,-2.625,0.375,0.1875,-2.75,-0.1875,-0.703125,0.0195312,-1.875,-0.5625,0,-2.25,0.0625,-0.693359,0.175781,0.176497,0.0186464,-0.056246,-0.216797,0.493845,-0.0245401,0.297132,-0.0337135,0.0226591,-0.0703215,0.64561,0.0809508,-0.0390508,0.0939223,-0.903909,-0.443464,0.279808,0.00886833,-0.436226,-0.00335558,-0.132045,-0.0176408,-0.359047,-0.225303,-0.175425,-0.416596,0.188871,-0.152938,0.149348
49.38,-0.201923,-0.000221575,0.000589243,0.421095,-0.242373,0.0006737,-0.202499,0.000315318,-2.67838e-05,0.420098,-0.245926,-0.00174899,0.000147311,-0.000150952,0.00298087,0.00415853,-0.00254066,-0.000790959,0.00872452,0.000167779,0.00674952,0.000882039,0.00328368,0.00226502,0.00365519,0.00819721,-0.00981508,0.00739379,-0.00727107,-0.2,0,0,0.42,-0.23,0,-0.2,0,0,0.42,-0.23,0,0,0,0,0,0,0,0,0,0,0,0,0,0,0,0,0,0,0.0171416,0.00654498,0.0428541,-0.0141808,-0.00272759,-0.00828542,-0.0308549,-0.00545415,-0.00171416,0.00763582,-0.00264906,-0.0119377,-0.0239983,0.00289828,0.00431369,-0.00153398,0.00460194,0,-0.00920388,-0.0076699,-0.00392699,-0.000981748,0.00460194,-0.0076699,0,-0.00306796,0.0107379,-0.00392699,0.000981748,3.41175,0.175781,-1.17454,-2.8125,7.80899,-0.858179,4.92188,-0.966797,0.223722,-0.175781,11.5211,1.65172,-0.391513,0.148858,-5.83418,-2.625,0.375,0.1875,-2.75,-0.125,-0.703125,0.0195312,-1.8125,-0.5625,-0.0625,-2.25,0.0625,-0.703125,0.175781,0.158016,0.00906753,-0.144632,-0.107495,0.500373,-0.0103771,0.311595,-0.0206235,0.0061067,-0.0451971,0.642348,0.0938348,0.0278016,0.0365907,-0.907202,-0.412785,0.244862,0.0395479,-0.417818,0.00431432,-0.131063,-0.016659,-0.337572,-0.211162,-0.182759,-0.403725,0.185564,-0.143949,0.14444
49.44,-0.201936,-0.000238619,0.00056246,0.421129,-0.242381,0.000659303,-0.202472,0.000298274,1.33919e-05,0.420098,-0.24593,-0.00175615,0.000187487,-0.000150952,0.00298087,0.00415853,-0.00255264,-0.000790959,0.00872452,0.000167779,0.00674952,0.000889709,0.00328368,0.00225303,0.00365519,0.00820919,-0.00982706,0.00740146,-0.00727107,-0.2,0,0,0.42,-0.23,0,-0.2,0,0,0.42,-0.23,0,0,0,0,0,0,0,0,0,0,0,0,0,0,0,0,0,0,-0.0137133,-0.00218166,-0.0137133,0.0119991,0.00864761,3.94733e-05,0.00685665,-0.00545415,0.0359974,0.0163625,-0.00853189,-0.0201836,0.0257124,-0.00193218,-0.00123248,0.0076699,-0.0122718,-0.0122718,-0.0168738,-0.00306796,-0.000981748,0.00883573,0.0076699,-0.0107379,0,0.00153398,-0.00153398,0.00687223,-0.000981748,3.57955,0.0878906,-0.950817,-2.8125,7.80899,-0.858179,5.1456,-0.791016,0,0.527344,11.5211,1.65172,-0.503374,0.148858,-5.67861,-2.625,0.375,0.1875,-2.625,-0.1875,-0.683594,0.0195312,-1.8125,-0.5625,-0.0625,-2.25,0.0625,-0.693359,0.175781,0.221066,0.0282252,-0.0288194,-0.217329,0.477963,-0.026451,0.233494,-0.0189191,-0.073334,-0.0801037,0.654281,0.110613,-0.133383,0.0510821,-0.890563,-0.431192,0.279808,0.0640916,-0.402478,-0.000287622,-0.134009,-0.0266299,-0.343708,-0.203828,-0.182759,-0.413528,0.198075,-0.154901,0.146403
49.48,-0.201923,-0.000230097,0.00056246,0.42112,-0.242381,0.000659303,-0.202472,0.00032384,5.35676e-05,0.420064,-0.245939,-0.00177047,0.000200878,-0.000158499,0.00297605,0.00415853,-0.00254066,-0.000790959,0.00870055,0.000143811,0.00674952,0.000882039,0.00328368,0.00224105,0.00366717,0.00819721,-0.00982706,0.00739379,-0.00727107,-0.2,0,0,0.42,-0.23,0,-0.2,0,0,0.42,-0.23,0,0,0,0,0,0,0,0,0,0,0,0,0,0,0,0,0,0,0.010285,-0.00545415,0.00171416,0.0163625,0.00432941,0.0018582,0,0.00218166,0.0308549,0.0119991,0.000562307,-0.00827555,0.02057,-0.00579655,0.00246497,-0.00920388,0.00153398,0.00306796,0.00306796,-0.0076699,-0.00294524,0.0019635,-0.00306796,-0.0107379,-0.00460194,0.00306796,-0.0107379,-0.00392699,-0.0019635,3.57955,0.175781,-1.11861,-3.07617,7.72053,-0.910059,4.86594,-0.966797,0.167791,-0.263672,11.4316,1.5993,-0.894886,0.198478,-5.91197,-2.5625,0.3125,0.1875,-2.75,-0.1875,-0.683594,0,-1.8125,-0.5625,0,-2.3125,0.0625,-0.693359,0.175781,0.17173,0.033918,-0.0596743,-0.233504,0.486599,-0.0300885,0.247207,-0.0367474,-0.0670666,-0.0575363,0.636426,0.0873697,-0.121973,0.0649395,-0.900211,-0.397445,0.250998,0.033412,-0.441163,0.00479369,-0.132045,-0.0196043,-0.322232,-0.202629,-0.174155,-0.415996,0.207279,-0.143949,0.147385
49.54,-0.20191,-0.000255663,0.000549068,0.42112,-0.242386,0.000652104,-0.202512,0.000315318,2.67838e-05,0.420081,-0.245926,-0.00174899,0.000147311,-0.000166047,0.00297124,0.00415853,-0.00252867,-0.000790959,0.00872452,0.000131826,0.00674952,0.000882039,0.00328368,0.00225303,0.00361924,0.00820919,-0.0098031,0.00739379,-0.00727107,-0.2,0,0,0.42,-0.23,0,-0.2,0,0,0.42,-0.23,0,0,0,0,0,0,0,0,0,0,0,0,0,0,0,0,0,0,0.0171416,-0.00872665,-0.0154275,0.0294524,0.00322044,-0.00733905,-0.00685665,0,0.00171416,-0.0109083,5.60258e-05,-0.0183846,0.00514249,0.000966092,0.00184873,0,0,0.00153398,-0.00460194,-0.0168738,-0.011781,-0.00490874,0.00153398,0.00460194,-0.00306796,-0.00306796,0.00613592,-0.000981748,-0.000981748,3.46768,0.0878906,-0.671165,-2.8125,7.80899,-0.858179,5.03374,-0.966797,0.223722,0.263672,11.5211,1.65172,-0.447443,0.0992388,-5.91197,-2.625,0.375,0.1875,-2.6875,-0.1875,-0.683594,0.0195312,-1.8125,-0.5625,-0.0625,-2.25,0.0625,-0.693359,0.175781,0.156678,0.0430196,-0.0240518,-0.285864,0.488987,-0.0114061,0.264938,-0.0315318,-0.0061067,0.0315365,0.636938,0.106729,-0.0596207,0.0469159,-0.896918,-0.415853,0.252867,0.03648,-0.427022,0.0142373,-0.123209,-0.012732,-0.331436,-0.234507,-0.174826,-0.404324,0.189926,-0.146894,0.146403
49.6,-0.201856,-0.000255663,0.000549068,0.421137,-0.242377,0.000666501,-0.202445,0.000298274,2.67838e-05,0.420098,-0.245926,-0.00174899,0.000147311,-0.000143404,0.00297605,0.00415853,-0.00254066,-0.000790959,0.00872452,0.000155795,0.00674185,0.000882039,0.00328368,0.00225303,0.00363122,0.00819721,-0.00982706,0.00740146,-0.00727107,-0.2,0,0,0.42,-0.23,0,-0.2,0,0,0.42,-0.23,0,0,0,0,0,0,0,0,0,0,0,0,0,0,0,0,0,0,-0.00342833,-0.00545415,0.0119991,0.0174533,0.00651932,0.0110604,0.0137133,0.00109083,-0.00685665,-0.019635,0.0016365,-0.00828049,0.010285,-0.0164236,-0.00184873,-0.0153398,0.00306796,0.00306796,0.00613592,-0.00153398,-0.00981748,0.000981748,0.00153398,-0.00153398,0.0107379,0,-0.0122718,0,-0.000981748,3.8592,0.263672,-0.671165,-5.09766,7.72053,-0.910059,5.25746,-0.878906,-0.335582,0.878906,11.5211,1.65172,-1.00675,0.248097,-5.67861,-2.5625,0.3125,0.1875,-2.8125,-0.1875,-0.673828,0.0195312,-1.8125,-0.5625,-0.0625,-2.25,0.0625,-0.693359,0.166016,0.192461,0.0364747,-0.0789051,-0.240424,0.482049,-0.0487808,0.217101,-0.0320091,0.0110349,0.063886,0.633777,0.0865204,-0.0750482,0.092292,-0.88727,-0.385173,0.24793,0.033412,-0.448498,-0.00158192,-0.125019,-0.0186225,-0.331436,-0.222235,-0.203037,-0.40986,0.208813,-0.148029,0.146403
49.64,-0.20191,-0.000238619,0.000575852,0.421154,-0.242377,0.000652143,-0.202472,0.000315318,2.67838e-05,0.420157,-0.245935,-0.00174895,0.000174095,-0.000158499,0.00297605,0.00415853,-0.00252867,-0.000802943,0.00872452,0.000155795,0.00675719,0.000882039,0.00325971,0.002277,0.00372709,0.00819721,-0.00982706,0.00739379,-0.00727107,-0.2,0,0,0.42,-0.23,0,-0.2,0,0,0.42,-0.23,0,0,0,0,0,0,0,0,0,0,0,0,0,0,0,0,0,0,0.0119991,-0.00218166,0.0222841,0.0272708,-2.80129e-05,-0.00919232,0,-0.0109083,0.00514249,0.0229074,-0.00156366,-0.0156195,-0.0137133,-0.0135253,-0.0073949,-0.00306796,0.00153398,-0.0153398,0,0.0076699,-0.0019635,0.0019635,0.00306796,0,0.00460194,0.00153398,0.00306796,-0.0019635,-0.00785398,3.41175,0.175781,-1.06268,-5.27344,7.80899,-0.858179,4.58629,-0.791016,-0.0559304,-1.23047,11.5211,1.65172,0.223722,0.198478,-5.75639,-2.625,0.3125,0.1875,-2.75,-0.1875,-0.683594,0.0195312,-1.875,-0.5625,0,-2.25,0.0625,-0.693359,0.185547,0.166963,0.0282252,-0.102153,-0.282247,0.495146,-0.00770107,0.247207,-0.00971521,-0.0129634,-0.115233,0.640513,0.101197,-0.0110885,0.0881257,-0.870631,-0.409717,0.249799,0.0708268,-0.436226,-0.0107858,-0.13318,-0.0196043,-0.332107,-0.2277,-0.195559,-0.412928,0.193473,-0.145912,0.153275
49.7,-0.201896,-0.000221575,0.000549068,0.421129,-0.242381,0.000644944,-0.202499,0.000315318,1.33919e-05,0.420157,-0.24593,-0.00175615,0.000200878,-0.000143404,0.00297605,0.00415853,-0.00255264,-0.000755006,0.00870055,0.000167779,0.00675719,0.000882039,0.00328368,0.00226502,0.00370313,0.00817324,-0.00979111,0.00740146,-0.00727107,-0.2,0,0,0.42,-0.23,0,-0.2,0,0,0.42,-0.23,0,0,0,0,0,0,0,0,0,0,0,0,0,0,0,0,0,0,0,0,0.00857081,0.0229074,-0.00217871,-0.00552526,0.00171416,-0.00545415,-0.00514249,0.051269,0.00269388,-0.00277003,-0.0188558,2.76542e-16,-0.00492993,-0.0076699,0.00153398,0.0138058,-0.00920388,-0.0076699,0.00981748,0,0.00460194,-0.0107379,0.00306796,-0.00460194,0.0199418,0.015708,-0.00687223,3.8592,0.263672,-0.671165,-3.33984,7.89792,-0.910599,4.58629,-0.791016,0.167791,-0.175781,11.4316,1.5993,-0.727095,0.0992388,-5.75639,-2.5625,0.3125,0.125,-2.6875,-0.125,-0.683594,0.0195312,-1.8125,-0.5,0,-2.25,0.0625,-0.703125,0.175781,0.189622,0.0221575,-0.0720484,-0.260962,0.499617,-0.0147472,0.246457,-0.0206235,0.00894579,-0.22868,0.631829,0.0757859,-0.00369616,0.0430213,-0.878026,-0.400513,0.252196,0.0101387,-0.41662,0.00431432,-0.144961,-0.0176408,-0.337572,-0.205026,-0.191292,-0.399458,0.17588,-0.163737,0.152294
49.74,-0.201936,-0.000238619,0.000549068,0.421129,-0.242373,0.000659341,-0.202419,0.000332363,-2.67838e-05,0.420055,-0.24593,-0.00175615,0.000160703,-0.000158499,0.00297605,0.00415853,-0.00252867,-0.000790959,0.00870055,0.000167779,0.00674952,0.000882039,0.00329566,0.00222907,0.00363122,0.00818523,-0.00983905,0.00739379,-0.00727874,-0.2,0,0,0.42,-0.23,0,-0.2,0,0,0.42,-0.23,0,0,0,0,0,0,0,0,0,0,0,0,0,0,0,0,0,0,-0.00685665,0.0163625,0,-0.00763582,0.00375812,-0.00825582,0.0582815,0.0109083,0.00514249,-0.00218166,0.00484226,-0.0027799,0.0171416,-0.000966092,-0.000616242,0,-0.00306796,0.00460194,-0.0107379,0,-0.00294524,0.00294524,0.0138058,0.00613592,-0.0076699,0.00460194,-0.0076699,-0.0019635,-0.0127627,3.46768,0.0878906,-1.17454,-4.39453,7.89744,-0.8063,4.53036,-0.791016,0.223722,0.703125,11.3421,1.54688,-0.223722,0.148858,-5.83418,-2.625,0.3125,0.1875,-2.75,-0.1875,-0.703125,0,-1.8125,-0.5625,-0.0625,-2.25,0.0625,-0.693359,0.166016,0.207352,-0.008863,-0.0549068,-0.138789,0.487404,-0.00986201,0.125287,-0.0550529,-0.0076066,0.000465442,0.627533,0.0758056,-0.0996357,0.0504481,-0.890967,-0.415853,0.259003,0.0303441,-0.413552,-0.00335558,-0.132045,-0.020586,-0.357178,-0.235178,-0.166221,-0.418465,0.204451,-0.145912,0.158338
49.8,-0.201923,-0.000238619,0.000535676,0.421129,-0.242377,0.000652143,-0.202512,0.000332363,-2.67838e-05,0.420012,-0.245935,-0.00174895,0.000174095,-0.000181142,0.00296161,0.00414654,-0.00252867,-0.000826912,0.00872452,0.000131826,0.00674952,0.000882039,0.00328368,0.00222907,0.00365519,0.00819721,-0.00982706,0.00740146,-0.00727107,-0.2,0,0,0.42,-0.23,0,-0.2,0,0,0.42,-0.23,0,0,0,0,0,0,0,0,0,0,0,0,0,0,0,0,0,0,0.02057,-0.0109083,-0.010285,0.0174533,-0.00106414,0.00551046,-0.0222841,-0.00218166,0.0137133,-0.0207258,-0.00533173,-0.0128446,-0.02057,-0.00579655,0.00492993,0,0.00460194,-0.0076699,0,0,-0.00294524,-0.0019635,-0.00153398,-0.00460194,0.0076699,0.00460194,-0.0168738,0.00883573,-0.000981748,3.57955,0.351562,-0.894886,-3.7793,7.89792,-0.910599,5.20153,-0.791016,-0.0559304,1.75781,11.5211,1.65172,-0.503374,0.0992388,-6.06755,-2.625,0.3125,0.1875,-2.6875,-0.1875,-0.683594,0.0195312,-1.8125,-0.5625,-0.0625,-2.375,0.0625,-0.693359,0.175781,0.15116,0.0456785,-0.0329976,-0.239145,0.497218,-0.0371066,0.295793,-0.0288729,-0.0247482,0.0810345,0.648049,0.0956471,0.00948146,0.0717323,-0.903273,-0.414654,0.243663,0.0566854,-0.436226,-0.00263653,-0.132045,-0.0156773,-0.3253,-0.213703,-0.198099,-0.419064,0.213415,-0.156865,0.146403
49.84,-0.201896,-0.000247141,0.00056246,0.421112,-0.242373,0.000659341,-0.202512,0.000315318,0,0.420089,-0.24593,-0.00174179,0.000133919,-0.000150952,0.00297124,0.00414654,-0.00254066,-0.000778975,0.00872452,0.000191748,0.00674952,0.000882039,0.00328368,0.00225303,0.00370313,0.00820919,-0.00982706,0.00740146,-0.00727107,-0.2,0,0,0.42,-0.23,0,-0.2,0,0,0.42,-0.23,0,0,0,0,0,0,0,0,0,0,0,0,0,0,0,0,0,0,-0.00514249,-0.00218166,0,-0.0207258,0.00110896,0.00919725,-0.0377116,-0.00436332,0,-0.00109083,-0.00480864,-0.00825088,-0.0291408,-0.00483046,-0.00308121,-0.0122718,0.00460194,-0.00306796,0.00306796,-0.00460194,-0.00883573,-0.000981748,0.00153398,0.00613592,0.0138058,-0.00920388,0.00460194,-0.0107992,-0.000981748,3.46768,0.263672,-0.894886,-4.13086,7.89792,-0.910599,5.1456,-0.878906,0.279652,-0.439453,11.5211,1.65172,-0.223722,0.148858,-5.83418,-2.5625,0.3125,0.1875,-2.75,-0.125,-0.673828,0.0195312,-1.8125,-0.5625,-0.0625,-2.25,0.0625,-0.683594,0.175781,0.199907,0.0290775,-0.056246,-0.0838721,0.492702,-0.0447681,0.326648,-0.0228052,0,-0.00901196,0.646836,0.0861733,0.0472466,0.0597769,-0.882128,-0.39011,0.244862,0.0450847,-0.442362,0.00076699,-0.126155,-0.016659,-0.331436,-0.237575,-0.212768,-0.392052,0.191939,-0.13723,0.146403
49.9,-0.20191,-0.000255663,0.000549068,0.421103,-0.242377,0.000652143,-0.202485,0.000298274,2.67838e-05,0.420149,-0.24593,-0.00175615,0.000160703,-0.000166047,0.00298087,0.00414654,-0.00252867,-0.000778975,0.00872452,0.000155795,0.00675719,0.000882039,0.00328368,0.00224105,0.00363122,0.00820919,-0.00982706,0.00740146,-0.00727107,-0.2,0,0,0.42,-0.23,0,-0.2,0,0,0.42,-0.23,0,0,0,0,0,0,0,0,0,0,0,0,0,0,0,0,0,0,0.0119991,-0.00545415,0.00857081,-0.00654498,-0.00272759,-0.00828542,0.0188558,-0.00654498,0.0171416,0.0414516,-0.00211477,-0.0110209,0.00171416,-0.00483046,-0.000616242,-0.0076699,0.00460194,0,-0.00613592,0.00153398,0.0107992,0,0.00613592,-0.0122718,0.0107379,-0.00306796,-0.0122718,0.011781,-0.0019635,3.69141,0.263672,-0.950817,-2.72461,7.80899,-0.858179,5.31339,-0.791016,0.335582,-0.703125,11.6101,1.59985,-0.335582,0.148858,-5.83418,-2.625,0.375,0.1875,-2.6875,-0.1875,-0.683594,0.0195312,-1.8125,-0.5625,-0.0625,-2.25,0.0625,-0.693359,0.166016,0.166963,0.0364747,-0.0720484,-0.139317,0.500545,-0.00951486,0.210834,-0.0167374,-0.0369616,-0.188131,0.641447,0.0922877,-0.0533533,0.0643055,-0.892412,-0.399314,0.243663,0.0389487,-0.423954,-0.00464988,-0.145943,-0.0176408,-0.34064,-0.199561,-0.203037,-0.404324,0.208813,-0.15981,0.147385
49.94,-0.201896,-0.000238619,0.000549068,0.421095,-0.242381,0.000659303,-0.202485,0.000315318,0,0.420123,-0.24593,-0.00175615,0.000133919,-0.000150952,0.00298087,0.00414654,-0.00254066,-0.000778975,0.00872452,0.000155795,0.00674185,0.000882039,0.00327169,0.00224105,0.00371511,0.00819721,-0.00982706,0.00739379,-0.00727107,-0.2,0,0,0.42,-0.23,0,-0.2,0,0,0.42,-0.23,0,0,0,0,0,0,0,0,0,0,0,0,0,0,0,0,0,0,0.0257124,-0.00327249,0,-0.0283616,-0.00217871,-0.00552526,-0.0257124,0.00436332,-0.00514249,0.0119991,-0.00320576,-0.00550059,-0.0119991,0.00193218,-0.00369745,-0.0138058,0.00460194,0.00460194,-0.00460194,0.00306796,-0.00981748,-0.00294524,-0.00306796,0.00460194,-0.00306796,0.00613592,-0.00306796,-0.00490874,-0.00392699,3.18803,0.0878906,-0.894886,-4.21875,7.80899,-0.858179,4.92188,-0.878906,0.223722,0,11.5211,1.65172,-0.223722,0.0992388,-5.75639,-2.5625,0.375,0.1875,-2.6875,-0.125,-0.683594,0.0195312,-1.8125,-0.5625,0,-2.3125,0.0625,-0.693359,0.175781,0.138197,0.0304069,-0.0549068,-0.0507718,0.499615,-0.0153216,0.29997,-0.0402585,0.010285,-0.0664859,0.643629,0.081247,-0.00417827,0.039489,-0.883168,-0.387043,0.244862,0.0297448,-0.427022,-0.00618386,-0.125019,-0.0146955,-0.321033,-0.233309,-0.17962,-0.422132,0.199609,-0.142967,0.149348
50,-0.20195,-0.000238619,0.000549068,0.421112,-0.242373,0.000659341,-0.202472,0.000315318,5.35676e-05,0.420132,-0.245926,-0.00174899,0.000174095,-0.000158499,0.00296643,0.00415853,-0.00254066,-0.000778975,0.00872452,0.000155795,0.00674952,0.000882039,0.00327169,0.00226502,0.00363122,0.00818523,-0.00982706,0.00739379,-0.00727107,-0.2,0,0,0.42,-0.23,0,-0.2,0,0,0.42,-0.23,0,0,0,0,0,0,0,0,0,0,0,0,0,0,0,0,0,0,0,0,0.010285,-0.0250891,-0.00380294,-0.00645189,0,-0.00109083,0.0411399,-0.0141808,-0.00533734,-0.0110061,-0.00171416,-0.00483046,-0.00308121,-0.00920388,0,0.00306796,0,-0.0230097,-0.00392699,-0.00392699,0,-0.00306796,0,0.00306796,0,-0.00589049,-0.00294524,3.74734,0.263672,-0.950817,-3.60352,7.80899,-0.858179,4.86594,-0.878906,0,-1.49414,11.5211,1.65172,-0.447443,0.0992388,-5.91197,-2.5625,0.3125,0.125,-2.6875,-0.125,-0.683594,0.0195312,-1.8125,-0.5625,-0.0625,-2.3125,0.0625,-0.693359,0.166016,0.194979,0.0238619,-0.0754767,-0.0664188,0.502526,-0.0134699,0.247207,-0.0293502,-0.0876366,0.0369553,0.647725,0.0919717,-0.0470859,0.0620412,-0.880684,-0.397445,0.254066,0.0328128,-0.436226,0.0198938,-0.131063,-0.0137138,-0.327169,-0.220366,-0.181561,-0.415397,0.196541,-0.141985,0.148367
50.04,-0.201896,-0.000213053,0.000535676,0.421137,-0.242377,0.000666501,-0.202459,0.000315318,-1.33919e-05,0.420149,-0.24593,-0.00175615,0.000133919,-0.000150952,0.00298087,0.00414654,-0.00252867,-0.000802943,0.00872452,0.000155795,0.00675719,0.000882039,0.00327169,0.00225303,0.00367916,0.00822118,-0.00982706,0.00739379,-0.0072634,-0.2,0,0,0.42,-0.23,0,-0.2,0,0,0.42,-0.23,0,0,0,0,0,0,0,0,0,0,0,0,0,0,0,0,0,0,0.00685665,-0.00327249,0.010285,0.0185441,0,0,0.0222841,0.00327249,-0.0222841,0.00218166,-0.00265466,-0.0100992,-0.00171416,-0.00386437,-0.00369745,-0.00920388,0,0,-0.00613592,0,0.00785398,-0.0019635,0.00153398,-0.0153398,0.00153398,0.0107379,0,-0.00392699,0.00589049,3.35582,0.351562,-1.17454,-4.83398,7.80899,-0.858179,4.19478,-0.966797,0.615234,0.527344,11.6101,1.59985,-0.503374,0.148858,-5.67861,-2.5625,0.375,0.1875,-2.6875,-0.1875,-0.683594,0.0195312,-1.8125,-0.5625,-0.0625,-2.25,0.0625,-0.693359,0.175781,0.175908,0.0278503,-0.0741375,-0.244787,0.495088,-0.02666,0.201299,-0.0380768,0.0459074,-0.0310516,0.642527,0.0904443,-0.0350332,0.0568787,-0.883168,-0.396246,0.252867,0.0401472,-0.423954,-0.0031159,-0.142998,-0.0156773,-0.330237,-0.194624,-0.187026,-0.432535,0.196541,-0.143949,0.139377
50.1,-0.20191,-0.000272708,0.000575852,0.421078,-0.242381,0.000659303,-0.202472,0.00032384,2.67838e-05,0.42014,-0.245935,-0.00174895,0.000147311,-0.000158499,0.00296643,0.00415853,-0.00252867,-0.000802943,0.00872452,0.000143811,0.00674952,0.000882039,0.00328368,0.00224105,0.00365519,0.00819721,-0.00982706,0.00739379,-0.0072634,-0.2,0,0,0.42,-0.23,0,-0.2,0,0,0.42,-0.23,0,0,0,0,0,0,0,0,0,0,0,0,0,0,0,0,0,0,-0.010285,-0.00872665,0.0188558,-0.0250891,0.00269958,-0.000906896,-0.00857081,-0.00436332,0.010285,0.0283616,-0.00320576,-0.00550059,0,-0.00193218,0.00369745,0.00306796,0,-0.00460194,-0.00153398,-0.00460194,0.00490874,0,0.00306796,-0.00460194,0.00306796,-0.00613592,-0.00153398,-0.00785398,0.00392699,3.91513,0.263672,-0.894886,-2.72461,7.80899,-0.858179,5.25746,-1.05469,0,-0.439453,11.5211,1.65172,-0.615234,0.0992388,-6.06755,-2.625,0.3125,0.1875,-2.75,-0.1875,-0.703125,0.0195312,-1.8125,-0.5625,-0.0625,-2.25,0,-0.693359,0.185547,0.211531,0.0447241,-0.0952967,-0.0613048,0.489859,-0.0245583,0.264349,-0.0236574,-0.0232483,-0.134493,0.643797,0.0809591,-0.0441933,0.0533464,-0.90102,-0.421989,0.252867,0.049351,-0.433158,0.00172573,-0.139899,-0.0176408,-0.334504,-0.214901,-0.188895,-0.397589,0.198075,-0.140022,0.141341
50.14,-0.201896,-0.000221575,0.000535676,0.421112,-0.242377,0.000652143,-0.202459,0.000315318,2.67838e-05,0.420064,-0.245926,-0.00174899,0.000147311,-0.000166047,0.00297124,0.00414654,-0.00252867,-0.000802943,0.00872452,0.000167779,0.00674952,0.000889709,0.00328368,0.00226502,0.00361924,0.00819721,-0.00985103,0.00738612,-0.00727107,-0.2,0,0,0.42,-0.23,0,-0.2,0,0,0.42,-0.23,0,0,0,0,0,0,0,0,0,0,0,0,0,0,0,0,0,0,0.0137133,-0.00218166,-0.0119991,-0.00109083,-0.00220672,-0.0147176,-0.00171416,0,0.0154275,-0.0163625,-0.00372885,-0.0100943,-0.0274266,0.00193218,0.00123248,-0.0138058,0,0.00306796,-0.0184078,-0.00306796,-0.0019635,0.00392699,0.00306796,0.0076699,0.0107379,0,-0.00920388,-0.0127627,0,3.74734,0.175781,-0.894886,-4.21875,7.9859,-0.754421,5.25746,-0.966797,0.167791,0.351562,11.5211,1.65172,0.279652,0.0496194,-5.98976,-2.5625,0.3125,0.1875,-2.625,-0.125,-0.683594,0.0195312,-1.8125,-0.5625,-0.0625,-2.25,0.0625,-0.693359,0.175781,0.162195,0.0265208,-0.0295693,-0.162412,0.499503,0.00334945,0.249296,-0.0315318,-0.0335333,0.0559101,0.644508,0.090148,0.0380865,0.0440176,-0.895069,-0.387043,0.252867,0.0340112,-0.39941,-0.000287622,-0.133027,-0.0217212,-0.334504,-0.241842,-0.202438,-0.40986,0.206225,-0.13496,0.145421
50.2,-0.201896,-0.000196009,0.00056246,0.421137,-0.242386,0.000652104,-0.202445,0.000315318,1.33919e-05,0.420123,-0.245935,-0.00174895,0.000174095,-0.000143404,0.00297605,0.00414654,-0.00255264,-0.000778975,0.00872452,0.000167779,0.00674952,0.000882039,0.00328368,0.00224105,0.00369114,0.00819721,-0.00982706,0.00739379,-0.00727874,-0.2,0,0,0.42,-0.23,0,-0.2,0,0,0.42,-0.23,0,0,0,0,0,0,0,0,0,0,0,0,0,0,0,0,0,0,0.0308549,0.00109083,0.0154275,0.00545415,0.00485587,-0.00273549,0.0171416,-0.00218166,0.0137133,0.00109083,0.00214838,-9.86716e-06,-0.00857081,0,0,0.00920388,0.00613592,0.00920388,0.00613592,-0.0168738,-0.000981748,0,0.00613592,0.00153398,-0.00920388,-0.00460194,-0.00460194,0,-0.0127627,3.74734,0.175781,-0.894886,-4.13086,7.80899,-0.858179,4.92188,-0.878906,0.111861,-0.175781,11.3421,1.54688,-0.391513,0.148858,-5.83418,-2.625,0.3125,0.1875,-2.75,-0.125,-0.683594,0.0195312,-1.875,-0.5625,0,-2.25,0.0625,-0.703125,0.166016,0.127912,0.0174192,-0.0871009,-0.192427,0.485716,-0.0206132,0.210245,-0.0271685,-0.0287658,-0.0228527,0.633089,0.0699776,-0.026516,0.0430213,-0.892816,-0.433062,0.242992,0.020541,-0.448498,0.0135182,-0.134009,-0.0176408,-0.34064,-0.227173,-0.166149,-0.400657,0.201143,-0.147876,0.158338
50.24,-0.20191,-0.000238619,0.000575852,0.421112,-0.242381,0.000644944,-0.202499,0.000298274,2.67838e-05,0.420072,-0.245939,-0.00175611,0.000147311,-0.000150952,0.00297124,0.00414654,-0.00254066,-0.000802943,0.00872452,0.000143811,0.00675719,0.000882039,0.00328368,0.00224105,0.00375106,0.00820919,-0.00982706,0.00738612,-0.00727107,-0.2,0,0,0.42,-0.23,0,-0.2,0,0,0.42,-0.23,0,0,0,0,0,0,0,0,0,0,0,0,0,0,0,0,0,0,-0.02057,0.00654498,-0.00171416,-0.0327249,0,0,-0.0239983,-0.00436332,-0.00342833,0.00763582,-0.0085431,-0.0165067,0.00514249,-0.010627,-0.00431369,-0.0076699,-0.00153398,0,0.0168738,-0.00920388,0.00785398,0.0019635,0,-0.00306796,0,0.0107379,-0.00306796,-0.00981748,-0.00589049,3.69141,0.175781,-0.671165,-3.95508,7.80899,-0.858179,5.59304,-0.791016,0.223722,-0.175781,11.6101,1.59985,0.279652,0.198478,-5.91197,-2.5625,0.375,0.1875,-2.75,-0.1875,-0.683594,0.0195312,-1.8125,-0.5625,0,-2.3125,0.0625,-0.703125,0.175781,0.232101,0.010772,-0.0541568,-0.0358756,0.49526,-0.0257978,0.297882,-0.0211008,0.00417827,-0.0413615,0.654639,0.103258,-0.0596207,0.0771666,-0.878431,-0.399314,0.257134,0.0401472,-0.469973,0.00632767,-0.142998,-0.0196043,-0.328368,-0.217969,-0.187553,-0.431935,0.199609,-0.137905,0.151312
50.3,-0.201936,-0.000238619,0.000549068,0.421146,-0.24239,0.000644888,-0.202459,0.000306796,-2.67838e-05,0.420081,-0.245926,-0.00174899,0.000147311,-0.000158499,0.00296643,0.00414654,-0.00255264,-0.000778975,0.00870055,0.000167779,0.00674952,0.000882039,0.00328368,0.002277,0.00365519,0.00818523,-0.00983905,0.00740146,-0.00727107,-0.2,0,0,0.42,-0.23,0,-0.2,0,0,0.42,-0.23,0,0,0,0,0,0,0,0,0,0,0,0,0,0,0,0,0,0,-0.0137133,-0.00545415,-0.0137133,0.0283616,-0.00539915,0.00181379,0.00685665,-0.00436332,0.00685665,-0.00218166,-0.00426875,-0.00917258,-0.00342833,-0.00966092,0.00123248,0.00153398,-0.00153398,0.0076699,-0.0076699,-0.00613592,-0.0019635,0,-0.0122718,-0.0076699,-0.00306796,-0.00306796,-0.00460194,0.00392699,0,3.52362,0.175781,-0.671165,-4.30664,7.89792,-0.910599,4.92188,-0.966797,0.279652,-0.175781,11.6101,1.59985,-0.335582,0.148858,-5.98976,-2.625,0.3125,0.1875,-2.75,-0.125,-0.683594,0.0195312,-1.75,-0.5,-0.0625,-2.25,0.0625,-0.683594,0.175781,0.221066,0.0347702,-0.0274802,-0.285331,0.506396,-0.0294231,0.232154,-0.021953,-0.0110349,-0.00337012,0.645588,0.0883046,-0.0339083,0.0765326,-0.893625,-0.417722,0.258332,0.0236089,-0.419688,0.00278034,-0.133027,-0.0176408,-0.303824,-0.21236,-0.176624,-0.403125,0.201383,-0.151956,0.145421
50.34,-0.20191,-0.000247141,0.000575852,0.42112,-0.242377,0.000652143,-0.202472,0.000298274,0,0.420123,-0.245922,-0.00175618,0.000200878,-0.000158499,0.00297605,0.00414654,-0.00254066,-0.000778975,0.00870055,0.000167779,0.00674952,0.000882039,0.00327169,0.00222907,0.00370313,0.00819721,-0.00983905,0.00739379,-0.00727107,-0.2,0,0,0.42,-0.23,0,-0.2,0,0,0.42,-0.23,0,0,0,0,0,0,0,0,0,0,0,0,0,0,0,0,0,0,0,-0.00763582,0,-0.00436332,0.00594803,0.00094637,-0.0137133,0.00109083,-0.00857081,-0.0174533,0,0,0.0274266,-0.00869483,-0.00431369,-0.00920388,-0.00153398,0.0122718,-0.00153398,0.00153398,-0.00294524,-0.00294524,0.00920388,-0.00920388,0.0107379,0.00460194,-0.00153398,-0.00294524,-0.00392699,3.52362,0.0878906,-0.615234,-2.72461,7.80899,-0.858179,5.03374,-0.878906,0.391513,0.527344,11.5206,1.54743,-0.894886,0.148858,-5.83418,-2.5625,0.375,0.1875,-2.75,-0.125,-0.683594,0.0195312,-1.8125,-0.5625,-0.0625,-2.25,0.0625,-0.693359,0.166016,0.190961,0.0399858,-0.0575852,-0.150601,0.483194,-0.0279784,0.274634,-0.0320091,0.0171416,0.0513238,0.636882,0.0702474,-0.142543,0.0736343,-0.879875,-0.396246,0.257134,0.014405,-0.431959,-0.00488956,-0.132045,-0.0146955,-0.345577,-0.204499,-0.206632,-0.419064,0.198315,-0.144931,0.149348
50.4,-0.201936,-0.000238619,0.000589243,0.421095,-0.242377,0.000652143,-0.202472,0.000298274,1.33919e-05,0.420123,-0.245926,-0.00174899,0.000187487,-0.000158499,0.00297605,0.00415853,-0.00255264,-0.000802943,0.00874848,0.000155795,0.00674952,0.000882039,0.00328368,0.00225303,0.00367916,0.00820919,-0.00982706,0.00740146,-0.00725573,-0.2,0,0,0.42,-0.23,0,-0.2,0,0,0.42,-0.23,0,0,0,0,0,0,0,0,0,0,0,0,0,0,0,0,0,0,0.0171416,0,0.0257124,-0.00218166,0.00160742,-0.00458876,-0.00342833,-0.00872665,0.0154275,0.01309,0.00376807,-0.00277496,-0.0137133,-0.0115931,0.00246497,0.0076699,-0.00920388,0,-0.00920388,-0.0107379,-0.000981748,0,-0.00613592,-0.0122718,0.00460194,-0.00306796,0.00306796,0.00392699,0.011781,3.41175,0.175781,-1.06268,-2.98828,7.80899,-0.858179,4.92188,-0.878906,0,-0.439453,11.4316,1.5993,-0.391513,0.148858,-5.83418,-2.625,0.375,0.1875,-2.6875,-0.125,-0.683594,0.0195312,-1.8125,-0.5625,-0.0625,-2.25,0.0625,-0.703125,0.166016,0.159356,0.0238619,-0.110349,-0.155492,0.491875,-0.0169082,0.254064,-0.0123741,-0.0321941,-0.0708492,0.629514,0.0755094,-0.0151061,0.0823292,-0.900211,-0.431192,0.273672,0.0401472,-0.419016,0.00762197,-0.134009,-0.0176408,-0.316096,-0.20076,-0.193162,-0.404324,0.193473,-0.151956,0.133334
50.44,-0.201883,-0.000238619,0.000549068,0.421137,-0.242377,0.000652143,-0.202459,0.000306796,4.01757e-05,0.420081,-0.245926,-0.00176334,0.000147311,-0.000135857,0.00297124,0.00414654,-0.00254066,-0.000790959,0.00872452,0.000155795,0.00674185,0.000889709,0.00328368,0.00225303,0.00363122,0.00819721,-0.00982706,0.00738612,-0.00727107,-0.2,0,0,0.42,-0.23,0,-0.2,0,0,0.42,-0.23,0,0,0,0,0,0,0,0,0,0,0,0,0,0,0,0,0,0,0.0359974,0,0.0119991,0.0261799,0.000520866,-0.00643216,0.0154275,-0.0185441,0.0137133,-0.00218166,0.00268267,0.000906898,0,-3.45599e-16,0.00616242,-0.0153398,-0.00306796,0.0122718,-0.00920388,-0.00460194,-0.0137445,0.00785398,-0.00153398,0.00613592,0.00306796,-0.00153398,-0.00460194,-0.0147262,0,3.35582,0.175781,-1.11861,-3.33984,7.80899,-0.858179,4.97781,-0.878906,0,-0.351562,11.3421,1.54688,-0.447443,0.198478,-5.91197,-2.5625,0.375,0.1875,-2.6875,-0.1875,-0.683594,0.0195312,-1.8125,-0.5625,0,-2.25,0.0625,-0.693359,0.175781,0.116287,0.0238619,-0.0789051,-0.275331,0.494048,-0.0132214,0.215013,0.00640863,-0.0314442,-0.00337012,0.631683,0.06872,-0.0441933,0.040757,-0.909859,-0.383975,0.260201,0.0150042,-0.417818,0.00148604,-0.121092,-0.0256482,-0.3253,-0.237575,-0.187697,-0.406793,0.201143,-0.132996,0.145421
50.5,-0.201936,-0.000264186,0.00056246,0.421112,-0.24239,0.000659264,-0.202539,0.000315318,-4.01757e-05,0.420081,-0.24593,-0.00175615,0.000200878,-0.000135857,0.00297124,0.00414654,-0.00255264,-0.000802943,0.00872452,0.000143811,0.00675719,0.000889709,0.00328368,0.00221708,0.00370313,0.00820919,-0.00982706,0.00739379,-0.00727107,-0.2,0,0,0.42,-0.23,0,-0.2,0,0,0.42,-0.23,0,0,0,0,0,0,0,0,0,0,0,0,0,0,0,0,0,0,0.02057,-0.0109083,-0.0119991,-0.0119991,-0.00434061,-0.00553513,-0.0548532,0,-0.00685665,-0.0163625,-0.00159728,-0.00458876,-0.02057,-0.00869483,-0.00431369,-0.00460194,-0.00306796,0.00460194,0.0276117,-0.0076699,0.00785398,0.00490874,-0.0107379,0,0.0107379,-0.00613592,-0.0138058,0,-0.000981748,3.57955,0.263672,-0.950817,-3.86719,7.80899,-0.858179,5.64897,-0.878906,0.223722,0.263672,11.4316,1.5993,-0.727095,0.248097,-5.83418,-2.625,0.375,0.1875,-2.8125,-0.125,-0.683594,0.0195312,-1.75,-0.625,-0.0625,-2.25,0.0625,-0.703125,0.175781,0.152499,0.0482352,-0.0322477,-0.118779,0.504277,-0.0153003,0.363609,-0.0315318,0.0177309,0.0533531,0.640412,0.0794234,0.00144633,0.0668415,-0.878431,-0.40545,0.2614,0.0309433,-0.491449,0.00479369,-0.142998,-0.0227029,-0.306892,-0.221708,-0.206632,-0.398188,0.210347,-0.147876,0.146403
50.54,-0.201896,-0.000238619,0.000549068,0.421154,-0.242386,0.000666463,-0.202472,0.000315318,-8.03514e-05,0.420072,-0.24593,-0.00174179,0.000147311,-0.000143404,0.00297605,0.00414654,-0.00254066,-0.000802943,0.00872452,0.000155795,0.00674952,0.000882039,0.00329566,0.00224105,0.00367916,0.00820919,-0.00981508,0.00738612,-0.0072634,-0.2,0,0,0.42,-0.23,0,-0.2,0,0,0.42,-0.23,0,0,0,0,0,0,0,0,0,0,0,0,0,0,0,0,0,0,0.0188558,-0.00109083,-0.00171416,0.00981748,0.00161302,-0.00275029,-0.0171416,0.00327249,-0.00171416,0.00327249,-0.00749132,-0.00915778,-0.00857081,-0.00289828,-0.000616242,0,0,-0.00613592,-0.0107379,-0.0107379,-0.0019635,0.000981748,0.00920388,-0.0122718,0.00306796,0.0076699,-0.0076699,-0.0127627,0.00392699,3.57955,0.175781,-0.838956,-4.48242,7.80899,-0.858179,4.97781,-0.791016,0.671165,0.351562,11.5211,1.65172,-0.503374,0.198478,-5.91197,-2.5625,0.3125,0.1875,-2.6875,-0.125,-0.683594,0,-1.8125,-0.5625,-0.0625,-2.25,0.0625,-0.693359,0.175781,0.15191,0.0260436,-0.0514784,-0.212433,0.4922,-0.0211579,0.281491,-0.0380768,0.0114635,-0.0239082,0.652202,0.0879871,-0.0184808,0.0517161,-0.890967,-0.414654,0.254066,0.052419,-0.41475,0.00762197,-0.133027,-0.0186225,-0.347974,-0.199561,-0.190094,-0.4258,0.203972,-0.13496,0.141341
50.6,-0.201923,-0.000221575,0.000535676,0.421095,-0.242373,0.000659341,-0.202512,0.000315318,4.01757e-05,0.420115,-0.24593,-0.00175615,0.000147311,-0.000150952,0.00298087,0.00415853,-0.00254066,-0.000814927,0.00872452,0.000155795,0.00675719,0.000882039,0.00328368,0.00224105,0.00363122,0.00819721,-0.00983905,0.00739379,-0.00727107,-0.2,0,0,0.42,-0.23,0,-0.2,0,0,0.42,-0.23,0,0,0,0,0,0,0,0,0,0,0,0,0,0,0,0,0,0,0.0325691,-0.00545415,-0.0188558,-0.019635,0.00105854,-0.00734892,-0.0119991,0.00545415,-0.00171416,-0.0229074,0.00271069,-0.00828542,0.00685665,-0.0154575,-0.00492993,0.00613592,0,0,-0.00460194,0,0.00785398,0.000981748,0.00306796,-0.0076699,0.0138058,-0.0214757,0,0,-0.00687223,2.96431,0.263672,-0.950817,-4.04297,7.89744,-0.8063,5.25746,-0.878906,0.167791,0.527344,11.3421,1.54688,-0.391513,0.198478,-5.75639,-2.625,0.3125,0.1875,-2.6875,-0.1875,-0.683594,0.0195312,-1.8125,-0.5625,-0.0625,-2.1875,0.0625,-0.703125,0.175781,0.127161,0.0330658,-0.015856,-0.0856784,0.492803,-0.0116758,0.275223,-0.0424401,-0.000589244,0.0744189,0.631796,0.0868167,-0.0647632,0.091658,-0.879471,-0.428124,0.254066,0.0407464,-0.427022,-0.0031159,-0.142998,-0.0186225,-0.334504,-0.208765,-0.209173,-0.366909,0.196781,-0.147876,0.152294
50.64,-0.201936,-0.000238619,0.000575852,0.421137,-0.242381,0.000644944,-0.202485,0.000315318,-2.67838e-05,0.420098,-0.245926,-0.00174899,0.000200878,-0.000158499,0.00296643,0.00414654,-0.00252867,-0.000778975,0.00874848,0.000167779,0.00675719,0.000882039,0.00327169,0.00221708,0.0036432,0.00820919,-0.00982706,0.00740146,-0.0072634,-0.2,0,0,0.42,-0.23,0,-0.2,0,0,0.42,-0.23,0,0,0,0,0,0,0,0,0,0,0,0,0,0,0,0,0,0,-0.00342833,-0.0109083,0.00685665,0.019635,0.0086364,-0.00363745,0,0.00109083,-0.00514249,0.00981748,2.24103e-05,-0.00735385,-0.0222841,-0.00579655,-0.0073949,-0.0122718,-0.00153398,0.0107379,0.0168738,0,0.00981748,-0.000981748,0.00153398,0.00306796,0,0.00920388,-0.00306796,0,0.000981748,3.35582,0.351562,-0.950817,-3.7793,7.80899,-0.858179,4.92188,-0.791016,0.335582,0.263672,11.5211,1.65172,-0.391513,0.148858,-5.83418,-2.5625,0.375,0.1875,-2.6875,-0.1875,-0.683594,0.0195312,-1.8125,-0.625,-0.0625,-2.25,0.0625,-0.693359,0.175781,0.200496,0.0456785,-0.0712985,-0.249151,0.477987,-0.0185229,0.248545,-0.0337135,0.0129634,-0.0539237,0.637005,0.0846671,0.00658882,0.0649395,-0.867743,-0.39011,0.255935,0.017473,-0.471172,-0.00335558,-0.144961,-0.016659,-0.330237,-0.227844,-0.18216,-0.428867,0.199609,-0.148029,0.144286
50.7,-0.20191,-0.000230097,0.00056246,0.42112,-0.242377,0.000666501,-0.202485,0.000298274,6.69595e-05,0.420115,-0.245926,-0.00174899,0.000133919,-0.000143404,0.00297605,0.00414654,-0.00252867,-0.000778975,0.00872452,0.000167779,0.00675719,0.000889709,0.00328368,0.00224105,0.00372709,0.00819721,-0.00982706,0.00739379,-0.00727107,-0.2,0,0,0.42,-0.23,0,-0.2,0,0,0.42,-0.23,0,0,0,0,0,0,0,0,0,0,0,0,0,0,0,0,0,0,0,-0.00654498,0.00685665,0.0229074,0.00323165,-0.00366212,0,-0.00981748,0.0171416,0.0327249,0.000551102,-0.00459863,-0.00171416,-0.00483046,-0.00308121,-0.00460194,0.00613592,0.00153398,0.00306796,-0.00460194,0.00981748,0.00785398,0.00920388,-0.00153398,0.0122718,0.00920388,0.0122718,-0.00490874,0,3.46768,0.175781,-1.17454,-2.98828,7.80899,-0.858179,5.25746,-0.878906,-0.0559304,-0.615234,11.5211,1.65172,-0.559304,0.198478,-5.91197,-2.625,0.375,0.1875,-2.75,-0.125,-0.683594,0.0195312,-1.8125,-0.5625,-0.0625,-2.375,0.0625,-0.703125,0.175781,0.190961,0.0360997,-0.0699593,-0.259684,0.488625,-0.0193358,0.248545,-0.0101925,-0.0409792,-0.148111,0.635948,0.0791567,-0.0350332,0.0575126,-0.883573,-0.40545,0.240595,0.0358808,-0.442362,0.00124636,-0.144961,-0.0256482,-0.346776,-0.221037,-0.210898,-0.428268,0.184269,-0.142967,0.145421
50.74,-0.201923,-0.000221575,0.00056246,0.421137,-0.242386,0.000652104,-0.202485,0.000298274,1.33919e-05,0.420115,-0.245935,-0.00174895,0.000120527,-0.000150952,0.00298087,0.00414654,-0.00252867,-0.000790959,0.00872452,0.000155795,0.00674952,0.000882039,0.00328368,0.00224105,0.00367916,0.00818523,-0.00982706,0.00740146,-0.00727107,-0.2,0,0,0.42,-0.23,0,-0.2,0,0,0.42,-0.23,0,0,0,0,0,0,0,0,0,0,0,0,0,0,0,0,0,0,0.00342833,0,0.00685665,0.00436332,-0.00271078,-0.00277003,-0.0325691,-0.01309,0,0,-0.0107027,-0.0128199,-0.00857081,0.000966092,0.00431369,-0.00306796,-0.0076699,0.0138058,0.00153398,0.00460194,-0.000981748,0,0.00613592,-0.0122718,-0.00460194,0.00460194,-0.00460194,0.00392699,0,3.69141,0.263672,-0.950817,-4.57031,7.80899,-0.858179,4.86594,-0.878906,-0.111861,0.703125,11.6101,1.59985,-0.111861,0.148858,-5.98976,-2.625,0.3125,0.125,-2.75,-0.1875,-0.683594,0.0195312,-1.8125,-0.5625,-0.0625,-2.375,0.0625,-0.693359,0.175781,0.185443,0.0221575,-0.0699593,-0.188064,0.500849,-0.0205441,0.313684,-0.00364747,-0.00133919,-0.0172108,0.658791,0.0955977,-0.0104457,0.0423873,-0.907202,-0.408518,0.268207,0.0119363,-0.439294,-0.00771784,-0.134009,-0.0176408,-0.34064,-0.199561,-0.174754,-0.418465,0.201143,-0.151956,0.145421
50.8,-0.20195,-0.000230097,0.000549068,0.421163,-0.242377,0.000666501,-0.202485,0.000332363,8.03514e-05,0.420098,-0.245926,-0.00174899,0.000147311,-0.000158499,0.00296643,0.00417051,-0.00254066,-0.00076699,0.00872452,0.000155795,0.00675719,0.000882039,0.00328368,0.00225303,0.00372709,0.00820919,-0.00981508,0.00738612,-0.00727107,-0.2,0,0,0.42,-0.23,0,-0.2,0,0,0.42,-0.23,0,0,0,0,0,0,0,0,0,0,0,0,0,0,0,0,0,0,-0.0119991,-0.00109083,-0.010285,0.0359974,0.00868122,0.0110703,0.0239983,0.01309,0.0154275,0.0370882,-0.00213157,-0.00550552,-0.00342833,0.000966092,-0.00184873,0.0076699,-0.00613592,0,0.0076699,0.00460194,0.00785398,-0.00589049,0,0,0.0107379,-0.00613592,-0.0184078,-0.00981748,-0.0019635,3.74734,0.263672,-1.23047,-4.57031,7.72053,-0.910059,5.53711,-0.966797,0.167791,0,11.5211,1.65172,-0.615234,0.0992388,-5.91197,-2.625,0.3125,0.1875,-2.75,-0.125,-0.683594,0.0195312,-1.8125,-0.5625,-0.0625,-2.25,0.0625,-0.693359,0.166016,0.218977,0.0251914,-0.0343368,-0.318432,0.477726,-0.0488006,0.200549,-0.0594162,-0.0388901,-0.163007,0.641313,0.0809705,-0.0339083,0.0446516,-0.884381,-0.432391,0.266337,0.0383495,-0.451566,-0.00771784,-0.142998,-0.0117503,-0.328368,-0.225303,-0.20783,-0.398188,0.214709,-0.137905,0.147385
50.86,-0.201923,-0.000255663,0.000535676,0.421129,-0.242373,0.000659341,-0.202485,0.000315318,2.67838e-05,0.420055,-0.245922,-0.00175618,0.000147311,-0.000158499,0.00297605,0.00414654,-0.00252867,-0.000790959,0.00870055,0.000155795,0.00674952,0.000882039,0.00327169,0.00226502,0.00371511,0.00820919,-0.00982706,0.00740146,-0.00727107,-0.2,0,0,0.42,-0.23,0,-0.2,0,0,0.42,-0.23,0,0,0,0,0,0,0,0,0,0,0,0,0,0,0,0,0,0,0.0188558,0.00218166,-0.00685665,0.0109083,0.00268837,-0.00458382,-0.010285,0.00436332,-0.00514249,-0.0163625,-0.000539896,0.000921699,-0.010285,-0.000966092,-0.00184873,-0.0122718,0.00153398,0.00920388,0,-0.0122718,0,-0.000981748,-0.00153398,-0.00153398,-0.00306796,0.00460194,-0.00306796,0.00392699,-0.00589049,3.24396,-0.175781,-1.00675,-4.04297,7.80899,-0.858179,5.08967,-0.966797,0.671165,0.791016,11.5206,1.54743,-0.391513,0.0992388,-5.75639,-2.625,0.3125,0.1875,-2.75,-0.125,-0.683594,0.0195312,-1.8125,-0.5625,0,-2.25,0.0625,-0.693359,0.175781,0.154588,0.021203,-0.0398543,-0.212966,0.489543,-0.017206,0.269115,-0.0402585,0.0076066,0.0571886,0.637961,0.068404,-0.0133383,0.0504481,-0.88727,-0.39011,0.249799,0.0211402,-0.435027,0.00915595,-0.13499,-0.016659,-0.324101,-0.223434,-0.17962,-0.419664,0.199609,-0.151956,0.151312
50.9,-0.20191,-0.000221575,0.000535676,0.421095,-0.242373,0.000659341,-0.202472,0.000298274,0,0.420098,-0.24593,-0.00175615,0.000174095,-0.000150952,0.00298087,0.00414654,-0.00254066,-0.000802943,0.0087365,0.000155795,0.00674185,0.000882039,0.00328368,0.00226502,0.00372709,0.00820919,-0.00983905,0.00739379,-0.00727107,-0.2,0,0,0.42,-0.23,0,-0.2,0,0,0.42,-0.23,0,0,0,0,0,0,0,0,0,0,0,0,0,0,0,0,0,0,0.00171416,0.00545415,0.0137133,-0.00981748,0.0043238,1.97367e-05,-0.0154275,-0.00218166,0.0394257,-0.0261799,-0.00213157,-0.00550552,-0.00171416,-0.0115931,0.00246497,0.00306796,0.00153398,-0.0076699,0.0107379,-0.0107379,-0.0127627,0.000981748,0.00920388,-0.00460194,0,0,-0.00460194,0.000981748,0.00392699,3.02024,0.0878906,-0.950817,-4.39453,7.80899,-0.858179,5.20153,-0.791016,-0.223722,0.703125,11.6101,1.59985,-1.06268,0.198478,-5.91197,-2.5625,0.3125,0.125,-2.75,-0.125,-0.683594,0.0195312,-1.875,-0.5625,-0.0625,-2.25,0.0625,-0.712891,0.166016,0.187533,0.0112492,-0.0809942,-0.124948,0.486272,-0.0264131,0.278062,-0.0254641,-0.0788515,0.090066,0.64148,0.0812569,-0.0470859,0.0800649,-0.901655,-0.42079,0.250998,0.055487,-0.458301,0.00762197,-0.122074,-0.0186225,-0.346776,-0.217298,-0.186355,-0.41046,0.201383,-0.148858,0.141494
50.96,-0.201923,-0.000230097,0.00056246,0.421154,-0.242377,0.000666501,-0.202485,0.000298274,-2.67838e-05,0.420098,-0.245935,-0.00176331,0.000160703,-0.000135857,0.00297124,0.00415853,-0.00255264,-0.000790959,0.00872452,0.000167779,0.00675719,0.000882039,0.00328368,0.00226502,0.00367916,0.00819721,-0.00982706,0.00739379,-0.00727107,-0.2,0,0,0.42,-0.23,0,-0.2,0,0,0.42,-0.23,0,0,0,0,0,0,0,0,0,0,0,0,0,0,0,0,0,0,0.0411399,0.019635,0.0154275,0.0250891,0.00105854,-0.00734892,0.00685665,-0.00436332,-0.0239983,0.0174533,-0.00104618,-0.00918738,-0.00514249,-0.000966092,0.00308121,0.00306796,0,0.00613592,0.0153398,-0.0107379,0.0206167,-0.0019635,0.0076699,-0.0214757,-0.00920388,0.00306796,-0.00920388,0.011781,0.00294524,3.18803,0.175781,-1.00675,-4.6582,7.89744,-0.8063,4.81001,-0.878906,0.111861,1.14258,11.4316,1.5993,-0.503374,0.198478,-5.91197,-2.625,0.3125,0.1875,-2.8125,-0.125,-0.683594,0.0195312,-1.875,-0.5,0,-2.25,0.0625,-0.712891,0.166016,0.11002,-0.0162602,-0.0871009,-0.27352,0.492971,-0.0119622,0.234832,-0.0211008,0.0506749,-0.084467,0.639476,0.088907,-0.0327834,0.0436553,-0.900615,-0.421989,0.255264,0.0272761,-0.466905,0.00738228,-0.15576,-0.0156773,-0.343708,-0.18355,-0.16555,-0.415996,0.205745,-0.159657,0.142476
51,-0.201936,-0.000230097,0.00056246,0.421137,-0.242381,0.000644944,-0.202499,0.000306796,0,0.420123,-0.24593,-0.00175615,0.000200878,-0.000143404,0.00297605,0.00415853,-0.00252867,-0.000802943,0.0087365,0.000155795,0.00674952,0.000874369,0.00328368,0.00224105,0.00369114,0.00820919,-0.00982706,0.00738612,-0.00729408,-0.2,0,0,0.42,-0.23,0,-0.2,0,0,0.42,-0.23,0,0,0,0,0,0,0,0,0,0,0,0,0,0,0,0,0,0,0.0171416,0.00763582,0.0222841,0.0305433,0.00218431,0.00736372,-0.00342833,-0.00218166,0.02057,-0.01309,-0.00320576,-0.00550059,0,-0.00579655,0.00369745,0,0,0.00153398,-0.0076699,-0.0122718,0.0019635,-0.00785398,0,-0.0076699,-0.00153398,0.0138058,-0.00306796,-0.0206167,-0.0147262,3.29989,0.0878906,-0.950817,-5.09766,7.89792,-0.910599,5.20153,-0.791016,0.167791,-0.527344,11.5206,1.54743,-0.950817,0.198478,-5.91197,-2.625,0.3125,0.1875,-2.6875,-0.1875,-0.703125,0.0195312,-1.8125,-0.5625,-0.0625,-2.3125,0.0625,-0.683594,0.175781,0.159356,0.00773808,-0.100814,-0.292784,0.490891,-0.0405252,0.256742,-0.0263163,-0.0411399,0.0338705,0.643629,0.081247,-0.0602635,0.0604109,-0.903909,-0.415853,0.252867,0.0370792,-0.421485,0.00915595,-0.136954,-0.0096334,-0.328368,-0.208765,-0.181489,-0.438071,0.199609,-0.127106,0.160608
51.06,-0.201977,-0.000238619,0.000535676,0.421112,-0.242386,0.000637728,-0.202485,0.000315318,-1.33919e-05,0.420072,-0.245922,-0.00175618,0.000187487,-0.000166047,0.00297124,0.00413456,-0.00255264,-0.000802943,0.0087365,0.000155795,0.00675719,0.000889709,0.00328368,0.00222907,0.00369114,0.00818523,-0.00985103,0.00740146,-0.0072634,-0.2,0,0,0.42,-0.23,0,-0.2,0,0,0.42,-0.23,0,0,0,0,0,0,0,0,0,0,0,0,0,0,0,0,0,0,-0.0137133,-0.00218166,-0.00514249,0.00545415,0,0,-0.00171416,-0.00545415,-0.0171416,-0.01309,-0.00264906,-0.0119377,0.00514249,-0.000966092,-0.00184873,0.00153398,-0.00306796,0.00153398,0.00306796,-0.00306796,0.00785398,0.00392699,0.0122718,-0.0122718,-0.00613592,-0.00153398,0.0122718,-0.00589049,0.00981748,3.35582,0.263672,-0.838956,-2.98828,7.80899,-0.858179,4.47443,-0.791016,0.111861,-0.175781,11.6101,1.59985,-0.391513,0.0992388,-5.91197,-2.625,0.3125,0.1875,-2.6875,-0.1875,-0.683594,0.0195312,-1.8125,-0.5625,0,-2.3125,0.0625,-0.683594,0.175781,0.225083,0.0282252,-0.0432826,-0.188592,0.49543,-0.0255091,0.251974,-0.0206235,0.0356224,0.0415416,0.64218,0.0941227,-0.0716734,0.0527124,-0.885826,-0.416524,0.2614,0.0370792,-0.442961,-4.79368e-05,-0.142998,-0.0217212,-0.352911,-0.198363,-0.172285,-0.406193,0.184749,-0.142139,0.13545
51.1,-0.20191,-0.000213053,0.000549068,0.421112,-0.242373,0.000659341,-0.202459,0.000315318,5.35676e-05,0.420132,-0.245926,-0.00174899,0.000147311,-0.000150952,0.00297124,0.00414654,-0.0025047,-0.000790959,0.00872452,0.000131826,0.00675719,0.000874369,0.00329566,0.00225303,0.00366717,0.00820919,-0.00982706,0.00739379,-0.00729408,-0.2,0,0,0.42,-0.23,0,-0.2,0,0,0.42,-0.23,0,0,0,0,0,0,0,0,0,0,0,0,0,0,0,0,0,0,0.0291408,0,-0.010285,-0.00654498,0,0,0.0154275,0.00109083,0.0222841,-0.0152716,-0.00161969,0.0027651,-0.02057,0.0115931,0.00369745,-0.0076699,0.0122718,-0.00306796,-0.0138058,-0.00306796,0.0147262,-0.011781,0.0076699,-0.00460194,0.00920388,0,0.00153398,0,-0.00883573,3.1321,0.263672,-0.838956,-2.37305,7.80899,-0.858179,5.1456,-0.791016,0.279652,-0.966797,11.6101,1.59985,-0.391513,0.0496194,-5.98976,-2.625,0.3125,0.1875,-2.6875,-0.1875,-0.703125,0.0195312,-1.8125,-0.5625,-0.0625,-2.25,0.0625,-0.712891,0.166016,0.13268,0.0213053,-0.0343368,-0.140595,0.49492,-0.0263736,0.215013,-0.0337135,-0.049925,0.0413186,0.64029,0.0644292,0.0175166,0.0105062,-0.902464,-0.399314,0.225927,0.0456839,-0.408614,0.000431432,-0.14987,-0.00570641,-0.344906,-0.2161,-0.201766,-0.41046,0.195007,-0.147876,0.154717
51.16,-0.20195,-0.000238619,0.000535676,0.421129,-0.242381,0.000644944,-0.202499,0.000289752,0,0.420047,-0.24593,-0.00175615,0.000160703,-0.000150952,0.00297124,0.00415853,-0.00255264,-0.000778975,0.00870055,0.000155795,0.00674952,0.000882039,0.00328368,0.00224105,0.00363122,0.00822118,-0.00981508,0.00739379,-0.00727107,-0.2,0,0,0.42,-0.23,0,-0.2,0,0,0.42,-0.23,0,0,0,0,0,0,0,0,0,0,0,0,0,0,0,0,0,0,0.00685665,-0.00981748,-0.00857081,0.00545415,0.00108095,4.93417e-06,0.00857081,-0.0185441,0.0445682,-0.0141808,-0.00160288,-0.00275029,0.00342833,-0.00483046,-0.00308121,0,-0.0138058,0.0168738,-0.0122718,-0.00460194,-0.0019635,0,0.00306796,-0.0076699,0.0076699,0.00613592,0,0,0,3.29989,0.0878906,-1.17454,-4.57031,7.80899,-0.858179,5.53711,-0.878906,-0.0559304,-0.351562,11.5206,1.54743,-0.615234,0.148858,-5.83418,-2.625,0.375,0.1875,-2.75,-0.1875,-0.683594,0.0195312,-1.8125,-0.5625,-0.0625,-2.25,0.0625,-0.703125,0.175781,0.181265,0.0434969,-0.036426,-0.191149,0.493098,-0.0258076,0.232743,0.00811306,-0.0891365,0.0497405,0.640423,0.0757464,-0.0584958,0.0597769,-0.882128,-0.415853,0.282876,0.00520115,-0.410484,0.00148604,-0.133027,-0.0176408,-0.334504,-0.208765,-0.196901,-0.423331,0.196302,-0.147876,0.145421
51.2,-0.20191,-0.000255663,0.000535676,0.421137,-0.242377,0.000666501,-0.202472,0.000315318,0,0.420081,-0.245935,-0.00176331,8.03514e-05,-0.000150952,0.00298087,0.00415853,-0.00252867,-0.000778975,0.00870055,0.000155795,0.00675719,0.000889709,0.00328368,0.00224105,0.00367916,0.00819721,-0.00981508,0.00737845,-0.0072634,-0.2,0,0,0.42,-0.23,0,-0.2,0,0,0.42,-0.23,0,0,0,0,0,0,0,0,0,0,0,0,0,0,0,0,0,0,0.0359974,0.00218166,-0.00514249,0.00654498,0.00162423,0.000926633,-0.00857081,-0.0163625,0.0188558,0.00545415,-0.0090998,-0.0100696,-0.02057,-0.000966092,0.000616242,0.00153398,-0.00460194,0.00460194,0.00613592,-0.00306796,-0.000981748,0.00490874,0.00460194,0.00460194,0.0230097,0.00153398,0,-0.015708,0.00490874,3.57955,0.263672,-0.671165,-4.13086,7.80899,-0.858179,5.36932,-0.966797,0.167791,0.703125,11.5211,1.65172,-0.447443,0.148858,-5.83418,-2.625,0.3125,0.1875,-2.8125,-0.1875,-0.683594,0.0195312,-1.8125,-0.5625,-0.0625,-2.25,0.0625,-0.703125,0.175781,0.118967,0.021203,-0.0432826,-0.196791,0.49184,-0.0285133,0.264349,0.0011931,-0.0377116,-0.0339134,0.655584,0.0906715,0.0376044,0.0481838,-0.896109,-0.418921,0.262071,0.0297448,-0.447299,-4.79368e-05,-0.134162,-0.0227029,-0.337572,-0.233309,-0.229977,-0.412928,0.196302,-0.131861,0.140359
51.26,-0.201923,-0.000255663,0.000535676,0.421095,-0.242381,0.000644944,-0.202512,0.000306796,1.33919e-05,0.420098,-0.245926,-0.00176334,0.000147311,-0.000158499,0.00296643,0.00415853,-0.00252867,-0.000802943,0.00872452,0.000167779,0.00674952,0.000882039,0.00328368,0.002277,0.00371511,0.00819721,-0.00982706,0.00740146,-0.00727107,-0.2,0,0,0.42,-0.23,0,-0.2,0,0,0.42,-0.23,0,0,0,0,0,0,0,0,0,0,0,0,0,0,0,0,0,0,-0.0188558,-0.0185441,-0.00857081,-0.0272708,0.00433501,0.00369666,0.00171416,-0.0119991,0.02057,0.0119991,0.00111341,-0.0128742,0.00514249,0.00579655,0.00123248,0.00153398,-0.00153398,0.0260777,-0.00613592,0,-0.000981748,0.000981748,0.00153398,-0.00613592,0.00460194,0.00306796,-0.00306796,0.00392699,0,3.74734,0.175781,-0.894886,-3.33984,7.80899,-0.858179,5.08967,-0.703125,0.111861,1.31836,11.4316,1.5993,-0.838956,0.148858,-5.98976,-2.625,0.375,0.125,-2.75,-0.1875,-0.683594,0.0195312,-1.8125,-0.5,-0.0625,-2.3125,0.0625,-0.693359,0.175781,0.230011,0.0626546,-0.036426,-0.0551352,0.48659,-0.0331911,0.247796,-0.00668134,-0.0424791,-0.0626504,0.634822,0.0962821,-0.0596207,0.0301602,-0.893625,-0.418921,0.255935,-0.0120082,-0.423954,-0.00335558,-0.134009,-0.0186225,-0.331436,-0.215428,-0.194959,-0.415996,0.199609,-0.151956,0.145421
51.3,-0.201923,-0.000238619,0.00056246,0.421112,-0.242386,0.000666463,-0.202512,0.000315318,-2.67838e-05,0.420047,-0.245926,-0.00174899,0.000107135,-0.000158499,0.00296643,0.00415853,-0.00252867,-0.000802943,0.00870055,0.000167779,0.00674952,0.000882039,0.00327169,0.00226502,0.00372709,0.00820919,-0.00982706,0.00738612,-0.00727107,-0.2,0,0,0.42,-0.23,0,-0.2,0,0,0.42,-0.23,0,0,0,0,0,0,0,0,0,0,0,0,0,0,0,0,0,0,-0.0154275,-0.00109083,-0.010285,0.00654498,0,0,-0.0359974,-0.00436332,-0.0154275,-0.0229074,0.00161409,-0.000926632,-0.0291408,-0.00386437,-0.00492993,0.0076699,0.0076699,-0.00306796,-0.00613592,-0.00920388,-0.00294524,0,-0.00613592,0,0.0076699,-0.0076699,-0.00306796,-0.00589049,0.00294524,3.63548,0.175781,-0.950817,-2.72461,7.80899,-0.858179,5.53711,-0.966797,-0.111861,0.878906,11.4316,1.5993,-0.727095,0.0992388,-5.75639,-2.625,0.3125,0.1875,-2.75,-0.125,-0.683594,0.0195312,-1.8125,-0.5625,-0.0625,-2.25,0.0625,-0.703125,0.166016,0.223154,0.0260436,-0.035676,-0.192955,0.495426,-0.0266585,0.323219,-0.0228052,0.0335333,0.0846471,0.633822,0.0718127,0.0552817,0.0591429,-0.875138,-0.431192,0.237527,0.0462831,-0.422756,0.0058483,-0.132045,-0.0176408,-0.314898,-0.226502,-0.201695,-0.39512,0.199609,-0.141832,0.142476
51.36,-0.20195,-0.000238619,0.000575852,0.421112,-0.24239,0.000659264,-0.202472,0.000289752,-1.33919e-05,0.420055,-0.245926,-0.00176334,0.000133919,-0.000158499,0.00297605,0.00415853,-0.00252867,-0.000778975,0.00872452,0.000167779,0.00675719,0.000889709,0.00327169,0.00225303,0.00370313,0.00820919,-0.00982706,0.00739379,-0.00727107,-0.2,0,0,0.42,-0.23,0,-0.2,0,0,0.42,-0.23,0,0,0,0,0,0,0,0,0,0,0,0,0,0,0,0,0,0,-0.00685665,0.00763582,0.02057,-0.0109083,0.00328207,0.012884,-0.010285,-0.00872665,0.0222841,-0.00981748,-0.00106299,-0.00367199,0,-0.00579655,1.31614e-16,-0.0107379,0.00153398,0,-0.00306796,-0.0076699,0.00687223,0.00589049,0,0.00920388,-0.0153398,-0.00306796,0,-0.0019635,-0.00589049,3.35582,0,-1.11861,-3.42773,7.72053,-0.910059,4.75408,-0.966797,0.167791,1.75781,11.4311,1.495,-0.391513,0.148858,-5.83418,-2.625,0.3125,0.1875,-2.6875,-0.125,-0.683594,0.0195312,-1.8125,-0.5625,0,-2.25,0.0625,-0.703125,0.175781,0.208692,0.00859029,-0.0987251,-0.123142,0.489031,-0.0521387,0.267777,-0.0115219,-0.043229,0.0310087,0.639174,0.0778778,-0.0401757,0.0649395,-0.892816,-0.394377,0.249799,0.0389487,-0.43009,0.00431432,-0.142016,-0.0236847,-0.327169,-0.243711,-0.154477,-0.404324,0.196541,-0.145912,0.151312
51.4,-0.201923,-0.000213053,0.000549068,0.421095,-0.242386,0.000652104,-0.202499,0.000298274,-2.67838e-05,0.42014,-0.245926,-0.00174899,0.000133919,-0.000158499,0.00297605,0.00414654,-0.00255264,-0.000778975,0.0087365,0.000155795,0.00673418,0.000882039,0.00328368,0.00226502,0.00370313,0.00819721,-0.00982706,0.00739379,-0.0072634,-0.2,0,0,0.42,-0.23,0,-0.2,0,0,0.42,-0.23,0,0,0,0,0,0,0,0,0,0,0,0,0,0,0,0,0,0,-0.0171416,0.00218166,0,-0.0207258,0.00375251,-0.0100943,-0.0257124,-0.00545415,0.0119991,0.019635,0.00217079,-0.00736372,-0.0445682,-0.00579655,-0.00123248,-0.0107379,0,0.0138058,-0.0138058,0,-0.0127627,-0.00294524,-0.00460194,-0.00306796,0.0199418,0.0138058,-0.00460194,-0.00490874,0.00883573,3.52362,0.263672,-1.00675,-4.04297,7.80899,-0.858179,4.81001,-0.966797,-0.167791,0.175781,11.4316,1.5993,-0.335582,0.148858,-5.83418,-2.5625,0.3125,0.1875,-2.5625,-0.1875,-0.703125,0.0195312,-1.8125,-0.5625,-0.0625,-2.3125,0.0625,-0.683594,0.175781,0.226583,0.016942,-0.0549068,-0.0813151,0.487923,-0.0058956,0.30131,-0.0189191,-0.0213199,-0.0995862,0.632709,0.0846869,0.093529,0.0649395,-0.889119,-0.393178,0.255264,0.0113371,-0.409213,-0.0031159,-0.121921,-0.0146955,-0.319164,-0.220366,-0.22504,-0.437472,0.201143,-0.142967,0.136432
51.46,-0.201923,-0.000230097,0.00056246,0.421112,-0.242381,0.000644944,-0.202445,0.000315318,2.67838e-05,0.420098,-0.245926,-0.00174899,0.000133919,-0.000158499,0.00296643,0.00415853,-0.00255264,-0.000802943,0.0087365,0.000167779,0.00675719,0.000882039,0.00328368,0.00226502,0.00370313,0.00819721,-0.00981508,0.00739379,-0.00727107,-0.2,0,0,0.42,-0.23,0,-0.2,0,0,0.42,-0.23,0,0,0,0,0,0,0,0,0,0,0,0,0,0,0,0,0,0,0,0.00327249,0.0222841,0.00545415,0.00108655,0.0018434,0.0394257,0,0.00342833,-0.00545415,0.00161969,-0.0027651,0,-0.00193218,0.00246497,0,0.00153398,-0.00920388,0,-0.00460194,0.00687223,0.00294524,0.00460194,-0.00460194,0.0076699,-0.00306796,0.00153398,-0.0107992,-0.00294524,3.57955,0.263672,-0.838956,-4.48242,7.80899,-0.858179,5.20153,-0.791016,-0.111861,-0.0878906,11.4316,1.5993,-0.167791,0.148858,-5.98976,-2.625,0.3125,0.1875,-2.75,-0.125,-0.683594,0.0195312,-1.8125,-0.5625,0,-2.3125,0.0625,-0.693359,0.166016,0.192299,0.0164647,-0.100814,-0.188592,0.493087,-0.0294846,0.165677,-0.0315318,-0.00953503,0.00716281,0.633811,0.0754896,-0.0401757,0.0533464,-0.897322,-0.415853,0.252196,0.0585549,-0.436825,0.00124636,-0.142016,-0.020586,-0.337572,-0.217298,-0.200496,-0.403725,0.194768,-0.137077,0.148367
51.5,-0.201896,-0.000238619,0.000549068,0.421078,-0.242386,0.000652104,-0.202445,0.000315318,-2.67838e-05,0.420064,-0.245935,-0.00174895,0.000107135,-0.000158499,0.00296643,0.00415853,-0.00252867,-0.000778975,0.00872452,0.000143811,0.00674952,0.000874369,0.00327169,0.00226502,0.00372709,0.00820919,-0.00982706,0.00739379,-0.00727874,-0.2,0,0,0.42,-0.23,0,-0.2,0,0,0.42,-0.23,0,0,0,0,0,0,0,0,0,0,0,0,0,0,0,0,0,0,0.0154275,-0.019635,0.00685665,-0.0272708,0.00324845,0.00185327,0.0137133,0.00109083,-0.02057,-0.0283616,-0.00264906,-0.0119377,-0.0137133,-0.00289828,-0.00184873,0.00306796,0.00306796,-0.0107379,0,0.00460194,0.000981748,-0.00490874,-0.00306796,-0.00460194,0.00613592,-0.0076699,0.00460194,-0.0019635,-0.0186532,3.46768,0.351562,-1.00675,-3.51562,7.80899,-0.858179,4.69815,-0.791016,0,-0.0878906,11.5211,1.65172,-0.447443,0.198478,-5.91197,-2.625,0.3125,0.1875,-2.75,-0.1875,-0.683594,0.0195312,-1.8125,-0.5625,0,-2.25,0.0625,-0.693359,0.175781,0.158767,0.0631318,-0.0686201,-0.0525781,0.488931,-0.0297907,0.217101,-0.0337135,0.0438183,0.103907,0.642684,0.0938333,0.00899935,0.0562447,-0.884381,-0.421989,0.246731,0.0604245,-0.436226,-0.00747816,-0.135972,-0.0125786,-0.321033,-0.217298,-0.198627,-0.39512,0.191939,-0.145912,0.164228
51.56,-0.201936,-0.000230097,0.00056246,0.421154,-0.242377,0.000652143,-0.202512,0.000298274,4.01757e-05,0.420089,-0.24593,-0.0017705,0.000133919,-0.000166047,0.00297124,0.00415853,-0.00254066,-0.000778975,0.00870055,0.000167779,0.00674952,0.000882039,0.00325971,0.00224105,0.0036432,0.00819721,-0.00983905,0.00739379,-0.00725573,-0.2,0,0,0.42,-0.23,0,-0.2,0,0,0.42,-0.23,0,0,0,0,0,0,0,0,0,0,0,0,0,0,0,0,0,0,0.0325691,-0.00109083,0.0154275,0.0152716,-1.68077e-05,-0.00551539,-0.00685665,-0.00981748,-0.00171416,-0.0392699,-0.00640592,-0.0128396,-0.0308549,-0.00966092,2.19062e-16,-0.0076699,-0.00153398,0.0138058,0.00613592,-0.00920388,-0.00392699,-0.00490874,-0.00613592,0.0107379,-0.0245437,-0.00460194,-0.00613592,-0.0019635,0.00687223,3.41175,0.175781,-0.950817,-3.95508,7.80899,-0.858179,5.64897,-0.878906,0.111861,1.58203,11.5211,1.65172,-0.615234,0.0992388,-6.06755,-2.5625,0.3125,0.1875,-2.75,-0.125,-0.683594,0.0195312,-1.8125,-0.5625,0,-2.25,0.0625,-0.703125,0.175781,0.128501,0.0251914,-0.0871009,-0.23425,0.495124,-0.0150549,0.264938,-0.0101925,-0.000589244,0.143704,0.650027,0.0964995,0.0523891,0.0787969,-0.891372,-0.400513,0.257134,0.0113371,-0.447299,0.0058483,-0.131063,-0.012732,-0.313699,-0.245581,-0.133073,-0.400657,0.202917,-0.145912,0.138242
51.6,-0.201936,-0.000204531,0.00056246,0.421078,-0.242381,0.000644944,-0.202499,0.000306796,2.67838e-05,0.420123,-0.245926,-0.00174899,0.000120527,-0.000166047,0.00297124,0.00415853,-0.00252867,-0.000778975,0.00872452,0.000155795,0.00674952,0.000874369,0.00328368,0.00225303,0.00363122,0.00819721,-0.00983905,0.00740913,-0.00727107,-0.2,0,0,0.42,-0.23,0,-0.2,0,0,0.42,-0.23,0,0,0,0,0,0,0,0,0,0,0,0,0,0,0,0,0,0,0.00342833,-0.00545415,0,-0.0359974,0.00594803,0.00094637,0.0154275,-0.00981748,0.00685665,-0.00763582,0.00268267,0.000906898,-0.0137133,-0.00193218,4.38904e-17,-0.00306796,-0.00460194,0.0138058,-0.00460194,0,0.000981748,-0.00883573,0,0.0107379,-0.00920388,0.00460194,-0.00460194,0.0107992,0,3.46768,0.175781,-1.06268,-2.8125,7.80899,-0.858179,4.92188,-0.878906,0.111861,-0.791016,11.4311,1.495,-0.391513,0.148858,-5.98976,-2.5625,0.3125,0.1875,-2.75,-0.125,-0.703125,0.0195312,-1.8125,-0.625,0,-2.3125,0.0625,-0.693359,0.175781,0.186782,0.0313614,-0.056246,-0.0176715,0.483364,-0.0276905,0.21903,-0.0110447,-0.0163917,0.0120539,0.631685,0.0681456,0.00498178,0.0556107,-0.891372,-0.409717,0.262071,0.0113371,-0.427022,-0.0031159,-0.135972,-0.00865165,-0.328368,-0.246779,-0.163153,-0.419064,0.201383,-0.158982,0.145421
51.66,-0.201896,-0.000238619,0.000535676,0.421103,-0.242377,0.000652143,-0.202499,0.000298274,2.67838e-05,0.420115,-0.245922,-0.00175618,0.000133919,-0.000158499,0.00296643,0.00414654,-0.00254066,-0.000802943,0.00872452,0.000155795,0.00674952,0.000882039,0.00328368,0.00224105,0.00367916,0.00819721,-0.00983905,0.00739379,-0.00727107,-0.2,0,0,0.42,-0.23,0,-0.2,0,0,0.42,-0.23,0,0,0,0,0,0,0,0,0,0,0,0,0,0,0,0,0,0,-0.00171416,-0.00109083,-0.02057,0,0,0,0.00171416,-0.0229074,0.010285,0.0425424,0.00374006,0.00641735,-0.0154275,0.00193218,0.00123248,-0.00460194,-0.00460194,-0.0122718,0.00460194,-0.00460194,-0.0019635,0.000981748,0,0.00306796,0.00306796,0.00920388,-0.0076699,-0.0019635,0,3.57955,0.175781,-0.671165,-3.16406,7.80899,-0.858179,4.86594,-0.703125,0.167791,-0.615234,11.5206,1.54743,-0.447443,0.0992388,-5.91197,-2.625,0.375,0.1875,-2.75,-0.1875,-0.703125,0.0195312,-1.8125,-0.5625,0,-2.3125,0.0625,-0.703125,0.175781,0.19305,0.0260436,-0.0124277,-0.165497,0.49509,-0.0260857,0.246457,0.0159875,-0.0232483,-0.18738,0.629402,0.0574127,0.00610671,0.0417533,-0.893625,-0.40545,0.263269,0.0646909,-0.44543,0.00148604,-0.133027,-0.0186225,-0.328368,-0.230241,-0.190094,-0.428268,0.204451,-0.145912,0.145421
51.7,-0.201923,-0.000255663,0.000549068,0.421095,-0.242386,0.000652104,-0.202472,0.000315318,0,0.420072,-0.245935,-0.00176331,0.000174095,-0.000181142,0.00296161,0.00415853,-0.00252867,-0.000790959,0.0087365,0.000155795,0.00674952,0.000882039,0.00325971,0.00225303,0.00370313,0.00820919,-0.00985103,0.00740146,-0.0072634,-0.2,0,0,0.42,-0.23,0,-0.2,0,0,0.42,-0.23,0,0,0,0,0,0,0,0,0,0,0,0,0,0,0,0,0,0,-0.00171416,-0.01309,0,-0.0174533,0.00696735,-0.0192718,0.00514249,0.00436332,0.0222841,-0.0185441,-0.00535975,-0.00365226,0,-0.00772874,-0.00492993,0.00306796,-0.0138058,0.00920388,0.0076699,-0.0153398,0,0,0.00460194,0.00920388,0,0,-0.0230097,0.0147262,0.00981748,3.63548,0.175781,-1.00675,-2.98828,7.72005,-0.805759,4.86594,-1.05469,-0.279652,1.49414,11.5206,1.54743,-0.391513,0.0992388,-5.91197,-2.625,0.375,0.125,-2.6875,-0.1875,-0.683594,0.0195312,-1.8125,-0.5625,-0.0625,-2.25,0.0625,-0.703125,0.166016,0.195728,0.0517463,-0.0549068,-0.0944051,0.481493,0.0124594,0.236922,-0.0402585,-0.0445682,0.0633583,0.648104,0.0778368,-0.0522284,0.0775289,-0.873693,-0.421989,0.280479,0.0211402,-0.452165,0.0122239,-0.13499,-0.0176408,-0.335175,-0.243711,-0.185156,-0.41046,0.22003,-0.162755,0.13545
51.76,-0.201963,-0.000230097,0.000549068,0.421112,-0.242377,0.000652143,-0.202499,0.000315318,-1.33919e-05,0.420089,-0.24593,-0.00174179,0.000147311,-0.000158499,0.00296643,0.00415853,-0.00254066,-0.000778975,0.00872452,0.000155795,0.00674952,0.000889709,0.00327169,0.00225303,0.00367916,0.00819721,-0.00982706,0.00739379,-0.00727107,-0.2,0,0,0.42,-0.23,0,-0.2,0,0,0.42,-0.23,0,0,0,0,0,0,0,0,0,0,0,0,0,0,0,0,0,0,0.00171416,0.0119991,0.00171416,-0.0185441,-0.000548879,-0.00276016,-0.0137133,-0.00763582,-0.00514249,-0.019635,-0.000523089,-0.00459369,-0.0428541,-0.00579655,0.00369745,-0.00460194,-0.0076699,0.0168738,-0.00153398,-0.0107379,-0.000981748,0.00785398,0,0,-0.00306796,0.0107379,0,-0.00392699,0,3.18803,0,-0.838956,-3.16406,7.89792,-0.910599,5.08967,-0.878906,0.167791,0.439453,11.4316,1.5993,-0.167791,0.0992388,-6.06755,-2.5625,0.3125,0.1875,-2.75,-0.125,-0.683594,0.0195312,-1.8125,-0.5625,0,-2.375,0.0625,-0.703125,0.175781,0.192889,-0.000988565,-0.0583351,-0.0925988,0.496188,-0.0205654,0.277312,-0.0162602,0.0116242,0.0651645,0.638265,0.0788589,0.0843689,0.0649395,-0.90102,-0.406649,0.269405,0.00520115,-0.433158,0.00762197,-0.134009,-0.0256482,-0.327169,-0.225303,-0.177822,-0.431336,0.196541,-0.143949,0.145421
51.8,-0.201923,-0.000221575,0.000535676,0.421095,-0.242386,0.000652104,-0.202485,0.000315318,2.67838e-05,0.420123,-0.245922,-0.00175618,0.000160703,-0.000158499,0.00297605,0.00415853,-0.00252867,-0.000790959,0.00872452,0.000131826,0.00674952,0.000882039,0.00327169,0.00225303,0.00375106,0.00819721,-0.00982706,0.00740146,-0.00727107,-0.2,0,0,0.42,-0.23,0,-0.2,0,0,0.42,-0.23,0,0,0,0,0,0,0,0,0,0,0,0,0,0,0,0,0,0,0.0137133,0,-0.00342833,-0.0458149,0.00376372,-0.00641735,-0.00857081,-0.00981748,-0.00342833,0.0229074,0,0,0.010285,-0.00386437,-0.00123248,-0.00306796,-0.00613592,-0.00460194,-0.0076699,-0.0076699,0.00589049,0.000981748,-0.00613592,-0.00460194,-0.00153398,0.00306796,-0.0076699,0.00785398,0.000981748,3.74734,0.263672,-0.838956,-3.51562,7.80899,-0.858179,5.25746,-0.878906,0.279652,0.615234,11.5206,1.54743,-0.559304,0.148858,-5.83418,-2.625,0.375,0.1875,-2.6875,-0.1875,-0.703125,0.0195312,-1.8125,-0.5625,0,-2.25,0.0625,-0.693359,0.166016,0.164873,0.0221575,-0.0467109,0.0190413,0.4879,-0.0132495,0.265687,-0.0118969,0.00417827,-0.110119,0.636882,0.0702474,-0.0790658,0.0591429,-0.889119,-0.409717,0.265139,0.0487518,-0.420886,0.00503337,-0.140881,-0.0186225,-0.314898,-0.2161,-0.184485,-0.415996,0.204211,-0.155883,0.14444
51.86,-0.201896,-0.000221575,0.00056246,0.421095,-0.242386,0.000652104,-0.202472,0.000298274,-4.01757e-05,0.420106,-0.245939,-0.00177047,0.000200878,-0.000150952,0.00298087,0.00414654,-0.00254066,-0.000814927,0.00870055,0.000167779,0.00674185,0.000882039,0.00328368,0.00225303,0.00372709,0.00819721,-0.00981508,0.00738612,-0.00727107,-0.2,0,0,0.42,-0.23,0,-0.2,0,0,0.42,-0.23,0,0,0,0,0,0,0,0,0,0,0,0,0,0,0,0,0,0,0.00514249,0.00218166,-0.010285,-0.00763582,0.00539915,-0.00181379,0.00685665,-0.0152716,-0.00514249,0.00218166,-0.00479184,-0.0137663,0.0411399,-0.00289828,-0.00184873,0.0076699,0,-0.0107379,-0.0122718,0.00460194,-0.00981748,0.000981748,0,0,0.0138058,0.00920388,-0.0122718,-0.00785398,-0.00392699,3.41175,0.263672,-1.00675,-3.95508,7.80899,-0.858179,4.58629,-0.791016,0.279652,-1.75781,11.5211,1.65172,-0.838956,0.148858,-5.83418,-2.625,0.3125,0.1875,-2.6875,-0.1875,-0.683594,0.0195312,-1.8125,-0.5625,-0.0625,-2.3125,0.0625,-0.703125,0.175781,0.179337,0.0177942,-0.035676,-0.133675,0.48463,-0.0224566,0.233494,0.000715857,0.0143025,-0.024659,0.647135,0.0983512,-0.183683,0.0539804,-0.888714,-0.429994,0.254066,0.0622221,-0.410484,-0.00795753,-0.125019,-0.0186225,-0.328368,-0.225303,-0.213966,-0.428268,0.208573,-0.139868,0.149348
51.9,-0.201923,-0.000213053,0.000535676,0.42112,-0.242377,0.000666501,-0.202459,0.000306796,-1.33919e-05,0.420123,-0.24593,-0.00175615,0.000174095,-0.000166047,0.00297124,0.00413456,-0.00255264,-0.000814927,0.0087365,0.000155795,0.00675719,0.000882039,0.00328368,0.00225303,0.00372709,0.00819721,-0.00982706,0.00740913,-0.00727107,-0.2,0,0,0.42,-0.23,0,-0.2,0,0,0.42,-0.23,0,0,0,0,0,0,0,0,0,0,0,0,0,0,0,0,0,0,0.00685665,-0.00218166,0.00342833,0.019635,-0.000548879,-0.00276016,0.0257124,-0.00218166,-0.02057,0.01309,0.00323938,-0.00553019,-0.010285,0.000966092,-0.00308121,-0.00153398,0,-0.00153398,-0.00920388,0,0.00883573,-0.00490874,0.00306796,-0.0138058,-0.0076699,0.0076699,-0.00460194,0.00589049,-0.00294524,3.35582,0.351562,-0.783026,-3.25195,7.80899,-0.858179,4.69815,-0.791016,0.335582,-0.263672,11.4316,1.5993,-0.447443,0.0992388,-5.75639,-2.625,0.3125,0.1875,-2.75,-0.1875,-0.673828,0.0195312,-1.8125,-0.5625,0,-2.25,0.0625,-0.703125,0.166016,0.178586,0.0256686,-0.0604242,-0.246594,0.496186,-0.0211397,0.194443,-0.0263163,0.0424791,-0.0708492,0.630738,0.0813062,-0.0213735,0.0469159,-0.882128,-0.410388,0.255264,0.0438143,-0.418417,-0.0031159,-0.143979,-0.012732,-0.334504,-0.197692,-0.171015,-0.4252,0.201143,-0.154073,0.148367
51.96,-0.201936,-0.000238619,0.000535676,0.421095,-0.242381,0.000659303,-0.202472,0.000315318,1.33919e-05,0.420081,-0.245935,-0.00174895,0.000133919,-0.000158499,0.00296643,0.00414654,-0.00252867,-0.000802943,0.0087365,0.000143811,0.00674952,0.000882039,0.00325971,0.00226502,0.00370313,0.00819721,-0.00982706,0.00740146,-0.0072634,-0.2,0,0,0.42,-0.23,0,-0.2,0,0,0.42,-0.23,0,0,0,0,0,0,0,0,0,0,0,0,0,0,0,0,0,0,0.0239983,-0.00654498,-0.0188558,-0.0272708,0.00162983,0.0027651,-0.00857081,0.00327249,-0.010285,-0.0109083,-0.00320016,-0.00733905,-0.0257124,0.000966092,-0.00554618,0.00920388,0.00460194,0.00153398,0.0122718,-0.0107379,0.00785398,0,-0.00153398,-0.0107379,0.0076699,0,0.00153398,0.00883573,0.00785398,3.1321,0.263672,-0.950817,-3.42773,7.80899,-0.858179,5.03374,-0.966797,0.335582,0.615234,11.6101,1.59985,-0.391513,0.0992388,-5.75639,-2.625,0.375,0.1875,-2.75,-0.125,-0.683594,0.0195312,-1.8125,-0.5625,-0.0625,-2.25,0.0625,-0.703125,0.166016,0.145643,0.0369519,-0.015856,-0.0551352,0.491998,-0.0319023,0.264349,-0.0380768,0.0192308,0.0315365,0.643786,0.084636,0.0369616,0.0446516,-0.873289,-0.433062,0.243663,0.0370792,-0.461369,0.00786165,-0.142844,-0.0176408,-0.322903,-0.205026,-0.200496,-0.40986,0.195007,-0.156865,0.137414
52,-0.201923,-0.000238619,0.00056246,0.421095,-0.242381,0.000644944,-0.202485,0.000315318,-1.33919e-05,0.420081,-0.24593,-0.00174179,0.000200878,-0.000135857,0.00297124,0.00415853,-0.00255264,-0.000778975,0.00870055,0.000155795,0.00674952,0.000874369,0.00328368,0.00224105,0.00370313,0.00819721,-0.00982706,0.00738612,-0.00727107,-0.2,0,0,0.42,-0.23,0,-0.2,0,0,0.42,-0.23,0,0,0,0,0,0,0,0,0,0,0,0,0,0,0,0,0,0,0.00171416,-0.00109083,0.00685665,-0.0370882,-0.00105294,0.00918738,0.00857081,0.00545415,0.010285,-0.0109083,-0.00269948,0.00460849,0.0222841,0.00289828,-0.00308121,0.00460194,-0.00613592,0.0122718,0,0.00306796,-0.00392699,-0.00883573,0.00153398,-0.00613592,0.0153398,-0.00460194,-0.00306796,-0.0107992,-0.0019635,3.52362,0.263672,-0.950817,-2.19727,7.80946,-0.962478,4.92188,-0.878906,0.111861,-0.351562,11.4316,1.5993,-0.503374,0.148858,-5.83418,-2.625,0.3125,0.1875,-2.75,-0.1875,-0.683594,0.0195312,-1.75,-0.5625,-0.0625,-2.25,0.0625,-0.693359,0.166016,0.188871,0.0260436,-0.0699593,-0.0158653,0.497366,-0.0441725,0.231404,-0.0424401,-0.0192308,0.0315365,0.642618,0.0604545,-0.127116,0.0320622,-0.882128,-0.425056,0.267536,0.014405,-0.435027,-0.00618386,-0.131063,-0.00865165,-0.331436,-0.211833,-0.215836,-0.400657,0.199609,-0.136923,0.147385
52.06,-0.201936,-0.000238619,0.000589243,0.421086,-0.242381,0.000659303,-0.202512,0.000306796,-1.33919e-05,0.420132,-0.245926,-0.00174899,0.000160703,-0.000158499,0.00297605,0.00415853,-0.00255264,-0.000802943,0.00872452,0.000155795,0.00674952,0.000889709,0.00328368,0.00225303,0.00369114,0.00819721,-0.00983905,0.00739379,-0.0072634,-0.2,0,0,0.42,-0.23,0,-0.2,0,0,0.42,-0.23,0,0,0,0,0,0,0,0,0,0,0,0,0,0,0,0,0,0,-0.0308549,-0.00327249,0.0154275,-0.0207258,-0.00109216,-0.00368186,-0.0222841,0.0141808,-0.0119991,0.0327249,0.000539896,-0.000921699,0.00514249,-0.00193218,-0.00123248,0.0153398,0,-0.0153398,-0.0214757,-0.0076699,0.00589049,-0.0019635,-0.00306796,0,0.00306796,-0.0122718,-0.00460194,-0.000981748,0.00981748,3.41175,0.175781,-1.00675,-2.37305,7.80899,-0.858179,4.86594,-0.966797,0,-0.791016,11.5206,1.54743,-0.671165,0.148858,-5.83418,-2.625,0.375,0.1875,-2.625,-0.125,-0.703125,0.0195312,-1.75,-0.5625,-0.0625,-2.1875,0.0625,-0.693359,0.175781,0.255349,0.0304069,-0.0897793,-0.0800366,0.497442,-0.0190084,0.295793,-0.0590412,0.0253375,-0.150668,0.63597,0.0718028,-0.0636383,0.0533464,-0.889119,-0.446532,0.255264,0.0708268,-0.393274,0.00455401,-0.140881,-0.0158307,-0.322232,-0.225303,-0.190693,-0.385317,0.201383,-0.146894,0.13545
52.1,-0.201923,-0.000238619,0.000549068,0.421129,-0.24239,0.000644888,-0.202459,0.000315318,2.67838e-05,0.420123,-0.245926,-0.00176334,0.000187487,-0.000150952,0.00298087,0.00415853,-0.00254066,-0.000802943,0.00872452,0.000167779,0.00674185,0.000889709,0.00328368,0.00222907,0.00370313,0.00820919,-0.00982706,0.00739379,-0.00727107,-0.2,0,0,0.42,-0.23,0,-0.2,0,0,0.42,-0.23,0,0,0,0,0,0,0,0,0,0,0,0,0,0,0,0,0,0,-0.00342833,0.00327249,-0.00857081,-0.0119991,-0.00541596,-0.0037016,0.0188558,-0.00327249,0.0462824,0.00109083,-0.00693461,-0.0155949,0.0291408,-0.00193218,0.00246497,-0.00153398,0,0.0076699,-0.0122718,-0.0107379,-0.0137445,0.00981748,0.00306796,-0.0122718,0.0153398,0.00306796,0,-0.00392699,-0.00785398,3.52362,0.351562,-1.00675,-3.51562,7.89792,-0.910599,5.48118,-0.966797,-0.111861,-0.263672,11.5211,1.65172,-1.00675,0.0992388,-5.91197,-2.625,0.3125,0.1875,-2.6875,-0.125,-0.703125,0.0195312,-1.8125,-0.5625,-0.0625,-2.25,0.0625,-0.703125,0.175781,0.199156,0.0173169,-0.0377651,-0.121336,0.50643,-0.0183923,0.208156,-0.0249868,-0.0952432,-0.0228527,0.650918,0.101724,-0.143668,0.0510821,-0.901655,-0.412785,0.254066,0.0248073,-0.411682,0.00738228,-0.121092,-0.0276117,-0.334504,-0.198363,-0.215836,-0.416596,0.196541,-0.143949,0.153275
52.16,-0.201896,-0.000238619,0.000589243,0.421095,-0.242377,0.000666501,-0.202512,0.000315318,-1.33919e-05,0.420098,-0.24593,-0.00175615,0.000160703,-0.000158499,0.00296643,0.00413456,-0.00254066,-0.000790959,0.00872452,0.000167779,0.00674952,0.000882039,0.00328368,0.00224105,0.00372709,0.00819721,-0.00982706,0.00739379,-0.00727107,-0.2,0,0,0.42,-0.23,0,-0.2,0,0,0.42,-0.23,0,0,0,0,0,0,0,0,0,0,0,0,0,0,0,0,0,0,0.0257124,-0.00218166,0.0291408,-0.0119991,0.00705139,0.00830516,-0.00171416,0,0.00171416,-0.0163625,-0.00481425,-0.00641242,0,-0.010627,-0.000616242,-0.00153398,-0.00153398,0.00153398,0.0122718,0.0138058,-0.00294524,0.0019635,0.00613592,0.00460194,0.0245437,-0.0107379,-0.00920388,0,-0.00294524,3.46768,0.263672,-0.894886,-2.72461,7.80899,-0.858179,5.7049,-0.878906,0,-1.58203,11.5211,1.65172,-0.727095,0.198478,-5.91197,-2.625,0.3125,0.1875,-2.75,-0.1875,-0.683594,0.0195312,-1.8125,-0.5625,-0.0625,-2.25,0.0625,-0.703125,0.166016,0.138197,0.0282252,-0.117206,-0.116222,0.480985,-0.0432704,0.254653,-0.0315318,-0.00208914,0.050796,0.646846,0.0830707,-0.0482108,0.0794309,-0.888079,-0.410388,0.257134,0.03648,-0.46077,-0.0171614,-0.132045,-0.0196043,-0.34064,-0.233309,-0.235442,-0.388385,0.205745,-0.147876,0.148367
52.22,-0.201883,-0.000230097,0.000535676,0.421137,-0.242377,0.000652143,-0.202472,0.000315318,2.67838e-05,0.420098,-0.24593,-0.00174179,0.00021427,-0.000158499,0.00297605,0.00415853,-0.00254066,-0.000802943,0.00872452,0.000167779,0.00675719,0.000882039,0.00328368,0.00226502,0.00370313,0.00820919,-0.00982706,0.00739379,-0.00727107,-0.2,0,0,0.42,-0.23,0,-0.2,0,0,0.42,-0.23,0,0,0,0,0,0,0,0,0,0,0,0,0,0,0,0,0,0,0.0291408,-0.0152716,-0.0137133,0.0218166,0.00539355,-0.00365226,-0.00342833,0.01309,0.00685665,-0.0109083,-0.000539896,0.000921699,0.0274266,-0.0125592,0.00184873,0,0.0138058,-0.0168738,-0.0168738,0,0.00883573,-0.00392699,0.00613592,-0.00920388,-0.00460194,0.0076699,0.00306796,-0.000981748,0.00294524,3.63548,0.439453,-1.00675,-2.90039,7.80899,-0.858179,4.86594,-0.966797,0.223722,1.14258,11.5206,1.54743,-0.671165,0.198478,-5.91197,-2.625,0.3125,0.1875,-2.6875,-0.1875,-0.683594,0.0195312,-1.875,-0.5625,0,-2.25,0.0625,-0.693359,0.166016,0.130001,0.053553,-0.026141,-0.257877,0.484303,-0.0187812,0.254064,-0.0577118,-0.0163917,0.0289794,0.638299,0.0678281,-0.146561,0.0852274,-0.898362,-0.415853,0.226454,0.0738947,-0.402478,-0.00335558,-0.143979,-0.0137138,-0.34064,-0.208094,-0.175952,-0.4258,0.193473,-0.146894,0.142476
52.26,-0.201936,-0.000230097,0.000575852,0.421112,-0.242381,0.000644944,-0.202499,0.000315318,-1.33919e-05,0.420106,-0.245922,-0.00174181,0.000174095,-0.000158499,0.00297605,0.00414654,-0.00252867,-0.000778975,0.00872452,0.000167779,0.00674952,0.000889709,0.00328368,0.00222907,0.00367916,0.00819721,-0.00982706,0.00739379,-0.0072634,-0.2,0,0,0.42,-0.23,0,-0.2,0,0,0.42,-0.23,0,0,0,0,0,0,0,0,0,0,0,0,0,0,0,0,0,0,0.0171416,0.00109083,0.0257124,0.00218166,-0.00221232,-0.016556,-0.0171416,-0.00545415,-0.0239983,-0.0141808,0.00536535,0.0018138,0.0137133,-0.00772874,0.00123248,-0.0076699,0.0107379,0.00920388,-0.0168738,-0.00460194,-0.000981748,0.00981748,0,-0.00306796,0.0184078,-0.00306796,-0.0107379,0.000981748,0,3.24396,0.175781,-0.838956,-2.72461,7.98638,-0.85872,5.1456,-0.878906,0.223722,-0.175781,11.3421,1.54688,-0.279652,0.198478,-5.91197,-2.5625,0.3125,0.1875,-2.625,-0.125,-0.683594,0.0195312,-1.8125,-0.5625,-0.0625,-2.25,0.0625,-0.693359,0.166016,0.159356,0.020828,-0.10901,-0.175502,0.499684,0.00731432,0.284168,-0.0206235,0.0493357,0.0407909,0.626152,0.0660447,-0.0933683,0.0707361,-0.896514,-0.399314,0.231391,0.020541,-0.402478,0.00124636,-0.134009,-0.0276117,-0.328368,-0.216771,-0.220773,-0.403725,0.207279,-0.148858,0.145268
52.32,-0.201923,-0.000238619,0.000549068,0.421146,-0.242377,0.000652143,-0.202485,0.000315318,0,0.420089,-0.245926,-0.00176334,0.000187487,-0.000150952,0.00297124,0.00415853,-0.00252867,-0.000802943,0.0087365,0.000155795,0.00674952,0.000882039,0.00328368,0.00224105,0.00367916,0.00819721,-0.00983905,0.00739379,-0.00727107,-0.2,0,0,0.42,-0.23,0,-0.2,0,0,0.42,-0.23,0,0,0,0,0,0,0,0,0,0,0,0,0,0,0,0,0,0,0.02057,0,-0.00685665,0.0381791,-0.00325406,-0.00369173,-0.00171416,0.00109083,0.0137133,-0.00218166,-0.00320576,-0.00550059,0.0154275,-0.00289828,-0.00184873,0.00306796,0.0107379,0.00306796,0.0076699,0.00613592,-0.000981748,-0.00294524,0.00460194,0.00153398,0.0184078,0.0076699,-0.00613592,-0.000981748,0,3.46768,0.175781,-0.838956,-3.95508,7.89792,-0.910599,5.08967,-0.966797,0.223722,-0.175781,11.6101,1.59985,-0.223722,0.148858,-5.83418,-2.625,0.3125,0.1875,-2.75,-0.1875,-0.683594,0.0195312,-1.8125,-0.5625,-0.0625,-2.375,0.0625,-0.703125,0.166016,0.15116,0.0238619,-0.0411935,-0.324601,0.501598,-0.0187022,0.251974,-0.0337135,-0.0274266,-0.00464864,0.64346,0.081535,-0.102528,0.0539804,-0.885826,-0.421989,0.231391,0.0340112,-0.452165,-0.00925182,-0.134009,-0.0146955,-0.337572,-0.227173,-0.220773,-0.4252,0.202917,-0.146894,0.145421
52.36,-0.201936,-0.000247141,0.000535676,0.421095,-0.242381,0.000673661,-0.202472,0.000298274,2.67838e-05,0.420132,-0.24593,-0.00175615,0.000147311,-0.000173595,0.0029568,0.00414654,-0.00252867,-0.000778975,0.00870055,0.000155795,0.00674952,0.000882039,0.00328368,0.00226502,0.00370313,0.00820919,-0.00982706,0.00739379,-0.00727107,-0.2,0,0,0.42,-0.23,0,-0.2,0,0,0.42,-0.23,0,0,0,0,0,0,0,0,0,0,0,0,0,0,0,0,0,0,0.0137133,-0.00545415,0.00342833,-0.01309,-0.00213949,0.00734399,0,-0.00327249,0.0137133,0.0119991,-0.00589404,-0.00456902,-0.02057,-0.00483046,-0.000616242,-0.00153398,-0.0122718,-0.00613592,-0.0245437,0.00306796,0,-0.000981748,0.00153398,-0.0138058,0.0122718,-0.0107379,0,0.0127627,-0.00392699,3.46768,0.263672,-0.950817,-3.60352,7.80899,-0.858179,4.75408,-0.791016,-0.0559304,-1.31836,11.3421,1.54688,-0.503374,0.148858,-5.98976,-2.625,0.375,0.1875,-2.6875,-0.1875,-0.683594,0.0195312,-1.8125,-0.5625,-0.0625,-2.25,0.0625,-0.712891,0.175781,0.166212,0.0356224,-0.0604242,-0.111858,0.499535,-0.0416344,0.247207,-0.0232824,-0.030105,-0.0677644,0.649005,0.0793839,0.0175166,0.0665698,-0.88519,-0.411586,0.277411,0.0512206,-0.38594,-0.00618386,-0.13499,-0.016659,-0.331436,-0.19889,-0.2097,-0.388984,0.196541,-0.160638,0.149348
52.42,-0.201923,-0.000230097,0.000535676,0.421095,-0.242377,0.000652143,-0.202405,0.000315318,1.33919e-05,0.420098,-0.245926,-0.00174899,0.000160703,-0.000150952,0.00298087,0.00417051,-0.00252867,-0.000778975,0.00872452,0.000167779,0.00674952,0.000889709,0.00325971,0.00225303,0.00369114,0.00819721,-0.00985103,0.00739379,-0.00727874,-0.2,0,0,0.42,-0.23,0,-0.2,0,0,0.42,-0.23,0,0,0,0,0,0,0,0,0,0,0,0,0,0,0,0,0,0,0.0154275,-0.00763582,0.00514249,-0.0425424,0.00378613,0.000936501,0.0565674,0.00218166,0.0239983,0.0152716,0.000551102,-0.00459863,-0.00342833,-0.00966092,2.19062e-16,0,0.00306796,-0.00613592,0.00920388,-0.00460194,-0.000981748,0.00687223,-0.00460194,-0.00613592,-0.00460194,-0.00613592,-0.0184078,-0.00490874,-0.015708,3.41175,0.351562,-1.06268,-4.13086,7.72053,-0.910059,4.47443,-0.878906,0,0,11.4316,1.5993,-0.727095,0.148858,-5.83418,-2.5625,0.3125,0.1875,-2.8125,-0.125,-0.683594,0.0195312,-1.8125,-0.5625,0,-2.25,0.0625,-0.693359,0.166016,0.161445,0.0382813,-0.0638526,0.00595136,0.487518,-0.0279587,0.127376,-0.0358952,-0.0493357,-0.0757403,0.635948,0.0791567,-0.0379259,0.0742683,-0.894261,-0.417051,0.246731,0.0512206,-0.454634,0.00124636,-0.134009,-0.0246664,-0.316767,-0.213032,-0.175353,-0.397589,0.215428,-0.142967,0.161283
52.46,-0.20195,-0.000221575,0.000549068,0.421154,-0.242373,0.000659341,-0.202472,0.000315318,8.03514e-05,0.420064,-0.245935,-0.00176331,0.000133919,-0.000158499,0.00296643,0.00413456,-0.00252867,-0.000802943,0.00872452,0.000155795,0.00674952,0.000882039,0.00325971,0.00222907,0.00365519,0.00818523,-0.00983905,0.00739379,-0.00727107,-0.2,0,0,0.42,-0.23,0,-0.2,0,0,0.42,-0.23,0,0,0,0,0,0,0,0,0,0,0,0,0,0,0,0,0,0,-0.00171416,0,0.00685665,0.0425424,0.00704019,0.00462823,-0.00857081,-0.00327249,-0.02057,-0.0152716,0.00214278,0.0018286,-0.0377116,-0.00676264,-0.000616242,-0.0168738,-0.00306796,0,0.0138058,-0.00613592,-0.0019635,-0.0107992,0.00153398,0.00153398,-0.0153398,0.0076699,-0.0107379,-0.00392699,-0.00589049,3.18803,0.263672,-1.00675,-3.60352,7.80899,-0.858179,5.98455,-0.878906,0.111861,-0.263672,11.4316,1.5993,-0.167791,0.0992388,-5.91197,-2.5625,0.375,0.1875,-2.8125,-0.125,-0.683594,0.0195312,-1.8125,-0.5625,0,-2.3125,0.0625,-0.693359,0.175781,0.198407,0.0221575,-0.0686201,-0.343333,0.48084,-0.0356301,0.264349,-0.0249868,0.0331048,0.0515468,0.633098,0.066875,0.0729591,0.0678378,-0.888079,-0.379708,0.259003,0.0401472,-0.463837,0.00302002,-0.133027,-0.00684156,-0.329039,-0.225975,-0.15208,-0.424601,0.207519,-0.143949,0.151312
52.52,-0.201896,-0.000238619,0.000549068,0.421112,-0.242386,0.000652104,-0.202445,0.000315318,2.67838e-05,0.420072,-0.24593,-0.00175615,0.000120527,-0.000158499,0.00296643,0.00414654,-0.00254066,-0.000802943,0.00872452,0.000155795,0.00674952,0.000882039,0.00328368,0.00225303,0.00372709,0.00819721,-0.00982706,0.00739379,-0.00727107,-0.2,0,0,0.42,-0.23,0,-0.2,0,0,0.42,-0.23,0,0,0,0,0,0,0,0,0,0,0,0,0,0,0,0,0,0,0.02057,0,0.0154275,0.00872665,0.000543277,0.000921699,0,-0.00109083,0.00685665,-0.00872665,-0.00265466,-0.0100992,-0.0308549,-0.00193218,0.00246497,0,-0.0076699,-0.00153398,-0.00920388,0.00306796,-0.0019635,0.00589049,0.0107379,-0.0107379,-0.00460194,0.00460194,-0.0138058,-0.00490874,-0.00589049,3.29989,0.175781,-1.23047,-3.33984,7.80899,-0.858179,4.81001,-0.878906,0.503374,-0.0878906,11.5211,1.65172,0.167791,0.148858,-5.98976,-2.625,0.3125,0.1875,-2.75,-0.1875,-0.703125,0,-1.8125,-0.5625,0,-2.3125,0.0625,-0.693359,0.175781,0.148482,0.0238619,-0.0857617,-0.201682,0.494341,-0.0279276,0.244528,-0.0293502,-0.0163917,0.0240883,0.642527,0.0904443,0.0564067,0.0533464,-0.897322,-0.414654,0.269405,0.0432151,-0.417818,-0.00618386,-0.133027,-0.0235313,-0.349844,-0.203828,-0.177151,-0.419064,0.210347,-0.142967,0.151312
52.56,-0.201896,-0.000204531,0.00056246,0.421095,-0.242377,0.000652143,-0.202512,0.000298274,0,0.420157,-0.245935,-0.00174895,0.000200878,-0.000166047,0.00297124,0.00415853,-0.00254066,-0.000790959,0.00872452,0.000167779,0.00674952,0.000882039,0.00328368,0.00225303,0.00370313,0.00818523,-0.00982706,0.00740146,-0.0072634,-0.2,0,0,0.42,-0.23,0,-0.2,0,0,0.42,-0.23,0,0,0,0,0,0,0,0,0,0,0,0,0,0,0,0,0,0,0.010285,0.0185441,0.0154275,-0.0338158,0.00320363,-0.0128544,-0.0239983,-0.00436332,0.00857081,0.0229074,-0.0090998,-0.0100696,0.0257124,-0.00483046,0.00308121,-0.00153398,-0.00613592,0.00306796,0.00153398,0.0107379,-0.000981748,-0.000981748,0.00920388,-0.0122718,-0.00920388,0.0107379,-0.0107379,0.00589049,0.000981748,3.46768,0.0878906,-0.950817,-3.51562,7.80899,-0.858179,5.59304,-0.966797,0.111861,-0.263672,11.6101,1.59985,-0.391513,0.0992388,-5.91197,-2.625,0.3125,0.1875,-2.75,-0.125,-0.683594,0.0195312,-1.8125,-0.5625,0,-2.375,0.0625,-0.683594,0.175781,0.169052,-0.0166352,-0.0871009,-0.0289552,0.488683,-0.000376819,0.299221,-0.0211008,-0.0171416,-0.115233,0.655585,0.0900971,-0.137401,0.0643055,-0.900615,-0.412785,0.266337,0.033412,-0.439294,-0.0140934,-0.134009,-0.016659,-0.346776,-0.20076,-0.166748,-0.430737,0.207279,-0.15392,0.144286
52.62,-0.201896,-0.000264186,0.000549068,0.421095,-0.242381,0.000644944,-0.202485,0.000315318,0,0.42014,-0.245935,-0.00174895,0.000133919,-0.000158499,0.00297605,0.00415853,-0.00252867,-0.000790959,0.00872452,0.000155795,0.00674952,0.000882039,0.00327169,0.002277,0.00373908,0.00819721,-0.00982706,0.00739379,-0.00727107,-0.2,0,0,0.42,-0.23,0,-0.2,0,0,0.42,-0.23,0,0,0,0,0,0,0,0,0,0,0,0,0,0,0,0,0,0,0.00685665,-0.00109083,-0.00685665,-0.0338158,0,0,-0.0222841,-0.00327249,0.00171416,0.0436332,-0.00266587,-0.00642229,0,-0.00483046,0.00308121,0.0122718,0.00306796,0.00460194,-0.00613592,0.00153398,0,0,-0.00920388,0.00613592,0.0076699,0.0184078,-0.0107379,0,-0.00589049,3.74734,0.263672,-0.783026,-4.30664,7.80899,-0.858179,5.36932,-0.966797,0.279652,-0.439453,11.5211,1.65172,-0.335582,0.148858,-5.98976,-2.625,0.3125,0.125,-2.6875,-0.125,-0.683594,0.0195312,-1.75,-0.5625,-0.0625,-2.375,0.0625,-0.693359,0.175781,0.175908,0.0286002,-0.0411935,-0.0289552,0.49526,-0.0257978,0.293114,-0.0249868,-0.00342833,-0.195579,0.642718,0.0828025,-0.0401757,0.0620412,-0.90206,-0.440396,0.246731,0.0303441,-0.423954,-0.00464988,-0.13499,-0.0176408,-0.308762,-0.239972,-0.202294,-0.446676,0.207279,-0.147876,0.151312
52.66,-0.20195,-0.000238619,0.000602635,0.42112,-0.242381,0.000659303,-0.202472,0.000315318,-1.33919e-05,0.420089,-0.245935,-0.00176331,0.000160703,-0.000158499,0.00297605,0.00413456,-0.00255264,-0.000778975,0.00872452,0.000143811,0.00675719,0.000882039,0.00327169,0.00226502,0.00367916,0.00819721,-0.00982706,0.00738612,-0.0072634,-0.2,0,0,0.42,-0.23,0,-0.2,0,0,0.42,-0.23,0,0,0,0,0,0,0,0,0,0,0,0,0,0,0,0,0,0,-0.00857081,-0.0163625,0.010285,0.0229074,-0.00436862,-0.0147274,-0.00514249,0,0.0154275,-0.00654498,0.00107419,-4.93358e-06,-0.0137133,-0.0115931,-0.00369745,-0.0076699,-0.0122718,0.0107379,0.00460194,0.00613592,0.00785398,0.000981748,-0.00153398,0,-0.0076699,-0.0076699,0.0076699,-0.015708,0.0107992,3.29989,0.0878906,-1.00675,-2.72461,7.89744,-0.8063,4.4185,-0.878906,0.111861,-1.31836,11.5211,1.65172,0.111861,0.198478,-5.75639,-2.625,0.375,0.1875,-2.75,-0.1875,-0.703125,0.0195312,-1.8125,-0.5625,-0.0625,-2.25,0.0625,-0.693359,0.175781,0.21212,0.0565868,-0.0808335,-0.259684,0.503995,0.00308279,0.257492,-0.0315318,-0.0295157,0.0128047,0.635236,0.0705421,-0.00707093,0.0823292,-0.881724,-0.398116,0.279808,0.017473,-0.44543,-0.00901214,-0.142998,-0.0186225,-0.324101,-0.226502,-0.168618,-0.394521,0.188871,-0.132014,0.134469
52.72,-0.20195,-0.000213053,0.00056246,0.421078,-0.242381,0.000673661,-0.202472,0.000306796,1.33919e-05,0.420098,-0.24593,-0.00175615,0.000200878,-0.000158499,0.00296643,0.00414654,-0.00254066,-0.000802943,0.00872452,0.000155795,0.00674952,0.000882039,0.00328368,0.00224105,0.00369114,0.00819721,-0.00982706,0.00739379,-0.00727107,-0.2,0,0,0.42,-0.23,0,-0.2,0,0,0.42,-0.23,0,0,0,0,0,0,0,0,0,0,0,0,0,0,0,0,0,0,0.0222841,-0.00545415,0,-0.0316341,0.0102942,0.00831996,0.0171416,-0.00872665,-0.0188558,-0.0141808,0.00163089,-0.00644202,0.0154275,-0.010627,-0.0129411,-0.0107379,-0.00306796,-0.00460194,0.00460194,-0.0076699,-0.000981748,-0.000981748,0.00306796,-0.0230097,-0.0153398,0.00613592,-0.0153398,0,-0.00294524,3.02024,0.175781,-1.00675,-2.02148,7.80899,-0.858179,4.92188,-0.878906,-0.167791,0.351562,11.4316,1.5993,-0.727095,0.198478,-5.75639,-2.5625,0.375,0.1875,-2.75,-0.125,-0.683594,0.0195312,-1.8125,-0.5625,0,-2.3125,0.0625,-0.693359,0.166016,0.15041,0.0322136,-0.056246,-0.0351248,0.474668,-0.0435864,0.212924,-0.0132263,0.0363724,0.0420694,0.633955,0.0831299,-0.106546,0.0794309,-0.851104,-0.393178,0.260201,0.049351,-0.44543,0.00455401,-0.134009,-0.016659,-0.334504,-0.178086,-0.153877,-0.422132,0.211881,-0.147876,0.148367
52.76,-0.201936,-0.000247141,0.000589243,0.421103,-0.242373,0.000659341,-0.202405,0.000315318,0,0.420081,-0.24593,-0.00175615,0.00021427,-0.000143404,0.00298568,0.00414654,-0.00255264,-0.000755006,0.00872452,0.000155795,0.00674952,0.000882039,0.00328368,0.00225303,0.00363122,0.00819721,-0.00982706,0.00739379,-0.00727874,-0.2,0,0,0.42,-0.23,0,-0.2,0,0,0.42,-0.23,0,0,0,0,0,0,0,0,0,0,0,0,0,0,0,0,0,0,0.00514249,-0.0119991,0.0119991,-0.0152716,-0.000532071,0.00275523,0.0497107,0.00654498,0.0377116,0.0185441,-0.000539896,0.000921699,0.0154275,-0.0115931,0.00492993,-0.00613592,0.0076699,0.0245437,-0.00153398,0,-0.00392699,0,0.00153398,-0.0076699,0.00153398,-0.00920388,-0.00153398,-0.00392699,-0.00785398,3.24396,0.175781,-1.06268,-2.28516,7.89792,-0.910599,6.15234,-0.878906,0,0.878906,11.6101,1.59985,-0.727095,0.297716,-5.91197,-2.5625,0.3125,0.125,-2.6875,-0.1875,-0.673828,0.0195312,-1.8125,-0.5625,0,-2.25,0.0625,-0.693359,0.175781,0.183354,0.0487124,-0.0829226,-0.10441,0.495984,-0.0318841,0.141089,-0.0446218,-0.0754232,-0.0862733,0.638297,0.0684024,-0.110563,0.0778006,-0.910495,-0.402382,0.239924,-0.0113371,-0.433158,-0.0031159,-0.131063,-0.0176408,-0.331436,-0.209964,-0.184629,-0.391453,0.198075,-0.143949,0.153429
52.82,-0.20191,-0.000238619,0.00056246,0.421112,-0.242377,0.000666501,-0.202459,0.000315318,-4.01757e-05,0.420098,-0.245935,-0.00177766,0.000107135,-0.000166047,0.00297124,0.00415853,-0.00254066,-0.000790959,0.0087365,0.000167779,0.00674185,0.000882039,0.00328368,0.00225303,0.00369114,0.00818523,-0.00982706,0.00738612,-0.00727107,-0.2,0,0,0.42,-0.23,0,-0.2,0,0,0.42,-0.23,0,0,0,0,0,0,0,0,0,0,0,0,0,0,0,0,0,0,0.0274266,-0.00218166,0.0119991,0.00981748,-0.00326526,-0.00736866,0.00685665,0.00763582,-0.00342833,0.0425424,0.00378488,-0.00829035,-0.0342833,0.000966092,0.000616242,-0.00613592,-0.00920388,0.0122718,0,-0.00920388,-0.011781,0.00490874,0.00613592,-0.0199418,-0.0184078,0,-0.00153398,0.00785398,0,3.52362,0.175781,-1.00675,-3.51562,7.98638,-0.85872,4.02699,-0.878906,0.279652,0.351562,11.4316,1.5993,0.223722,0.0992388,-5.91197,-2.5625,0.3125,0.1875,-2.75,-0.125,-0.683594,0,-1.8125,-0.5625,0,-2.375,0.0625,-0.712891,0.175781,0.136108,0.0282252,-0.0802442,-0.206045,0.501619,-0.0119227,0.232154,-0.0468035,0.0108742,-0.184823,0.629813,0.0876873,0.0707092,0.0469159,-0.893221,-0.403581,0.272473,0.0150042,-0.436825,0.0058483,-0.123056,-0.0225495,-0.34064,-0.18542,-0.147742,-0.409261,0.198075,-0.155576,0.145421
52.86,-0.20195,-0.000230097,0.00056246,0.421112,-0.242377,0.000652143,-0.202499,0.000315318,2.67838e-05,0.420098,-0.245922,-0.00175618,0.000120527,-0.000166047,0.00297124,0.00414654,-0.00254066,-0.000778975,0.00872452,0.000155795,0.00674952,0.000874369,0.00327169,0.00225303,0.00373908,0.00819721,-0.00983905,0.00738612,-0.0072634,-0.2,0,0,0.42,-0.23,0,-0.2,0,0,0.42,-0.23,0,0,0,0,0,0,0,0,0,0,0,0,0,0,0,0,0,0,0,0.00981748,0.0188558,0.0152716,0.00702338,-0.000887159,0.0154275,0,0.00514249,0.0174533,-0.00104057,-0.0110258,-0.0274266,-0.00869483,0.00184873,-0.00306796,-0.00153398,-0.00306796,-0.0168738,0.0076699,0.000981748,-0.00687223,-0.0076699,-0.0107379,0.0153398,-0.0107379,-0.00920388,-0.000981748,0.00687223,3.24396,0.175781,-0.783026,-2.98828,7.80899,-0.858179,5.92862,-0.878906,0.111861,0.527344,11.5211,1.65172,-0.447443,0.198478,-5.91197,-2.625,0.3125,0.1875,-2.6875,-0.1875,-0.683594,0.0195312,-1.8125,-0.5625,-0.0625,-2.25,0.0625,-0.703125,0.175781,0.194979,0.00337476,-0.0939575,-0.227862,0.481043,-0.0243114,0.21903,-0.0315318,-0.0129634,-0.084467,0.638963,0.0922991,0.0461217,0.0758986,-0.896918,-0.408518,0.257134,0.0450847,-0.402478,-0.0107858,-0.135972,-0.0106151,-0.31183,-0.203828,-0.217634,-0.388385,0.205985,-0.146741,0.138396
52.92,-0.20191,-0.000238619,0.00056246,0.421095,-0.242381,0.000659303,-0.202499,0.00032384,-4.01757e-05,0.420123,-0.245926,-0.00174899,0.000147311,-0.000143404,0.00297605,0.00414654,-0.00254066,-0.000778975,0.00872452,0.000167779,0.00674952,0.000889709,0.00328368,0.00225303,0.00372709,0.00819721,-0.00983905,0.00738612,-0.0072634,-0.2,0,0,0.42,-0.23,0,-0.2,0,0,0.42,-0.23,0,0,0,0,0,0,0,0,0,0,0,0,0,0,0,0,0,0,0,-0.0141808,0.0274266,-0.01309,0.00486708,0.000941435,-0.0342833,-0.00109083,0.0154275,-0.00654498,-0.00427435,-0.00733412,0,-0.00579655,1.31614e-16,-0.00153398,-0.00920388,0.0107379,-0.0076699,-0.00460194,-0.00392699,0.00883573,0,0,-0.00613592,0.00613592,-0.00153398,-0.00687223,0.00687223,3.57955,0.351562,-1.06268,-2.63672,7.80899,-0.858179,4.75408,-1.05469,-0.0559304,0.351562,11.5211,1.65172,-0.615234,0.198478,-5.75639,-2.625,0.3125,0.1875,-2.6875,-0.125,-0.703125,0.0195312,-1.8125,-0.5625,0,-2.25,0.0625,-0.703125,0.166016,0.190961,0.0522235,-0.111099,-0.111858,0.485524,-0.028255,0.318452,-0.0302024,-0.0268374,0.00769058,0.645599,0.0846277,-0.0441933,0.0604109,-0.892816,-0.411586,0.272473,0.017473,-0.420886,0.00124636,-0.131063,-0.0266299,-0.328368,-0.225303,-0.174083,-0.422132,0.198315,-0.14085,0.138396
52.96,-0.20195,-0.000238619,0.00056246,0.421095,-0.242386,0.000652104,-0.202472,0.000298274,5.35676e-05,0.420081,-0.245926,-0.00174899,0.000147311,-0.000150952,0.00298087,0.00415853,-0.00254066,-0.000778975,0.0087365,0.000167779,0.00674952,0.000874369,0.00328368,0.00225303,0.00365519,0.00818523,-0.00983905,0.00738612,-0.00727107,-0.2,0,0,0.42,-0.23,0,-0.2,0,0,0.42,-0.23,0,0,0,0,0,0,0,0,0,0,0,0,0,0,0,0,0,0,0,0,-0.00342833,-0.0163625,-0.00218431,-0.00736372,0,-0.00872665,0.0137133,-0.00872665,-0.0085431,-0.0165067,0.00514249,-0.00483046,0.00308121,0.0076699,0,0.0076699,0.0107379,0.0076699,-0.000981748,-0.00883573,0.00920388,-0.0184078,0.00920388,0.00460194,0.00920388,-0.0107992,0.0019635,3.57955,0.0878906,-0.559304,-4.57031,7.80899,-0.858179,5.08967,-0.878906,-0.0559304,-0.175781,11.6106,1.70415,-0.279652,0.148858,-5.98976,-2.625,0.3125,0.1875,-2.6875,-0.125,-0.683594,0.0195312,-1.8125,-0.5625,-0.0625,-2.375,0.0625,-0.693359,0.166016,0.194979,0.0238619,-0.0493893,-0.0987684,0.499796,-0.0113567,0.247207,-0.0123741,-0.0327834,0.0228098,0.654136,0.102973,-0.0596207,0.0597769,-0.903504,-0.431192,0.254066,0.0236089,-0.458301,-0.0110255,-0.134009,-0.00865165,-0.346776,-0.188488,-0.201167,-0.418465,0.187577,-0.136923,0.143458
53.02,-0.20191,-0.000221575,0.000535676,0.421112,-0.242381,0.000673661,-0.202512,0.000306796,4.01757e-05,0.420115,-0.245935,-0.00176331,0.000133919,-0.000158499,0.00296643,0.00415853,-0.00252867,-0.000790959,0.00872452,0.000191748,0.00674952,0.000882039,0.00327169,0.00226502,0.00365519,0.00820919,-0.00982706,0.00737845,-0.00727874,-0.2,0,0,0.42,-0.23,0,-0.2,0,0,0.42,-0.23,0,0,0,0,0,0,0,0,0,0,0,0,0,0,0,0,0,0,0.0119991,-0.00763582,-0.00514249,0,2.80129e-05,0.00919232,-0.0274266,-0.0152716,-0.0154275,-0.00545415,-0.00586603,-0.0137613,0,0,0,0.00153398,0.00460194,-0.00306796,-0.00613592,-0.00153398,-0.0019635,0.0019635,-0.00613592,0,0.0076699,0.0076699,-0.00460194,-0.0206167,-0.00687223,3.35582,0.175781,-0.838956,-2.90039,7.80899,-0.858179,5.31339,-0.966797,0,-0.703125,11.4316,1.5993,-0.391513,0.0992388,-5.91197,-2.5625,0.3125,0.1875,-2.6875,-0.125,-0.683594,0.0195312,-1.8125,-0.5625,-0.0625,-2.3125,0.0625,-0.703125,0.166016,0.166963,0.0374291,-0.0432826,-0.166775,0.4952,-0.0453311,0.306078,-0.000136355,0.0268374,0.00460577,0.649116,0.0980549,-0.0401757,0.0475498,-0.889928,-0.418921,0.243663,0.0456839,-0.423954,-0.00230097,-0.133027,-0.0196043,-0.314898,-0.226502,-0.198099,-0.4258,0.201143,-0.126952,0.152447
53.06,-0.201896,-0.000204531,0.000549068,0.421078,-0.242381,0.000659303,-0.202472,0.000315318,2.67838e-05,0.420123,-0.24593,-0.00174179,0.000133919,-0.000173595,0.00297605,0.00414654,-0.00255264,-0.000814927,0.0087365,0.000155795,0.00674952,0.000882039,0.00328368,0.00225303,0.00367916,0.00819721,-0.00982706,0.00739379,-0.0072634,-0.2,0,0,0.42,-0.23,0,-0.2,0,0,0.42,-0.23,0,0,0,0,0,0,0,0,0,0,0,0,0,0,0,0,0,0,0.0222841,-0.00981748,-0.00171416,-0.0229074,0.00164664,0.00828049,-0.0119991,-0.00327249,-0.00342833,0.0218166,-0.00267147,-0.00458382,-0.053139,-0.00869483,-0.000616242,-0.0107379,0.00306796,0,0.00920388,-0.0153398,-0.0019635,-0.000981748,-0.00460194,-0.0076699,0.0076699,-0.00306796,-0.0107379,0.00294524,0.00687223,3.41175,0.439453,-1.06268,-2.54883,7.80899,-0.858179,4.86594,-0.966797,-0.111861,-0.351562,11.5211,1.65172,0.0559304,0.148858,-5.83418,-2.625,0.3125,0.1875,-2.75,-0.125,-0.683594,0.0195312,-1.75,-0.5625,-0.0625,-2.25,0.0625,-0.703125,0.175781,0.145054,0.040088,-0.0514784,-0.0700314,0.491965,-0.0429331,0.271206,-0.0249868,0.00417827,-0.105756,0.642562,0.0788391,0.119241,0.0781629,-0.890967,-0.393178,0.249128,0.0407464,-0.455233,0.0122239,-0.133027,-0.016659,-0.319164,-0.209964,-0.199298,-0.403725,0.207279,-0.150821,0.138396
53.12,-0.201936,-0.000247141,0.00056246,0.421095,-0.242377,0.000652143,-0.202499,0.000315318,-2.67838e-05,0.420132,-0.245926,-0.00174899,0.000174095,-0.000150952,0.00298087,0.00415853,-0.00252867,-0.000802943,0.00870055,0.000155795,0.00675719,0.000882039,0.00329566,0.00225303,0.00365519,0.00819721,-0.00982706,0.00739379,-0.00727107,-0.2,0,0,0.42,-0.23,0,-0.2,0,0,0.42,-0.23,0,0,0,0,0,0,0,0,0,0,0,0,0,0,0,0,0,0,0.0154275,-0.00327249,-0.010285,-0.0272708,0.00917407,-0.00455422,-0.02057,0,0,0.0589049,0.00534294,0.00916765,0.0119991,-0.00483046,0.00184873,-0.00460194,-0.00153398,0,-0.00460194,-0.00153398,0.00589049,-0.00294524,0.0122718,-0.0107379,0.00920388,-0.00153398,0,0.0019635,0.00589049,3.29989,0.0878906,-0.838956,-3.86719,7.80899,-0.858179,4.92188,-0.791016,-0.111861,-2.02148,11.4311,1.495,-0.559304,0.0992388,-5.91197,-2.625,0.3125,0.1875,-2.75,-0.1875,-0.673828,0.0195312,-1.8125,-0.5625,-0.0625,-2.25,0.0625,-0.703125,0.166016,0.162784,0.0312591,-0.035676,-0.0551352,0.476742,-0.0169773,0.291025,-0.0315318,0.00267838,-0.255387,0.626364,0.0516241,-0.0882258,0.0597769,-0.899807,-0.406649,0.255935,0.0401472,-0.425824,-0.00158192,-0.141034,-0.0146955,-0.35411,-0.203828,-0.201167,-0.406793,0.196541,-0.149839,0.139531
53.16,-0.201923,-0.000230097,0.000575852,0.421137,-0.242386,0.000666463,-0.202499,0.000315318,-1.33919e-05,0.420047,-0.245926,-0.00174899,0.000174095,-0.000166047,0.00297124,0.00414654,-0.00254066,-0.000790959,0.0087365,0.000143811,0.00674952,0.000882039,0.00328368,0.00224105,0.00365519,0.00819721,-0.00982706,0.00738612,-0.00727107,-0.2,0,0,0.42,-0.23,0,-0.2,0,0,0.42,-0.23,0,0,0,0,0,0,0,0,0,0,0,0,0,0,0,0,0,0,0.00342833,0.00545415,0.0137133,0.0207258,-0.00324285,-1.48025e-05,0.010285,-0.01309,0.00857081,-0.0141808,0.00272189,-0.0119623,0.00857081,-0.00289828,-0.00184873,0,-0.00613592,0,-0.00613592,-0.0122718,-0.000981748,0.000981748,-0.00153398,-0.00613592,0.00306796,0.0122718,-0.0214757,-0.00981748,0,3.46768,0.351562,-1.06268,-5.09766,7.80899,-0.858179,4.86594,-0.878906,-0.335582,1.31836,11.5211,1.65172,-0.335582,0.0496194,-5.83418,-2.625,0.3125,0.1875,-2.6875,-0.1875,-0.683594,0.0195312,-1.8125,-0.5625,-0.0625,-2.3125,0.0625,-0.703125,0.166016,0.185443,0.0121014,-0.0850118,-0.253514,0.501912,-0.0266289,0.229315,-0.00535189,-0.0158024,0.0497405,0.631606,0.0938841,-0.0779408,0.058509,-0.885826,-0.414654,0.266337,0.0395479,-0.424553,0.00939563,-0.134009,-0.0186225,-0.3253,-0.211833,-0.188895,-0.434404,0.218017,-0.137905,0.145421
53.22,-0.20191,-0.000204531,0.000589243,0.42112,-0.242377,0.000652143,-0.202499,0.000298274,2.67838e-05,0.420106,-0.245926,-0.0017777,0.000120527,-0.000150952,0.00298087,0.00414654,-0.00254066,-0.00076699,0.00872452,0.000167779,0.00674952,0.000882039,0.00327169,0.00224105,0.00365519,0.00820919,-0.00982706,0.00739379,-0.00727874,-0.2,0,0,0.42,-0.23,0,-0.2,0,0,0.42,-0.23,0,0,0,0,0,0,0,0,0,0,0,0,0,0,0,0,0,0,0.0514249,0,0.00514249,0.0141808,0.000543277,0.000921699,0.00342833,-0.00545415,0.00514249,-0.0119991,-0.00587163,-0.0119229,-0.0308549,-0.00676264,-0.00308121,-0.0076699,-0.00920388,0.0199418,-0.00613592,-0.00460194,0,-0.00687223,0,-0.0168738,0.00920388,-0.0076699,0.00306796,-0.000981748,-0.011781,3.41175,0.263672,-1.00675,-3.07617,7.89792,-0.910599,5.87269,-0.966797,-0.223722,-0.175781,11.5206,1.54743,-0.111861,0.198478,-5.75639,-2.625,0.3125,0.125,-2.6875,-0.125,-0.683594,0.0195312,-1.8125,-0.5625,-0.0625,-2.1875,0.0625,-0.703125,0.166016,0.0881116,0.0204531,-0.0692093,-0.224777,0.494003,-0.0279291,0.243028,-0.0189191,-0.0129634,0.0320642,0.64879,0.0949539,0.0564067,0.0655735,-0.885017,-0.399314,0.272473,-0.00153398,-0.423954,0.00124636,-0.13499,-0.0107685,-0.327169,-0.190357,-0.201167,-0.39512,0.193473,-0.146894,0.157356
53.26,-0.201936,-0.000238619,0.000535676,0.421095,-0.242377,0.000652143,-0.202472,0.000315318,2.67838e-05,0.420098,-0.245926,-0.00174899,0.000133919,-0.000181142,0.00296161,0.00414654,-0.00252867,-0.000790959,0.0087365,0.000167779,0.00674952,0.000889709,0.00328368,0.002277,0.00365519,0.00819721,-0.00982706,0.00739379,-0.00727107,-0.2,0,0,0.42,-0.23,0,-0.2,0,0,0.42,-0.23,0,0,0,0,0,0,0,0,0,0,0,0,0,0,0,0,0,0,-0.0188558,-0.0141808,0.00685665,-0.00436332,0.00263795,-0.02113,0.00514249,-0.0119991,0.00171416,-0.0174533,-0.000534294,-0.000916765,0.0171416,-0.010627,0.000616242,0,-0.0076699,0.00920388,-0.00920388,-0.00460194,-0.0019635,0.00392699,0.0107379,-0.0076699,0.0199418,-0.00306796,-0.00153398,0.00294524,0.0019635,3.35582,0.351562,-0.950817,-2.02148,7.89744,-0.8063,5.08967,-0.703125,0.111861,1.05469,11.5206,1.54743,0.167791,0.0992388,-5.91197,-2.625,0.3125,0.1875,-2.6875,-0.125,-0.673828,0.0195312,-1.8125,-0.5625,-0.0625,-2.25,0.0625,-0.712891,0.175781,0.231351,0.0522235,-0.0672809,-0.146765,0.489814,0.0161743,0.236922,-0.00753355,-0.0061067,0.0551594,0.638119,0.071793,-0.0916006,0.0862237,-0.890332,-0.414654,0.268207,0.0211402,-0.418417,0.00124636,-0.133027,-0.0217212,-0.349844,-0.21236,-0.222643,-0.403725,0.198075,-0.150821,0.143458
53.32,-0.20195,-0.000221575,0.000549068,0.421095,-0.242377,0.000666501,-0.202512,0.000298274,-5.35676e-05,0.420064,-0.245926,-0.00176334,0.000187487,-0.000158499,0.00296643,0.00415853,-0.00254066,-0.000778975,0.00872452,0.000131826,0.00675719,0.000889709,0.00328368,0.00225303,0.00363122,0.00819721,-0.00982706,0.00739379,-0.00727107,-0.2,0,0,0.42,-0.23,0,-0.2,0,0,0.42,-0.23,0,0,0,0,0,0,0,0,0,0,0,0,0,0,0,0,0,0,-0.0119991,0,0,-0.0349066,0.00161302,-0.00275029,-0.0188558,-0.0141808,0.010285,-0.0239983,-0.00372885,-0.0100943,-0.0651382,-0.010627,-0.00308121,-0.0107379,-0.00306796,0.00153398,0.0076699,0.00306796,0.011781,0.0107992,0.0107379,-0.00460194,0.0153398,0,-0.00153398,-0.011781,-0.00392699,3.46768,0,-0.838956,-3.16406,7.80899,-0.858179,4.86594,-0.791016,0.167791,-0.175781,11.6101,1.59985,-0.615234,0.148858,-5.98976,-2.625,0.375,0.1875,-2.75,-0.1875,-0.703125,0.0195312,-1.8125,-0.5625,-0.0625,-2.25,0.0625,-0.693359,0.175781,0.218977,0.0221575,-0.0549068,-0.0245919,0.491862,-0.0211595,0.288936,-0.0014658,-0.0152132,0.0864534,0.644506,0.0907223,0.139169,0.0794309,-0.880684,-0.394377,0.260201,0.0358808,-0.451566,-0.00570449,-0.146925,-0.0285934,-0.349844,-0.2161,-0.212241,-0.40986,0.198075,-0.136095,0.149348
53.36,-0.201896,-0.000238619,0.00056246,0.421095,-0.242377,0.000666501,-0.202459,0.000315318,2.67838e-05,0.420123,-0.24593,-0.00175615,0.000160703,-0.000166047,0.00297124,0.00413456,-0.00255264,-0.000743022,0.0087365,0.000155795,0.00674185,0.000882039,0.00328368,0.00226502,0.00363122,0.00820919,-0.00985103,0.00738612,-0.00727874,-0.2,0,0,0.42,-0.23,0,-0.2,0,0,0.42,-0.23,0,0,0,0,0,0,0,0,0,0,0,0,0,0,0,0,0,0,0.0222841,-0.0152716,0.00342833,-0.0316341,-0.00108655,-0.0018434,0.0154275,-0.00763582,0,0.0163625,0.00593886,-0.0101387,0.010285,-0.00772874,-0.00492993,0,-0.0199418,-0.0153398,0.0184078,0.0122718,-0.00981748,0.00392699,0.00306796,-0.00306796,0.0122718,0,0.00613592,0,-0.0206167,3.41175,0.351562,-0.671165,-3.95508,7.80899,-0.858179,4.69815,-0.878906,0,0.175781,11.4316,1.5993,-0.391513,0.0992388,-5.91197,-2.625,0.3125,0.1875,-2.75,-0.1875,-0.683594,0.0195312,-1.8125,-0.5625,-0.0625,-2.25,0.0625,-0.693359,0.175781,0.145054,0.0544052,-0.0631026,-0.0376819,0.497261,-0.0229732,0.215013,-0.0162602,-0.00267838,-0.0839392,0.625339,0.0905232,-0.0790658,0.0730003,-0.876582,-0.413456,0.295147,0.0678307,-0.473641,-0.0153877,-0.125019,-0.0215678,-0.334504,-0.220366,-0.206105,-0.41046,0.190885,-0.147722,0.166191
53.42,-0.201936,-0.000230097,0.000575852,0.421112,-0.242373,0.000659341,-0.202419,0.000315318,1.33919e-05,0.420072,-0.245926,-0.00174899,0.000133919,-0.000158499,0.00296643,0.00414654,-0.00255264,-0.000778975,0.00872452,0.000179763,0.00674952,0.000889709,0.00328368,0.00226502,0.00363122,0.00819721,-0.00983905,0.00738612,-0.00727107,-0.2,0,0,0.42,-0.23,0,-0.2,0,0,0.42,-0.23,0,0,0,0,0,0,0,0,0,0,0,0,0,0,0,0,0,0,0.00342833,-0.0207258,-0.00685665,0.01309,-0.00592562,0.00640748,0.0377116,-0.00436332,-0.0119991,-0.00545415,-0.00424634,-0.0165264,-0.0257124,-0.00386437,-0.00492993,0.0076699,0,0.0184078,-0.00613592,0,0,0.00687223,0.00153398,-0.0214757,0.00306796,0.00153398,-0.0076699,-0.0147262,0.00392699,3.1321,0.439453,-0.615234,-3.25195,7.89792,-0.910599,5.20153,-0.878906,0.223722,1.8457,11.6106,1.70415,-0.335582,0.148858,-5.83418,-2.625,0.3125,0.125,-2.75,-0.125,-0.683594,0.0195312,-1.8125,-0.5,-0.0625,-2.3125,0.0625,-0.683594,0.166016,0.186782,0.0644613,-0.0438719,-0.219135,0.506771,-0.0391886,0.166427,-0.0228052,0.0226591,0.0109984,0.645543,0.103012,0.0369616,0.0591429,-0.875138,-0.429994,0.255264,0.00213319,-0.423954,-0.00359527,-0.13499,-0.0246664,-0.331436,-0.18355,-0.187697,-0.412928,0.204451,-0.132996,0.141494
53.46,-0.201923,-0.000221575,0.00056246,0.421112,-0.242381,0.000659303,-0.202512,0.000315318,-1.33919e-05,0.420072,-0.24593,-0.00175615,0.000200878,-0.000166047,0.00297124,0.00414654,-0.00255264,-0.000778975,0.00872452,0.000191748,0.00674952,0.000897379,0.00328368,0.00226502,0.00370313,0.00818523,-0.00982706,0.00739379,-0.00727874,-0.2,0,0,0.42,-0.23,0,-0.2,0,0,0.42,-0.23,0,0,0,0,0,0,0,0,0,0,0,0,0,0,0,0,0,0,-0.0171416,0.00327249,-0.0154275,0.0141808,-0.00326526,-0.00736866,-0.00171416,-0.00545415,-0.010285,-0.0316341,-0.00213718,-0.00366706,-0.00171416,-0.00386437,-0.00123248,0,0.0076699,0.0076699,-0.00920388,0,-0.00294524,0.0019635,0.00460194,-0.0076699,0,-0.00460194,-0.00306796,0.00589049,-0.015708,3.46768,0.0878906,-0.671165,-5.09766,7.80899,-0.858179,5.31339,-0.703125,0.559304,1.05469,11.5206,1.54743,-0.167791,0.148858,-5.83418,-2.625,0.3125,0.1875,-2.6875,-0.1875,-0.683594,0.0195312,-1.8125,-0.5,-0.0625,-2.25,0.0625,-0.712891,0.175781,0.226583,0.0156125,-0.025391,-0.223498,0.501788,-0.0116348,0.254653,-0.0206235,0.0219091,0.115718,0.641492,0.07758,-0.055121,0.0614072,-0.887674,-0.414654,0.239924,0.0236089,-0.417818,-0.00383495,-0.132045,-0.0199111,-0.337572,-0.211162,-0.185156,-0.400057,0.199609,-0.153766,0.161283
53.52,-0.201896,-0.000238619,0.000589243,0.421112,-0.242381,0.000659303,-0.202445,0.00032384,-2.67838e-05,0.420089,-0.245926,-0.00174899,0.000174095,-0.000158499,0.00297605,0.00415853,-0.00254066,-0.000778975,0.00872452,0.000167779,0.00675719,0.000882039,0.00328368,0.00221708,0.00363122,0.00819721,-0.00983905,0.00740146,-0.0072634,-0.2,0,0,0.42,-0.23,0,-0.2,0,0,0.42,-0.23,0,0,0,0,0,0,0,0,0,0,0,0,0,0,0,0,0,0,0.010285,0.00327249,0.0154275,0.0119991,-0.00378613,-0.000936501,0.0394257,0.00109083,-0.0119991,0.0229074,0.000551102,-0.00459863,0.0222841,0.00483046,-0.00308121,-0.00613592,0,-0.0184078,0.00306796,-0.0122718,0.00294524,0.0019635,0.00613592,0.00920388,-0.00460194,0,-0.00920388,0.00981748,0.00687223,3.41175,0.175781,-0.950817,-2.8125,7.80899,-0.858179,5.53711,-0.966797,0.447443,0,11.5211,1.65172,-0.447443,0.0496194,-5.83418,-2.5625,0.3125,0.1875,-2.75,-0.125,-0.703125,0.0195312,-1.8125,-0.625,0,-2.25,0.0625,-0.693359,0.175781,0.169052,0.0173169,-0.0897793,-0.214772,0.50283,-0.0244991,0.165677,-0.0345657,0.0266767,-0.105005,0.635948,0.0791567,-0.119081,0.0330585,-0.883573,-0.403581,0.254066,0.0757643,-0.442362,0.00891626,-0.138089,-0.0196043,-0.34064,-0.240116,-0.172357,-0.40986,0.205985,-0.157847,0.138396
53.56,-0.20191,-0.000213053,0.00056246,0.421095,-0.242377,0.000652143,-0.202485,0.000315318,-2.67838e-05,0.420064,-0.24593,-0.00174179,0.000147311,-0.000150952,0.00297124,0.00415853,-0.00254066,-0.000790959,0.00871253,0.000155795,0.00675719,0.000889709,0.00325971,0.00224105,0.00367916,0.00819721,-0.00983905,0.00740146,-0.00727874,-0.2,0,0,0.42,-0.23,0,-0.2,0,0,0.42,-0.23,0,0,0,0,0,0,0,0,0,0,0,0,0,0,0,0,0,0,0.0342833,-0.00872665,-0.00857081,-0.0305433,0.00110336,0.00735879,0.0497107,0,0.00171416,-0.00109083,0.00107419,-4.93358e-06,-0.0514249,-2.0738e-16,0.00369745,0.00153398,-0.00613592,0.0076699,0.00153398,-0.00920388,0.00785398,0.0107992,-0.00460194,-0.0076699,0.00460194,-0.0076699,0.00460194,0.011781,-0.0137445,3.1321,0.175781,-1.00675,-1.93359,7.89792,-0.910599,5.1456,-0.966797,0.167791,0.439453,11.4316,1.5993,-1.00675,0.148858,-5.98976,-2.625,0.3125,0.1875,-2.75,-0.125,-0.703125,0.0195312,-1.8125,-0.5625,-0.0625,-2.25,0.0625,-0.693359,0.175781,0.122395,0.0387586,-0.0391043,-0.0420452,0.492883,-0.0408033,0.149124,-0.0315318,-0.000749946,-0.0051764,0.635071,0.0696814,0.110081,0.0452856,-0.902464,-0.418921,0.266337,0.0242081,-0.438695,0.00608799,-0.142998,-0.0285934,-0.316767,-0.208765,-0.193162,-0.394521,0.192179,-0.15981,0.159319
53.62,-0.201936,-0.000238619,0.00056246,0.421137,-0.242377,0.000666501,-0.202512,0.000315318,-1.33919e-05,0.420021,-0.245926,-0.00176334,0.000147311,-0.000150952,0.00298087,0.00414654,-0.00254066,-0.000802943,0.00870055,0.000155795,0.00674952,0.000882039,0.00327169,0.00221708,0.00370313,0.00820919,-0.00982706,0.0074168,-0.0072634,-0.2,0,0,0.42,-0.23,0,-0.2,0,0,0.42,-0.23,0,0,0,0,0,0,0,0,0,0,0,0,0,0,0,0,0,0,-0.00342833,0.00436332,0,0.0305433,0.0102662,-0.000872357,-0.0462824,-0.00218166,0.0137133,-0.0392699,-0.00533734,-0.0110061,-0.00514249,-0.00386437,0.00369745,0,-0.0107379,0.00306796,0.00920388,0.0076699,-0.000981748,-0.00687223,0,0.0076699,0.00306796,0.00306796,-0.0138058,0.019635,0.00589049,3.24396,0,-0.950817,-3.60352,7.80899,-0.858179,5.36932,-0.966797,-0.0559304,1.05469,11.6101,1.59985,0.279652,0.148858,-5.83418,-2.625,0.3125,0.1875,-2.8125,-0.1875,-0.683594,0.0195312,-1.8125,-0.625,-0.0625,-2.25,0.0625,-0.693359,0.175781,0.200496,0.0151353,-0.056246,-0.292784,0.474556,-0.0249153,0.343789,-0.0271685,-0.0260874,0.153933,0.647723,0.092546,-0.0287658,0.0568787,-0.905353,-0.414654,0.275541,0.0340112,-0.453435,-0.0107858,-0.134009,-0.0107685,-0.327169,-0.237048,-0.191292,-0.416596,0.210347,-0.167971,0.139377
53.66,-0.201896,-0.000247141,0.000575852,0.42112,-0.242377,0.000652143,-0.202472,0.000315318,5.35676e-05,0.420098,-0.245926,-0.00174899,0.000147311,-0.000158499,0.00296643,0.00414654,-0.00252867,-0.000802943,0.0087365,0.000167779,0.00674952,0.000889709,0.00328368,0.00225303,0.00365519,0.00818523,-0.00982706,0.00738612,-0.0072634,-0.2,0,0,0.42,-0.23,0,-0.2,0,0,0.42,-0.23,0,0,0,0,0,0,0,0,0,0,0,0,0,0,0,0,0,0,0.0239983,0.0109083,0.010285,0.00981748,0.00111457,0.0110357,-0.0154275,0,0.0377116,0.00218166,0.000539896,-0.000921699,-0.00685665,-0.00483046,-0.00184873,0.0122718,0.00153398,-0.00306796,-0.00460194,-0.00153398,-0.0019635,0,0.00920388,0.00460194,-0.00460194,0.0122718,0.00460194,-0.00785398,0.0176715,3.35582,0.0878906,-0.671165,-2.72461,7.89792,-0.910599,5.03374,-0.791016,-0.0559304,-0.175781,11.4316,1.5993,-0.447443,0.198478,-5.91197,-2.625,0.3125,0.1875,-2.6875,-0.125,-0.683594,0.0195312,-1.8125,-0.5625,0,-2.375,0.0625,-0.703125,0.175781,0.141625,0.00289752,-0.0781551,-0.207324,0.492861,-0.0481571,0.278062,-0.0315318,-0.0807799,-0.0233804,0.63597,0.0718028,-0.0236233,0.0620412,-0.884381,-0.439198,0.249799,0.0462831,-0.427621,-0.0018216,-0.133027,-0.0177942,-0.346776,-0.234507,-0.173556,-0.433805,0.191939,-0.139868,0.127597
53.72,-0.20191,-0.000238619,0.000535676,0.421129,-0.242381,0.000644944,-0.202472,0.000298274,2.67838e-05,0.420157,-0.245926,-0.00174899,0.000107135,-0.000158499,0.00297605,0.00415853,-0.00254066,-0.000802943,0.00872452,0.000167779,0.00674952,0.000882039,0.00327169,0.00222907,0.00366717,0.00819721,-0.00982706,0.00739379,-0.0072634,-0.2,0,0,0.42,-0.23,0,-0.2,0,0,0.42,-0.23,0,0,0,0,0,0,0,0,0,0,0,0,0,0,0,0,0,0,0.00342833,0.00981748,-0.00685665,0.0163625,-0.00599285,-0.0156541,-0.00857081,-0.00327249,-0.010285,0.0545415,-0.00425194,-0.014688,-0.0359974,0,0,0.0122718,0,0,0.0122718,-0.00920388,-0.000981748,0,-0.00153398,0.00613592,0.00460194,0,-0.0168738,0.0019635,0.0107992,3.41175,0,-0.950817,-3.60352,7.80899,-0.858179,5.31339,-0.791016,-0.111861,-0.878906,11.5211,1.65172,-0.391513,0.148858,-5.83418,-2.625,0.3125,0.1875,-2.75,-0.125,-0.683594,0,-1.8125,-0.5625,-0.0625,-2.25,0.0625,-0.703125,0.166016,0.184105,0.00422697,-0.0398543,-0.234782,0.507245,0.0055104,0.264349,-0.0232824,0.0178916,-0.24177,0.645554,0.0993354,0.0758517,0.0475498,-0.892816,-0.440396,0.254066,0.0401472,-0.46077,0.0058483,-0.134009,-0.0176408,-0.324101,-0.235178,-0.192563,-0.40986,0.213415,-0.149839,0.134469
53.78,-0.201936,-0.000213053,0.00056246,0.421137,-0.242381,0.000659303,-0.202445,0.000315318,0,0.420149,-0.24593,-0.00175615,0.000200878,-0.000158499,0.00297605,0.00415853,-0.00255264,-0.000826912,0.00872452,0.000191748,0.00674952,0.000889709,0.00328368,0.00221708,0.00366717,0.00819721,-0.00985103,0.00739379,-0.00727107,-0.2,0,0,0.42,-0.23,0,-0.2,0,0,0.42,-0.23,0,0,0,0,0,0,0,0,0,0,0,0,0,0,0,0,0,0,0.0119991,0.0141808,0.0239983,0.0174533,0.00434621,0.00737359,0.0222841,0.0109083,-0.00857081,0.00545415,-0.0074521,-0.022027,-0.0274266,-0.0125592,0.00184873,0.00920388,-0.0122718,0,-0.00460194,-0.00920388,-0.000981748,0.00687223,0.00460194,-0.00153398,-0.00613592,-0.00306796,-0.00920388,-0.00490874,-0.000981748,3.52362,0,-0.950817,-4.6582,7.80899,-0.858179,3.8592,-0.966797,0.335582,0.351562,11.5211,1.65172,-1.06268,0.148858,-5.83418,-2.625,0.375,0.1875,-2.6875,-0.125,-0.683594,0.0195312,-1.8125,-0.5625,0,-2.25,0.0625,-0.693359,0.175781,0.169641,-0.00705631,-0.104243,-0.240424,0.486566,-0.0411193,0.19996,-0.0533484,0.0171416,-0.0441415,0.652121,0.1143,0.0220163,0.0852274,-0.898362,-0.43426,0.279808,0.0413456,-0.427022,0.00536893,-0.134009,-0.0246664,-0.337572,-0.21864,-0.171087,-0.403725,0.206225,-0.142967,0.146403
53.82,-0.201936,-0.000230097,0.000549068,0.42112,-0.242377,0.000652143,-0.202526,0.000315318,2.67838e-05,0.42014,-0.245943,-0.00176327,0.000147311,-0.000166047,0.00297124,0.00412257,-0.00255264,-0.000778975,0.00872452,0.000167779,0.00674952,0.000882039,0.00328368,0.00226502,0.00365519,0.00819721,-0.00983905,0.00740146,-0.00727874,-0.2,0,0,0.42,-0.23,0,-0.2,0,0,0.42,-0.23,0,0,0,0,0,0,0,0,0,0,0,0,0,0,0,0,0,0,0.0119991,-0.00545415,0.0291408,-0.00218166,-0.00105294,0.00918738,-0.00857081,-0.00327249,0.0171416,0.0403607,-0.00961729,-0.0165018,-0.0188558,-0.000966092,0.000616242,-0.0138058,-0.0107379,0.00153398,-0.0138058,-0.0168738,0,-0.00490874,-0.00306796,0,0.0122718,0,-0.00920388,0.00392699,-0.00589049,3.41175,0,-1.17454,-3.95508,7.80946,-0.962478,5.31339,-0.966797,-0.111861,-1.23047,11.4316,1.5993,-0.447443,0.0496194,-5.98976,-2.625,0.3125,0.1875,-2.6875,-0.125,-0.673828,0.0195312,-1.8125,-0.5625,-0.0625,-2.25,0.0625,-0.703125,0.175781,0.169641,0.033918,-0.113188,-0.159327,0.497196,-0.0444605,0.269706,-0.0249868,-0.0369616,-0.182489,0.656954,0.103534,0.0123741,0.0527124,-0.893221,-0.384646,0.27674,0.0358808,-0.408614,0.0135182,-0.13499,-0.012732,-0.322232,-0.226502,-0.207303,-0.40986,0.205985,-0.151956,0.151465
53.88,-0.201923,-0.000230097,0.000549068,0.42112,-0.242373,0.000659341,-0.202485,0.000306796,-4.01757e-05,0.420089,-0.24593,-0.00174179,0.000174095,-0.000158499,0.00296643,0.00415853,-0.00255264,-0.000778975,0.00872452,0.000167779,0.00674952,0.000882039,0.00328368,0.00224105,0.00363122,0.00819721,-0.00982706,0.00740146,-0.00727107,-0.2,0,0,0.42,-0.23,0,-0.2,0,0,0.42,-0.23,0,0,0,0,0,0,0,0,0,0,0,0,0,0,0,0,0,0,0.0257124,-0.00327249,0.00685665,-0.00981748,0.00809873,-0.00272069,0.010285,-0.00218166,0.0188558,-0.0239983,-0.00803122,-0.00823608,0.0239983,0.00579655,-0.00369745,0.00153398,-0.00153398,0,0.00460194,-0.00613592,-0.0019635,0,0.00306796,0,0.0214757,-0.0076699,-0.00153398,0.00981748,-0.000981748,3.41175,0.263672,-0.838956,-5.36133,7.80899,-0.858179,5.20153,-0.791016,0.279652,0.527344,11.6101,1.59985,-0.111861,0.0496194,-5.83418,-2.625,0.375,0.1875,-2.75,-0.125,-0.683594,0.0195312,-1.8125,-0.5625,-0.0625,-2.25,0.0625,-0.693359,0.175781,0.140875,0.0295547,-0.0686201,-0.128784,0.478723,-0.0209323,0.227975,-0.0263163,-0.033694,0.0826178,0.653281,0.0861437,-0.124223,0.0301602,-0.878835,-0.418921,0.258332,0.0389487,-0.44543,0.00278034,-0.133027,-0.0176408,-0.334504,-0.224105,-0.224512,-0.394521,0.198075,-0.157847,0.146403
53.92,-0.201896,-0.000238619,0.000575852,0.421112,-0.242386,0.000666463,-0.202526,0.000315318,1.33919e-05,0.420081,-0.24593,-0.00175615,0.000160703,-0.000166047,0.00297124,0.00415853,-0.00254066,-0.000778975,0.00872452,0.000155795,0.00674952,0.000882039,0.00328368,0.00222907,0.00370313,0.00819721,-0.00982706,0.00739379,-0.0072634,-0.2,0,0,0.42,-0.23,0,-0.2,0,0,0.42,-0.23,0,0,0,0,0,0,0,0,0,0,0,0,0,0,0,0,0,0,0.00857081,-0.00545415,0.0188558,0.0261799,0.00218431,0.00736372,-0.02057,-0.00327249,0.00514249,-0.0294524,0.00482545,0.00273549,0.0171416,-0.00193218,0.00246497,-0.0107379,0.00920388,0,-0.00153398,-0.00153398,-0.0019635,0.00589049,0.0122718,0.0107379,0.0153398,0.0076699,0.0138058,0.011781,0.00687223,3.63548,0.175781,-1.06268,-3.25195,7.80899,-0.858179,5.08967,-0.878906,0,0.791016,11.4316,1.5993,-0.447443,0.0992388,-5.91197,-2.5625,0.3125,0.125,-2.75,-0.1875,-0.673828,0.0195312,-1.8125,-0.625,-0.0625,-2.3125,0.0625,-0.693359,0.166016,0.17248,0.0347702,-0.0952967,-0.271495,0.491057,-0.0413859,0.293704,-0.0249868,-0.0116242,0.105713,0.627566,0.0647748,-0.0996357,0.0556107,-0.898767,-0.394377,0.235658,0.0389487,-0.433158,-0.00158192,-0.133027,-0.0235313,-0.352911,-0.244382,-0.215836,-0.4252,0.182735,-0.159657,0.138396
53.98,-0.20191,-0.000238619,0.00056246,0.421095,-0.242386,0.000666463,-0.202539,0.000332363,2.67838e-05,0.420098,-0.245935,-0.00176331,0.000133919,-0.000143404,0.00297605,0.00415853,-0.00254066,-0.000778975,0.0087365,0.000155795,0.00675719,0.000882039,0.00327169,0.00226502,0.00369114,0.00819721,-0.00983905,0.00739379,-0.0072634,-0.2,0,0,0.42,-0.23,0,-0.2,0,0,0.42,-0.23,0,0,0,0,0,0,0,0,0,0,0,0,0,0,0,0,0,0,0.0291408,0.00654498,0.0137133,0.00763582,-0.00543277,-0.00921699,-0.0428541,0.01309,0,-0.0218166,0.00161409,-0.000926632,-0.0154275,-2.76542e-16,0.00492993,-0.0076699,-0.0107379,0.00920388,-0.00460194,-0.00613592,0.00883573,0,0.00306796,-0.00153398,0.0260777,0.00153398,-0.00920388,0.000981748,0.00687223,3.41175,0.0878906,-1.00675,-1.93359,7.89744,-0.8063,5.36932,-1.05469,0.279652,0.527344,11.3421,1.54688,-0.335582,0.148858,-5.98976,-2.5625,0.375,0.1875,-2.6875,-0.125,-0.683594,0,-1.8125,-0.5625,-0.0625,-2.3125,0.0625,-0.693359,0.175781,0.13268,0.010772,-0.0836726,-0.194762,0.506292,-0.00822453,0.339611,-0.0594162,-0.00267838,0.0726127,0.634156,0.0723855,0.00610671,0.0430213,-0.907606,-0.400513,0.275541,0.020541,-0.427621,0.00302002,-0.143979,-0.0176408,-0.333305,-0.223434,-0.236712,-0.412928,0.205985,-0.148858,0.138396
54.02,-0.201936,-0.000204531,0.000535676,0.421154,-0.242377,0.000666501,-0.202526,0.000315318,-2.67838e-05,0.420132,-0.245935,-0.00174895,0.000187487,-0.000166047,0.00297124,0.00414654,-0.00252867,-0.000778975,0.0087365,0.000155795,0.00675719,0.000882039,0.00328368,0.00226502,0.00365519,0.00818523,-0.00981508,0.00738612,-0.00727107,-0.2,0,0,0.42,-0.23,0,-0.2,0,0,0.42,-0.23,0,0,0,0,0,0,0,0,0,0,0,0,0,0,0,0,0,0,0.0137133,0.00763582,-0.00685665,0.0218166,0.000543277,0.000921699,-0.0582815,-0.00327249,0.0137133,0.0163625,-0.00103497,-0.0128643,0.0274266,-0.00869483,0.000616242,-0.00613592,-0.00306796,0.0138058,0.00460194,0,0.00687223,0,0.00460194,-0.0168738,0.00920388,-0.0107379,0,-0.0107992,-0.0019635,3.52362,0,-0.783026,-5.00977,7.89744,-0.8063,4.86594,-0.791016,0.335582,-0.175781,11.5211,1.65172,-0.838956,0.0992388,-5.91197,-2.625,0.3125,0.125,-2.6875,-0.1875,-0.703125,0.0195312,-1.8125,-0.5625,-0.0625,-2.25,0.0625,-0.693359,0.175781,0.166212,0.00518145,-0.0398543,-0.26043,0.494002,-0.0285034,0.369127,-0.0249868,-0.0247482,-0.0852177,0.639456,0.0956865,-0.138526,0.0758986,-0.893221,-0.402382,0.259003,0.0113371,-0.446029,-0.0031159,-0.142016,-0.0176408,-0.337572,-0.192754,-0.201167,-0.387786,0.196302,-0.136923,0.147385
54.08,-0.201923,-0.000230097,0.00056246,0.421129,-0.242377,0.000652143,-0.202445,0.000315318,5.35676e-05,0.420047,-0.24593,-0.00174179,0.000160703,-0.000150952,0.00298087,0.00412257,-0.00255264,-0.000790959,0.00872452,0.000167779,0.00674185,0.000882039,0.00329566,0.00222907,0.00367916,0.00819721,-0.00982706,0.00739379,-0.00727107,-0.2,0,0,0.42,-0.23,0,-0.2,0,0,0.42,-0.23,0,0,0,0,0,0,0,0,0,0,0,0,0,0,0,0,0,0,0.00514249,0.00109083,0.00171416,0.0185441,-0.00109776,-0.00552032,0.0377116,0,0.00514249,0.00109083,0,0,0.0119991,-0.00772874,-0.00123248,-0.00613592,-0.00153398,0.0107379,0.00460194,0.00306796,-0.00981748,-0.00490874,0.00460194,0.00460194,0.0076699,0.00920388,-0.0122718,-0.000981748,-0.011781,3.46768,0.175781,-1.06268,-4.39453,7.80899,-0.858179,5.03374,-0.878906,-0.0559304,-0.263672,11.4316,1.5993,-0.503374,0.148858,-5.83418,-2.625,0.3125,0.1875,-2.75,-0.1875,-0.683594,0.0195312,-1.8125,-0.5625,-0.0625,-2.25,0.0625,-0.703125,0.175781,0.182015,0.020828,-0.0596743,-0.243509,0.497285,-0.0150451,0.169105,-0.0315318,-0.0156417,-0.011346,0.637219,0.0696715,-0.0842082,0.0684718,-0.890563,-0.399985,0.258332,0.0180722,-0.44543,-0.00642355,-0.125019,-0.012732,-0.33877,-0.23211,-0.199298,-0.428268,0.208813,-0.146894,0.157202
54.12,-0.20191,-0.000230097,0.000535676,0.421137,-0.242381,0.000659303,-0.202512,0.000298274,-4.01757e-05,0.420123,-0.245935,-0.00174895,0.000160703,-0.000166047,0.00297124,0.00415853,-0.00252867,-0.000778975,0.00870055,0.000131826,0.00674185,0.000889709,0.00328368,0.00224105,0.00365519,0.00818523,-0.00982706,0.00739379,-0.0072634,-0.2,0,0,0.42,-0.23,0,-0.2,0,0,0.42,-0.23,0,0,0,0,0,0,0,0,0,0,0,0,0,0,0,0,0,0,0.0171416,-0.0152716,-0.0137133,0.0163625,-0.00217311,-0.0036868,-0.00857081,-0.0109083,0,0.0316341,-0.00267147,-0.00458382,-0.00514249,-0.00386437,-0.00123248,-0.00613592,0.00153398,0.00920388,-0.0138058,0.0107379,-0.0107992,0.00490874,0.0107379,0,-0.0184078,0,0,0.00687223,0.00392699,3.46768,0.175781,-1.06268,-4.48242,7.80899,-0.858179,4.86594,-0.791016,-0.335582,-0.439453,11.5211,1.65172,-0.335582,0.148858,-5.83418,-2.5625,0.3125,0.1875,-2.75,-0.1875,-0.683594,0.0195312,-1.8125,-0.5625,0,-2.25,0.0625,-0.712891,0.175781,0.156678,0.053553,-0.026141,-0.236061,0.499604,-0.0189985,0.268366,-0.00801079,0.00401757,-0.145026,0.642729,0.0791255,-0.0327834,0.0614072,-0.887674,-0.403581,0.249799,0.020541,-0.407416,-0.0133744,-0.124038,-0.0227029,-0.349844,-0.224105,-0.145944,-0.409261,0.196541,-0.154748,0.141341
54.18,-0.20195,-0.000221575,0.000549068,0.421137,-0.242377,0.000652143,-0.202512,0.000298274,2.67838e-05,0.420081,-0.24593,-0.00175615,0.000147311,-0.000150952,0.00298087,0.00415853,-0.00252867,-0.000778975,0.00872452,0.000155795,0.00674952,0.000882039,0.00328368,0.00225303,0.00365519,0.00820919,-0.00981508,0.00740146,-0.0072634,-0.2,0,0,0.42,-0.23,0,-0.2,0,0,0.42,-0.23,0,0,0,0,0,0,0,0,0,0,0,0,0,0,0,0,0,0,0.00342833,-0.00763582,-0.00171416,0.0250891,0.000498456,-0.013786,-0.0274266,-0.00109083,-0.00171416,-0.0316341,-0.00317775,-0.0146929,0,-0.0115931,0.00123248,0,-0.00460194,0.0214757,-0.0184078,0.00460194,-0.0107992,0.00294524,0.00153398,0.00153398,0.0168738,0.0107379,0.0076699,0.0147262,0.011781,3.57955,0.263672,-0.894886,-3.42773,7.89792,-0.910599,5.98455,-0.966797,0.223722,0.615234,11.5211,1.65172,-0.503374,0.148858,-5.83418,-2.625,0.375,0.1875,-2.625,-0.1875,-0.683594,0,-1.8125,-0.5625,-0.0625,-2.25,0.0625,-0.712891,0.175781,0.188122,0.0374291,-0.0514784,-0.270967,0.494093,0.00148631,0.306078,-0.0276457,0.000749946,0.11444,0.643573,0.0996317,-0.0441933,0.0800649,-0.897958,-0.415853,0.262071,-0.00400273,-0.39941,-0.00771784,-0.124191,-0.020586,-0.331436,-0.228371,-0.216507,-0.431935,0.188632,-0.162755,0.133487
54.22,-0.201896,-0.000204531,0.00056246,0.421069,-0.242373,0.000659341,-0.202445,0.000315318,2.67838e-05,0.420132,-0.245926,-0.00174899,0.000147311,-0.000158499,0.00296643,0.00415853,-0.00255264,-0.000802943,0.0087365,0.000155795,0.00674952,0.000882039,0.00328368,0.00225303,0.00367916,0.00819721,-0.00983905,0.00739379,-0.0072634,-0.2,0,0,0.42,-0.23,0,-0.2,0,0,0.42,-0.23,0,0,0,0,0,0,0,0,0,0,0,0,0,0,0,0,0,0,0.010285,0.0119991,0,-0.0501782,0.00973976,0.00372133,0.00685665,-0.00763582,-0.02057,0.0327249,-0.000545499,0.00276016,-0.0137133,0,0,0.00306796,-0.00460194,0.00153398,0,0.0168738,-0.0019635,0,0.00153398,-0.00460194,-0.00306796,0,0.00153398,0.00981748,-0.000981748,3.35582,0.263672,-1.00675,-2.28516,7.72053,-0.910059,4.47443,-0.791016,0.223722,-1.8457,11.5206,1.54743,-0.111861,0.198478,-5.91197,-2.625,0.3125,0.1875,-2.75,-0.1875,-0.683594,0.0195312,-1.8125,-0.5625,-0.0625,-2.25,0.0625,-0.693359,0.185547,0.169052,-0.0035452,-0.056246,0.0403302,0.475441,-0.0338163,0.230815,-0.0162602,0.0384615,-0.150668,0.638141,0.0644391,-0.00305336,0.0475498,-0.889928,-0.421989,0.264468,0.0370792,-0.436825,-0.0199897,-0.133027,-0.0176408,-0.331436,-0.2161,-0.177822,-0.40986,0.195247,-0.157693,0.14625
54.28,-0.201896,-0.000238619,0.000535676,0.42112,-0.24239,0.000659264,-0.202485,0.000315318,4.01757e-05,0.420098,-0.245935,-0.00176331,0.000120527,-0.000150952,0.00298087,0.00415853,-0.00252867,-0.000802943,0.00872452,0.000167779,0.00674952,0.000882039,0.00328368,0.00225303,0.00363122,0.00819721,-0.00981508,0.00739379,-0.0072634,-0.2,0,0,0.42,-0.23,0,-0.2,0,0,0.42,-0.23,0,0,0,0,0,0,0,0,0,0,0,0,0,0,0,0,0,0,-0.00857081,-0.00327249,-0.00685665,0.0174533,-0.00593682,0.00273056,0.0222841,0,0.00171416,0.0109083,0.000545499,-0.00276016,-0.0257124,-0.00869483,-0.00308121,-0.00153398,0.00920388,0.00460194,-0.00153398,0.00613592,-0.00294524,0.000981748,-0.00306796,-0.0107379,0.0245437,0.00306796,0.00153398,-0.0019635,0,3.52362,0.263672,-0.671165,-4.21875,7.89792,-0.910599,5.1456,-0.878906,-0.111861,0.175781,11.5206,1.54743,0.0559304,0.297716,-5.75639,-2.5625,0.3125,0.1875,-2.75,-0.1875,-0.683594,0.0195312,-1.8125,-0.5625,-0.0625,-2.25,0.0625,-0.693359,0.166016,0.206763,0.0304069,-0.0398543,-0.237867,0.507469,-0.0318317,0.203977,-0.0315318,-0.00744589,-0.058287,0.636293,0.0760526,0.0409792,0.07137,-0.885017,-0.412785,0.234459,0.0309433,-0.433158,-0.00949151,-0.132045,-0.0186225,-0.322232,-0.203828,-0.230648,-0.415996,0.194768,-0.145912,0.145268
54.32,-0.201923,-0.000255663,0.000549068,0.42112,-0.242381,0.000659303,-0.202512,0.000315318,-2.67838e-05,0.420123,-0.245922,-0.00175618,0.000133919,-0.000158499,0.00296643,0.00415853,-0.00254066,-0.000814927,0.0087365,0.000167779,0.00674952,0.000882039,0.00328368,0.002277,0.00372709,0.00819721,-0.00983905,0.00739379,-0.0072634,-0.2,0,0,0.42,-0.23,0,-0.2,0,0,0.42,-0.23,0,0,0,0,0,0,0,0,0,0,0,0,0,0,0,0,0,0,0.00171416,-0.00981748,0.010285,0.0141808,-0.00705139,-0.00830516,-0.0239983,-0.00109083,-0.010285,0.0109083,5.60258e-06,-0.00183846,0.00171416,-0.00193218,0.00123248,0.0076699,0.00613592,-0.0153398,-0.00613592,-0.00920388,-0.0019635,-0.00589049,0.00153398,-0.00920388,0.0168738,0.00613592,-0.00306796,0,0.00883573,3.41175,0.263672,-1.00675,-2.63672,8.07483,-0.806841,4.97781,-0.791016,0,-0.527344,11.5206,1.54743,-0.391513,0.148858,-5.98976,-2.625,0.375,0.1875,-2.6875,-0.125,-0.683594,0.0195312,-1.8125,-0.5,-0.0625,-2.25,0.0625,-0.703125,0.175781,0.188871,0.0452013,-0.0754767,-0.224777,0.509361,-0.00976179,0.299221,-0.0293502,0.0232483,-0.0621226,0.63687,0.0739243,-0.0453182,0.0533464,-0.893625,-0.431192,0.241794,0.071426,-0.424553,0.0058483,-0.133027,-0.0117503,-0.331436,-0.209293,-0.220102,-0.422132,0.199849,-0.147876,0.136432
54.38,-0.201896,-0.000230097,0.000549068,0.421129,-0.242377,0.000652143,-0.202485,0.000315318,2.67838e-05,0.420055,-0.245935,-0.00174895,0.000133919,-0.000150952,0.00297124,0.00415853,-0.00252867,-0.000790959,0.00872452,0.000191748,0.00675719,0.000889709,0.00327169,0.00225303,0.00367916,0.00818523,-0.00982706,0.00738612,-0.0072634,-0.2,0,0,0.42,-0.23,0,-0.2,0,0,0.42,-0.23,0,0,0,0,0,0,0,0,0,0,0,0,0,0,0,0,0,0,0.0119991,-0.0119991,0,-0.00545415,0.00378613,0.000936501,-0.00685665,0.00218166,0.00685665,-0.0338158,-0.00161969,0.0027651,-0.0308549,0.00193218,-0.00246497,-0.00460194,0.0122718,0,-0.0168738,0.0107379,0.00392699,0.0107992,-0.00613592,-0.0168738,0.00460194,0.00153398,0.00613592,-0.00883573,0.00981748,3.41175,0.439453,-1.23047,-4.13086,7.80899,-0.858179,5.1456,-0.966797,0.111861,1.05469,11.5206,1.54743,0.0559304,0.148858,-5.83418,-2.625,0.3125,0.1875,-2.6875,-0.1875,-0.683594,0,-1.8125,-0.5625,-0.0625,-2.3125,0.0625,-0.693359,0.166016,0.165623,0.047008,-0.0549068,-0.147516,0.487518,-0.0279587,0.262259,-0.0358952,-0.0163917,0.127002,0.640625,0.0644277,0.0523891,0.039489,-0.883977,-0.406649,0.228323,0.0395479,-0.402478,-0.0145728,-0.139071,-0.0285934,-0.314898,-0.191556,-0.193162,-0.412329,0.190405,-0.138887,0.13545
54.42,-0.20195,-0.000238619,0.000549068,0.421137,-0.242377,0.000652143,-0.202485,0.000315318,0,0.420132,-0.245935,-0.00176331,0.000187487,-0.000150952,0.00298087,0.00414654,-0.00252867,-0.000778975,0.00872452,0.000167779,0.00675719,0.000882039,0.00327169,0.00222907,0.00369114,0.00820919,-0.00983905,0.00740146,-0.0072634,-0.2,0,0,0.42,-0.23,0,-0.2,0,0,0.42,-0.23,0,0,0,0,0,0,0,0,0,0,0,0,0,0,0,0,0,0,0,0.00872665,0.0154275,0.0392699,-0.00704019,-0.00462823,0.00857081,-0.00872665,0.0359974,0.0261799,-0.00480864,-0.00825088,0.0137133,-0.0135253,-0.00123248,-0.00153398,0.00613592,0.00460194,0.0107379,-0.0138058,0.00589049,0.0019635,0,0.00306796,0.0107379,0,0.00153398,0.00687223,0.00981748,3.1321,-0.175781,-0.894886,-3.7793,7.98638,-0.85872,5.87269,-0.791016,-0.0559304,-0.175781,11.4316,1.5993,0.111861,0.248097,-5.67861,-2.625,0.4375,0.1875,-2.75,-0.125,-0.683594,0.0195312,-1.875,-0.5625,-0.0625,-2.25,0.0625,-0.693359,0.175781,0.194979,0.00640863,-0.0857617,-0.32769,0.50917,-0.0168292,0.231404,-0.0140785,-0.0719948,-0.124488,0.647001,0.087034,-0.0973859,0.0858614,-0.890563,-0.411586,0.240595,0.0297448,-0.457702,0.0104502,-0.141034,-0.0196043,-0.327169,-0.229043,-0.206033,-0.41046,0.195247,-0.154901,0.13545
54.48,-0.201923,-0.000221575,0.000535676,0.421137,-0.242373,0.000659341,-0.202459,0.000298274,-1.33919e-05,0.420149,-0.24593,-0.00174179,0.000174095,-0.000135857,0.00297124,0.00415853,-0.00255264,-0.000790959,0.00872452,0.000143811,0.00675719,0.000882039,0.00328368,0.00221708,0.00369114,0.00819721,-0.00985103,0.00739379,-0.00727107,-0.2,0,0,0.42,-0.23,0,-0.2,0,0,0.42,-0.23,0,0,0,0,0,0,0,0,0,0,0,0,0,0,0,0,0,0,-0.00342833,-0.00981748,-0.0137133,0.0185441,-0.000548879,-0.00276016,0.010285,-0.0218166,0.0257124,-0.00545415,-0.00535414,-0.00549072,0.0222841,0.00193218,0.00492993,0.00613592,-0.00306796,0.0138058,-0.0122718,0.00460194,0.0176715,-0.000981748,0.00153398,-0.00460194,0,0,-0.00920388,-0.000981748,0.00687223,3.46768,0.351562,-1.00675,-3.33984,7.9859,-0.754421,5.25746,-0.791016,0.335582,-0.175781,11.5211,1.65172,-0.671165,0.198478,-5.91197,-2.625,0.3125,0.1875,-2.6875,-0.1875,-0.703125,0.0195312,-1.8125,-0.5625,0,-2.25,0.0625,-0.693359,0.175781,0.199156,0.0417925,-0.026141,-0.244787,0.496018,-0.0208533,0.225298,0.0138058,-0.0500857,-0.000508305,0.647927,0.0806529,-0.119081,0.0349604,-0.906162,-0.428124,0.2614,0.0119363,-0.411682,-0.00747816,-0.152815,-0.016659,-0.331436,-0.212504,-0.184557,-0.40986,0.206225,-0.146894,0.138549
54.52,-0.20191,-0.000221575,0.00056246,0.421078,-0.242381,0.000644944,-0.202445,0.000315318,4.01757e-05,0.420157,-0.24593,-0.00175615,0.000133919,-0.000150952,0.00297124,0.00417051,-0.00255264,-0.000778975,0.00874848,0.000143811,0.00674952,0.000882039,0.00328368,0.00224105,0.00367916,0.00819721,-0.00983905,0.00739379,-0.00727107,-0.2,0,0,0.42,-0.23,0,-0.2,0,0,0.42,-0.23,0,0,0,0,0,0,0,0,0,0,0,0,0,0,0,0,0,0,0.0171416,-0.00218166,0.0222841,-0.0250891,0.0021619,9.86834e-06,0.053139,0.00218166,0.0171416,0.0414516,1.68077e-05,-0.00551539,-0.0119991,0.00193218,-0.00123248,0,0.0076699,0.00920388,-0.00613592,0.00306796,-0.00294524,-0.000981748,0.0122718,-0.00153398,0.00153398,0.0184078,-0.00920388,0.0019635,-0.00294524,3.29989,0.439453,-1.00675,-2.8125,7.89792,-0.910599,4.53036,-0.966797,-0.0559304,-1.05469,11.4316,1.5993,-0.223722,0.148858,-5.83418,-2.5625,0.3125,0.1875,-2.6875,-0.1875,-0.683594,0.0195312,-1.8125,-0.5625,-0.0625,-2.375,0.0625,-0.703125,0.175781,0.156678,0.0265208,-0.100814,-0.0613048,0.490936,-0.0258175,0.13825,-0.0358952,-0.0383008,-0.18941,0.637184,0.0812766,-0.00417827,0.039489,-0.887674,-0.417051,0.239924,0.020541,-0.425152,-0.00594418,-0.132045,-0.016659,-0.352911,-0.221037,-0.187026,-0.446676,0.205985,-0.149839,0.148367
54.58,-0.201977,-0.000230097,0.00056246,0.421137,-0.242386,0.000652104,-0.202539,0.000315318,5.35676e-05,0.420115,-0.245926,-0.00176334,9.37433e-05,-0.000150952,0.00297124,0.00415853,-0.00254066,-0.000826912,0.00872452,0.000167779,0.00674952,0.000889709,0.00328368,0.00226502,0.00363122,0.00820919,-0.00983905,0.00739379,-0.0072634,-0.2,0,0,0.42,-0.23,0,-0.2,0,0,0.42,-0.23,0,0,0,0,0,0,0,0,0,0,0,0,0,0,0,0,0,0,0.0171416,-0.00218166,0.00857081,0.0218166,0.00106975,-0.00367199,-0.02057,-0.00327249,0.0291408,-0.00109083,-0.00480864,-0.00825088,-0.0274266,0.00193218,-4.38904e-17,-0.00153398,-0.0138058,0,0,-0.00613592,-0.00687223,0.00687223,0.0107379,-0.00460194,0.00306796,0.0168738,-0.00460194,0.00490874,0.015708,3.57955,0,-0.671165,-4.30664,7.80899,-0.858179,6.04048,-0.878906,0.111861,-0.351562,11.6101,1.59985,-0.335582,0.148858,-5.83418,-2.625,0.3125,0.1875,-2.6875,-0.1875,-0.673828,0.0195312,-1.8125,-0.5625,-0.0625,-2.3125,0.0625,-0.703125,0.166016,0.163373,0.027373,-0.0733876,-0.257877,0.493288,-0.0187402,0.295042,-0.0249868,-0.0636383,-0.0128475,0.646666,0.0870356,0.0541568,0.039489,-0.891372,-0.412785,0.281677,0.0413456,-0.436226,0.00278034,-0.128118,-0.0246664,-0.349844,-0.217298,-0.187697,-0.444207,0.201383,-0.152784,0.12956
54.62,-0.20195,-0.000264186,0.000535676,0.421086,-0.242386,0.000652104,-0.202499,0.000298274,2.67838e-05,0.420064,-0.245922,-0.00177054,0.000160703,-0.000158499,0.00296643,0.00414654,-0.00252867,-0.000802943,0.00872452,0.000167779,0.00674952,0.000882039,0.00328368,0.00224105,0.00365519,0.00818523,-0.00982706,0.00738612,-0.00727874,-0.2,0,0,0.42,-0.23,0,-0.2,0,0,0.42,-0.23,0,0,0,0,0,0,0,0,0,0,0,0,0,0,0,0,0,0,0.0119991,-0.00327249,0.0119991,-0.0119991,0.00160742,-0.00458876,-0.02057,-0.00872665,0.00171416,-0.00218166,0.0010966,-0.00735879,-0.0119991,0.00289828,0.00554618,-0.0153398,0,0.00306796,-0.0076699,0.0107379,-0.000981748,0,-0.00153398,-0.00460194,0.00460194,0.0184078,0,-0.0176715,-0.00785398,3.24396,0.175781,-1.00675,-2.98828,7.80899,-0.858179,5.7049,-0.791016,0,0,11.5211,1.65172,-0.391513,0.0496194,-5.98976,-2.5625,0.375,0.1875,-2.75,-0.1875,-0.683594,0.0195312,-1.8125,-0.5625,-0.0625,-2.375,0.0625,-0.693359,0.166016,0.17098,0.0329635,-0.0775659,-0.114943,0.492213,-0.0169066,0.291025,-0.0123741,-0.0061067,-0.000813077,0.634687,0.0855393,-0.0122134,0.038855,-0.906566,-0.383975,0.252867,0.0340112,-0.420886,-0.0140934,-0.134009,-0.0176408,-0.3253,-0.214901,-0.191963,-0.446077,0.196541,-0.130051,0.153429
54.68,-0.20191,-0.000238619,0.000549068,0.421103,-0.242377,0.000652143,-0.202432,0.000298274,-1.33919e-05,0.420157,-0.245935,-0.00176331,0.000187487,-0.000158499,0.00297605,0.00414654,-0.00252867,-0.000790959,0.00872452,0.000131826,0.00675719,0.000874369,0.00328368,0.00225303,0.00367916,0.00819721,-0.00983905,0.00739379,-0.0072634,-0.2,0,0,0.42,-0.23,0,-0.2,0,0,0.42,-0.23,0,0,0,0,0,0,0,0,0,0,0,0,0,0,0,0,0,0,0.0308549,-0.00545415,0.00171416,0.0141808,0.00921329,0.00831503,0.0462824,-0.00872665,-0.00171416,0.0414516,0.001091,-0.00552032,-0.00685665,-0.00869483,-0.00431369,-0.00920388,0,0.00153398,0.00613592,0.00153398,0.0019635,-0.0107992,0,0.00153398,-0.0306796,0.00153398,0,-0.0019635,0.015708,3.1321,0.0878906,-1.06268,-3.95508,7.72053,-0.910059,4.47443,-0.878906,-0.111861,-1.8457,11.4316,1.5993,-0.447443,0.198478,-5.75639,-2.5625,0.3125,0.1875,-2.75,-0.1875,-0.673828,0.0195312,-1.8125,-0.625,0,-2.3125,0.0625,-0.693359,0.166016,0.129252,0.0347702,-0.0583351,-0.22222,0.476663,-0.0427158,0.150625,-0.0123741,0.00476751,-0.18941,0.635202,0.0815729,-0.035676,0.0736343,-0.879875,-0.396246,0.252867,0.03648,-0.448498,-0.00417051,-0.137107,-0.00668816,-0.328368,-0.228371,-0.122599,-0.412928,0.196781,-0.145912,0.12956
54.72,-0.201896,-0.000238619,0.00056246,0.42112,-0.242381,0.000644944,-0.202499,0.000315318,-2.67838e-05,0.420089,-0.245935,-0.00174895,0.000200878,-0.000150952,0.00297124,0.00414654,-0.00254066,-0.000778975,0.00872452,0.000167779,0.00674952,0.000889709,0.00328368,0.00226502,0.00370313,0.00818523,-0.00981508,0.00739379,-0.0072634,-0.2,0,0,0.42,-0.23,0,-0.2,0,0,0.42,-0.23,0,0,0,0,0,0,0,0,0,0,0,0,0,0,0,0,0,0,0.0222841,-0.00654498,0,-0.0141808,-0.00271638,-0.00460849,-0.0257124,-0.00763582,0,-0.019635,-0.00160288,-0.00275029,0,-0.00193218,-0.00123248,-0.0184078,-0.00306796,0.0076699,0.00460194,-0.0107379,-0.000981748,0,-0.00153398,0.00153398,0.0076699,-0.00920388,0.0076699,0,0.00294524,3.46768,0.263672,-1.11861,-1.93359,7.80899,-0.858179,5.1456,-0.791016,0.223722,-1.40625,11.5211,1.65172,-0.447443,0.148858,-5.83418,-2.5625,0.3125,0.1875,-2.75,-0.125,-0.683594,0.0195312,-1.8125,-0.5625,-0.0625,-2.25,0.0625,-0.703125,0.175781,0.145054,0.0369519,-0.056246,-0.111331,0.500693,-0.0165808,0.30131,-0.0162602,0.00267838,0.0651645,0.640592,0.0754585,-0.0602635,0.0510821,-0.887674,-0.377839,0.260201,0.0236089,-0.44543,0.00738228,-0.134009,-0.0177942,-0.3253,-0.22957,-0.200496,-0.390854,0.188632,-0.147876,0.142323
54.78,-0.201963,-0.000230097,0.000549068,0.421112,-0.242386,0.000652104,-0.202485,0.000315318,6.69595e-05,0.420106,-0.245935,-0.00174895,0.000147311,-0.000158499,0.00296643,0.00415853,-0.00254066,-0.000755006,0.00872452,0.000155795,0.00674952,0.000882039,0.00328368,0.00226502,0.00363122,0.00819721,-0.00982706,0.00738612,-0.00727107,-0.2,0,0,0.42,-0.23,0,-0.2,0,0,0.42,-0.23,0,0,0,0,0,0,0,0,0,0,0,0,0,0,0,0,0,0,0,0.0109083,0.00685665,-0.0185441,-0.00487828,-0.00461836,0.0257124,0.00109083,-0.00857081,0.0174533,-0.00587723,-0.0100844,0.00514249,-0.00483046,-0.00184873,0,0.00306796,0.0122718,-0.00153398,0.0076699,-0.000981748,0.00294524,-0.00460194,0.00920388,-0.00613592,0.0076699,-0.00460194,-0.00785398,0,3.18803,0.175781,-1.06268,-4.21875,7.89792,-0.910599,4.86594,-0.878906,0.279652,-0.175781,11.6101,1.59985,-0.503374,0.148858,-5.83418,-2.625,0.3125,0.125,-2.75,-0.1875,-0.683594,0.0195312,-1.8125,-0.5625,-0.0625,-2.3125,0.0625,-0.693359,0.175781,0.196317,0.0011931,-0.0686201,-0.0925988,0.505184,-0.0168474,0.197121,-0.0337135,0.0104457,-0.0857455,0.64914,0.0901267,-0.0596207,0.0620412,-0.884381,-0.415853,0.24793,0.0132066,-0.433158,-0.0107858,-0.134009,-0.020586,-0.319164,-0.24491,-0.169289,-0.4252,0.201143,-0.139868,0.145421
54.82,-0.20195,-0.000213053,0.000575852,0.421129,-0.242377,0.000652143,-0.202512,0.000315318,2.67838e-05,0.420098,-0.24593,-0.00175615,0.000147311,-0.000158499,0.00297605,0.00414654,-0.00254066,-0.000802943,0.0087365,0.000143811,0.00674952,0.000882039,0.00327169,0.00225303,0.00365519,0.00820919,-0.00982706,0.00739379,-0.0072634,-0.2,0,0,0.42,-0.23,0,-0.2,0,0,0.42,-0.23,0,0,0,0,0,0,0,0,0,0,0,0,0,0,0,0,0,0,-0.00342833,0.00327249,0.00685665,0.0174533,0.000543277,0.000921699,-0.0257124,-0.00763582,0,-0.00654498,-0.00641153,-0.0110012,-0.00171416,-0.00193218,-0.00123248,-0.00306796,-0.00153398,0,-0.00460194,-0.0122718,-0.00392699,0.00294524,0.00306796,-0.00920388,0.00306796,-0.00460194,0.00460194,-0.000981748,0.0265072,3.52362,0.175781,-1.00675,-3.86719,7.80899,-0.858179,5.76083,-0.791016,0.167791,-0.175781,11.6101,1.59985,-0.279652,0.0992388,-5.91197,-2.625,0.3125,0.1875,-2.6875,-0.125,-0.683594,0.0195312,-1.875,-0.5625,-0.0625,-2.25,0.0625,-0.693359,0.166016,0.201835,0.0147603,-0.0712985,-0.239145,0.494003,-0.0279291,0.302649,-0.0162602,-0.00267838,0.0115261,0.65004,0.0922482,-0.0390508,0.0533464,-0.889119,-0.408518,0.257134,0.0401472,-0.427621,0.00939563,-0.131063,-0.020586,-0.333305,-0.206896,-0.188895,-0.401256,0.191939,-0.146894,0.118761
54.88,-0.20195,-0.000230097,0.000575852,0.421095,-0.242377,0.000666501,-0.202499,0.000298274,1.33919e-05,0.420081,-0.245935,-0.00174895,0.000133919,-0.000166047,0.00297124,0.00415853,-0.00254066,-0.000778975,0.00872452,0.000155795,0.00674952,0.000882039,0.00328368,0.002277,0.00365519,0.00819721,-0.00982706,0.00736311,-0.00727107,-0.2,0,0,0.42,-0.23,0,-0.2,0,0,0.42,-0.23,0,0,0,0,0,0,0,0,0,0,0,0,0,0,0,0,0,0,0.010285,0.00436332,0.00342833,-0.0272708,0.0124449,0.0046529,-0.010285,-0.00436332,-0.00857081,-0.00981748,-0.00160288,-0.00275029,0.00685665,-0.00966092,-0.00246497,0.00153398,-0.00460194,0.0107379,0.00153398,-0.00153398,-0.00589049,0,0.0076699,0,0.0153398,0,-0.00306796,-0.0206167,-0.0019635,3.74734,0,-1.17454,-3.7793,7.80899,-0.858179,5.03374,-0.966797,-0.0559304,-0.439453,11.5211,1.65172,0,0.148858,-5.83418,-2.625,0.375,0.1875,-2.75,-0.1875,-0.673828,0.0195312,-1.8125,-0.5625,-0.0625,-2.25,0.0625,-0.693359,0.175781,0.174409,0.0142831,-0.0644418,-0.0551352,0.470198,-0.0359658,0.270455,-0.0211008,0.0158024,0.0271731,0.640592,0.0754585,-0.0607456,0.0787969,-0.883977,-0.418921,0.263269,0.017473,-0.439294,-0.00158192,-0.1291,-0.0176408,-0.343708,-0.2277,-0.213439,-0.40986,0.199609,-0.126645,0.147385
54.92,-0.201936,-0.000247141,0.00056246,0.42112,-0.242381,0.000644944,-0.202459,0.00032384,2.67838e-05,0.420123,-0.24593,-0.00175615,0.000120527,-0.000166047,0.00297124,0.00415853,-0.00255264,-0.000755006,0.0087365,0.000155795,0.00674952,0.000882039,0.00328368,0.00226502,0.00367916,0.00818523,-0.00982706,0.00739379,-0.00727107,-0.2,0,0,0.42,-0.23,0,-0.2,0,0,0.42,-0.23,0,0,0,0,0,0,0,0,0,0,0,0,0,0,0,0,0,0,-0.0188558,-0.00763582,0,-0.0109083,-5.60258e-06,-0.00183846,-0.00857081,0.00109083,-0.00171416,0,0.0011022,-0.00919725,0,-0.00289828,-0.00184873,-0.00306796,-0.0214757,-0.00153398,0,-0.00306796,-0.000981748,0.000981748,0.00460194,-0.0076699,0,0.0107379,-0.00306796,-0.00785398,-0.00294524,3.46768,0.0878906,-1.06268,-3.7793,7.89792,-0.910599,4.53036,-0.878906,0.111861,-0.351562,11.5211,1.65172,-0.391513,0.148858,-5.83418,-2.625,0.3125,0.1875,-2.75,-0.1875,-0.683594,0.0195312,-1.8125,-0.5625,-0.0625,-2.3125,0.0625,-0.693359,0.175781,0.231351,0.0399858,-0.056246,-0.124421,0.495271,-0.0221208,0.263009,-0.0345657,0.000749946,-0.0184894,0.635013,0.0886403,-0.0361581,0.058509,-0.885826,-0.409717,0.298215,0.0408183,-0.436825,-4.79368e-05,-0.134009,-0.0186225,-0.337572,-0.211162,-0.183958,-0.430737,0.199609,-0.140022,0.148367
54.98,-0.201883,-0.000238619,0.000589243,0.421129,-0.242386,0.000652104,-0.202512,0.000306796,-4.01757e-05,0.420115,-0.245935,-0.00176331,0.000160703,-0.000143404,0.00297605,0.00414654,-0.00252867,-0.000778975,0.00872452,0.000155795,0.00674952,0.000874369,0.00327169,0.00226502,0.00375106,0.00817324,-0.00982706,0.00739379,-0.00727874,-0.2,0,0,0.42,-0.23,0,-0.2,0,0,0.42,-0.23,0,0,0,0,0,0,0,0,0,0,0,0,0,0,0,0,0,0,0.00685665,-0.00654498,0.0154275,0.0141808,-0.00920209,-0.0046381,-0.00171416,-0.00436332,-0.0137133,0,-0.00852629,-0.0220221,0.0274266,-0.010627,-0.00184873,0,-0.0076699,0.00613592,-0.00460194,-0.00153398,-0.000981748,-0.0107992,-0.00153398,-0.00920388,0,0.0107379,-0.0107379,0.000981748,-0.00883573,3.63548,0.175781,-0.950817,-3.60352,7.98638,-0.85872,5.08967,-0.966797,0.391513,-0.175781,11.5211,1.65172,-0.559304,0.248097,-5.83418,-2.625,0.3125,0.125,-2.75,-0.1875,-0.683594,0.0195312,-1.8125,-0.5625,-0.0625,-2.375,0.0625,-0.693359,0.166016,0.174569,0.0369519,-0.0897793,-0.226056,0.513832,-0.016808,0.254653,-0.021953,0.0314442,-0.0172108,0.654437,0.114576,-0.130491,0.0749023,-0.88727,-0.414654,0.268207,0.0266769,-0.427022,-0.00158192,-0.134009,-0.00668816,-0.324101,-0.208094,-0.187553,-0.430138,0.207279,-0.148858,0.154411
55.02,-0.20191,-0.000213053,0.000589243,0.421112,-0.242377,0.000652143,-0.202445,0.000298274,5.35676e-05,0.420081,-0.24593,-0.00175615,0.000147311,-0.000150952,0.00297124,0.00415853,-0.00255264,-0.000778975,0.0087365,0.000155795,0.00675719,0.000882039,0.00328368,0.00224105,0.00370313,0.00820919,-0.00982706,0.00738612,-0.00727107,-0.2,0,0,0.42,-0.23,0,-0.2,0,0,0.42,-0.23,0,0,0,0,0,0,0,0,0,0,0,0,0,0,0,0,0,0,0.00514249,-0.00545415,0.00171416,0.0119991,0.00810433,-0.000882226,0.0394257,-0.01309,-0.0257124,-0.0294524,-0.00160288,-0.00275029,0.00685665,-0.00193218,-0.0073949,0.00153398,-0.00460194,0.0107379,0,-0.0153398,0.0137445,-0.0019635,0.00613592,-0.00613592,0.00613592,0.0076699,0.00460194,-0.011781,-0.00392699,3.52362,0.263672,-1.11861,-2.98828,7.72053,-0.910059,4.92188,-0.703125,0.503374,1.49414,11.6101,1.59985,-0.391513,0.0992388,-5.75639,-2.625,0.4375,0.1875,-2.75,-0.125,-0.703125,0.0195312,-1.8125,-0.5625,-0.0625,-2.3125,0.0625,-0.693359,0.175781,0.180676,0.0322136,-0.0623527,-0.214772,0.478881,-0.0243213,0.165677,-0.00364747,0.0460681,0.105713,0.640423,0.0757464,-0.0647632,0.0510821,-0.869187,-0.418921,0.264468,0.017473,-0.436825,0.0122239,-0.148888,-0.0156773,-0.34064,-0.211833,-0.197428,-0.4258,0.191939,-0.135941,0.149348
55.08,-0.20191,-0.000238619,0.000549068,0.42112,-0.242381,0.000659303,-0.202499,0.000315318,2.67838e-05,0.420132,-0.245926,-0.00174899,0.000160703,-0.000166047,0.00297124,0.00414654,-0.00252867,-0.000790959,0.00874848,0.000167779,0.00675719,0.000889709,0.00328368,0.00224105,0.00372709,0.00820919,-0.00983905,0.00740146,-0.00727874,-0.2,0,0,0.42,-0.23,0,-0.2,0,0,0.42,-0.23,0,0,0,0,0,0,0,0,0,0,0,0,0,0,0,0,0,0,0.0394257,0.00218166,-0.0154275,-0.0163625,0.00322604,-0.00550059,0,-0.00654498,0.0188558,0.0261799,0.00429676,-1.97343e-05,-0.0257124,-0.00966092,0.00123248,0,-0.0076699,-0.00460194,0.0291456,0,0.00687223,0.00490874,0.00306796,-0.00613592,0.00920388,-0.0076699,0,0.00981748,-0.0166897,3.24396,0,-0.615234,-4.04297,7.80899,-0.858179,5.31339,-0.791016,0.279652,-1.05469,11.4316,1.5993,-0.559304,0.148858,-5.98976,-2.625,0.375,0.1875,-2.8125,-0.125,-0.683594,0.0195312,-1.8125,-0.5625,-0.0625,-2.25,0.0625,-0.693359,0.166016,0.11211,0.0194986,-0.0240518,-0.102604,0.488806,-0.0153709,0.249885,-0.0184419,-0.04039,-0.124488,0.628457,0.0699989,0.0289265,0.0787969,-0.895069,-0.414654,0.268207,0.0487518,-0.495715,-0.00335558,-0.142016,-0.0227029,-0.334504,-0.211833,-0.204762,-0.39512,0.196781,-0.157847,0.162264
55.12,-0.20191,-0.000178964,0.000549068,0.421137,-0.242373,0.000630606,-0.202512,0.000315318,1.33919e-05,0.42014,-0.245935,-0.00174895,0.00021427,-0.000166047,0.00297124,0.00414654,-0.00252867,-0.000778975,0.00872452,0.000155795,0.00674952,0.000882039,0.00328368,0.00221708,0.00369114,0.00818523,-0.00982706,0.00740146,-0.00727107,-0.2,0,0,0.42,-0.23,0,-0.2,0,0,0.42,-0.23,0,0,0,0,0,0,0,0,0,0,0,0,0,0,0,0,0,0,-0.0137133,0.0119991,0.0137133,0.0359974,-0.00273879,-0.0119623,-0.00342833,0.00545415,-0.00514249,0.0458149,-0.00746331,-0.0183501,0.0222841,-0.00869483,-0.00554618,0.0122718,0.00613592,-0.0107379,0.00613592,-0.00613592,-0.000981748,0,0.0076699,0.00920388,0.0230097,0.00306796,0.00920388,0.00785398,-0.0019635,3.74734,0.175781,-1.11861,-4.30664,7.98638,-0.85872,5.36932,-0.966797,0.335582,-0.791016,11.5211,1.65172,-1.00675,0.148858,-5.83418,-2.625,0.3125,0.1875,-2.75,-0.125,-0.683594,0.0195312,-1.8125,-0.5625,-0.0625,-2.25,0.0625,-0.693359,0.175781,0.218388,-0.00610183,-0.0823334,-0.314601,0.500401,-0.00129955,0.258081,-0.0424401,0.00894579,-0.204306,0.652312,0.106658,-0.131133,0.0758986,-0.874733,-0.439198,0.240595,0.0604245,-0.448498,0.00302002,-0.134009,-0.0176408,-0.343708,-0.240116,-0.230576,-0.415397,0.187337,-0.155883,0.147385
55.18,-0.20191,-0.000247141,0.000549068,0.421095,-0.242377,0.000652143,-0.202499,0.000315318,-1.33919e-05,0.420123,-0.245922,-0.00174181,0.000160703,-0.000150952,0.00297124,0.00417051,-0.00254066,-0.000778975,0.0087365,0.000155795,0.00674952,0.000882039,0.00328368,0.00226502,0.00372709,0.00820919,-0.00982706,0.00738612,-0.0072634,-0.2,0,0,0.42,-0.23,0,-0.2,0,0,0.42,-0.23,0,0,0,0,0,0,0,0,0,0,0,0,0,0,0,0,0,0,0.00171416,0.00654498,-0.00685665,-0.0207258,0.0043126,-0.00365719,-0.0239983,-0.0109083,0.0119991,0,0.00160288,0.00275029,-0.0188558,0.00289828,0.000616242,0,0.00153398,-0.0214757,-0.0199418,-0.00153398,-0.00392699,0.0019635,-0.00153398,-0.0122718,-0.0153398,0.00613592,-0.0076699,-0.011781,0.00294524,3.57955,0.175781,-0.838956,-1.8457,7.80899,-0.858179,5.1456,-0.791016,-0.223722,-1.31836,11.4316,1.5993,-0.727095,0.0992388,-5.91197,-2.625,0.3125,0.1875,-2.625,-0.125,-0.703125,0.0195312,-1.8125,-0.5625,0,-2.25,0.0625,-0.693359,0.175781,0.187533,0.0116242,-0.0411935,-0.0813151,0.486465,-0.0187713,0.297882,-0.00971521,-0.0226591,-0.0184894,0.633677,0.0641717,0.00835655,0.0365907,-0.893221,-0.417051,0.250998,0.0819002,-0.396942,-0.00158192,-0.131063,-0.0196043,-0.3253,-0.201958,-0.155675,-0.422732,0.204211,-0.135941,0.142323
55.22,-0.201883,-0.000247141,0.000589243,0.421095,-0.242386,0.000652104,-0.202485,0.000315318,-2.67838e-05,0.420081,-0.24593,-0.00175615,0.000200878,-0.000150952,0.00297124,0.00415853,-0.00254066,-0.000790959,0.0087365,0.000155795,0.00674952,0.000882039,0.00327169,0.00226502,0.00370313,0.00820919,-0.00982706,0.00740146,-0.00727107,-0.2,0,0,0.42,-0.23,0,-0.2,0,0,0.42,-0.23,0,0,0,0,0,0,0,0,0,0,0,0,0,0,0,0,0,0,0.00342833,-0.00109083,0.00685665,-0.0218166,0.00159061,-0.0101041,0,-0.00109083,-0.00342833,0.0174533,-0.00322257,1.48007e-05,0,0.00289828,-0.00184873,-0.00460194,-0.00306796,-0.00153398,-0.00306796,0.00306796,-0.00392699,-0.00294524,-0.00306796,-0.00306796,-0.0107379,0.00306796,-0.0076699,0.00589049,0,3.8592,0.0878906,-0.783026,-2.28516,7.80899,-0.858179,5.25746,-0.791016,0.279652,0.703125,11.6101,1.59985,-0.503374,0.148858,-5.83418,-2.5625,0.375,0.1875,-2.6875,-0.1875,-0.703125,0.0195312,-1.8125,-0.5625,0,-2.25,0.0625,-0.703125,0.166016,0.181425,0.0268958,-0.0726376,-0.0769518,0.492247,-0.00587587,0.248545,-0.0293502,0.00953503,-0.0819099,0.643662,0.0702162,-0.0602635,0.0365907,-0.885826,-0.406649,0.260201,0.0426159,-0.430689,-0.00618386,-0.131063,-0.0146955,-0.321033,-0.220366,-0.163681,-0.416596,0.204211,-0.15392,0.145421
55.28,-0.201883,-0.000230097,0.000535676,0.421129,-0.242381,0.000644944,-0.202485,0.000315318,-2.67838e-05,0.420081,-0.24593,-0.00175615,0.000133919,-0.000150952,0.00298087,0.00415853,-0.00255264,-0.000790959,0.00872452,0.000155795,0.00674952,0.000882039,0.00327169,0.00225303,0.00367916,0.00819721,-0.00982706,0.00740146,-0.00727107,-0.2,0,0,0.42,-0.23,0,-0.2,0,0,0.42,-0.23,0,0,0,0,0,0,0,0,0,0,0,0,0,0,0,0,0,0,-0.00171416,0.00109083,-0.0239983,-0.0218166,0.00379173,0.00277496,-0.00342833,-0.00109083,-0.0274266,-0.0174533,-0.00962289,-0.0146633,-0.0274266,-0.00579655,-0.00369745,0.00153398,-0.00306796,0.0138058,-0.0138058,-0.0153398,0,0.00490874,0,-0.0138058,0.00153398,0.00613592,0.00306796,0.0176715,0,3.69141,0.175781,-0.838956,-4.30664,7.89792,-0.910599,5.08967,-0.878906,0.111861,0.966797,11.5211,1.65172,-0.671165,0.198478,-5.75639,-2.625,0.3125,0.1875,-2.6875,-0.125,-0.683594,0.0195312,-1.8125,-0.5625,-0.0625,-2.3125,0.0625,-0.703125,0.175781,0.19171,0.020828,-0.00557103,-0.0820659,0.487676,-0.0313477,0.255402,-0.0293502,0.0575316,0.0577164,0.656463,0.0995724,0.0421041,0.0626752,-0.883168,-0.418921,0.2614,0.0119363,-0.408614,0.0122239,-0.13499,-0.0225495,-0.327169,-0.197692,-0.187026,-0.422132,0.193473,-0.165701,0.145421
55.34,-0.201883,-0.000230097,0.00056246,0.421095,-0.242386,0.000652104,-0.202472,0.000315318,1.33919e-05,0.420081,-0.24593,-0.00175615,0.000133919,-0.000158499,0.00297605,0.00415853,-0.00255264,-0.00076699,0.00872452,0.000167779,0.00674952,0.000882039,0.00327169,0.00224105,0.00365519,0.00819721,-0.00981508,0.00739379,-0.00727107,-0.2,0,0,0.42,-0.23,0,-0.2,0,0,0.42,-0.23,0,0,0,0,0,0,0,0,0,0,0,0,0,0,0,0,0,0,0.00514249,-0.01309,0.0119991,-0.00327249,0.00483907,-0.00825088,-0.0239983,0.00109083,-0.00857081,-0.0261799,-0.00102377,-0.0165412,-0.010285,-0.00579655,-0.00123248,0.00613592,-0.0138058,0.00460194,-0.00920388,-0.0076699,-0.000981748,0.00785398,-0.00460194,0.00306796,-0.00153398,-0.0122718,-0.0122718,0.00687223,-0.0019635,3.52362,0.439453,-0.783026,-2.98828,7.80899,-0.858179,5.08967,-0.878906,0.279652,0.878906,11.5211,1.65172,-0.671165,0.148858,-5.83418,-2.625,0.375,0.125,-2.6875,-0.125,-0.683594,0.0195312,-1.8125,-0.5625,0,-2.25,0.0625,-0.693359,0.166016,0.177997,0.0491896,-0.0802442,-0.151128,0.48575,-0.0095824,0.295204,-0.0337135,0.0158024,0.092623,0.639265,0.103328,-0.00932076,0.0649395,-0.889119,-0.428124,0.282876,0.0291456,-0.417818,0.00431432,-0.134009,-0.0254948,-0.317965,-0.230241,-0.179691,-0.385317,0.208573,-0.154748,0.147385
55.38,-0.201923,-0.000230097,0.00056246,0.421112,-0.24239,0.000659264,-0.202499,0.000315318,5.35676e-05,0.420174,-0.24593,-0.00175615,0.000133919,-0.000150952,0.00298087,0.00414654,-0.00254066,-0.000778975,0.00872452,0.000167779,0.00675719,0.000889709,0.00327169,0.002277,0.00372709,0.00819721,-0.00982706,0.00739379,-0.00727107,-0.2,0,0,0.42,-0.23,0,-0.2,0,0,0.42,-0.23,0,0,0,0,0,0,0,0,0,0,0,0,0,0,0,0,0,0,-0.00685665,-0.0119991,-0.0137133,0.00545415,0.000537674,-0.000916765,-0.0171416,-0.00327249,0,0.0250891,0.001091,-0.00552032,-0.0257124,-0.00386437,-0.00369745,-0.0138058,-0.00153398,-0.00613592,-0.0107379,0.00306796,0.00883573,0.00883573,0.0076699,0,0.0076699,-0.00613592,-0.00613592,0,0.00294524,3.35582,0.263672,-0.838956,-2.90039,7.80899,-0.858179,5.08967,-0.966797,0.223722,-2.02148,11.5211,1.65172,-0.447443,0.198478,-5.75639,-2.5625,0.3125,0.1875,-2.6875,-0.1875,-0.683594,0.0195312,-1.8125,-0.5625,-0.0625,-2.25,0.0625,-0.693359,0.175781,0.206013,0.047008,-0.0288194,-0.188592,0.49452,-0.024537,0.284168,-0.0249868,-0.00535676,-0.126517,0.635035,0.0812865,0.0369616,0.0568787,-0.883168,-0.387043,0.257134,0.0512206,-0.41475,-0.00642355,-0.143979,-0.0266299,-0.342509,-0.2277,-0.201695,-0.397589,0.202677,-0.147876,0.142476
55.44,-0.201923,-0.000221575,0.000549068,0.421112,-0.24239,0.000644888,-0.202472,0.000315318,-1.33919e-05,0.420029,-0.24593,-0.00175615,0.000133919,-0.000166047,0.00297124,0.00414654,-0.00254066,-0.000814927,0.00870055,0.000155795,0.00674952,0.000882039,0.00328368,0.00225303,0.00372709,0.00817324,-0.00982706,0.00738612,-0.00725573,-0.2,0,0,0.42,-0.23,0,-0.2,0,0,0.42,-0.23,0,0,0,0,0,0,0,0,0,0,0,0,0,0,0,0,0,0,-0.0325691,-0.00545415,0.00342833,0.00981748,-0.00916847,0.00639268,-0.00171416,-0.00654498,0.00857081,-0.0152716,-0.00584362,-0.0211152,-0.02057,-0.00869483,-0.00308121,-0.00613592,0,-0.0168738,-0.0168738,0.0076699,-0.00589049,0,-0.00460194,0,0.00306796,0.0076699,-0.00613592,-0.00490874,0.0206167,3.63548,0.351562,-1.06268,-2.54883,7.89792,-0.910599,5.03374,-0.878906,0.111861,0.263672,11.5211,1.65172,-0.335582,0.148858,-5.83418,-2.5625,0.375,0.1875,-2.75,-0.1875,-0.683594,0.0195312,-1.8125,-0.5625,-0.0625,-2.375,0.0625,-0.712891,0.175781,0.257438,0.0330658,-0.0617634,-0.206045,0.513935,-0.0385809,0.250636,-0.0184419,-0.0158024,0.0566609,0.648904,0.112476,0.0215342,0.0758986,-0.882128,-0.402382,0.254066,0.0744939,-0.40128,-0.0107858,-0.1291,-0.0176408,-0.319164,-0.225303,-0.192491,-0.424002,0.202677,-0.142814,0.124498
55.48,-0.20191,-0.000238619,0.00056246,0.421095,-0.242381,0.000659303,-0.202526,0.000315318,4.01757e-05,0.420081,-0.245935,-0.00174895,0.000174095,-0.000166047,0.00298087,0.00414654,-0.00254066,-0.000790959,0.0087365,0.000155795,0.00675719,0.000874369,0.00328368,0.00226502,0.00369114,0.00819721,-0.00982706,0.00739379,-0.0072634,-0.2,0,0,0.42,-0.23,0,-0.2,0,0,0.42,-0.23,0,0,0,0,0,0,0,0,0,0,0,0,0,0,0,0,0,0,-0.00857081,0,0.0171416,-0.0174533,0.00539915,-0.00181379,-0.0342833,-0.00109083,-0.00171416,-0.00436332,2.24103e-05,-0.00735385,-0.00342833,-0.010627,0.00431369,0,-0.00613592,0.00920388,0.0122718,-0.0122718,0.00589049,-0.00785398,0.0122718,-0.00613592,0.0076699,0.00306796,-0.0168738,-0.00294524,0.0235619,3.57955,0,-1.17454,-3.07617,7.80899,-0.858179,5.20153,-0.878906,-0.111861,1.66992,11.4316,1.5993,-0.335582,0.0992388,-5.91197,-2.625,0.3125,0.1875,-2.75,-0.125,-0.703125,0.0195312,-1.8125,-0.5625,-0.0625,-2.25,0.0625,-0.693359,0.175781,0.208103,0.0238619,-0.0905292,-0.0944051,0.48446,-0.0227445,0.321131,-0.0293502,-0.000589244,0.00535653,0.637341,0.0846656,-0.0419434,0.0816952,-0.907202,-0.414654,0.266337,0.0211402,-0.461369,0.00915595,-0.141034,-0.0096334,-0.352911,-0.21423,-0.199897,-0.415996,0.213415,-0.144931,0.121706
55.54,-0.201923,-0.000238619,0.000589243,0.42112,-0.242394,0.000652048,-0.202485,0.000315318,-2.67838e-05,0.420055,-0.245935,-0.00174895,0.000147311,-0.000150952,0.00298087,0.00417051,-0.00252867,-0.000802943,0.00872452,0.000167779,0.00675719,0.000882039,0.00328368,0.00224105,0.00366717,0.00818523,-0.00982706,0.00739379,-0.00727874,-0.2,0,0,0.42,-0.23,0,-0.2,0,0,0.42,-0.23,0,0,0,0,0,0,0,0,0,0,0,0,0,0,0,0,0,0,-0.010285,-0.00218166,0,-0.00545415,0.00595363,0.00278483,0.0257124,-0.00109083,0.00342833,-0.0567232,2.24103e-05,-0.00735385,0.00514249,0.00193218,0.00123248,0.00920388,0,-0.00613592,-0.0153398,0.00460194,0.00981748,0,0.0107379,-0.0122718,0.0076699,0.00460194,-0.00920388,0,-0.0107992,3.52362,0.175781,-0.838956,-4.74609,7.72053,-0.910059,5.53711,-0.878906,0.279652,0.791016,11.5211,1.65172,-0.559304,0.0496194,-5.83418,-2.625,0.3125,0.1875,-2.6875,-0.125,-0.673828,0,-1.875,-0.5625,-0.0625,-2.3125,0.0625,-0.693359,0.175781,0.212869,0.0282252,-0.0589243,-0.146237,0.483859,-0.0316516,0.197121,-0.0293502,-0.00417827,0.218632,0.637341,0.0846656,-0.0596207,0.039489,-0.897958,-0.435459,0.252867,0.052419,-0.405546,-0.00795753,-0.144961,-0.0176408,-0.349844,-0.199561,-0.198698,-0.418465,0.205745,-0.147876,0.156374
55.58,-0.201883,-0.000221575,0.000575852,0.421095,-0.242381,0.000673661,-0.202472,0.000298274,-4.01757e-05,0.420081,-0.24593,-0.00175615,0.000160703,-0.000143404,0.00297605,0.00414654,-0.00255264,-0.000790959,0.00872452,0.000131826,0.00674952,0.000874369,0.00328368,0.00226502,0.00363122,0.00819721,-0.00982706,0.00740146,-0.0072634,-0.2,0,0,0.42,-0.23,0,-0.2,0,0,0.42,-0.23,0,0,0,0,0,0,0,0,0,0,0,0,0,0,0,0,0,0,0,-0.00654498,0.00342833,-0.0152716,-0.00701217,0.00456409,-0.0137133,-0.0152716,-0.010285,0.00327249,-0.00480304,-0.0100893,-0.00685665,-0.00483046,-0.000616242,-0.0076699,0.00153398,0.0138058,-0.0122718,0.00306796,-0.00294524,-0.00687223,0,-0.0276117,-0.0184078,0.00920388,0.00460194,0,0.00883573,3.8592,0.0878906,-1.00675,-2.37305,7.89792,-0.910599,5.59304,-0.878906,0,1.14258,11.5211,1.65172,-0.447443,0.198478,-5.75639,-2.5625,0.3125,0.1875,-2.6875,-0.1875,-0.703125,0.0195312,-1.8125,-0.5,0,-2.375,0.0625,-0.693359,0.175781,0.188282,0.0352475,-0.0644418,-0.103132,0.509281,-0.0360746,0.274634,0.000715857,0.0245875,-0.0251867,0.646823,0.0904245,-0.0276409,0.0575126,-0.890967,-0.399314,0.252196,0.0119363,-0.411682,-0.00570449,-0.132045,-0.0106151,-0.328368,-0.171279,-0.144745,-0.428268,0.191939,-0.148029,0.136432
55.64,-0.201936,-0.000204531,0.000535676,0.421086,-0.242381,0.000659303,-0.202499,0.000298274,-1.33919e-05,0.42014,-0.245939,-0.00177047,0.000174095,-0.000150952,0.00298087,0.00414654,-0.00252867,-0.000826912,0.00872452,0.000155795,0.00674952,0.000874369,0.00327169,0.00221708,0.00367916,0.00819721,-0.00983905,0.00739379,-0.0072634,-0.2,0,0,0.42,-0.23,0,-0.2,0,0,0.42,-0.23,0,0,0,0,0,0,0,0,0,0,0,0,0,0,0,0,0,0,-0.0154275,-0.00763582,-0.00857081,-0.0381791,-5.60258e-06,-0.00183846,-0.0137133,-0.00654498,-0.0257124,0.00654498,-0.0101572,-0.0155801,-0.0119991,-0.00869483,-0.00184873,0.00153398,-0.00153398,-0.0076699,0,-0.0138058,0,-0.00981748,-0.00306796,-0.00306796,0,-0.00460194,-0.00613592,0.0019635,0.00981748,4.08292,0.263672,-0.950817,-3.95508,7.80899,-0.858179,5.31339,-0.878906,0.223722,-0.966797,11.5211,1.65172,-0.559304,0.148858,-5.83418,-2.625,0.3125,0.1875,-2.75,-0.1875,-0.683594,0.0195312,-1.8125,-0.625,-0.0625,-2.25,0.0625,-0.693359,0.166016,0.224494,0.0357247,-0.036426,-0.0102234,0.495269,-0.0226952,0.277312,-0.0167374,0.0527641,-0.0472263,0.657865,0.101979,-0.016231,0.07137,-0.888714,-0.417722,0.255935,0.0566854,-0.436226,0.0106899,-0.13499,-0.00766991,-0.321033,-0.215572,-0.183958,-0.400657,0.202917,-0.149839,0.13545
55.68,-0.201923,-0.000204531,0.00056246,0.421129,-0.242381,0.000673661,-0.202485,0.00032384,2.67838e-05,0.420106,-0.245926,-0.00174899,0.000174095,-0.000166047,0.00297124,0.00414654,-0.00254066,-0.000790959,0.00872452,0.000167779,0.00674952,0.000889709,0.00328368,0.00226502,0.00371511,0.00817324,-0.00982706,0.00739379,-0.00727107,-0.2,0,0,0.42,-0.23,0,-0.2,0,0,0.42,-0.23,0,0,0,0,0,0,0,0,0,0,0,0,0,0,0,0,0,0,0.02057,0.00654498,-0.00857081,0.0174533,-0.000520866,0.00643216,0.00342833,0.00436332,0.010285,-0.01309,0.000545499,-0.00276016,-0.0359974,-0.0164236,-0.00308121,0,0.00460194,0,0,-0.00306796,-0.00294524,0.00589049,0.0122718,-0.0076699,-0.0076699,0.0153398,0.00306796,0,-0.00490874,3.29989,0.263672,-0.950817,-3.51562,7.80899,-0.858179,5.98455,-0.878906,0,-0.439453,11.5211,1.65172,-0.727095,0.198478,-5.91197,-2.625,0.3125,0.1875,-2.75,-0.125,-0.683594,0.0195312,-1.875,-0.5625,0,-2.375,0.0625,-0.693359,0.175781,0.15116,0.00736311,-0.0391043,-0.239145,0.496298,-0.0398108,0.241689,-0.0411107,-0.0232483,0.0364276,0.635959,0.0754798,0.0557639,0.0990848,-0.882128,-0.414654,0.244862,0.0395479,-0.436226,-0.000287622,-0.132045,-0.0236847,-0.352911,-0.211162,-0.170416,-0.439342,0.193473,-0.147876,0.15033
55.74,-0.201923,-0.000230097,0.00056246,0.421095,-0.242386,0.000652104,-0.202485,0.000306796,4.01757e-05,0.420132,-0.245926,-0.00174899,0.000187487,-0.000150952,0.00297124,0.00414654,-0.00252867,-0.000778975,0.00872452,0.000155795,0.00675719,0.000882039,0.00327169,0.00226502,0.00366717,0.00819721,-0.00983905,0.00739379,-0.0072634,-0.2,0,0,0.42,-0.23,0,-0.2,0,0,0.42,-0.23,0,0,0,0,0,0,0,0,0,0,0,0,0,0,0,0,0,0,0.0154275,-0.00654498,-0.0188558,-0.0119991,0.00488949,0.00829529,-0.0171416,-0.00436332,-0.0291408,0.0316341,-0.00213718,-0.00366706,0.0154275,-0.00193218,-0.00492993,0.00306796,0.00613592,0,-0.00153398,0.00460194,0.00490874,0.000981748,0.0076699,-0.0107379,-0.0168738,0.00153398,-0.00920388,-0.0107992,0.0186532,3.41175,0.263672,-0.950817,-1.93359,7.72053,-0.910059,5.48118,-0.791016,0,0,11.5211,1.65172,-0.335582,0.0992388,-5.75639,-2.625,0.3125,0.1875,-2.75,-0.1875,-0.673828,0.0195312,-1.875,-0.5625,0,-2.3125,0.0625,-0.693359,0.175781,0.161445,0.0360997,-0.0185344,-0.116222,0.485649,-0.0426747,0.282829,-0.021953,0.054264,-0.146304,0.641325,0.0772936,-0.102528,0.0510821,-0.876582,-0.42079,0.240595,0.0389487,-0.433158,-0.00771784,-0.140052,-0.0186225,-0.342509,-0.205026,-0.149611,-0.412928,0.205985,-0.137077,0.126615
55.78,-0.201883,-0.000238619,0.000589243,0.421112,-0.24239,0.000644888,-0.202459,0.00032384,-4.01757e-05,0.420123,-0.245943,-0.00176327,0.000120527,-0.000143404,0.00297605,0.00414654,-0.00255264,-0.000802943,0.00872452,0.000155795,0.00674185,0.000882039,0.00328368,0.00226502,0.00367916,0.00820919,-0.00983905,0.00739379,-0.00727107,-0.2,0,0,0.42,-0.23,0,-0.2,0,0,0.42,-0.23,0,0,0,0,0,0,0,0,0,0,0,0,0,0,0,0,0,0,0.02057,-0.00218166,0.010285,0.0119991,0.00432941,0.0018582,0.0171416,0.00763582,0.0188558,0.0152716,-0.00158607,-0.00826569,-0.0137133,-0.00869483,-0.00308121,-0.00613592,-0.0076699,0.00153398,0.00306796,-0.00920388,-0.0127627,-0.000981748,0.0076699,0.00613592,-0.0107379,0.00460194,-0.00306796,0.00687223,0.00294524,3.57955,0.263672,-1.06268,-2.8125,7.72053,-0.910059,4.58629,-0.966797,0.223722,-1.66992,11.4316,1.5993,-0.111861,0.198478,-5.75639,-2.5625,0.3125,0.1875,-2.75,-0.125,-0.683594,0.0195312,-1.8125,-0.5625,-0.0625,-2.25,0.0625,-0.703125,0.175781,0.147142,0.0282252,-0.0794943,-0.214772,0.486939,-0.0295119,0.211584,-0.0476557,-0.033694,-0.0795759,0.640892,0.0870621,0.00498178,0.0691058,-0.883573,-0.402382,0.270604,0.0370792,-0.442362,0.00608799,-0.122074,-0.016659,-0.343708,-0.238774,-0.162482,-0.419664,0.199849,-0.154748,0.142476
55.84,-0.201896,-0.000221575,0.000549068,0.421095,-0.242381,0.000659303,-0.202472,0.000315318,5.35676e-05,0.420098,-0.245939,-0.00175611,0.000147311,-0.000150952,0.00298087,0.00415853,-0.00255264,-0.00076699,0.00872452,0.000167779,0.00674952,0.000889709,0.00328368,0.00222907,0.00370313,0.00820919,-0.00983905,0.00737845,-0.00727107,-0.2,0,0,0.42,-0.23,0,-0.2,0,0,0.42,-0.23,0,0,0,0,0,0,0,0,0,0,0,0,0,0,0,0,0,0,-0.00514249,-0.00218166,-0.02057,-0.0218166,0.0108151,0.0018878,0.0137133,0,0.0274266,0.0152716,0.00534294,0.00916765,-0.0274266,0.00193218,0.00369745,0,-0.00153398,0.00460194,-0.0153398,-0.00920388,-0.00392699,0.00981748,0.00460194,0.0076699,0.00460194,0.00153398,0,-0.00294524,-0.00294524,3.63548,0.263672,-1.06268,-3.07617,7.72053,-0.910059,5.64897,-0.878906,-0.223722,-0.351562,11.3416,1.44258,-0.223722,0.0992388,-5.91197,-2.625,0.4375,0.1875,-2.6875,-0.125,-0.683594,0,-1.8125,-0.625,-0.0625,-2.25,0.0625,-0.712891,0.175781,0.199907,0.0265208,-0.0137669,-0.0769518,0.473628,-0.0301477,0.219781,-0.0315318,-0.06021,-0.0757403,0.626867,0.051909,0.0380865,0.039489,-0.905353,-0.415853,0.258332,0.0291456,-0.405546,0.0058483,-0.131063,-0.0276117,-0.337572,-0.238246,-0.19436,-0.413528,0.196781,-0.144624,0.148367
55.88,-0.201923,-0.000221575,0.00056246,0.421103,-0.242373,0.000659341,-0.202499,0.00032384,2.67838e-05,0.420123,-0.24593,-0.00175615,0.000147311,-0.000150952,0.00298087,0.00414654,-0.00252867,-0.000814927,0.00872452,0.000167779,0.00675719,0.000889709,0.00328368,0.00224105,0.00365519,0.00819721,-0.00983905,0.00739379,-0.00727874,-0.2,0,0,0.42,-0.23,0,-0.2,0,0,0.42,-0.23,0,0,0,0,0,0,0,0,0,0,0,0,0,0,0,0,0,0,-0.00685665,0.0119991,0.00342833,0.00654498,-0.00162983,-0.0027651,0,-0.00109083,0.0137133,0.00763582,-0.000534294,-0.000916765,0.0119991,0.000966092,0.000616242,-0.0076699,0.0107379,-0.00613592,-0.00306796,-0.0107379,0.00490874,0,0.0107379,-0.0168738,0,0.0138058,-0.00306796,0.00883573,-0.00687223,3.29989,-0.175781,-1.00675,-2.8125,7.89792,-0.910599,5.03374,-0.878906,0.167791,-0.878906,11.4316,1.5993,-0.838956,0.148858,-5.83418,-2.625,0.3125,0.1875,-2.6875,-0.125,-0.683594,0.0195312,-1.8125,-0.5625,-0.0625,-2.375,0.0625,-0.693359,0.166016,0.206013,-0.00184078,-0.0631026,-0.191677,0.49818,-0.0208434,0.249885,-0.0302024,-0.030105,-0.0490326,0.638286,0.0720794,-0.0801907,0.0423873,-0.896109,-0.399314,0.231391,0.0530182,-0.43009,0.00738228,-0.140052,-0.0177942,-0.349844,-0.190357,-0.182759,-0.437472,0.199849,-0.156711,0.152447
55.94,-0.20191,-0.000230097,0.00056246,0.421129,-0.242377,0.000652143,-0.202539,0.000315318,1.33919e-05,0.420098,-0.24593,-0.00174179,0.000160703,-0.000158499,0.00296643,0.00415853,-0.00252867,-0.000790959,0.00872452,0.000155795,0.00674952,0.000882039,0.00327169,0.00224105,0.00371511,0.00819721,-0.00982706,0.00739379,-0.0072634,-0.2,0,0,0.42,-0.23,0,-0.2,0,0,0.42,-0.23,0,0,0,0,0,0,0,0,0,0,0,0,0,0,0,0,0,0,0.00342833,0.00109083,0,0.00218166,0.0043126,-0.00365719,-0.0771373,0.00763582,-0.0137133,0,-0.000517486,-0.00643216,0,-0.0164236,-0.00308121,0.00613592,0.00460194,-0.0184078,0.00306796,-0.0076699,-0.0019635,0.00883573,0.00153398,-0.0230097,0.00306796,0,-0.0107379,-0.000981748,0.0166897,3.46768,0.351562,-0.894886,-2.37305,7.89792,-0.910599,5.92862,-1.05469,-0.111861,1.14258,11.4316,1.5993,-0.559304,0.198478,-5.91197,-2.625,0.3125,0.1875,-2.75,-0.1875,-0.683594,0.0195312,-1.8125,-0.5625,-0.0625,-2.3125,0.0625,-0.693359,0.166016,0.184105,0.020828,-0.056246,-0.178059,0.486465,-0.0187713,0.408177,-0.0468035,0.0260874,-0.0146538,0.638254,0.0825358,-0.0482108,0.0968205,-0.880684,-0.428124,0.243663,0.0763635,-0.442362,0.00455401,-0.133027,-0.0264765,-0.330237,-0.178086,-0.191891,-0.40986,0.207279,-0.146894,0.128578
55.98,-0.201856,-0.000238619,0.000522284,0.421112,-0.242381,0.000644944,-0.202472,0.000306796,2.67838e-05,0.420149,-0.245935,-0.00176331,0.000133919,-0.000166047,0.00297124,0.00415853,-0.00252867,-0.000790959,0.00872452,0.000155795,0.00674952,0.000882039,0.00328368,0.00222907,0.00367916,0.00819721,-0.00983905,0.00740146,-0.00727107,-0.2,0,0,0.42,-0.23,0,-0.2,0,0,0.42,-0.23,0,0,0,0,0,0,0,0,0,0,0,0,0,0,0,0,0,0,0.0119991,-0.00218166,-0.0137133,0.0218166,-0.000543277,-0.000921699,-0.0137133,-0.00436332,-0.0171416,0.00981748,-0.00373445,-0.00825582,-0.0239983,-0.021254,0.00123248,-0.0076699,-0.00613592,0.0138058,-0.0168738,0.0122718,0.000981748,-0.000981748,0.00306796,-0.00153398,-0.0107379,-0.00460194,-0.00613592,0.0107992,0.00589049,3.52362,0.0878906,-1.00675,-3.7793,7.80899,-0.858179,4.75408,-1.05469,0,-0.175781,11.5211,1.65172,-0.167791,0.198478,-5.91197,-2.5625,0.3125,0.1875,-2.6875,-0.1875,-0.683594,0.0195312,-1.8125,-0.5625,-0.0625,-2.25,0.0625,-0.703125,0.166016,0.161606,0.0282252,-0.0248018,-0.254042,0.496346,-0.0239544,0.274634,-0.021953,0.0316049,-0.0615948,0.644853,0.0870439,0.0318191,0.113576,-0.895069,-0.400513,0.265139,0.0119363,-0.402478,-0.0153877,-0.135972,-0.016659,-0.334504,-0.219839,-0.162482,-0.400657,0.202917,-0.158828,0.139531
56.04,-0.201896,-0.000238619,0.000535676,0.421112,-0.24239,0.000659264,-0.202472,0.00032384,2.67838e-05,0.420098,-0.245935,-0.00176331,0.000174095,-0.000150952,0.00298087,0.00415853,-0.00252867,-0.000778975,0.00872452,0.000131826,0.00674952,0.000889709,0.00328368,0.00226502,0.00365519,0.00819721,-0.00983905,0.00739379,-0.00727107,-0.2,0,0,0.42,-0.23,0,-0.2,0,0,0.42,-0.23,0,0,0,0,0,0,0,0,0,0,0,0,0,0,0,0,0,0,0.0119991,-0.00763582,-0.00342833,-0.0141808,0.00653052,0.0147373,0.010285,0.00545415,0.00685665,0,-0.00160848,-0.000911831,0.0257124,-0.00579655,-0.00369745,-0.00613592,-0.00613592,-0.0076699,0,0.0168738,0,0.00785398,-0.00920388,-0.0138058,0,-0.00920388,0.0107379,-0.000981748,0.00294524,3.52362,0.263672,-0.838956,-4.57031,7.72053,-0.910059,5.76083,-0.878906,0.335582,0.615234,11.3421,1.54688,0,0.198478,-5.75639,-2.625,0.375,0.1875,-2.6875,-0.1875,-0.683594,0.0195312,-1.75,-0.5625,0,-2.25,0.0625,-0.703125,0.166016,0.165623,0.0391336,-0.0467109,-0.110052,0.482534,-0.0558452,0.226637,-0.0432923,-0.0163917,-0.0146538,0.640601,0.0723559,-0.129366,0.0626752,-0.883168,-0.403581,0.265139,0.0542885,-0.436226,-0.0195103,-0.13499,-0.0256482,-0.30996,-0.19889,-0.182759,-0.391453,0.186043,-0.146894,0.142476
56.08,-0.20191,-0.000238619,0.000535676,0.421095,-0.242381,0.000659303,-0.202539,0.000289752,-5.35676e-05,0.420132,-0.245926,-0.00174899,0.000147311,-0.000150952,0.00298087,0.00415853,-0.00254066,-0.000778975,0.0087365,0.000167779,0.00675719,0.000882039,0.00328368,0.00225303,0.00367916,0.00820919,-0.00983905,0.00738612,-0.00727107,-0.2,0,0,0.42,-0.23,0,-0.2,0,0,0.42,-0.23,0,0,0,0,0,0,0,0,0,0,0,0,0,0,0,0,0,0,0.00342833,-0.00327249,0.00514249,-0.00981748,0.00266596,-0.0119377,-0.0719948,-0.01309,-0.00514249,0.00327249,0.00376247,-0.000936499,0.00857081,-0.00966092,-0.00369745,-0.00153398,0.0168738,-0.00306796,0.00613592,-0.00613592,0.00785398,0.000981748,0.00460194,-0.00613592,0,0.00460194,-0.00613592,-0.00785398,0,3.35582,0.175781,-0.950817,-2.28516,7.89744,-0.8063,4.58629,-0.966797,-0.335582,-1.05469,11.4316,1.5993,-0.391513,0.148858,-5.83418,-2.625,0.3125,0.1875,-2.75,-0.1875,-0.683594,0.0195312,-1.8125,-0.5625,0,-2.3125,0.0625,-0.703125,0.166016,0.184105,0.0304069,-0.0638526,-0.124948,0.489926,-0.00249675,0.397892,-0.00279525,0.0156417,-0.0328579,0.629525,0.0718324,-0.0699057,0.0742683,-0.883168,-0.412785,0.220318,0.0450847,-0.449097,0.00278034,-0.142998,-0.0186225,-0.337572,-0.213032,-0.183958,-0.419664,0.202917,-0.139868,0.145421
56.14,-0.201936,-0.000230097,0.000535676,0.421095,-0.242377,0.000652143,-0.202445,0.000315318,2.67838e-05,0.420012,-0.245935,-0.00174895,0.000160703,-0.000166047,0.00297124,0.00415853,-0.00255264,-0.000778975,0.00870055,0.000155795,0.00674952,0.000882039,0.00328368,0.00221708,0.00367916,0.00820919,-0.00983905,0.00739379,-0.00727107,-0.2,0,0,0.42,-0.23,0,-0.2,0,0,0.42,-0.23,0,0,0,0,0,0,0,0,0,0,0,0,0,0,0,0,0,0,-0.02057,0.00981748,0.010285,-0.0218166,0.00268837,-0.00458382,0.010285,0,0.00514249,-0.0261799,-0.00426875,-0.00917258,0,0.00386437,0.00246497,-0.0076699,-0.0122718,-0.00153398,-0.0138058,0,-0.0019635,-0.000981748,0.0076699,0.00613592,0.0122718,0,-0.00460194,0.0019635,-0.00392699,3.57955,0.175781,-1.11861,-2.28516,7.80899,-0.858179,5.03374,-0.966797,0.223722,0.615234,11.5211,1.65172,-0.671165,0.0992388,-5.91197,-2.5625,0.3125,0.1875,-2.75,-0.1875,-0.683594,0.0195312,-1.8125,-0.625,-0.0625,-2.25,0.0625,-0.703125,0.175781,0.234779,0.00337476,-0.0741375,-0.0769518,0.489713,-0.0169181,0.223958,-0.0315318,-0.0129634,0.102851,0.645923,0.0883031,-0.0482108,0.038221,-0.898767,-0.400513,0.279808,0.0420167,-0.407416,-0.0031159,-0.133027,-0.016659,-0.343708,-0.23398,-0.208502,-0.41046,0.201383,-0.149839,0.149348
56.18,-0.201883,-0.000221575,0.00056246,0.421137,-0.242386,0.000637728,-0.202459,0.00032384,-4.01757e-05,0.420081,-0.24593,-0.00175615,0.000174095,-0.000150952,0.00297124,0.00415853,-0.00255264,-0.000802943,0.0087365,0.000167779,0.00674952,0.000882039,0.00328368,0.00224105,0.00365519,0.00819721,-0.00982706,0.00740146,-0.00727874,-0.2,0,0,0.42,-0.23,0,-0.2,0,0,0.42,-0.23,0,0,0,0,0,0,0,0,0,0,0,0,0,0,0,0,0,0,0.02057,0.00545415,-0.00171416,0,0.00697856,-0.0155949,0.0325691,0.00436332,-0.0222841,-0.0218166,-0.000534294,-0.000916765,-0.00171416,-0.00483046,0.000616242,0,-0.00153398,0.00306796,0.0076699,0,-0.0019635,-0.0137445,-0.00460194,-0.00153398,0.00153398,0.00920388,0,0.00785398,-0.0107992,3.69141,0.175781,-0.950817,-4.13086,7.80899,-0.858179,5.03374,-0.878906,-0.0559304,0.878906,11.6101,1.59985,-0.279652,0.198478,-5.91197,-2.625,0.3125,0.125,-2.75,-0.125,-0.703125,0.0195312,-1.8125,-0.5625,-0.0625,-2.3125,0.0625,-0.693359,0.175781,0.147142,0.0112492,-0.0528176,-0.170611,0.481473,0.00568063,0.180729,-0.0411107,0.0485858,0.0751697,0.638286,0.0720794,-0.0470859,0.0597769,-0.893221,-0.415853,0.258332,0.0340112,-0.452165,-0.00335558,-0.133027,-0.00389631,-0.319164,-0.221037,-0.185827,-0.428268,0.196541,-0.155883,0.156374
56.24,-0.20195,-0.000238619,0.00056246,0.421129,-0.242381,0.000659303,-0.202499,0.000315318,2.67838e-05,0.420089,-0.245926,-0.00174899,0.000174095,-0.000150952,0.00298087,0.00415853,-0.00255264,-0.000790959,0.0087365,0.000167779,0.00674952,0.000889709,0.00328368,0.00225303,0.00372709,0.00819721,-0.00983905,0.00738612,-0.00727107,-0.2,0,0,0.42,-0.23,0,-0.2,0,0,0.42,-0.23,0,0,0,0,0,0,0,0,0,0,0,0,0,0,0,0,0,0,-0.010285,0.00872665,0.00342833,0.0283616,-0.00377492,0.00274043,-0.0291408,0,-0.00171416,0.0349066,0.00215959,-0.00368679,0.00171416,-0.00772874,0.00123248,0.00460194,-0.0122718,0,-0.0107379,-0.00613592,0.0019635,0.00687223,0.00920388,0,-0.0076699,0.0122718,-0.0107379,-0.0127627,0,3.18803,0.0878906,-0.950817,-3.42773,7.89792,-0.910599,4.81001,-0.791016,0.279652,-0.0878906,11.5211,1.65172,-0.167791,0.198478,-5.91197,-2.625,0.3125,0.1875,-2.625,-0.125,-0.683594,0.0195312,-1.875,-0.5625,0,-2.3125,0.0625,-0.703125,0.175781,0.215549,0.00640863,-0.0631026,-0.282779,0.502808,-0.031853,0.308167,-0.0315318,0.000749946,-0.153002,0.632731,0.077333,-0.0573709,0.0684718,-0.897958,-0.425056,0.279808,0.0395479,-0.415349,0.00278034,-0.136954,-0.0246664,-0.346776,-0.225303,-0.171015,-0.434404,0.207519,-0.13496,0.145421
56.28,-0.201896,-0.000221575,0.000535676,0.421112,-0.242377,0.000666501,-0.202485,0.000298274,0.000107135,0.420123,-0.24593,-0.0017705,0.000160703,-0.000150952,0.00298087,0.00415853,-0.00252867,-0.000778975,0.00872452,0.000155795,0.00675719,0.000874369,0.00328368,0.00222907,0.00367916,0.00819721,-0.00982706,0.00739379,-0.00727107,-0.2,0,0,0.42,-0.23,0,-0.2,0,0,0.42,-0.23,0,0,0,0,0,0,0,0,0,0,0,0,0,0,0,0,0,0,-0.00171416,0,-0.00514249,0,0.00380294,0.00645189,-0.00514249,-0.00981748,0.0394257,0.00545415,0.00107979,-0.0018434,0,-0.00289828,0.00184873,0.00306796,0.00460194,-0.0107379,-0.00153398,-0.00613592,0.011781,-0.00687223,0.00920388,0,-0.00153398,0.0107379,-0.00153398,0,-0.00490874,3.46768,0.351562,-1.06268,-4.39453,7.80899,-0.858179,5.20153,-0.791016,-0.223722,-1.58203,11.4316,1.5993,-0.111861,0.148858,-5.83418,-2.625,0.3125,0.1875,-2.75,-0.1875,-0.673828,0.0195312,-1.8125,-0.625,0,-2.3125,0.0625,-0.693359,0.166016,0.19305,0.0221575,-0.0432826,-0.166775,0.487482,-0.0395638,0.25883,-0.0101925,-0.089565,-0.040306,0.635056,0.074507,-0.0482108,0.0539804,-0.899807,-0.421989,0.243663,0.0604245,-0.433158,0.00302002,-0.146925,-0.0106151,-0.346776,-0.222907,-0.18089,-0.431336,0.198075,-0.147876,0.15033
56.34,-0.201923,-0.000247141,0.000535676,0.421129,-0.242377,0.000652143,-0.202472,0.000298274,0,0.420064,-0.245935,-0.00174895,0.000160703,-0.000150952,0.00297124,0.00415853,-0.00252867,-0.000790959,0.0087365,0.000131826,0.00674952,0.000874369,0.00327169,0.00224105,0.00367916,0.00820919,-0.00981508,0.00739379,-0.00727874,-0.2,0,0,0.42,-0.23,0,-0.2,0,0,0.42,-0.23,0,0,0,0,0,0,0,0,0,0,0,0,0,0,0,0,0,0,0.00685665,0,-0.00342833,0.01309,0.00749942,-0.022027,-0.010285,-0.0109083,-0.0137133,0.00545415,-0.00695142,-0.0100795,0.0394257,-0.00483046,-0.00554618,0.00153398,-0.00920388,0.0199418,-0.00306796,-0.0107379,-0.00490874,-0.0127627,-0.0107379,0.00460194,0.00460194,0.0168738,0.0107379,-0.00589049,-0.0107992,3.52362,0.175781,-1.00675,-2.98828,7.80851,-0.75388,4.97781,-0.878906,0,0.703125,11.5211,1.65172,-0.391513,0.148858,-5.83418,-2.625,0.375,0.1875,-2.75,-0.1875,-0.703125,0.0195312,-1.8125,-0.5625,-0.0625,-2.3125,0.0625,-0.683594,0.175781,0.178586,0.0247141,-0.0467109,-0.221692,0.480091,0.0179683,0.267777,-0.00801079,0.0274266,-0.0313563,0.651289,0.0901169,-0.166488,0.0597769,-0.874733,-0.418921,0.271275,-0.000335559,-0.430689,0.00810134,-0.130082,-0.00472466,-0.305694,-0.233309,-0.193162,-0.444207,0.185564,-0.141985,0.156374
56.38,-0.201923,-0.000230097,0.00056246,0.421095,-0.242377,0.000652143,-0.202445,0.000306796,2.67838e-05,0.420123,-0.24593,-0.00175615,0.000187487,-0.000158499,0.00297605,0.00415853,-0.00255264,-0.000755006,0.00872452,0.000167779,0.00674952,0.000882039,0.00328368,0.00226502,0.00367916,0.00819721,-0.00982706,0.00740146,-0.00727107,-0.2,0,0,0.42,-0.23,0,-0.2,0,0,0.42,-0.23,0,0,0,0,0,0,0,0,0,0,0,0,0,0,0,0,0,0,0,0.00327249,-0.00514249,-0.0109083,-0.00598725,-0.0138156,0.0342833,0,0.0239983,0.0381791,-0.000511883,-0.00827062,0.0137133,0.00676264,0.00184873,0,-0.0199418,0,-0.0168738,0.00460194,-0.000981748,-0.000981748,-0.00153398,-0.00306796,0.00153398,0.00153398,-0.0076699,0.0127627,0.00294524,3.46768,0.263672,-0.894886,-3.51562,7.89744,-0.8063,5.03374,-0.878906,0.111861,-1.31836,11.4316,1.5993,-0.279652,0.0992388,-5.91197,-2.625,0.375,0.1875,-2.625,-0.1875,-0.683594,0,-1.75,-0.5625,-0.0625,-2.25,0.0625,-0.703125,0.166016,0.192299,0.0164647,-0.045961,-0.120585,0.507064,0.00154553,0.175962,-0.0306796,-0.0506749,-0.171206,0.638241,0.0867871,-0.0973859,0.0272619,-0.898362,-0.415853,0.295147,0.0377503,-0.402478,-0.00795753,-0.134009,-0.016659,-0.3253,-0.220366,-0.187026,-0.412928,0.204211,-0.160792,0.142476
56.44,-0.201923,-0.000238619,0.000575852,0.421154,-0.242381,0.000659303,-0.202512,0.000315318,-2.67838e-05,0.420098,-0.24593,-0.00175615,0.000160703,-0.000158499,0.00297605,0.00415853,-0.00255264,-0.000778975,0.00872452,0.000155795,0.00674952,0.000882039,0.00327169,0.00224105,0.00369114,0.00819721,-0.00981508,0.00739379,-0.00727874,-0.2,0,0,0.42,-0.23,0,-0.2,0,0,0.42,-0.23,0,0,0,0,0,0,0,0,0,0,0,0,0,0,0,0,0,0,0,0,0.00685665,0.0272708,-0.00916847,0.00639268,-0.0359974,-0.00872665,0.00342833,-0.0152716,-0.00210356,-0.0146978,0.00857081,-0.00772874,0.00246497,-0.00613592,-0.00613592,0,0.00613592,-0.00306796,-0.00294524,0.000981748,-0.00460194,0.00306796,0,-0.00153398,-0.00613592,-0.00294524,-0.0107992,3.41175,0.0878906,-1.00675,-5.44922,7.98638,-0.85872,5.31339,-0.878906,-0.111861,0.439453,11.5211,1.65172,-0.447443,0.148858,-5.83418,-2.5625,0.375,0.1875,-2.75,-0.1875,-0.683594,0,-1.8125,-0.5625,-0.0625,-2.25,0.0625,-0.703125,0.175781,0.192299,0.0238619,-0.0712985,-0.282247,0.513595,-0.0391575,0.323219,-0.0140785,-0.00417827,0.0464327,0.641424,0.0996415,-0.0739233,0.0707361,-0.900211,-0.403581,0.267536,0.0389487,-0.448498,-4.79368e-05,-0.132045,-0.0186225,-0.317965,-0.230241,-0.184557,-0.406793,0.202438,-0.144931,0.156374
56.48,-0.201923,-0.000238619,0.000535676,0.421112,-0.242381,0.000659303,-0.202459,0.000315318,1.33919e-05,0.420106,-0.245926,-0.00174899,0.000200878,-0.000158499,0.00297605,0.00415853,-0.00254066,-0.000790959,0.00872452,0.000167779,0.00675719,0.000889709,0.00328368,0.00222907,0.00365519,0.00820919,-0.00982706,0.00739379,-0.00727107,-0.2,0,0,0.42,-0.23,0,-0.2,0,0,0.42,-0.23,0,0,0,0,0,0,0,0,0,0,0,0,0,0,0,0,0,0,0,-0.00436332,-0.00171416,0.0218166,0.00217871,0.00552526,0.00857081,-0.00109083,-0.00685665,0,0.000556704,-0.00643709,0.00514249,0.00193218,-0.00246497,0.0107379,0,0.00153398,0.00920388,-0.00920388,0.00294524,0.00589049,0.00153398,-0.0122718,0.00306796,0,0,-0.0019635,-0.00392699,3.46768,0.263672,-0.838956,-3.95508,7.89792,-0.910599,5.08967,-0.878906,0.447443,-0.791016,11.4316,1.5993,0.335582,0.0496194,-5.83418,-2.625,0.3125,0.1875,-2.75,-0.125,-0.683594,0.0195312,-1.8125,-0.5625,-0.0625,-2.25,0.0625,-0.693359,0.175781,0.192299,0.0325886,-0.0501393,-0.254042,0.490901,-0.0374226,0.228726,-0.0293502,0.0123741,-0.0159323,0.635937,0.0828336,-0.075691,0.0417533,-0.885421,-0.437328,0.254066,0.03648,-0.454634,0.0058483,-0.138089,-0.0236847,-0.331436,-0.198363,-0.188895,-0.41046,0.196541,-0.145912,0.149348
56.54,-0.201923,-0.000204531,0.000549068,0.42112,-0.242377,0.00062339,-0.202472,0.000315318,2.67838e-05,0.420081,-0.24593,-0.00175615,0.000147311,-0.000150952,0.00298087,0.00415853,-0.00254066,-0.000790959,0.00872452,0.000143811,0.00674952,0.000882039,0.00327169,0.00225303,0.00372709,0.00818523,-0.00981508,0.00740146,-0.00725573,-0.2,0,0,0.42,-0.23,0,-0.2,0,0,0.42,-0.23,0,0,0,0,0,0,0,0,0,0,0,0,0,0,0,0,0,0,0.0137133,0.0152716,-0.00171416,0.0163625,0.000520866,-0.00643216,0,0.00654498,0,0.019635,-0.00105178,-0.00734892,-0.0154275,-0.010627,0.00184873,0.00153398,-0.00306796,0.0138058,0,-0.0168738,-0.0019635,0,0,0,-0.00306796,0.00153398,0.00613592,0.00392699,0.0019635,2.90838,0.0878906,-1.06268,-2.37305,7.89792,-0.910599,4.97781,-1.05469,0,0.878906,11.4316,1.5993,-0.335582,0.198478,-5.91197,-2.625,0.375,0.1875,-2.75,-0.125,-0.683594,0.0195312,-1.8125,-0.5625,0,-2.3125,0.0625,-0.683594,0.175781,0.164873,-0.0100902,-0.0514784,-0.233504,0.494052,-0.0120713,0.247207,-0.0446218,-0.00267838,-0.0906366,0.639321,0.0849437,0.00208914,0.0771666,-0.899807,-0.418921,0.260201,0.0119363,-0.436226,0.0139976,-0.133027,-0.0176408,-0.327169,-0.225303,-0.180219,-0.412329,0.190166,-0.151956,0.143151
56.58,-0.201923,-0.000213053,0.00056246,0.421137,-0.242386,0.000652104,-0.202485,0.000315318,-2.67838e-05,0.420115,-0.245926,-0.00176334,0.000133919,-0.000150952,0.00298087,0.00414654,-0.00255264,-0.000790959,0.00870055,0.000131826,0.00674952,0.000882039,0.00328368,0.00225303,0.00367916,0.00818523,-0.00981508,0.00739379,-0.00727107,-0.2,0,0,0.42,-0.23,0,-0.2,0,0,0.42,-0.23,0,0,0,0,0,0,0,0,0,0,0,0,0,0,0,0,0,0,-0.00685665,-0.0141808,0.0119991,0.0370882,-0.0021563,0.0018286,0,0.00327249,-0.02057,0.0185441,-0.00212597,-0.00734399,-0.0377116,0.000966092,0.00431369,-0.00306796,0,0.00920388,-0.0138058,-0.0153398,-0.00589049,0.0019635,0.0107379,-0.00306796,-0.00153398,0.00613592,-0.00613592,0.000981748,-0.000981748,3.46768,0.263672,-1.11861,-4.48242,7.98638,-0.85872,5.59304,-0.878906,-0.0559304,0,11.4316,1.5993,-0.559304,0.0992388,-5.91197,-2.625,0.3125,0.1875,-2.6875,-0.1875,-0.673828,0.0195312,-1.8125,-0.5625,-0.0625,-2.3125,0.0625,-0.693359,0.175781,0.206013,0.0496669,-0.0802442,-0.318964,0.49974,-0.0297414,0.248545,-0.0380768,0.0438183,-0.0913873,0.6413,0.0852218,0.0729591,0.0423873,-0.907202,-0.408518,0.255264,0.0211402,-0.407416,0.0127033,-0.1291,-0.0196043,-0.349844,-0.219168,-0.18089,-0.421533,0.202438,-0.148858,0.146403
56.64,-0.20191,-0.000238619,0.000549068,0.421154,-0.242377,0.000652143,-0.202485,0.000315318,4.01757e-05,0.420106,-0.245926,-0.00176334,0.000147311,-0.000166047,0.00297124,0.00415853,-0.00252867,-0.000802943,0.00872452,0.000155795,0.00675719,0.000882039,0.00328368,0.00225303,0.00363122,0.00818523,-0.00982706,0.00739379,-0.00727107,-0.2,0,0,0.42,-0.23,0,-0.2,0,0,0.42,-0.23,0,0,0,0,0,0,0,0,0,0,0,0,0,0,0,0,0,0,-0.00857081,0.0163625,0.00171416,0.0185441,-0.00379733,-0.00461343,0.0188558,-0.00436332,0.00685665,0.0239983,-0.00264346,-0.0137761,-0.00857081,-0.00193218,-0.00492993,0.00153398,-0.00153398,0.00920388,0.00153398,0,0.00589049,0.0107992,0.0076699,-0.00920388,0.00920388,0.0076699,0,0.000981748,-0.0107992,3.57955,0.175781,-1.17454,-4.04297,7.80899,-0.858179,5.48118,-0.878906,0.223722,-0.263672,11.6101,1.59985,-0.503374,0.0496194,-5.83418,-2.625,0.375,0.1875,-2.75,-0.1875,-0.703125,0.0195312,-1.8125,-0.5625,-0.0625,-2.3125,0.0625,-0.703125,0.175781,0.208103,-0.008863,-0.0583351,-0.24734,0.502685,-0.0168588,0.210834,-0.0228052,-0.0177309,-0.111925,0.642335,0.0980861,-0.0184808,0.0556107,-0.876582,-0.418921,0.255935,0.0217394,-0.439294,-0.0031159,-0.141034,-0.02844,-0.343708,-0.206896,-0.199969,-0.424601,0.196541,-0.148858,0.156221
56.7,-0.201923,-0.000238619,0.000575852,0.42112,-0.242377,0.000652143,-0.202472,0.000315318,1.33919e-05,0.420123,-0.24593,-0.00175615,0.000147311,-0.000150952,0.00298087,0.00414654,-0.00255264,-0.000778975,0.00872452,0.000167779,0.00675719,0.000882039,0.00328368,0.00222907,0.00365519,0.00818523,-0.00982706,0.00738612,-0.00727107,-0.2,0,0,0.42,-0.23,0,-0.2,0,0,0.42,-0.23,0,0,0,0,0,0,0,0,0,0,0,0,0,0,0,0,0,0,-0.00514249,0.00654498,0.02057,-0.01309,0.00271078,0.00277003,0.0119991,-0.0109083,0,0.0119991,-0.00159168,-0.00642722,-0.0171416,-0.00869483,-0.00554618,0,0,0.0138058,-0.00306796,-0.0138058,0.00490874,0.000981748,0.00460194,0.00613592,0.0214757,0.00920388,0,-0.011781,-0.00981748,3.69141,0,-0.838956,-4.83398,7.80899,-0.858179,5.03374,-0.878906,0.111861,-1.23047,11.5211,1.65172,-0.167791,0.198478,-5.75639,-2.625,0.3125,0.1875,-2.6875,-0.125,-0.673828,0.0195312,-1.8125,-0.625,-0.0625,-2.3125,0.0625,-0.703125,0.175781,0.202584,0.010772,-0.0987251,-0.115694,0.489668,-0.0316258,0.223209,-0.00971521,-0.00133919,-0.0664859,0.640401,0.0831003,0.00723163,0.07137,-0.877622,-0.414654,0.255264,0.0113371,-0.43009,0.0104502,-0.140052,-0.0186225,-0.337572,-0.235178,-0.225711,-0.427669,0.196541,-0.135941,0.155239
56.74,-0.201923,-0.000221575,0.000549068,0.421095,-0.242377,0.000652143,-0.202499,0.000298274,-4.01757e-05,0.420098,-0.245935,-0.00176331,0.000160703,-0.000166047,0.00297124,0.00414654,-0.00254066,-0.000778975,0.0087365,0.000167779,0.00674952,0.000882039,0.00327169,0.00224105,0.00365519,0.00818523,-0.00982706,0.00739379,-0.00727107,-0.2,0,0,0.42,-0.23,0,-0.2,0,0,0.42,-0.23,0,0,0,0,0,0,0,0,0,0,0,0,0,0,0,0,0,0,0.010285,0.00654498,0,0.00109083,0.00376372,-0.00641735,-0.0188558,-0.00654498,-0.0137133,0.00327249,-0.00105178,-0.00734892,-0.010285,-0.00579655,0.00246497,-0.00613592,0.0107379,0.0122718,0.00460194,-0.0214757,-0.0019635,0.00392699,0.00153398,-0.00306796,0.00920388,-0.0122718,-0.0153398,0,-0.0019635,3.52362,0.263672,-1.00675,-2.63672,7.80899,-0.858179,4.92188,-0.966797,0.391513,0.703125,11.4316,1.5993,-0.391513,0.0992388,-5.91197,-2.5625,0.3125,0.1875,-2.75,-0.125,-0.683594,0.0195312,-1.8125,-0.5625,-0.0625,-2.25,0.0625,-0.693359,0.175781,0.17173,0.00906753,-0.0549068,-0.168582,0.487562,-0.013251,0.287597,-0.0167374,0.0314442,-0.0277438,0.639488,0.0852301,-0.0173559,0.0672038,-0.898767,-0.402382,0.23259,0.014405,-0.446029,0.0181201,-0.133027,-0.0215678,-0.330237,-0.217969,-0.201167,-0.384718,0.211881,-0.147876,0.147385
56.8,-0.20195,-0.000238619,0.00056246,0.421137,-0.242386,0.000652104,-0.202499,0.000315318,1.33919e-05,0.420115,-0.245935,-0.00176331,0.000160703,-0.000150952,0.00298087,0.00414654,-0.00252867,-0.000778975,0.0087365,0.000191748,0.00674952,0.000882039,0.00325971,0.00224105,0.00365519,0.00819721,-0.00982706,0.00739379,-0.0072634,-0.2,0,0,0.42,-0.23,0,-0.2,0,0,0.42,-0.23,0,0,0,0,0,0,0,0,0,0,0,0,0,0,0,0,0,0,0.00514249,0.00872665,0.00685665,0.0174533,-0.00328207,-0.012884,0.0119991,0.00327249,-0.00685665,0,0.00374566,0.00457889,-0.00514249,-0.00966092,2.19062e-16,-0.00306796,-0.00153398,0.0153398,0.00306796,0,-0.00392699,0.000981748,-0.00306796,0,0.0138058,0.00153398,0,-0.00392699,0.00785398,3.29989,0,-0.838956,-4.21875,7.80899,-0.858179,4.69815,-1.05469,0,-0.615234,11.3421,1.54688,-0.727095,0.248097,-5.67861,-2.5625,0.3125,0.1875,-2.75,-0.125,-0.683594,0.0195312,-1.8125,-0.625,-0.0625,-2.25,0.0625,-0.703125,0.175781,0.184694,0.00640863,-0.0699593,-0.240424,0.501992,-0.000316069,0.225887,-0.0380768,0.0123741,-0.0172108,0.629893,0.0613745,-0.0327834,0.0742683,-0.894261,-0.408518,0.255935,0.00826911,-0.442961,-0.00383495,-0.131063,-0.0186225,-0.319835,-0.224105,-0.210371,-0.412928,0.196541,-0.143949,0.137414
56.84,-0.201936,-0.000230097,0.00056246,0.421129,-0.242381,0.000644944,-0.202485,0.000315318,1.33919e-05,0.420081,-0.24593,-0.00175615,0.000200878,-0.000150952,0.00298087,0.00413456,-0.00255264,-0.000778975,0.00870055,0.000143811,0.00676486,0.000882039,0.00328368,0.00224105,0.00372709,0.00819721,-0.00981508,0.00739379,-0.00725573,-0.2,0,0,0.42,-0.23,0,-0.2,0,0,0.42,-0.23,0,0,0,0,0,0,0,0,0,0,0,0,0,0,0,0,0,0,0.00171416,-0.00327249,0,0.0218166,-0.00108655,-0.0018434,0.00857081,-0.00218166,-0.0137133,-0.0185441,-0.00586042,-0.0155998,-0.00857081,-0.00966092,0.00123248,-0.0076699,-0.00613592,-0.0122718,0.00153398,-0.00460194,0.00392699,0.0019635,0.00460194,-0.00920388,0,0.00306796,-0.00460194,0,0.00589049,3.57955,0.263672,-0.894886,-4.6582,7.89792,-0.910599,5.20153,-0.966797,-0.503374,0.615234,11.5211,1.65172,-0.615234,0.198478,-5.91197,-2.625,0.4375,0.1875,-2.8125,-0.1875,-0.673828,0.0195312,-1.8125,-0.5625,0,-2.25,0.0625,-0.693359,0.175781,0.190211,0.0295547,-0.056246,-0.256599,0.497433,-0.022111,0.231404,-0.0271685,0.0260874,0.0620797,0.648938,0.101445,-0.0345511,0.0742683,-0.897958,-0.398116,0.267536,0.0634924,-0.438095,0.00172573,-0.139224,-0.0196043,-0.337572,-0.205697,-0.186355,-0.415996,0.200904,-0.147876,0.139224
56.9,-0.201936,-0.000255663,0.000549068,0.421078,-0.242386,0.000637728,-0.202485,0.000315318,1.33919e-05,0.420098,-0.245918,-0.00174901,0.00021427,-0.000166047,0.00297124,0.00414654,-0.00255264,-0.000778975,0.00872452,0.000155795,0.00674952,0.000882039,0.00328368,0.00225303,0.00367916,0.00818523,-0.00985103,0.00739379,-0.00727107,-0.2,0,0,0.42,-0.23,0,-0.2,0,0,0.42,-0.23,0,0,0,0,0,0,0,0,0,0,0,0,0,0,0,0,0,0,0.02057,-0.0119991,0.00857081,-0.0207258,0.00808752,-0.00639762,0.00171416,0.00545415,-0.0137133,0.0305433,0.00376807,-0.00277496,0.0668523,-0.00289828,-0.00184873,-0.00153398,0.00153398,-0.0107379,-0.00306796,-0.0291456,0.000981748,0.000981748,0.0122718,-0.0107379,0.00153398,-0.00460194,-0.00613592,-0.000981748,-0.00294524,3.35582,0.263672,-0.950817,-1.8457,7.80899,-0.858179,5.08967,-0.966797,0.615234,-0.878906,11.5211,1.65172,-1.06268,0.0992388,-5.75639,-2.625,0.3125,0.1875,-2.75,-0.125,-0.683594,0.0195312,-1.8125,-0.5,0,-2.3125,0.0625,-0.693359,0.175781,0.152499,0.0495646,-0.0720484,-0.0787581,0.479255,-0.0127139,0.245117,-0.0424401,0.0260874,-0.136827,0.629178,0.0755102,-0.264838,0.058509,-0.885826,-0.411586,0.252196,0.0604245,-0.43009,0.0260297,-0.135972,-0.0186225,-0.352911,-0.203828,-0.187026,-0.400057,0.203157,-0.146894,0.148367
56.94,-0.201896,-0.000230097,0.000535676,0.421078,-0.242394,0.000652048,-0.202472,0.000315318,1.33919e-05,0.420115,-0.245935,-0.00176331,0.000160703,-0.000150952,0.00297124,0.00415853,-0.00254066,-0.000802943,0.00872452,0.000131826,0.00674952,0.000882039,0.00328368,0.00226502,0.00370313,0.00819721,-0.00983905,0.00738612,-0.00727874,-0.2,0,0,0.42,-0.23,0,-0.2,0,0,0.42,-0.23,0,0,0,0,0,0,0,0,0,0,0,0,0,0,0,0,0,0,0.00171416,0.00218166,-0.0188558,-0.0349066,-0.00107535,0.00183353,0.010285,-0.0207258,-0.00857081,-0.0207258,0.00267147,0.00458382,-0.00342833,-0.00483046,-0.000616242,0.0107379,-0.0107379,0.00306796,0.0138058,0.0076699,-0.0019635,0.0019635,-0.00153398,0.00613592,0.0122718,0.00153398,-0.00613592,-0.011781,-0.000981748,3.74734,0.175781,-0.783026,-2.98828,7.80899,-0.858179,4.92188,-0.966797,0,0.878906,11.4311,1.495,-0.167791,0.198478,-5.91197,-2.625,0.3125,0.1875,-2.75,-0.1875,-0.683594,0.0195312,-1.8125,-0.5625,-0.0625,-2.25,0.0625,-0.693359,0.175781,0.186193,0.0186464,-0.015856,-0.0220349,0.497916,-0.029749,0.226637,0.00991974,0.0158024,0.0656923,0.632041,0.0613646,-0.0379259,0.0597769,-0.889523,-0.437328,0.275541,0.0340112,-0.463837,-0.0103064,-0.133027,-0.0196043,-0.3253,-0.238774,-0.2097,-0.412928,0.202917,-0.135941,0.146557
57,-0.20191,-0.000238619,0.000549068,0.421095,-0.242377,0.000652143,-0.202472,0.000315318,0,0.420081,-0.24593,-0.00175615,0.000133919,-0.000166047,0.00297124,0.00415853,-0.00252867,-0.000790959,0.00872452,0.000167779,0.00674952,0.000882039,0.00328368,0.00225303,0.00369114,0.00818523,-0.00982706,0.00738612,-0.00727107,-0.2,0,0,0.42,-0.23,0,-0.2,0,0,0.42,-0.23,0,0,0,0,0,0,0,0,0,0,0,0,0,0,0,0,0,0,0.0274266,-0.01309,0.00685665,-0.0305433,-0.00220112,-0.0128791,0.0325691,-0.00218166,-0.00342833,-0.0163625,-0.00533734,-0.0110061,-0.00685665,-0.010627,-0.00308121,0.00153398,0.0107379,-0.00306796,0,-0.0230097,0,-0.00294524,0.0138058,0.00153398,-0.00920388,0,-0.00613592,-0.0127627,-0.00785398,3.63548,0.0878906,-1.06268,-3.95508,7.80899,-0.858179,5.36932,-0.791016,0.223722,1.31836,11.6101,1.59985,-0.671165,0.148858,-5.83418,-2.625,0.3125,0.1875,-2.6875,-0.125,-0.683594,0.0195312,-1.875,-0.5625,0,-2.3125,0.0625,-0.693359,0.175781,0.136108,0.0500419,-0.0686201,-0.0420452,0.499492,-0.000327477,0.182069,-0.0271685,0.00685665,0.0533531,0.647892,0.0922581,-0.0196057,0.0816952,-0.882128,-0.418921,0.231391,0.0456839,-0.436226,0.0196541,-0.13499,-0.0146955,-0.355979,-0.228371,-0.166149,-0.409261,0.202677,-0.13496,0.153275
57.04,-0.20191,-0.000230097,0.000535676,0.421112,-0.242381,0.000659303,-0.202485,0.000315318,-8.03514e-05,0.420123,-0.24593,-0.00174179,0.000133919,-0.000143404,0.00297605,0.00415853,-0.00252867,-0.000790959,0.00870055,0.000155795,0.00674952,0.000882039,0.00328368,0.00225303,0.00370313,0.00819721,-0.00982706,0.00739379,-0.0072634,-0.2,0,0,0.42,-0.23,0,-0.2,0,0,0.42,-0.23,0,0,0,0,0,0,0,0,0,0,0,0,0,0,0,0,0,0,0.0479966,0,-0.0239983,-0.0250891,-0.00057129,-0.010114,-0.00342833,0.00436332,0.00171416,0.0261799,5.60258e-06,-0.00183846,-0.0171416,0.00483046,-0.000616242,-0.00153398,0.0076699,0.00153398,-0.0168738,0.0122718,0,0,0.00920388,-0.00613592,-0.00306796,-0.0076699,0.00153398,-0.0019635,0.00589049,3.46768,0.175781,-0.950817,-4.30664,7.80899,-0.858179,5.31339,-0.966797,-0.167791,-0.439453,11.5206,1.54743,-0.447443,0.148858,-5.83418,-2.625,0.375,0.1875,-2.6875,-0.1875,-0.683594,0.0195312,-1.8125,-0.5625,0,-2.25,0.0625,-0.693359,0.175781,0.0949683,0.0230097,-0.00557103,-0.0664188,0.496401,-0.00614407,0.255402,-0.0402585,0.00460681,-0.123209,0.637208,0.0733484,0.0112492,0.0285299,-0.890967,-0.412785,0.237527,0.03648,-0.40128,-0.0153877,-0.13499,-0.0176408,-0.346776,-0.213032,-0.17902,-0.394521,0.195007,-0.145912,0.139377
57.1,-0.201883,-0.000213053,0.000522284,0.42112,-0.242381,0.000673661,-0.202499,0.000306796,-2.67838e-05,0.420081,-0.245935,-0.00174895,0.000107135,-0.000158499,0.00297605,0.00413456,-0.00254066,-0.000755006,0.00872452,0.000167779,0.00674952,0.000882039,0.00327169,0.00222907,0.00363122,0.00820919,-0.00982706,0.00740146,-0.00727107,-0.2,0,0,0.42,-0.23,0,-0.2,0,0,0.42,-0.23,0,0,0,0,0,0,0,0,0,0,0,0,0,0,0,0,0,0,0,-0.00218166,-0.00171416,0.0229074,-0.00597604,-0.0101387,-0.00857081,-0.00436332,-0.0119991,0,-0.00695142,-0.0100795,-0.0188558,-0.010627,-0.000616242,-0.0184078,0.00306796,0.00306796,0.0107379,-0.00153398,-0.00392699,-0.000981748,-0.0076699,-0.00613592,-0.0076699,0.0199418,-0.0138058,0.00981748,-0.0215984,3.8592,0.175781,-1.06268,-3.7793,7.98638,-0.85872,5.03374,-0.966797,0.111861,-0.703125,11.5211,1.65172,-0.391513,0.198478,-5.91197,-2.5625,0.375,0.1875,-2.8125,-0.1875,-0.673828,0.0195312,-1.75,-0.5625,-0.0625,-2.375,0.0625,-0.693359,0.175781,0.188282,0.0256686,-0.0488001,-0.259684,0.507208,-0.00666907,0.267027,-0.021953,0.0266767,-0.0120968,0.651289,0.0901169,0.0244268,0.0794309,-0.890967,-0.37664,0.24793,0.0316144,-0.457702,-0.0018216,-0.131063,-0.016659,-0.31183,-0.210635,-0.166221,-0.450343,0.210347,-0.157847,0.16702
57.14,-0.201896,-0.000238619,0.00056246,0.421095,-0.242381,0.000659303,-0.202459,0.000332363,-1.33919e-05,0.420157,-0.245935,-0.00174895,0.000147311,-0.000166047,0.00297124,0.00415853,-0.00254066,-0.000755006,0.00872452,0.000167779,0.00675719,0.000882039,0.00327169,0.00226502,0.0036432,0.00819721,-0.00983905,0.00739379,-0.00727107,-0.2,0,0,0.42,-0.23,0,-0.2,0,0,0.42,-0.23,0,0,0,0,0,0,0,0,0,0,0,0,0,0,0,0,0,0,0.0171416,-0.00763582,0,-0.00981748,2.80129e-05,0.00919232,0.0154275,0,0.00857081,0.0272708,-0.00750252,-0.00548086,-0.0308549,-0.00772874,-0.00492993,0.00460194,0.00306796,0.0214757,0,-0.00153398,0.00981748,-0.00392699,0.00460194,-0.00920388,-0.00306796,-0.00153398,-0.00153398,-0.00490874,-0.00589049,3.46768,0.263672,-0.783026,-2.37305,7.89792,-0.910599,4.86594,-0.878906,0.223722,-0.878906,11.6101,1.59985,-0.223722,0.148858,-5.83418,-2.625,0.375,0.125,-2.75,-0.125,-0.683594,0.0195312,-1.8125,-0.5,-0.0625,-2.25,0.0625,-0.683594,0.175781,0.155338,0.0391336,-0.056246,-0.124948,0.495202,-0.0447567,0.215013,-0.0332363,-0.0158024,-0.132687,0.652391,0.0809196,0.0483715,0.0730003,-0.876582,-0.425056,0.24793,-0.00520115,-0.436226,-0.0018216,-0.144961,-0.0137138,-0.336373,-0.208094,-0.176024,-0.406793,0.198315,-0.142967,0.151312
57.2,-0.201923,-0.000238619,0.00056246,0.421112,-0.242381,0.000659303,-0.202499,0.000315318,5.35676e-05,0.420098,-0.24593,-0.00174179,0.000147311,-0.000143404,0.00297605,0.00415853,-0.00252867,-0.000802943,0.00872452,0.000167779,0.00674952,0.000882039,0.00328368,0.00221708,0.0036432,0.00818523,-0.00983905,0.00740146,-0.00727107,-0.2,0,0,0.42,-0.23,0,-0.2,0,0,0.42,-0.23,0,0,0,0,0,0,0,0,0,0,0,0,0,0,0,0,0,0,0.0222841,0.00436332,0.0119991,0.00872665,0.00157941,-0.0137811,-0.010285,-0.0109083,0.0325691,0.00981748,0.00269388,-0.00277003,-0.0119991,-0.000966092,-0.00184873,-0.00306796,0,0.0138058,0.00460194,0.00153398,-0.000981748,-0.0019635,0,-0.0122718,-0.00153398,-0.00306796,0,0.0107992,-0.00589049,3.41175,0.263672,-0.671165,-3.51562,7.72005,-0.805759,5.81676,-0.878906,-0.391513,0.527344,11.3426,1.65118,-0.391513,0.148858,-5.83418,-2.5625,0.375,0.125,-2.75,-0.1875,-0.683594,0.0195312,-1.8125,-0.5625,0,-2.25,0.0625,-0.693359,0.175781,0.147731,0.0151353,-0.0802442,-0.201682,0.492099,0.00119005,0.270455,-0.00971521,-0.0704949,-0.0539237,0.631831,0.0752115,-0.00819584,0.0459195,-0.88727,-0.409717,0.252867,0.0125355,-0.44543,-0.00488956,-0.134009,-0.0156773,-0.328368,-0.197164,-0.179092,-0.403125,0.196781,-0.158828,0.151312
57.24,-0.201923,-0.000255663,0.00056246,0.421112,-0.242373,0.000659341,-0.202472,0.000315318,-2.67838e-05,0.420098,-0.245926,-0.00174899,0.000160703,-0.000166047,0.00297124,0.00414654,-0.00256462,-0.000790959,0.00872452,0.000167779,0.00674952,0.000882039,0.00328368,0.00226502,0.00370313,0.00819721,-0.00985103,0.00740146,-0.00727874,-0.2,0,0,0.42,-0.23,0,-0.2,0,0,0.42,-0.23,0,0,0,0,0,0,0,0,0,0,0,0,0,0,0,0,0,0,-0.0274266,-0.019635,-0.00514249,-0.00436332,-0.00217871,-0.00552526,0.00857081,0.00545415,0,-0.0414516,-0.00533734,-0.0110061,-0.0137133,-0.000966092,-0.00184873,-0.0076699,-0.0076699,0.0122718,-0.00153398,-0.00306796,-0.00490874,-0.0107992,0.00460194,-0.00460194,0.00920388,0.00460194,0.00460194,0.00392699,-0.00589049,3.57955,0.351562,-0.838956,-4.74609,7.89792,-0.910599,5.20153,-0.966797,0.167791,0,11.5211,1.65172,-0.559304,0.0496194,-5.83418,-2.5625,0.3125,0.1875,-2.75,-0.125,-0.673828,0.0195312,-1.8125,-0.5625,-0.0625,-2.25,0.0625,-0.683594,0.175781,0.247153,0.0648363,-0.045961,-0.149322,0.499277,-0.0153231,0.230066,-0.0424401,0.00267838,0.151152,0.647725,0.0919717,-0.00707093,0.0527124,-0.885826,-0.399314,0.271802,0.0150042,-0.433158,-0.000287622,-0.130082,-0.00684156,-0.337572,-0.217298,-0.203564,-0.419064,0.192419,-0.151956,0.151465
57.3,-0.20191,-0.000213053,0.000575852,0.421112,-0.242377,0.000666501,-0.202472,0.000306796,1.33919e-05,0.420098,-0.24593,-0.00175615,0.000147311,-0.000166047,0.00297124,0.00415853,-0.00254066,-0.000778975,0.00872452,0.000155795,0.00675719,0.000882039,0.00327169,0.002277,0.00365519,0.00819721,-0.00982706,0.00739379,-0.00727107,-0.2,0,0,0.42,-0.23,0,-0.2,0,0,0.42,-0.23,0,0,0,0,0,0,0,0,0,0,0,0,0,0,0,0,0,0,-0.0257124,0.00545415,0.00514249,0.0152716,-0.00594803,-0.00094637,0.00342833,-0.00654498,-0.0274266,0.0316341,0.000545499,-0.00276016,0.0119991,-0.00483046,-0.00431369,-0.0107379,-0.00460194,-0.0199418,-0.0076699,0.0076699,0.00785398,0.0107992,0.00920388,-0.00460194,0.0184078,0.00460194,-0.00153398,0,-0.00294524,3.57955,0.0878906,-1.00675,-2.54883,7.80899,-0.858179,4.86594,-0.791016,0.335582,-0.615234,11.5206,1.54743,-0.838956,0.0992388,-5.91197,-2.5625,0.3125,0.1875,-2.75,-0.1875,-0.683594,0.0195312,-1.8125,-0.5625,-0.0625,-2.3125,0.0625,-0.693359,0.166016,0.242386,0.010397,-0.0678701,-0.227862,0.506984,-0.0247673,0.240351,-0.0175896,0.053514,-0.14119,0.636126,0.0757662,-0.0801907,0.0643055,-0.878431,-0.394377,0.263269,0.0788322,-0.420886,-0.0107858,-0.142998,-0.02844,-0.345577,-0.218496,-0.219575,-0.419064,0.198075,-0.147876,0.148367
57.34,-0.201896,-0.000238619,0.000549068,0.421095,-0.242381,0.000644944,-0.202485,0.000315318,0,0.420098,-0.24593,-0.00175615,0.000174095,-0.000158499,0.00297605,0.00413456,-0.00255264,-0.00076699,0.00872452,0.000155795,0.00674952,0.000889709,0.00325971,0.00224105,0.00367916,0.00818523,-0.00982706,0.00739379,-0.00727107,-0.2,0,0,0.42,-0.23,0,-0.2,0,0,0.42,-0.23,0,0,0,0,0,0,0,0,0,0,0,0,0,0,0,0,0,0,0.0171416,-0.0119991,0.0154275,-0.0185441,0.0043126,-0.00365719,-0.00514249,0.00109083,-0.0222841,0.00763582,0.000528691,0.00275523,0.00685665,-0.00579655,-0.00246497,-0.0107379,-0.0076699,0.0199418,0,0.00306796,-0.00490874,0.00981748,-0.0107379,0.00153398,0.00153398,0.00153398,0.00153398,0,-0.000981748,3.57955,0.263672,-1.17454,-2.54883,7.80899,-0.858179,4.97781,-0.878906,0.167791,0.615234,11.5206,1.54743,-0.559304,0.148858,-5.83418,-2.625,0.3125,0.1875,-2.75,-0.1875,-0.703125,0.0195312,-1.8125,-0.5625,-0.0625,-2.3125,0.0625,-0.693359,0.175781,0.155338,0.0478602,-0.0857617,-0.0900417,0.486635,-0.0184834,0.25883,-0.0337135,0.0445682,-0.0451971,0.63616,0.0647354,-0.0727983,0.0649395,-0.885421,-0.39198,0.270604,-0.00153398,-0.436226,-0.00618386,-0.130082,-0.0276117,-0.304495,-0.227173,-0.187026,-0.412329,0.195007,-0.147876,0.146403
57.4,-0.201896,-0.000221575,0.000535676,0.421095,-0.242394,0.000652048,-0.202499,0.000306796,6.69595e-05,0.420098,-0.24593,-0.00175615,0.000147311,-0.000158499,0.00297605,0.00415853,-0.00255264,-0.000790959,0.0087365,0.000167779,0.00674952,0.000882039,0.00325971,0.00221708,0.00365519,0.00820919,-0.00983905,0.00738612,-0.00727107,-0.2,0,0,0.42,-0.23,0,-0.2,0,0,0.42,-0.23,0,0,0,0,0,0,0,0,0,0,0,0,0,0,0,0,0,0,-0.0119991,0.00218166,-0.00857081,-0.0185441,-0.00488949,-0.00829529,0.00857081,-0.00545415,0.0257124,-0.00545415,-0.00158607,-0.00826569,0.00685665,-0.00966092,0.00246497,0,0.00306796,0.00613592,-0.0076699,-0.0214757,-0.00490874,-0.00294524,0,-0.0107379,-0.00153398,0.00613592,-0.0076699,-0.011781,0,3.91513,0.351562,-0.950817,-2.98828,7.80899,-0.858179,5.48118,-0.878906,0,0,11.4316,1.5993,-0.615234,0.198478,-5.91197,-2.625,0.3125,0.125,-2.6875,-0.125,-0.673828,0.0195312,-1.8125,-0.5625,-0.0625,-2.25,0.0625,-0.703125,0.166016,0.21362,0.0177942,-0.036426,-0.0900417,0.505545,-0.00949132,0.232743,-0.0197713,-0.0581208,0.00716281,0.640389,0.0867772,-0.0647632,0.0765326,-0.900211,-0.415853,0.249128,0.0272761,-0.421485,0.0181201,-0.130082,-0.0146955,-0.325971,-0.200232,-0.179691,-0.422732,0.204451,-0.135941,0.145421
57.44,-0.20195,-0.000238619,0.00056246,0.421086,-0.24239,0.000644888,-0.202472,0.000315318,-1.33919e-05,0.420081,-0.245939,-0.00177047,0.000147311,-0.000158499,0.00297605,0.00415853,-0.00254066,-0.000778975,0.0087365,0.000191748,0.00674952,0.000882039,0.00327169,0.002277,0.00365519,0.00819721,-0.00982706,0.00739379,-0.0072634,-0.2,0,0,0.42,-0.23,0,-0.2,0,0,0.42,-0.23,0,0,0,0,0,0,0,0,0,0,0,0,0,0,0,0,0,0,-0.00685665,-0.00981748,0.00514249,-0.0250891,0.00164664,0.00828049,0.00685665,-0.00763582,0.0188558,-0.0218166,-0.00105738,-0.00551046,-0.00857081,-0.00483046,0.000616242,0,-0.00306796,-0.00153398,0.0199418,0.00153398,0,-0.000981748,0.00306796,0.00306796,-0.00613592,0.00306796,-0.00613592,-0.00785398,0.00883573,3.41175,0.263672,-0.950817,-3.33984,7.80946,-0.962478,4.30664,-0.791016,-0.447443,-0.703125,11.5206,1.54743,-0.447443,0.198478,-5.91197,-2.5625,0.375,0.125,-2.8125,-0.1875,-0.683594,0.0195312,-1.8125,-0.5625,0,-2.3125,0.0625,-0.693359,0.175781,0.208692,0.0434969,-0.0665309,-0.0625833,0.492304,-0.0423565,0.233494,-0.0162602,-0.0363724,0.0751697,0.639666,0.0818396,-0.0184808,0.0620412,-0.894665,-0.415853,0.260201,0.0420167,-0.476709,-0.00536893,-0.13499,-0.016659,-0.333305,-0.233836,-0.170488,-0.415996,0.202677,-0.140022,0.136432
57.5,-0.201883,-0.000221575,0.000589243,0.421112,-0.242386,0.000652104,-0.202432,0.00032384,-1.33919e-05,0.420089,-0.24593,-0.00175615,0.000147311,-0.000158499,0.00296643,0.00417051,-0.00255264,-0.000802943,0.00872452,0.000167779,0.00675719,0.000889709,0.00328368,0.00225303,0.00363122,0.00819721,-0.00983905,0.00739379,-0.0072634,-0.2,0,0,0.42,-0.23,0,-0.2,0,0,0.42,-0.23,0,0,0,0,0,0,0,0,0,0,0,0,0,0,0,0,0,0,0.00857081,0,0.0119991,-0.0141808,0.00108095,4.93417e-06,0.010285,0.00109083,-0.0119991,0.00436332,-0.00695142,-0.0100795,-0.0188558,0.00483046,-0.00308121,0.0168738,0.00306796,0.0076699,-0.0107379,-0.0138058,0.0166897,0.00589049,0.0076699,-0.00460194,0.00460194,0.0122718,0,0.00589049,0.00294524,3.24396,0.263672,-0.894886,-2.90039,7.80899,-0.858179,4.4185,-0.878906,0.111861,0.791016,11.4316,1.5993,-0.559304,0.0992388,-5.91197,-2.625,0.3125,0.1875,-2.6875,-0.125,-0.683594,0.0195312,-1.8125,-0.5625,-0.0625,-2.3125,0.0625,-0.703125,0.185547,0.171141,0.0221575,-0.0829226,-0.110052,0.493266,-0.026094,0.22262,-0.0345657,0.0253375,-0.0308286,0.65112,0.0904048,0.0123741,0.0330585,-0.880684,-0.450799,0.249128,0.0248073,-0.41475,0.0104502,-0.151833,-0.0236847,-0.343708,-0.2161,-0.190765,-0.434404,0.196781,-0.153766,0.142323
57.54,-0.201883,-0.000221575,0.000549068,0.421095,-0.242377,0.000652143,-0.202472,0.000315318,-4.01757e-05,0.420021,-0.245926,-0.00174899,0.000187487,-0.000166047,0.00297124,0.00415853,-0.00252867,-0.000802943,0.0087365,0.000143811,0.00674185,0.000882039,0.00325971,0.00224105,0.00365519,0.00819721,-0.00983905,0.00739379,-0.00727107,-0.2,0,0,0.42,-0.23,0,-0.2,0,0,0.42,-0.23,0,0,0,0,0,0,0,0,0,0,0,0,0,0,0,0,0,0,-0.00342833,0.00109083,-0.02057,-0.0316341,-0.00381974,-0.0119673,-0.0171416,0.00872665,-0.010285,-0.0381791,-0.00107979,0.0018434,-0.00685665,0.00386437,0.00369745,0.00613592,0.00153398,0.00613592,0.00153398,-0.0168738,-0.00490874,0.00883573,-0.00460194,-0.00306796,0.00920388,0.0076699,-0.0153398,0.000981748,-0.00294524,3.8592,0.351562,-0.894886,-4.13086,7.98638,-0.85872,5.36932,-0.878906,0.167791,-0.175781,11.4316,1.5993,-0.950817,0.0496194,-5.98976,-2.625,0.4375,0.1875,-2.6875,-0.125,-0.673828,0.0195312,-1.8125,-0.5625,-0.0625,-2.3125,0.0625,-0.703125,0.175781,0.195139,0.0199758,-0.0137669,-0.0376819,0.502729,-0.00215114,0.281491,-0.0489851,0.0245875,0.149569,0.63921,0.0662726,-0.035676,0.038221,-0.902464,-0.428124,0.249799,0.0278753,-0.439893,0.0139976,-0.129928,-0.0264765,-0.316767,-0.217969,-0.201167,-0.4252,0.212121,-0.148858,0.148367
57.6,-0.201896,-0.000238619,0.000589243,0.421095,-0.242381,0.000644944,-0.202472,0.000315318,-1.33919e-05,0.420132,-0.245939,-0.00175611,0.000147311,-0.000150952,0.00298087,0.00415853,-0.00252867,-0.000826912,0.00872452,0.000167779,0.00674952,0.000882039,0.00328368,0.00224105,0.00369114,0.00819721,-0.00982706,0.00739379,-0.00727107,-0.2,0,0,0.42,-0.23,0,-0.2,0,0,0.42,-0.23,0,0,0,0,0,0,0,0,0,0,0,0,0,0,0,0,0,0,0,0.00654498,0.00342833,0.00327249,-0.00383095,-0.0156442,0.00342833,0.00654498,0.00342833,0.0152716,-0.00748011,-0.0128347,-0.00342833,-0.00772874,-0.00246497,-0.0122718,-0.0107379,-0.0107379,0.00920388,0.00153398,-0.00294524,0.0019635,0.00460194,-0.0107379,-0.00306796,-0.00153398,-0.00306796,0,0.000981748,3.57955,0.0878906,-1.06268,-2.90039,7.89744,-0.8063,4.86594,-0.878906,0.279652,-0.791016,11.5211,1.65172,-0.559304,0.148858,-5.83418,-2.5625,0.375,0.1875,-2.75,-0.125,-0.683594,0.0195312,-1.8125,-0.5625,-0.0625,-2.25,0.0625,-0.693359,0.166016,0.189622,0.010772,-0.065781,-0.177308,0.502922,0.00549066,0.240351,-0.0446218,-0.00551746,-0.0808544,0.652513,0.0959137,-0.0339083,0.0684718,-0.886866,-0.391309,0.274343,0.0628213,-0.454634,-0.00488956,-0.132045,-0.0196043,-0.337572,-0.202629,-0.178421,-0.406793,0.199609,-0.147876,0.14444
57.64,-0.201896,-0.000230097,0.000589243,0.421095,-0.24239,0.000644888,-0.202485,0.000315318,1.33919e-05,0.420047,-0.24593,-0.00175615,0.000133919,-0.000143404,0.00297605,0.00415853,-0.00255264,-0.000778975,0.0087365,0.000167779,0.00674952,0.000882039,0.00328368,0.00225303,0.00367916,0.00819721,-0.00982706,0.00739379,-0.00727107,-0.2,0,0,0.42,-0.23,0,-0.2,0,0,0.42,-0.23,0,0,0,0,0,0,0,0,0,0,0,0,0,0,0,0,0,0,0.00171416,-0.00109083,0.02057,-0.0218166,0.00482786,-0.0119278,0.00342833,0.00436332,0.00171416,0.00545415,-0.00589964,-0.00273056,-0.0119991,0.00193218,-0.00246497,-0.0168738,0.00306796,0.00613592,0.0076699,0.00153398,-0.00294524,0,0.00306796,0.0076699,0.00153398,-0.00920388,0.00460194,0.000981748,-0.000981748,3.63548,0.263672,-1.17454,-2.72461,7.80899,-0.858179,4.97781,-0.966797,0.279652,0.263672,11.6101,1.59985,-0.279652,0.148858,-5.83418,-2.5,0.3125,0.1875,-2.75,-0.1875,-0.683594,0.0195312,-1.8125,-0.5625,0,-2.25,0.0625,-0.693359,0.175781,0.186193,0.0251914,-0.100064,-0.0769518,0.485942,-0.00193989,0.241689,-0.0402585,-0.00476751,-0.0287993,0.649016,0.075707,-0.00417827,0.0372247,-0.885421,-0.382105,0.249128,0.0266769,-0.452165,-0.00488956,-0.132045,-0.0176408,-0.334504,-0.240643,-0.187026,-0.391453,0.191939,-0.148858,0.146403
57.7,-0.20191,-0.000255663,0.00056246,0.421137,-0.242381,0.000644944,-0.202539,0.000315318,1.33919e-05,0.42014,-0.245926,-0.00176334,0.000174095,-0.000150952,0.00298087,0.00414654,-0.00254066,-0.000778975,0.0087365,0.000167779,0.00674952,0.000882039,0.00327169,0.00224105,0.00370313,0.00819721,-0.00985103,0.00739379,-0.00727107,-0.2,0,0,0.42,-0.23,0,-0.2,0,0,0.42,-0.23,0,0,0,0,0,0,0,0,0,0,0,0,0,0,0,0,0,0,-0.0137133,0.00436332,0.00514249,0.0272708,-0.00705699,-0.0101436,-0.0377116,0.0141808,-0.0154275,0.0381791,0.00161409,-0.000926632,0.0274266,-0.00869483,0.000616242,0,-0.00306796,-0.00613592,-0.0107379,-0.0107379,-0.00392699,-0.00294524,0,-0.00306796,0.0076699,0.00613592,-0.0107379,-0.0019635,-0.000981748,3.52362,-0.175781,-0.838956,-3.42773,7.98638,-0.85872,5.31339,-0.966797,0.223722,-0.439453,11.3421,1.54688,-0.894886,0.148858,-5.83418,-2.5625,0.375,0.1875,-2.625,-0.125,-0.673828,0.0195312,-1.8125,-0.5625,0,-2.3125,0.0625,-0.693359,0.166016,0.218388,0.0168397,-0.0665309,-0.279694,0.509374,-0.00551052,0.329326,-0.0598934,0.0295157,-0.173763,0.63382,0.072387,-0.134508,0.07137,-0.896109,-0.414654,0.260201,0.0512206,-0.415349,0.00738228,-0.131063,-0.0146955,-0.327169,-0.217969,-0.200496,-0.422132,0.207759,-0.145912,0.146403
57.74,-0.201936,-0.000247141,0.000575852,0.421112,-0.242377,0.000652143,-0.202472,0.000315318,2.67838e-05,0.420038,-0.245935,-0.00176331,0.000187487,-0.000150952,0.00297124,0.00415853,-0.00255264,-0.000802943,0.00872452,0.000167779,0.00675719,0.000882039,0.00328368,0.00226502,0.00365519,0.00820919,-0.00982706,0.00739379,-0.00725573,-0.2,0,0,0.42,-0.23,0,-0.2,0,0,0.42,-0.23,0,0,0,0,0,0,0,0,0,0,0,0,0,0,0,0,0,0,0.0171416,0,0.00857081,-0.00218166,0.0070626,0.0119821,-0.00342833,-0.00327249,0.00171416,0.00763582,0.00268828,-0.000931566,0.00514249,-0.00386437,-0.00246497,0.0107379,-0.0076699,0.00613592,-0.00153398,-0.00306796,-0.000981748,0.000981748,0,-0.00920388,0,0.00613592,-0.00306796,-0.00785398,0.00883573,3.18803,0.175781,-0.894886,-2.8125,7.72053,-0.910059,5.25746,-0.878906,0.111861,2.02148,11.4316,1.5993,-0.335582,0.148858,-5.83418,-2.625,0.375,0.1875,-2.6875,-0.1875,-0.683594,0.0195312,-1.8125,-0.5625,-0.0625,-2.25,0.0625,-0.693359,0.175781,0.159356,0.0247141,-0.0747268,-0.158049,0.480965,-0.0500499,0.254064,-0.0249868,-0.0061067,-0.0362474,0.632007,0.0723954,-0.0716734,0.0568787,-0.883977,-0.437328,0.270604,0.0278753,-0.433158,-0.000287622,-0.134162,-0.0186225,-0.328368,-0.208094,-0.182759,-0.422732,0.199609,-0.140022,0.136279
57.8,-0.201923,-0.000238619,0.000535676,0.421078,-0.242386,0.000637728,-0.202499,0.000315318,-1.33919e-05,0.420064,-0.245926,-0.00174899,0.000147311,-0.000150952,0.00297124,0.00415853,-0.00254066,-0.000802943,0.0087365,0.000167779,0.00674952,0.000882039,0.00327169,0.00225303,0.00367916,0.00818523,-0.00983905,0.00739379,-0.00727107,-0.2,0,0,0.42,-0.23,0,-0.2,0,0,0.42,-0.23,0,0,0,0,0,0,0,0,0,0,0,0,0,0,0,0,0,0,0.0188558,0.0119991,-0.00342833,-0.0414516,-3.36155e-05,-0.0110308,-0.00514249,0.0109083,0.0342833,-0.0218166,0.000556704,-0.00643709,0.00171416,0,0,0,-0.0122718,0.0076699,-0.00460194,-0.00153398,-0.00294524,0.00392699,-0.00613592,0.0153398,-0.00153398,0,0,0.00392699,0,3.63548,0.175781,-0.950817,-2.90039,7.80899,-0.858179,5.1456,-0.966797,-0.111861,0.703125,11.5211,1.65172,-0.503374,0.148858,-5.98976,-2.5625,0.375,0.1875,-2.75,-0.125,-0.683594,0.0195312,-1.8125,-0.5625,0,-2.25,0.0625,-0.703125,0.166016,0.154588,-0.000136353,-0.0467109,0.00414507,0.495497,-0.00344754,0.26017,-0.0533484,-0.0672273,0.0777267,0.635937,0.0828336,-0.0493357,0.0452856,-0.891372,-0.415853,0.278609,0.0248073,-0.427621,-0.0018216,-0.132045,-0.0215678,-0.314898,-0.255983,-0.18089,-0.409261,0.196781,-0.151803,0.145421
57.84,-0.201923,-0.000264186,0.000549068,0.421137,-0.242386,0.000666463,-0.202499,0.000315318,-1.33919e-05,0.420157,-0.245935,-0.00176331,0.000187487,-0.000158499,0.00296643,0.00415853,-0.00255264,-0.000778975,0.00872452,0.000191748,0.00674952,0.000882039,0.00328368,0.00221708,0.00373908,0.00819721,-0.00982706,0.00739379,-0.00727107,-0.2,0,0,0.42,-0.23,0,-0.2,0,0,0.42,-0.23,0,0,0,0,0,0,0,0,0,0,0,0,0,0,0,0,0,0,0.00514249,0,-0.02057,0.0381791,0,0,-0.02057,0.00218166,-0.0257124,-0.0109083,-0.00265466,-0.0100992,-0.0119991,0.00386437,-0.00862738,0.00153398,-0.00460194,0.00920388,0.00460194,-0.0122718,-0.0019635,-0.0019635,0,0,0.00613592,-0.00153398,-0.00613592,0,-0.00294524,3.57955,-0.263672,-0.783026,-3.51562,7.80899,-0.858179,5.20153,-0.966797,0.167791,-0.527344,11.4316,1.5993,-0.894886,0.0992388,-5.91197,-2.625,0.375,0.1875,-2.75,-0.125,-0.703125,0.0195312,-1.8125,-0.5625,0,-2.25,0.0625,-0.703125,0.175781,0.182015,0.0264186,-0.0137669,-0.323327,0.495426,-0.0266585,0.291025,-0.0358952,0.0527641,0.0200298,0.642693,0.0907307,-0.0202485,0.0359567,-0.864045,-0.418921,0.264468,0.020541,-0.44543,0.00843689,-0.133027,-0.0156773,-0.328368,-0.221708,-0.199226,-0.406793,0.202677,-0.147876,0.148367
57.9,-0.201883,-0.000213053,0.00056246,0.421078,-0.242381,0.000644944,-0.202445,0.000306796,2.67838e-05,0.420106,-0.245935,-0.00174895,0.000174095,-0.000150952,0.00297124,0.00415853,-0.00252867,-0.000802943,0.00872452,0.000167779,0.00675719,0.000882039,0.00328368,0.00226502,0.00365519,0.00819721,-0.00983905,0.00740146,-0.00727107,-0.2,0,0,0.42,-0.23,0,-0.2,0,0,0.42,-0.23,0,0,0,0,0,0,0,0,0,0,0,0,0,0,0,0,0,0,-0.010285,-0.00218166,-0.0137133,-0.0338158,0.00592562,-0.00640748,0.0171416,-0.01309,-0.0137133,-0.00654498,-0.00372885,-0.0100943,-0.0119991,-0.00579655,-0.00123248,-0.00920388,0.00920388,-0.00460194,-0.00153398,0.00306796,0.0019635,0.00294524,0.00920388,-0.00306796,0.0107379,0.0076699,-0.0245437,0.00785398,0.00392699,3.63548,0,-0.838956,-2.98828,7.80899,-0.858179,4.86594,-0.878906,0.223722,0.175781,11.5211,1.65172,-0.279652,0.198478,-5.91197,-2.5625,0.3125,0.1875,-2.75,-0.1875,-0.683594,0.0195312,-1.8125,-0.5625,-0.0625,-2.3125,0.0625,-0.703125,0.166016,0.208852,0.0256686,-0.0288194,-0.0263982,0.483409,-0.0129828,0.210245,-0.00449968,0.0247482,0.0102476,0.644844,0.0901465,-0.016231,0.0626752,-0.887674,-0.397445,0.234459,0.049351,-0.433158,-0.00642355,-0.137107,-0.020586,-0.346776,-0.220366,-0.204235,-0.4252,0.221325,-0.155883,0.141494
57.94,-0.201923,-0.000238619,0.000549068,0.421129,-0.242377,0.000666501,-0.202485,0.000315318,-4.01757e-05,0.420029,-0.245922,-0.00175618,0.000160703,-0.000166047,0.00297124,0.00414654,-0.00255264,-0.000778975,0.0087365,0.000155795,0.00674185,0.000874369,0.00327169,0.00225303,0.00371511,0.00820919,-0.00982706,0.00739379,-0.00727107,-0.2,0,0,0.42,-0.23,0,-0.2,0,0,0.42,-0.23,0,0,0,0,0,0,0,0,0,0,0,0,0,0,0,0,0,0,-0.010285,-0.00763582,0.00857081,0.0272708,-0.00108095,-4.93417e-06,0.010285,-0.00654498,-0.00171416,0.0250891,0.00861033,-0.00555486,-0.00857081,-0.010627,-0.00308121,-0.00306796,-0.0076699,0.0138058,-0.00460194,-0.00460194,-0.0206167,-0.0137445,-0.00153398,-0.0122718,-0.00306796,0.00920388,-0.0138058,0,0,3.41175,0.175781,-1.06268,-4.48242,7.80899,-0.858179,5.36932,-0.878906,-0.0559304,0.527344,11.4316,1.5993,-0.223722,0.148858,-5.83418,-2.625,0.3125,0.1875,-2.6875,-0.1875,-0.683594,0.0195312,-1.8125,-0.5625,-0.0625,-2.3125,0.0625,-0.693359,0.175781,0.212869,0.0391336,-0.0720484,-0.278415,0.49725,-0.0266502,0.227975,-0.0184419,0.00744589,-0.104782,0.619661,0.0813571,-0.0224984,0.0816952,-0.882128,-0.408518,0.270604,0.0113371,-0.427621,0.00148604,-0.11422,-0.00374291,-0.324101,-0.20076,-0.17962,-0.428867,0.210347,-0.147876,0.145421
58,-0.201896,-0.000230097,0.00056246,0.421095,-0.24239,0.000644888,-0.202485,0.000315318,2.67838e-05,0.420072,-0.245935,-0.00176331,0.000147311,-0.000158499,0.00297605,0.00415853,-0.00255264,-0.000802943,0.00872452,0.000167779,0.00674952,0.000882039,0.00328368,0.00226502,0.00370313,0.00819721,-0.00982706,0.00740146,-0.0072634,-0.2,0,0,0.42,-0.23,0,-0.2,0,0,0.42,-0.23,0,0,0,0,0,0,0,0,0,0,0,0,0,0,0,0,0,0,0.0239983,0.00218166,0.0308549,0.00763582,0.000543277,0.000921699,0.0171416,-0.00654498,0.00857081,-0.00545415,4.48206e-05,-0.0147077,-0.010285,-0.00579655,-0.00123248,0,-0.00920388,-0.00153398,-0.00460194,-0.0184078,-0.00294524,-0.00392699,0.00920388,-0.0076699,0.00153398,0,-0.00460194,0.011781,0.00490874,3.52362,0.175781,-1.00675,-2.54883,7.80899,-0.858179,5.08967,-0.966797,0.111861,-1.31836,11.4316,1.5993,-0.671165,0.0496194,-5.83418,-2.625,0.375,0.1875,-2.75,-0.125,-0.683594,0.0195312,-1.8125,-0.5625,-0.0625,-2.25,0.0625,-0.693359,0.175781,0.141625,0.0186464,-0.117956,-0.194762,0.494511,-0.0276389,0.214262,-0.0184419,-0.01982,0.0109984,0.637294,0.0999477,-0.0133383,0.0649395,-0.889119,-0.415853,0.273672,0.0432151,-0.427022,0.0150522,-0.132045,-0.0137138,-0.346776,-0.211162,-0.188224,-0.40986,0.201143,-0.15981,0.140359
58.04,-0.201896,-0.000230097,0.000549068,0.421078,-0.242377,0.000652143,-0.202512,0.000289752,-2.67838e-05,0.420081,-0.245935,-0.00174895,0.000133919,-0.000143404,0.00297605,0.00415853,-0.00255264,-0.000826912,0.00872452,0.000191748,0.00674952,0.000882039,0.00327169,0.00225303,0.00373908,0.00819721,-0.00981508,0.00739379,-0.00727107,-0.2,0,0,0.42,-0.23,0,-0.2,0,0,0.42,-0.23,0,0,0,0,0,0,0,0,0,0,0,0,0,0,0,0,0,0,0.00514249,-0.01309,0.0137133,-0.00763582,-0.00106975,0.00367199,-0.0239983,-0.00763582,0.0359974,0.00654498,0.00161969,-0.0027651,-0.0119991,-0.00193218,-0.00123248,0,-0.0076699,0.00153398,-0.00153398,0.0107379,0,0.000981748,0.0076699,-0.00306796,0.00153398,0.0153398,0,-0.00589049,-0.00392699,3.63548,0.263672,-1.11861,-1.93359,7.89792,-0.910599,4.97781,-0.791016,-0.223722,-0.351562,11.4316,1.5993,-0.279652,0.148858,-5.83418,-2.625,0.3125,0.125,-2.75,-0.1875,-0.683594,0.0195312,-1.8125,-0.5625,0,-2.3125,0.0625,-0.703125,0.175781,0.179337,0.0491896,-0.0823334,-0.131118,0.497229,-0.0334297,0.299221,-0.0137036,-0.0693165,-0.0382767,0.634146,0.0754881,-0.00417827,0.0488178,-0.889119,-0.415853,0.270604,0.0382776,-0.433158,-0.0145728,-0.13499,-0.0186225,-0.342509,-0.219168,-0.190022,-0.44054,0.196302,-0.141985,0.149348
58.1,-0.201896,-0.000221575,0.000535676,0.421129,-0.242373,0.000659341,-0.202445,0.000315318,1.33919e-05,0.420055,-0.24593,-0.0017705,0.000174095,-0.000166047,0.00297124,0.00415853,-0.00254066,-0.000802943,0.0087365,0.000155795,0.00674952,0.000882039,0.00325971,0.00224105,0.00370313,0.00819721,-0.00982706,0.00739379,-0.0072634,-0.2,0,0,0.42,-0.23,0,-0.2,0,0,0.42,-0.23,0,0,0,0,0,0,0,0,0,0,0,0,0,0,0,0,0,0,-0.00171416,0.00981748,-0.00342833,-0.0109083,-0.00108655,-0.0018434,0.0274266,0.00327249,0,0.00109083,-0.00320576,-0.00550059,0.010285,-0.010627,0.00431369,0.00153398,0.00613592,0.0076699,-0.00153398,-0.00306796,0,0.0019635,0.00613592,-0.0138058,-0.0107379,0,0.00306796,0.0019635,0.0107992,3.52362,0,-1.06268,-4.48242,7.89792,-0.910599,4.69815,-0.966797,0,0.351562,11.6101,1.59985,-0.111861,0.148858,-5.98976,-2.625,0.375,0.1875,-2.75,-0.1875,-0.683594,0.0195312,-1.875,-0.5625,0,-2.25,0.0625,-0.693359,0.175781,0.19305,0.00252254,-0.0467109,-0.125699,0.497093,-0.0226868,0.189675,-0.0380768,-0.00133919,-0.0126245,0.643627,0.0818214,-0.0830833,0.0816952,-0.904313,-0.418921,0.241794,0.0248073,-0.433757,-4.79368e-05,-0.13499,-0.0196043,-0.338243,-0.196493,-0.163681,-0.40986,0.193473,-0.149839,0.134469
58.14,-0.201923,-0.000204531,0.000549068,0.421112,-0.242381,0.000644944,-0.202472,0.000315318,0,0.420098,-0.245926,-0.00174899,0.000160703,-0.000143404,0.00297605,0.00415853,-0.00252867,-0.000814927,0.0087365,0.000191748,0.00674952,0.000882039,0.00328368,0.00222907,0.00367916,0.00820919,-0.00981508,0.00738612,-0.00727107,-0.2,0,0,0.42,-0.23,0,-0.2,0,0,0.42,-0.23,0,0,0,0,0,0,0,0,0,0,0,0,0,0,0,0,0,0,0.0119991,-0.00218166,0.0222841,0.0109083,0.00593682,-0.00273056,-0.00171416,-0.00109083,-0.00342833,0.0163625,0.00107979,-0.0018434,0,-0.00869483,-0.00308121,0,-0.00153398,-0.0153398,0,-0.00460194,0,0,0.00153398,-0.00306796,0.0122718,0.0076699,-0.00306796,-0.00687223,-0.00883573,3.57955,0.263672,-0.783026,-2.8125,7.72053,-0.910059,4.92188,-0.878906,0.167791,0.175781,11.4316,1.5993,-0.111861,0.148858,-5.83418,-2.625,0.375,0.1875,-2.6875,-0.125,-0.683594,0.0195312,-1.875,-0.5625,-0.0625,-2.25,0.0625,-0.703125,0.175781,0.168301,0.0248164,-0.099475,-0.210409,0.483386,-0.0203366,0.250636,-0.0293502,0.00685665,-0.0801037,0.634891,0.0736462,-0.0482108,0.0691058,-0.883573,-0.415853,0.255935,0.071426,-0.436825,0.00076699,-0.13499,-0.0176408,-0.331436,-0.216771,-0.208502,-0.4258,0.19937,-0.14085,0.154257
58.2,-0.201896,-0.000230097,0.000575852,0.421095,-0.242377,0.000652143,-0.202459,0.000315318,2.67838e-05,0.420081,-0.24593,-0.00175615,0.000147311,-0.000150952,0.00298087,0.00414654,-0.00252867,-0.00076699,0.0087365,0.000155795,0.00674952,0.000882039,0.00328368,0.00224105,0.00372709,0.00819721,-0.00982706,0.00739379,-0.00727874,-0.2,0,0,0.42,-0.23,0,-0.2,0,0,0.42,-0.23,0,0,0,0,0,0,0,0,0,0,0,0,0,0,0,0,0,0,0,0.00436332,0.0222841,-0.00872665,-0.00539915,0.00181379,0.0342833,0.0152716,0.00171416,-0.0229074,0.00161969,-0.0027651,0,0.00676264,0.000616242,0.00153398,-0.00613592,0.00153398,0,-0.0107379,-0.00294524,-0.00490874,0,-0.0122718,0.0107379,0,-0.00613592,0.000981748,-0.0107992,3.35582,0.175781,-1.23047,-2.98828,7.98638,-0.85872,4.30664,-0.966797,-0.0559304,1.31836,11.4316,1.5993,-0.615234,0.0496194,-5.83418,-2.625,0.3125,0.1875,-2.6875,-0.1875,-0.683594,0.0195312,-1.8125,-0.5625,-0.0625,-2.3125,0.0625,-0.703125,0.175781,0.189622,0.0142831,-0.102153,-0.129312,0.505888,-0.0297133,0.177301,-0.0620751,-0.0061067,0.079533,0.633978,0.075776,-0.0441933,0.0249976,-0.896109,-0.417722,0.265139,0.0352816,-0.436825,0.00762197,-0.132045,-0.012732,-0.328368,-0.199561,-0.20783,-0.40986,0.202677,-0.148858,0.156374
58.24,-0.20195,-0.000221575,0.000535676,0.421095,-0.242381,0.000659303,-0.202499,0.000298274,-2.67838e-05,0.420115,-0.24593,-0.00175615,0.000174095,-0.000166047,0.00297124,0.00415853,-0.00255264,-0.000802943,0.00872452,0.000155795,0.00675719,0.000882039,0.00328368,0.00224105,0.00365519,0.00819721,-0.00981508,0.00739379,-0.00727107,-0.2,0,0,0.42,-0.23,0,-0.2,0,0,0.42,-0.23,0,0,0,0,0,0,0,0,0,0,0,0,0,0,0,0,0,0,0.0239983,-0.00109083,-0.00342833,-0.00436332,-1.12052e-05,-0.00367693,-0.0222841,-0.0141808,-0.0188558,0.00654498,0.00427995,0.00549566,0.0171416,-0.0115931,2.63227e-16,-0.00613592,-0.0138058,0.00306796,0.00920388,-0.00613592,0.00687223,0.00294524,0.00153398,-0.00306796,0.00613592,-0.00613592,0,0.000981748,0,3.29989,0.175781,-1.11861,-2.02148,7.80899,-0.858179,4.75408,-0.791016,0.167791,1.31836,11.3421,1.54688,-0.391513,0.198478,-5.91197,-2.5625,0.375,0.1875,-2.75,-0.125,-0.683594,0.0195312,-1.8125,-0.5625,-0.0625,-2.25,0.0625,-0.703125,0.166016,0.146982,0.0243392,-0.0467109,-0.146765,0.49528,-0.0190182,0.294453,-0.0014658,0.04039,-0.0433908,0.628657,0.0592545,-0.103653,0.0845934,-0.891372,-0.403581,0.282876,0.0340112,-0.454634,0.00302002,-0.142016,-0.020586,-0.331436,-0.217969,-0.195031,-0.397589,0.196302,-0.148858,0.145421
58.3,-0.201936,-0.000247141,0.000575852,0.421095,-0.24239,0.000659264,-0.202485,0.00032384,4.01757e-05,0.420081,-0.245939,-0.00177047,0.000147311,-0.000166047,0.00297124,0.00415853,-0.00254066,-0.00076699,0.00872452,0.000191748,0.00674952,0.000874369,0.00327169,0.00224105,0.00367916,0.00819721,-0.00983905,0.00739379,-0.00727107,-0.2,0,0,0.42,-0.23,0,-0.2,0,0,0.42,-0.23,0,0,0,0,0,0,0,0,0,0,0,0,0,0,0,0,0,0,0.00514249,-0.00872665,0.0119991,-0.0250891,0.000532071,-0.00275523,0.00685665,-0.00436332,-0.00342833,-0.00436332,-0.00423513,-0.0202034,0.00342833,-0.00676264,0.00184873,-0.00920388,0.00306796,0.0122718,-0.00460194,-0.0107379,0.00785398,-0.000981748,0.00306796,-0.0122718,0.00153398,-0.00460194,-0.0184078,0.000981748,0.0107992,3.29989,0.175781,-1.11861,-2.10938,7.80899,-0.858179,5.53711,-1.05469,-0.0559304,0,11.5211,1.65172,-0.391513,0.0992388,-5.91197,-2.5625,0.375,0.125,-2.75,-0.125,-0.683594,0,-1.8125,-0.5625,-0.0625,-2.25,0.0625,-0.693359,0.166016,0.183354,0.0421674,-0.0815834,-0.0638618,0.494531,-0.0208601,0.234832,-0.0236574,0.00283908,0.00535653,0.646021,0.111225,-0.0544782,0.0701021,-0.896918,-0.397445,0.24793,0.0138058,-0.427022,0.00690291,-0.142844,-0.0165056,-0.333305,-0.199561,-0.187026,-0.400657,0.215189,-0.148858,0.134622
58.36,-0.201936,-0.000238619,0.000602635,0.421112,-0.242373,0.000659341,-0.202472,0.000315318,-1.33919e-05,0.42014,-0.245935,-0.00174895,0.000174095,-0.000158499,0.00296643,0.00414654,-0.00254066,-0.000802943,0.00872452,0.000191748,0.00674952,0.000882039,0.00328368,0.00225303,0.00367916,0.00819721,-0.00982706,0.00739379,-0.0072634,-0.2,0,0,0.42,-0.23,0,-0.2,0,0,0.42,-0.23,0,0,0,0,0,0,0,0,0,0,0,0,0,0,0,0,0,0,0.0257124,-0.00109083,0.0257124,-0.0305433,0.00488389,0.00645683,0.0308549,0.00763582,-0.0119991,0.0610865,0.00428556,0.00365719,0,0,0,0.00306796,0.00153398,0.0107379,-0.00920388,0.00460194,0,-0.0019635,0.0076699,-0.00613592,-0.00153398,0.0076699,-0.00920388,-0.000981748,0.0176715,3.24396,0.175781,-0.894886,-4.21875,7.80899,-0.858179,4.86594,-0.878906,0.391513,-1.66992,11.3421,1.54688,-0.447443,0.0992388,-5.91197,-2.625,0.3125,0.1875,-2.6875,-0.1875,-0.683594,0.0195312,-1.8125,-0.5625,0,-2.3125,0.0625,-0.693359,0.175781,0.142214,0.0260436,-0.111688,-0.0446022,0.485152,-0.0392873,0.185497,-0.0468035,0.0253375,-0.265392,0.628815,0.0626435,-0.0522284,0.0475498,-0.889928,-0.42079,0.250998,0.0186714,-0.417818,-0.00843689,-0.13499,-0.0156773,-0.343708,-0.213032,-0.18089,-0.4252,0.205745,-0.146894,0.127597
58.4,-0.201936,-0.000238619,0.000575852,0.421095,-0.242377,0.000652143,-0.202472,0.000315318,-1.33919e-05,0.420106,-0.24593,-0.00175615,0.000147311,-0.000150952,0.00298087,0.00414654,-0.00255264,-0.000778975,0.00872452,0.000167779,0.00674952,0.000882039,0.00328368,0.00225303,0.00370313,0.00820919,-0.00981508,0.00738612,-0.00725573,-0.2,0,0,0.42,-0.23,0,-0.2,0,0,0.42,-0.23,0,0,0,0,0,0,0,0,0,0,0,0,0,0,0,0,0,0,-0.00171416,0.00218166,-0.00857081,0.00981748,0.00537114,-0.0110061,0,-0.00327249,0.0274266,-0.01309,-0.00374006,-0.00641735,0.00171416,-0.00772874,0.00369745,-0.00460194,-0.00920388,-0.00460194,-0.0230097,0.00613592,-0.000981748,-0.00294524,0.00153398,-0.00153398,0.0153398,0.00460194,0.00460194,0,0.00981748,3.52362,0.263672,-0.838956,-2.98828,7.80899,-0.858179,4.75408,-0.791016,-0.0559304,0.439453,11.5211,1.65172,-0.615234,0.198478,-5.91197,-2.625,0.375,0.1875,-2.625,-0.1875,-0.683594,0.0195312,-1.8125,-0.5625,-0.0625,-2.25,0.0625,-0.703125,0.175781,0.197067,0.0194986,-0.0404435,-0.203488,0.484348,-0.00407348,0.247207,-0.0249868,-0.053514,0.0364276,0.644697,0.0830805,-0.0493357,0.0684718,-0.905353,-0.40545,0.273672,0.0481526,-0.390206,-0.00949151,-0.134009,-0.0146955,-0.331436,-0.222235,-0.215836,-0.419664,0.1917,-0.147722,0.135297
58.46,-0.201923,-0.000247141,0.00056246,0.421078,-0.242377,0.000652143,-0.202485,0.000315318,2.67838e-05,0.420132,-0.245939,-0.00175611,0.000200878,-0.000166047,0.00297124,0.00413456,-0.00252867,-0.000790959,0.00872452,0.000155795,0.00674185,0.000882039,0.00328368,0.002277,0.00373908,0.00818523,-0.00982706,0.00739379,-0.00727107,-0.2,0,0,0.42,-0.23,0,-0.2,0,0,0.42,-0.23,0,0,0,0,0,0,0,0,0,0,0,0,0,0,0,0,0,0,0.0274266,-0.00763582,0.0119991,-0.0218166,-0.0021507,0.00366706,0.00857081,-0.00218166,-0.00857081,0.0185441,-0.00586603,-0.0137613,-0.010285,1.38271e-16,-0.00246497,0,-0.00460194,0,-0.0076699,-0.00153398,-0.00883573,-0.00785398,0.0107379,0,0.00460194,0,-0.00306796,-0.00785398,0.00392699,3.24396,0.175781,-1.11861,-2.19727,7.89792,-0.910599,4.92188,-0.878906,0,-0.527344,11.5211,1.65172,-0.559304,0.0496194,-5.98976,-2.625,0.375,0.1875,-2.6875,-0.1875,-0.683594,0.0195312,-1.8125,-0.5625,0,-2.3125,0.0625,-0.693359,0.175781,0.137446,0.0399858,-0.0802442,-0.0743947,0.499391,-0.0334198,0.231404,-0.0271685,0.0144632,-0.0939444,0.649285,0.097767,-0.0294086,0.0498141,-0.883977,-0.413456,0.262071,0.0395479,-0.420886,-0.00158192,-0.126001,-0.0097868,-0.349844,-0.2277,-0.196158,-0.409261,0.199609,-0.140022,0.141494
58.5,-0.20191,-0.000238619,0.000549068,0.421095,-0.242377,0.000652143,-0.202472,0.000298274,0,0.420029,-0.245939,-0.00177047,0.000174095,-0.000150952,0.00298087,0.00414654,-0.00255264,-0.000778975,0.0087365,0.000191748,0.00674952,0.000882039,0.00328368,0.00224105,0.00361924,0.00819721,-0.00982706,0.00738612,-0.00727107,-0.2,0,0,0.42,-0.23,0,-0.2,0,0,0.42,-0.23,0,0,0,0,0,0,0,0,0,0,0,0,0,0,0,0,0,0,0.0274266,-0.00218166,0.0119991,-0.0316341,-0.000582495,-0.0137909,-0.00342833,-0.0250891,0.0274266,0,-0.00533173,-0.0128446,-0.0257124,-0.00289828,-0.00184873,-0.00306796,-0.0122718,-0.0122718,-0.00153398,-0.0138058,-0.000981748,0,0.00306796,-0.00306796,-0.00153398,-0.0076699,-0.00460194,-0.0107992,0.00687223,3.57955,0.0878906,-0.950817,-4.04297,7.80899,-0.858179,5.31339,-0.966797,-0.111861,-0.0878906,11.5211,1.65172,-0.559304,0.148858,-5.83418,-2.625,0.4375,0.1875,-2.75,-0.125,-0.683594,0.0195312,-1.8125,-0.5625,0,-2.25,0.0625,-0.693359,0.166016,0.136108,0.0282252,-0.0789051,-0.0376819,0.496255,0.00149618,0.254064,0.0203508,-0.0548532,-0.00442564,0.648214,0.0965078,0.0249089,0.0539804,-0.888714,-0.408518,0.279808,0.0634924,-0.433757,0.00997088,-0.134009,-0.0176408,-0.334504,-0.217969,-0.177894,-0.394521,0.201143,-0.136923,0.138549
58.56,-0.201923,-0.000230097,0.000549068,0.421103,-0.242377,0.000652143,-0.202485,0.000315318,4.01757e-05,0.420038,-0.245935,-0.00176331,0.000120527,-0.000150952,0.00298087,0.00414654,-0.00252867,-0.000778975,0.00872452,0.000167779,0.00674952,0.000882039,0.00328368,0.00226502,0.00367916,0.00818523,-0.00982706,0.00737845,-0.0072634,-0.2,0,0,0.42,-0.23,0,-0.2,0,0,0.42,-0.23,0,0,0,0,0,0,0,0,0,0,0,0,0,0,0,0,0,0,0.0119991,-0.00872665,0.00857081,0.00436332,-0.00378613,-0.000936501,0.0188558,-0.00436332,0.00342833,-0.0239983,0.000539896,-0.000921699,-0.02057,0.00869483,0.00924363,0.00613592,0,0.00613592,0.00306796,0,-0.0019635,-0.00392699,0.00613592,0.0122718,-0.00153398,0.0107379,0.00613592,-0.011781,0.00687223,3.52362,0.175781,-0.894886,-3.42773,7.80899,-0.858179,5.20153,-0.791016,-0.223722,0.263672,11.5206,1.54743,-0.391513,0.0992388,-5.91197,-2.625,0.3125,0.1875,-2.75,-0.125,-0.703125,0.0195312,-1.8125,-0.5625,0,-2.375,0.0625,-0.693359,0.175781,0.168301,0.040463,-0.0720484,-0.18295,0.502662,-0.0242127,0.210834,-0.0228052,-0.0108742,0.0902889,0.636304,0.0723756,0.0255517,0.0192011,-0.921991,-0.426926,0.252867,0.0266769,-0.442362,-0.00335558,-0.133027,-0.0137138,-0.34064,-0.251046,-0.18089,-0.430737,0.190405,-0.135788,0.138396
58.6,-0.201896,-0.000238619,0.000535676,0.421129,-0.242373,0.000659341,-0.202499,0.000315318,8.03514e-05,0.420072,-0.245935,-0.00174895,0.000147311,-0.000166047,0.00297124,0.00415853,-0.00252867,-0.000790959,0.00872452,0.000167779,0.00675719,0.000874369,0.00328368,0.00225303,0.00365519,0.00820919,-0.00981508,0.00738612,-0.00727107,-0.2,0,0,0.42,-0.23,0,-0.2,0,0,0.42,-0.23,0,0,0,0,0,0,0,0,0,0,0,0,0,0,0,0,0,0,-0.00514249,-0.00327249,-0.00342833,0.00436332,0.00107535,-0.00183353,-0.0411399,0.00763582,0.00514249,-0.00545415,-0.00213157,-0.00550552,-0.00342833,-0.00289828,-0.000616242,-0.0107379,0,0.00153398,-0.00460194,0.00306796,0.00883573,-0.00883573,0.0076699,-0.0107379,0.00153398,0.00920388,0.00460194,-0.011781,0.00589049,3.46768,0.351562,-1.00675,-4.57031,7.80899,-0.858179,5.48118,-1.05469,-0.111861,0.615234,11.4316,1.5993,-0.671165,0.148858,-5.83418,-2.5625,0.3125,0.1875,-2.75,-0.1875,-0.683594,0.0195312,-1.875,-0.5625,-0.0625,-2.25,0.0625,-0.693359,0.166016,0.199907,0.0304069,-0.0467109,-0.186786,0.492769,-0.0227066,0.332165,-0.0468035,-0.0183201,0.0109984,0.641649,0.0809689,-0.0339083,0.058509,-0.889523,-0.394377,0.252867,0.03648,-0.427022,-0.00642355,-0.143979,-0.00865165,-0.343708,-0.203828,-0.185827,-0.428867,0.1917,-0.135941,0.139531
58.66,-0.201923,-0.000247141,0.00056246,0.421129,-0.242381,0.000644944,-0.202472,0.000298274,2.67838e-05,0.420089,-0.245935,-0.00176331,0.000174095,-0.000158499,0.00296643,0.00413456,-0.00254066,-0.000802943,0.00871253,0.000167779,0.00674185,0.000874369,0.00327169,0.00221708,0.00365519,0.00818523,-0.00982706,0.00740146,-0.00727107,-0.2,0,0,0.42,-0.23,0,-0.2,0,0,0.42,-0.23,0,0,0,0,0,0,0,0,0,0,0,0,0,0,0,0,0,0,0,0.00436332,0.00171416,0.0250891,0.00271638,0.00460849,0.0411399,-0.00436332,-0.00514249,0.00763582,-0.00480304,-0.0100893,-0.010285,-0.00289828,-0.00308121,-0.0138058,-0.0076699,0.00613592,-0.00153398,-0.0199418,-0.0127627,-0.00981748,0.00613592,-0.0230097,0,0.00613592,-0.00613592,0.00883573,0,3.46768,0.175781,-0.950817,-2.72461,7.80899,-0.858179,4.58629,-0.966797,0,-0.527344,11.6101,1.59985,-0.671165,0.148858,-5.83418,-2.625,0.3125,0.1875,-2.75,-0.125,-0.683594,0.0195312,-1.875,-0.5625,-0.0625,-2.375,0.0625,-0.693359,0.175781,0.192299,0.0159875,-0.0596743,-0.269689,0.489827,-0.0350147,0.164927,-0.0211008,0.0076066,-0.0439185,0.64699,0.0907109,-0.0213735,0.0562447,-0.880684,-0.385844,0.269405,0.0278753,-0.432559,0.0165862,-0.122074,-0.00766991,-0.339441,-0.175689,-0.182759,-0.421533,0.202677,-0.156865,0.145421
58.7,-0.201896,-0.000264186,0.000535676,0.421095,-0.242377,0.000652143,-0.202499,0.000315318,5.35676e-05,0.420106,-0.245935,-0.00176331,0.000133919,-0.000166047,0.00297124,0.00415853,-0.00255264,-0.000778975,0.00872452,0.000155795,0.00674952,0.000889709,0.00327169,0.00224105,0.00370313,0.00819721,-0.00982706,0.00740146,-0.00727107,-0.2,0,0,0.42,-0.23,0,-0.2,0,0,0.42,-0.23,0,0,0,0,0,0,0,0,0,0,0,0,0,0,0,0,0,0,0.00514249,-0.0109083,0.00685665,-0.0207258,0.0064801,-0.00180886,0.00171416,0.00763582,0.0342833,-0.00545415,-0.00158607,-0.00826569,-0.00857081,-0.00579655,0.00123248,-0.00153398,0.0076699,0.00460194,0.00920388,-0.0138058,-0.000981748,0.00687223,0.00920388,-0.00460194,0.00460194,0.00460194,0.00153398,0.00687223,-0.00294524,3.24396,0.263672,-1.00675,-2.8125,7.72053,-0.910059,4.97781,-0.966797,0.111861,0.703125,11.4316,1.5993,-0.279652,0.148858,-5.83418,-2.5625,0.3125,0.1875,-2.75,-0.1875,-0.683594,0.0195312,-1.8125,-0.5625,-0.0625,-2.25,0.0625,-0.703125,0.175781,0.179337,0.0482352,-0.0672809,-0.0813151,0.48213,-0.022468,0.246457,-0.0468035,-0.0739233,0.00588429,0.640556,0.0870636,-0.0144632,0.0672038,-0.895069,-0.412785,0.239924,0.0297448,-0.454634,0.0106899,-0.134009,-0.0246664,-0.345577,-0.214901,-0.19436,-0.419064,0.195007,-0.154901,0.148367
58.76,-0.201923,-0.000247141,0.000575852,0.42112,-0.242386,0.000666463,-0.202472,0.00032384,2.67838e-05,0.42014,-0.245935,-0.00174895,0.000160703,-0.000166047,0.00297124,0.00414654,-0.00252867,-0.000778975,0.0087365,0.000167779,0.00674952,0.000882039,0.00327169,0.00225303,0.00373908,0.00819721,-0.00982706,0.00738612,-0.00727107,-0.2,0,0,0.42,-0.23,0,-0.2,0,0,0.42,-0.23,0,0,0,0,0,0,0,0,0,0,0,0,0,0,0,0,0,0,0.0291408,-0.019635,-0.00342833,-0.00872665,-0.0092301,-0.0138304,0.010285,-0.00327249,0.00342833,-0.00218166,-0.00748011,-0.0128347,0.00514249,-0.00579655,-0.00616242,-0.0107379,-0.00613592,-0.00460194,-0.0122718,-0.00306796,0,0,0.00460194,-0.0138058,-0.00306796,0.0076699,-0.0076699,-0.00687223,-0.000981748,3.46768,0.263672,-0.671165,-2.8125,7.9859,-0.754421,4.81001,-1.05469,0.167791,-0.175781,11.5211,1.65172,-0.391513,0.0992388,-5.75639,-2.5625,0.375,0.1875,-2.6875,-0.125,-0.683594,0.0195312,-1.8125,-0.5625,0,-2.3125,0.0625,-0.703125,0.175781,0.134018,0.063984,-0.0507285,-0.133147,0.513886,0.00100233,0.226637,-0.0258391,-0.00953503,-0.0123198,0.652346,0.0956273,-0.0636383,0.0672038,-0.872885,-0.393178,0.265139,0.0481526,-0.412281,-0.000287622,-0.13499,-0.0176408,-0.336373,-0.197692,-0.180818,-0.4252,0.204211,-0.14085,0.146403
58.8,-0.201923,-0.000213053,0.000575852,0.42112,-0.242386,0.000652104,-0.202459,0.000315318,4.01757e-05,0.420098,-0.245926,-0.00176334,0.000107135,-0.000150952,0.00297124,0.00415853,-0.00255264,-0.000778975,0.00872452,0.000167779,0.00674952,0.000882039,0.00325971,0.00225303,0.00369114,0.00820919,-0.00981508,0.00738612,-0.00727107,-0.2,0,0,0.42,-0.23,0,-0.2,0,0,0.42,-0.23,0,0,0,0,0,0,0,0,0,0,0,0,0,0,0,0,0,0,-0.00514249,-0.00218166,-0.0137133,0.00327249,0.0021563,-0.0018286,0.0239983,0.00218166,0.0119991,0,0,0,-0.0445682,-0.00483046,-0.00308121,0,0,-0.00613592,-0.00613592,-0.0122718,-0.0019635,0.00883573,0,-0.0184078,0.00153398,0.00613592,0.00460194,0,0.00490874,3.46768,0.175781,-0.838956,-3.95508,7.89792,-0.910599,5.03374,-0.966797,0.111861,0.703125,11.5206,1.54743,0.503374,0.148858,-5.83418,-2.5625,0.3125,0.1875,-2.6875,-0.125,-0.683594,0.0195312,-1.8125,-0.5625,0,-2.3125,0.0625,-0.712891,0.166016,0.202584,0.0256686,-0.0301586,-0.181144,0.491115,-0.022427,0.197871,-0.0358952,-0.0280158,-0.0146538,0.637048,0.0705338,0.101564,0.0597769,-0.882128,-0.415853,0.255264,0.0512206,-0.423954,0.00891626,-0.133027,-0.0264765,-0.325971,-0.188488,-0.187625,-0.422732,0.1917,-0.147722,0.140513
58.86,-0.201896,-0.000213053,0.000589243,0.421129,-0.242377,0.000666501,-0.202526,0.000298274,1.33919e-05,0.420072,-0.245926,-0.00174899,0.000120527,-0.000150952,0.00298087,0.00414654,-0.00255264,-0.000778975,0.0087365,0.000167779,0.00674952,0.000882039,0.00328368,0.00225303,0.00363122,0.00819721,-0.00982706,0.00740146,-0.00727107,-0.2,0,0,0.42,-0.23,0,-0.2,0,0,0.42,-0.23,0,0,0,0,0,0,0,0,0,0,0,0,0,0,0,0,0,0,0.0239983,0.0294524,0.0239983,0.0272708,-0.00107535,0.00183353,-0.0257124,0,0,-0.0207258,-0.00267147,-0.00458382,-0.00342833,-2.0738e-16,0.00369745,0.00306796,0,0,0.0076699,-0.00153398,0,-0.00589049,0.00153398,0,-0.0184078,0.00613592,-0.0230097,0.0176715,0.0147262,3.35582,0.0878906,-1.06268,-4.21875,7.89792,-0.910599,5.36932,-0.966797,0.223722,1.14258,11.5211,1.65172,-0.727095,0.198478,-5.91197,-2.5625,0.3125,0.1875,-2.75,-0.1875,-0.703125,0.0195312,-1.8125,-0.5625,0,-2.25,0.0625,-0.703125,0.175781,0.141625,-0.0375996,-0.106921,-0.278415,0.497239,-0.0303271,0.303989,-0.0298274,-0.00133919,0.0720849,0.642393,0.0791271,-0.0258731,0.0452856,-0.905353,-0.42079,0.255264,0.0389487,-0.452165,-0.0018216,-0.13499,-0.0117503,-0.331436,-0.225303,-0.144745,-0.422132,0.219551,-0.165701,0.130695
58.9,-0.201923,-0.000230097,0.000575852,0.421095,-0.242386,0.000652104,-0.202472,0.00032384,-2.67838e-05,0.420081,-0.245935,-0.00174895,0.000187487,-0.000150952,0.00298087,0.00415853,-0.00255264,-0.000790959,0.0087365,0.000167779,0.00674952,0.000882039,0.00327169,0.00222907,0.00367916,0.00818523,-0.00981508,0.00738612,-0.00727107,-0.2,0,0,0.42,-0.23,0,-0.2,0,0,0.42,-0.23,0,0,0,0,0,0,0,0,0,0,0,0,0,0,0,0,0,0,0.0137133,0.00109083,0.0137133,0,0.00161302,-0.00275029,-0.00342833,-0.00109083,-0.00342833,-0.00545415,-0.00266587,-0.00642229,0.010285,0,0,-0.0076699,-0.0122718,-0.0122718,0.00306796,-0.0122718,-0.0019635,-0.00294524,0.00613592,0.0245437,-0.00460194,0,0,-0.0107992,0,3.41175,0.175781,-1.11861,-2.19727,7.80899,-0.858179,5.48118,-0.878906,-0.0559304,0,11.4316,1.5993,-0.391513,0.0496194,-5.83418,-2.5625,0.375,0.1875,-2.6875,-0.125,-0.683594,0.0195312,-1.875,-0.625,0,-2.25,0.0625,-0.693359,0.175781,0.164873,0.020828,-0.0850118,-0.164218,0.492202,-0.0205836,0.254064,-0.0302024,0.00953503,0.00971985,0.642718,0.0828025,-0.0871009,0.0452856,-0.894261,-0.400513,0.279808,0.0640916,-0.442961,0.00891626,-0.133027,-0.0146955,-0.339441,-0.271994,-0.174754,-0.409261,0.196302,-0.136923,0.145421
58.96,-0.20191,-0.000213053,0.00056246,0.421078,-0.242386,0.000652104,-0.202485,0.000315318,2.67838e-05,0.420029,-0.24593,-0.00175615,0.000187487,-0.000150952,0.00298087,0.00413456,-0.00255264,-0.000778975,0.00872452,0.000167779,0.00674952,0.000882039,0.00328368,0.00222907,0.00367916,0.00818523,-0.00985103,0.00739379,-0.00727107,-0.2,0,0,0.42,-0.23,0,-0.2,0,0,0.42,-0.23,0,0,0,0,0,0,0,0,0,0,0,0,0,0,0,0,0,0,0.0411399,0.00545415,-0.00685665,-0.0294524,-0.00649131,-0.00186807,0.00857081,-0.00654498,-0.00171416,-0.00545415,-0.000534294,-0.000916765,0,-0.010627,-0.00431369,-0.0076699,-0.0138058,0.0260777,-0.00153398,0.00306796,0,0.00490874,-0.0076699,-0.00153398,-0.00920388,-0.0138058,0.00460194,-0.0019635,-0.000981748,3.35582,0.175781,-0.950817,-2.19727,7.89744,-0.8063,4.81001,-0.878906,-0.0559304,0.351562,11.4316,1.5993,-0.559304,0.198478,-5.75639,-2.625,0.375,0.125,-2.75,-0.125,-0.683594,0.0195312,-1.75,-0.5625,0,-2.25,0.0625,-0.693359,0.175781,0.108682,0.010397,-0.0425327,-0.0438515,0.50841,-0.022348,0.231404,-0.0184419,0.000749946,0.017391,0.638286,0.0720794,-0.056246,0.0771666,-0.881319,-0.398116,0.282876,-0.0132066,-0.433158,-0.00642355,-0.13499,-0.0225495,-0.313028,-0.219839,-0.16555,-0.38165,0.192419,-0.145912,0.146403
59,-0.201923,-0.000204531,0.000575852,0.421129,-0.242381,0.000644944,-0.202499,0.000315318,1.33919e-05,0.420149,-0.245926,-0.00174899,9.37433e-05,-0.000158499,0.00297605,0.00415853,-0.00252867,-0.000802943,0.00872452,0.000167779,0.00674952,0.000874369,0.00327169,0.00224105,0.00370313,0.00820919,-0.00982706,0.00739379,-0.00727107,-0.2,0,0,0.42,-0.23,0,-0.2,0,0,0.42,-0.23,0,0,0,0,0,0,0,0,0,0,0,0,0,0,0,0,0,0,-0.00171416,0,0.0188558,0.0163625,-0.00436302,-0.012889,-0.00685665,-0.00327249,0,-0.0163625,-0.00106859,-0.00183353,-0.010285,-0.0135253,0.00123248,-0.0076699,-0.00153398,-0.0076699,0,-0.0122718,0.000981748,-0.00981748,-0.0076699,-0.0138058,0.00460194,-0.00920388,-0.0138058,-0.000981748,0.00392699,3.52362,0.263672,-1.17454,-2.98828,7.89744,-0.8063,5.59304,-0.966797,0.167791,0.439453,11.5211,1.65172,0.0559304,0.198478,-5.75639,-2.5625,0.375,0.1875,-2.75,-0.125,-0.683594,0.0195312,-1.8125,-0.5625,0,-2.25,0.0625,-0.703125,0.166016,0.195728,0.0204531,-0.0952967,-0.234782,0.503986,-1.97981e-05,0.263598,-0.0249868,-0.00133919,0.0431249,0.639187,0.0736265,0.00273195,0.0881257,-0.896514,-0.400513,0.255935,0.055487,-0.436226,0.00891626,-0.135972,-0.00766991,-0.31183,-0.196493,-0.19436,-0.392052,0.210347,-0.146894,0.141494
59.06,-0.201883,-0.000238619,0.000575852,0.421095,-0.242381,0.000659303,-0.202445,0.00032384,-1.33919e-05,0.420064,-0.24593,-0.00174179,0.000200878,-0.000143404,0.00297605,0.00414654,-0.00254066,-0.000814927,0.0087365,0.000167779,0.00674185,0.000882039,0.00328368,0.002277,0.00365519,0.00820919,-0.00983905,0.00739379,-0.0072634,-0.2,0,0,0.42,-0.23,0,-0.2,0,0,0.42,-0.23,0,0,0,0,0,0,0,0,0,0,0,0,0,0,0,0,0,0,0.0222841,0.00327249,0.0171416,-0.0338158,-0.00267716,0.00826075,0.0702807,0.00545415,-0.0154275,-0.0294524,-0.00430236,0.0018582,0.0188558,0.00966092,-2.19062e-16,-0.00306796,-0.00153398,-0.00153398,0,-0.00306796,-0.00785398,-0.0019635,0.00306796,-0.0107379,0.00460194,0.00613592,-0.00460194,-0.00392699,0.00785398,3.63548,0.175781,-1.00675,-3.07617,7.89792,-0.910599,4.58629,-0.966797,0.223722,0.615234,11.5206,1.54743,-0.559304,0.0992388,-5.91197,-2.625,0.3125,0.1875,-2.6875,-0.1875,-0.673828,0.0195312,-1.875,-0.5,-0.0625,-2.25,0.0625,-0.703125,0.175781,0.143714,0.0173169,-0.0918684,-0.0289552,0.500612,-0.0428936,0.103967,-0.0432923,0.0321941,0.10827,0.645824,0.0659551,-0.116831,0.0140385,-0.892816,-0.408518,0.257134,0.0438143,-0.436825,-0.000287622,-0.126983,-0.0156773,-0.334504,-0.206225,-0.191963,-0.422732,0.201383,-0.143949,0.137414
59.1,-0.201883,-0.000238619,0.000589243,0.421137,-0.242386,0.000652104,-0.202485,0.000315318,-2.67838e-05,0.42014,-0.245926,-0.00174899,0.000160703,-0.000150952,0.00298087,0.00415853,-0.00255264,-0.000778975,0.00872452,0.000167779,0.00674952,0.000866699,0.00328368,0.00226502,0.00370313,0.00820919,-0.00982706,0.00738612,-0.00727107,-0.2,0,0,0.42,-0.23,0,-0.2,0,0,0.42,-0.23,0,0,0,0,0,0,0,0,0,0,0,0,0,0,0,0,0,0,0.0188558,-0.00109083,0.0188558,0.0141808,0.00104173,-0.0128643,-0.0154275,-0.00327249,0.0239983,0.0316341,0.00426875,0.00917258,0.010285,-0.00772874,1.75562e-16,0,-0.00306796,0.0184078,-0.00613592,-0.0153398,-0.000981748,-0.0176715,0.0276117,-0.00306796,-0.00460194,0.0138058,-0.00460194,-0.00589049,-0.00490874,3.57955,0.175781,-0.838956,-4.6582,7.80899,-0.858179,5.31339,-0.878906,-0.111861,-0.966797,11.4311,1.495,-1.17454,0.198478,-5.75639,-2.625,0.375,0.1875,-2.6875,-0.125,-0.683594,0.0195312,-1.875,-0.5625,0,-2.25,0.0625,-0.703125,0.175781,0.150571,0.0260436,-0.0966359,-0.227334,0.493344,-0.000355542,0.2794,-0.0249868,-0.0453182,-0.147583,0.628513,0.0516143,-0.0790658,0.0684718,-0.894261,-0.415853,0.2614,0.00213319,-0.423954,0.0119842,-0.134009,0.000337476,-0.383591,-0.220366,-0.175952,-0.438071,0.201143,-0.141832,0.15033
59.16,-0.201896,-0.000230097,0.00056246,0.42112,-0.242381,0.000659303,-0.202526,0.000315318,2.67838e-05,0.420055,-0.24593,-0.00175615,0.000174095,-0.000158499,0.00297605,0.00414654,-0.00252867,-0.000778975,0.00872452,0.000167779,0.00675719,0.000882039,0.00328368,0.00222907,0.00367916,0.00819721,-0.00981508,0.00739379,-0.0072634,-0.2,0,0,0.42,-0.23,0,-0.2,0,0,0.42,-0.23,0,0,0,0,0,0,0,0,0,0,0,0,0,0,0,0,0,0,0.0257124,0.00109083,0.0171416,0.0229074,0.0021563,-0.0018286,-0.00171416,0.00327249,-0.00171416,-0.0599957,-0.000539896,0.000921699,-0.0137133,-0.00869483,0.00677866,0,-0.0076699,0.0168738,-0.00460194,0.00306796,0.00883573,0.000981748,0.00306796,-0.00613592,0.0076699,-0.00153398,-0.0076699,0.0019635,0.00490874,3.63548,0.263672,-1.23047,-3.33984,7.89792,-0.910599,4.81001,-0.966797,-0.0559304,2.28516,11.4316,1.5993,-0.167791,0.148858,-5.98976,-2.625,0.375,0.125,-2.75,-0.125,-0.683594,0.0195312,-1.8125,-0.625,-0.0625,-2.25,0.0625,-0.703125,0.175781,0.138197,0.020828,-0.0905292,-0.259684,0.490945,-0.0227149,0.255993,-0.0380768,0.000749946,0.231722,0.638297,0.0684024,-0.0110885,0.0736343,-0.913152,-0.414654,0.268207,0.00520115,-0.427022,-0.00642355,-0.143979,-0.0186225,-0.334504,-0.210635,-0.199298,-0.406793,0.203972,-0.149839,0.140359
59.2,-0.20191,-0.000238619,0.00056246,0.421112,-0.24239,0.000659264,-0.202485,0.000298274,2.67838e-05,0.420098,-0.24593,-0.00175615,0.000160703,-0.000143404,0.00297605,0.00414654,-0.00254066,-0.000802943,0.00872452,0.000167779,0.00674952,0.000882039,0.00327169,0.00225303,0.00363122,0.00820919,-0.00981508,0.00739379,-0.00727874,-0.2,0,0,0.42,-0.23,0,-0.2,0,0,0.42,-0.23,0,0,0,0,0,0,0,0,0,0,0,0,0,0,0,0,0,0,0.00514249,-0.00218166,0.0274266,0.00109083,0.00165224,0.010119,0.0119991,-0.0152716,0.00685665,0.051269,-0.00803682,-0.00639762,-0.010285,-0.0115931,-0.00369745,0.00306796,0.00153398,0,0.00460194,0.00920388,-0.000981748,-0.00490874,-0.00153398,-0.00153398,0.00306796,0.00460194,0.00460194,0,-0.00294524,3.63548,0.263672,-0.894886,-2.63672,7.80899,-0.858179,5.08967,-0.966797,0.167791,0.615234,11.6101,1.59985,0.0559304,0.198478,-5.91197,-2.625,0.3125,0.125,-2.75,-0.1875,-0.683594,0,-1.8125,-0.5625,-0.0625,-2.25,0.0625,-0.693359,0.175781,0.180676,0.0282252,-0.111099,-0.171139,0.492291,-0.0466085,0.224547,0.000715857,-0.0163917,-0.21973,0.653291,0.0830411,-0.0173559,0.0778006,-0.881724,-0.42079,0.250998,0.0401472,-0.44543,-0.0125595,-0.134009,-0.012732,-0.324101,-0.222235,-0.187697,-0.419664,0.1917,-0.147876,0.14852
59.26,-0.20191,-0.000255663,0.000589243,0.421095,-0.242377,0.000652143,-0.202472,0.000315318,-2.67838e-05,0.420106,-0.24593,-0.00175615,0.000147311,-0.000166047,0.00297124,0.00414654,-0.00252867,-0.00076699,0.00872452,0.000167779,0.00674185,0.000866699,0.00327169,0.00224105,0.00367916,0.00819721,-0.00982706,0.0074168,-0.0072634,-0.2,0,0,0.42,-0.23,0,-0.2,0,0,0.42,-0.23,0,0,0,0,0,0,0,0,0,0,0,0,0,0,0,0,0,0,-0.0154275,0.00327249,0.00857081,-0.0119991,0.00380294,0.00645189,-0.00342833,0.0174533,0.0154275,0.00109083,0.000528691,0.00275523,0,0.00483046,0.00431369,-0.0076699,-0.00306796,0,0.00153398,-0.00613592,-0.0107992,-0.00981748,0.00306796,-0.00613592,0.00920388,0.00306796,-0.00920388,0.0206167,0.00687223,3.74734,0.175781,-1.00675,-2.54883,7.72053,-0.910059,5.1456,-0.966797,0.167791,-0.263672,11.4316,1.5993,-0.615234,0.0992388,-6.06755,-2.625,0.3125,0.1875,-2.75,-0.1875,-0.683594,0.0195312,-1.8125,-0.5625,0,-2.25,0.0625,-0.693359,0.175781,0.221816,0.0190214,-0.076066,-0.116222,0.487484,-0.0389895,0.254064,-0.0664384,-0.0281765,-0.0202956,0.63616,0.0647354,-0.0441933,0.0353227,-0.904313,-0.399314,0.259003,0.0383495,-0.439294,0.00278034,-0.124038,-0.00751651,-0.333305,-0.211833,-0.202366,-0.415996,0.205745,-0.168953,0.138396
59.3,-0.201936,-0.000221575,0.00056246,0.42112,-0.24239,0.000644888,-0.202472,0.000315318,0,0.420055,-0.24593,-0.00175615,0.000160703,-0.000150952,0.00297124,0.00415853,-0.00255264,-0.000826912,0.00872452,0.000191748,0.00674952,0.000882039,0.00328368,0.00224105,0.00361924,0.00819721,-0.00985103,0.00740146,-0.0072634,-0.2,0,0,0.42,-0.23,0,-0.2,0,0,0.42,-0.23,0,0,0,0,0,0,0,0,0,0,0,0,0,0,0,0,0,0,0.0394257,0.00872665,0.0171416,0.019635,1.68077e-05,0.00551539,0.00342833,-0.00218166,0.00342833,-0.0359974,-0.00320016,-0.00733905,0.0119991,0,0,0.00613592,-0.00613592,0.0153398,-0.00306796,0.00613592,-0.000981748,-0.0019635,0.00920388,-0.0076699,0.00920388,0.0122718,-0.0122718,0.00981748,0.00785398,3.29989,0.263672,-0.838956,-3.33984,7.72053,-0.910059,5.03374,-0.966797,0.167791,-0.263672,11.4316,1.5993,-0.503374,0.148858,-5.98976,-2.625,0.375,0.125,-2.75,-0.125,-0.683594,0.0195312,-1.8125,-0.5625,-0.0625,-2.3125,0.0625,-0.693359,0.175781,0.114788,0.00470421,-0.0905292,-0.246594,0.495564,-0.0368263,0.240351,-0.0271685,-0.00685665,0.135728,0.643618,0.0849239,-0.0842082,0.0452856,-0.891372,-0.428124,0.267536,0.010666,-0.43009,-0.00997088,-0.134009,-0.0156773,-0.346776,-0.208765,-0.19937,-0.434404,0.209293,-0.157847,0.137414
59.36,-0.20195,-0.000221575,0.000549068,0.421095,-0.242381,0.000644944,-0.202526,0.000298274,1.33919e-05,0.420106,-0.245935,-0.00174895,0.000133919,-0.000166047,0.00298087,0.00414654,-0.00252867,-0.000802943,0.00872452,0.000167779,0.00674952,0.000882039,0.00328368,0.00222907,0.00367916,0.00819721,-0.00983905,0.00740913,-0.00727107,-0.2,0,0,0.42,-0.23,0,-0.2,0,0,0.42,-0.23,0,0,0,0,0,0,0,0,0,0,0,0,0,0,0,0,0,0,0.00685665,0.00327249,0.00685665,-0.0261799,0.0043182,-0.00181873,-0.0154275,-0.00654498,0.0119991,0.0414516,-0.00587723,-0.0100844,-0.00342833,-0.00869483,0.00184873,0.00460194,0,0.0076699,0.00153398,-0.00920388,0,-0.00589049,0.00920388,0.0122718,0.00920388,0,-0.0199418,-0.00687223,0.00589049,3.57955,0.175781,-1.17454,-2.8125,7.80899,-0.858179,5.08967,-0.966797,-0.111861,-1.31836,11.5211,1.65172,0,0.198478,-5.91197,-2.625,0.3125,0.1875,-2.75,-0.125,-0.683594,0.0195312,-1.8125,-0.5625,-0.0625,-2.25,0.0625,-0.693359,0.166016,0.181265,0.0156125,-0.0686201,-0.0594985,0.486623,-0.0221603,0.283419,-0.0167374,-0.0253375,-0.181739,0.64914,0.0901267,-0.0298907,0.0758986,-0.899807,-0.423858,0.252867,0.0248073,-0.439294,0.0058483,-0.13499,-0.0117503,-0.346776,-0.24745,-0.202366,-0.40986,0.216723,-0.14131,0.139531
59.4,-0.201896,-0.000238619,0.000575852,0.421069,-0.242373,0.000659341,-0.202445,0.000289752,0,0.420081,-0.24593,-0.00175615,0.000147311,-0.000158499,0.00297605,0.00415853,-0.00255264,-0.000790959,0.0087365,0.000131826,0.00674952,0.000889709,0.00328368,0.00224105,0.00370313,0.00818523,-0.00982706,0.00740146,-0.0072634,-0.2,0,0,0.42,-0.23,0,-0.2,0,0,0.42,-0.23,0,0,0,0,0,0,0,0,0,0,0,0,0,0,0,0,0,0,0.00857081,0.00654498,0.0188558,-0.0294524,0.00594243,-0.000892094,0.0137133,-0.00763582,0.0274266,0,-0.00428556,-0.00365719,-0.053139,-0.00193218,0.00123248,0.0199418,-0.0168738,0.00460194,-0.00306796,0.0122718,0.000981748,0,0.00153398,0.00460194,0.0230097,0.00153398,0,0.00785398,0.00392699,3.46768,0.175781,-0.894886,-1.93359,7.80899,-0.858179,4.30664,-0.878906,0.111861,1.05469,11.6101,1.59985,-0.335582,0.0992388,-5.91197,-2.6875,0.3125,0.1875,-2.75,-0.1875,-0.673828,0.0195312,-1.8125,-0.5625,-0.0625,-2.3125,0.0625,-0.703125,0.175781,0.17248,0.010772,-0.0952967,-0.042573,0.483035,-0.0245895,0.217101,-0.0137036,-0.0548532,-0.0120968,0.645788,0.0775602,0.115224,0.0533464,-0.896514,-0.455736,0.289012,0.0303441,-0.430689,-0.0149084,-0.135972,-0.0177942,-0.331436,-0.233309,-0.231176,-0.412329,0.196541,-0.155883,0.141341
59.46,-0.201936,-0.000230097,0.00056246,0.421154,-0.242381,0.000659303,-0.202459,0.000315318,-2.67838e-05,0.420106,-0.245926,-0.00176334,0.000147311,-0.000166047,0.00298087,0.00414654,-0.00254066,-0.000802943,0.0087365,0.000167779,0.00674952,0.000882039,0.00327169,0.00222907,0.00370313,0.00819721,-0.00982706,0.00739379,-0.00727107,-0.2,0,0,0.42,-0.23,0,-0.2,0,0,0.42,-0.23,0,0,0,0,0,0,0,0,0,0,0,0,0,0,0,0,0,0,0,0.00218166,-0.010285,0.019635,0.00217871,0.00552526,0.0377116,-0.00327249,0.00685665,0.0141808,3.36155e-05,-0.0110308,-0.010285,-0.00869483,0.00184873,-0.00920388,-0.0276117,0,-0.0107379,0.0153398,0,0,0,0.0199418,0.0107379,-0.00306796,-0.00306796,-0.000981748,-0.000981748,3.52362,0.175781,-0.894886,-4.74609,7.80899,-0.858179,4.92188,-0.878906,-0.223722,0.351562,11.5211,1.65172,0.0559304,0.148858,-5.83418,-2.625,0.375,0.1875,-2.6875,-0.1875,-0.683594,0.0195312,-1.8125,-0.625,-0.0625,-2.25,0.0625,-0.693359,0.175781,0.193639,0.0186464,-0.035676,-0.251703,0.490901,-0.0374226,0.170445,-0.0249868,-0.0110349,-0.0726555,0.636981,0.0925953,-0.0133383,0.0758986,-0.899807,-0.396246,0.309289,0.0401472,-0.415349,-0.0186954,-0.13499,-0.0176408,-0.327169,-0.26279,-0.206632,-0.403725,0.199609,-0.146894,0.146403
59.5,-0.201936,-0.000230097,0.00056246,0.421078,-0.242381,0.000644944,-0.202512,0.000315318,-2.67838e-05,0.420157,-0.24593,-0.00175615,0.000147311,-0.000166047,0.00297124,0.00415853,-0.00255264,-0.000802943,0.0087365,0.000155795,0.00674952,0.000889709,0.00328368,0.00226502,0.00367916,0.00819721,-0.00982706,0.00739379,-0.00727107,-0.2,0,0,0.42,-0.23,0,-0.2,0,0,0.42,-0.23,0,0,0,0,0,0,0,0,0,0,0,0,0,0,0,0,0,0,-0.0137133,-0.00872665,-0.00514249,-0.00327249,0.00327647,0.0110456,-0.0445682,-0.00545415,-0.0119991,0.0185441,-0.00534854,-0.00732919,0.00342833,-0.00193218,0.00123248,-0.00460194,0,-0.0122718,0,0,0,0.00490874,0.00153398,0.00306796,-0.0076699,0.0122718,-0.0076699,-0.0019635,-0.00392699,3.52362,0.263672,-1.11861,-2.54883,7.80946,-0.962478,4.81001,-0.791016,-0.111861,-0.966797,11.6101,1.59985,-0.503374,0.0496194,-5.98976,-2.5625,0.3125,0.1875,-2.6875,-0.1875,-0.683594,0.0195312,-1.8125,-0.5625,-0.0625,-2.3125,0.0625,-0.703125,0.175781,0.221066,0.040463,-0.045961,-0.148571,0.488707,-0.0478889,0.340361,-0.0206235,0.0266767,-0.0977799,0.647914,0.0849042,-0.0544782,0.0556107,-0.895069,-0.406649,0.255264,0.0646909,-0.436825,-0.0031159,-0.13499,-0.0227029,-0.331436,-0.232638,-0.168618,-0.434404,0.204211,-0.145912,0.149348
59.56,-0.201923,-0.000213053,0.00056246,0.421078,-0.242381,0.000644944,-0.202472,0.000298274,1.33919e-05,0.420098,-0.245943,-0.00177763,0.000174095,-0.000143404,0.00297605,0.00414654,-0.00255264,-0.000790959,0.00872452,0.000167779,0.00674952,0.000889709,0.00328368,0.00224105,0.0036432,0.00820919,-0.00982706,0.00740146,-0.00727107,-0.2,0,0,0.42,-0.23,0,-0.2,0,0,0.42,-0.23,0,0,0,0,0,0,0,0,0,0,0,0,0,0,0,0,0,0,-0.0222841,-0.00545415,0.00342833,-0.0447241,-0.00376932,0.00457889,-0.0154275,-0.0141808,0.0119991,0,-0.000500678,-0.0119475,-0.00685665,0.00483046,0.00184873,-0.00920388,0,-0.0107379,-0.00613592,0.00306796,-0.000981748,0.00785398,0.00920388,0.00460194,0,0.0122718,0,0.00883573,-0.00687223,3.57955,0.351562,-1.00675,-2.72461,7.89792,-0.910599,5.25746,-0.791016,-0.335582,0.615234,11.4316,1.5993,-0.167791,0.0496194,-5.83418,-2.625,0.3125,0.1875,-2.6875,-0.125,-0.683594,0.0195312,-1.875,-0.5625,-0.0625,-2.25,0.0625,-0.693359,0.175781,0.236868,0.0322136,-0.0631026,0.017235,0.502798,-0.0349555,0.278062,-0.0014658,-0.0253375,-0.0146538,0.638719,0.0950001,-0.0316584,0.0285299,-0.898362,-0.396246,0.255264,0.0610237,-0.423954,-0.00642355,-0.134009,-0.0256482,-0.346776,-0.233309,-0.18216,-0.435003,0.196541,-0.156865,0.152294
59.6,-0.201936,-0.000238619,0.00056246,0.421112,-0.242381,0.000673661,-0.202472,0.00032384,8.03514e-05,0.420115,-0.245926,-0.00176334,0.000200878,-0.000158499,0.00297605,0.00415853,-0.00252867,-0.000814927,0.00870055,0.000167779,0.00674952,0.000882039,0.00328368,0.00225303,0.00363122,0.00818523,-0.00982706,0.00739379,-0.00727107,-0.2,0,0,0.42,-0.23,0,-0.2,0,0,0.42,-0.23,0,0,0,0,0,0,0,0,0,0,0,0,0,0,0,0,0,0,0.010285,-0.0141808,0.00685665,0.0152716,-0.00108655,-0.0018434,-0.00171416,0.00218166,0.0257124,-0.0163625,-0.00267707,-0.00274536,0,-0.0125592,-0.00184873,-0.00306796,-0.00153398,0,-0.00153398,0,0.000981748,-0.00392699,-0.00460194,-0.0153398,0,-0.0076699,0,0,-0.000981748,3.18803,0.175781,-1.06268,-2.19727,7.80899,-0.858179,5.1456,-0.878906,-0.111861,0.175781,11.5206,1.54743,-0.950817,0.198478,-5.91197,-2.5625,0.3125,0.1875,-2.75,-0.125,-0.683594,0.0195312,-1.8125,-0.5,-0.0625,-2.25,0.0625,-0.693359,0.166016,0.173069,0.0522235,-0.0699593,-0.227862,0.497429,-0.0232596,0.250636,-0.0367474,-0.05946,0.048239,0.642403,0.0760245,-0.0602635,0.0852274,-0.88727,-0.409717,0.255935,0.0407464,-0.431959,-0.00335558,-0.135972,-0.0137138,-0.319164,-0.194624,-0.181561,-0.393921,0.196541,-0.147876,0.146403
59.66,-0.201936,-0.000221575,0.000575852,0.421095,-0.242381,0.000659303,-0.202472,0.000315318,2.67838e-05,0.420106,-0.245935,-0.00176331,0.000133919,-0.000158499,0.00297605,0.00414654,-0.00254066,-0.000790959,0.0087365,0.000167779,0.00672651,0.000882039,0.00328368,0.00224105,0.00367916,0.00819721,-0.00982706,0.00739379,-0.00727107,-0.2,0,0,0.42,-0.23,0,-0.2,0,0,0.42,-0.23,0,0,0,0,0,0,0,0,0,0,0,0,0,0,0,0,0,0,0.0342833,0.00436332,0.00342833,-0.00872665,1.12052e-05,0.00367693,0,-0.00109083,0.00685665,0,0.00538776,-0.00554006,0,-0.0135253,3.06727e-16,-0.00613592,0.0107379,0.00153398,0.00306796,-0.0107379,-0.0206167,-0.00294524,0.00153398,0.00613592,-0.00613592,0.00153398,0.00920388,0.00589049,-0.00294524,2.96431,0,-0.950817,-2.90039,7.80899,-0.858179,4.86594,-0.791016,-0.111861,-0.878906,11.4316,1.5993,-0.447443,0.198478,-5.91197,-2.5625,0.3125,0.125,-2.75,-0.125,-0.703125,0.0195312,-1.8125,-0.5625,0,-2.3125,0.0625,-0.693359,0.175781,0.125073,0.0134309,-0.0644418,-0.129312,0.495236,-0.033726,0.247207,-0.0293502,-0.0163917,-0.0159323,0.626609,0.0816124,-0.0401757,0.0881257,-0.892816,-0.402382,0.23259,0.03648,-0.442961,0.00738228,-0.113913,-0.0146955,-0.331436,-0.236377,-0.171686,-0.412928,0.187337,-0.153766,0.148367
59.7,-0.201923,-0.000230097,0.000589243,0.421112,-0.242377,0.000652143,-0.202499,0.000315318,2.67838e-05,0.420174,-0.24593,-0.00175615,0.000174095,-0.000166047,0.00297124,0.00414654,-0.00252867,-0.000790959,0.0087365,0.000167779,0.00674952,0.000882039,0.00328368,0.00226502,0.00365519,0.00820919,-0.00981508,0.00739379,-0.00727107,-0.2,0,0,0.42,-0.23,0,-0.2,0,0,0.42,-0.23,0,0,0,0,0,0,0,0,0,0,0,0,0,0,0,0,0,0,-0.0239983,0.00218166,0.0171416,0.00327249,-0.0043182,0.00181873,0.00171416,-0.00545415,0.00514249,0.00545415,1.12052e-05,-0.00367693,0.0188558,-0.00869483,0.000616242,-0.00306796,-0.00306796,-0.0122718,-0.0076699,-0.0122718,0,0,-0.00306796,-0.00613592,0.00920388,0,0.00306796,0,0.000981748,3.91513,0.263672,-0.671165,-2.98828,7.89792,-0.910599,5.36932,-0.791016,0.167791,-0.175781,11.4316,1.5993,-1.17454,0.148858,-5.83418,-2.625,0.3125,0.1875,-2.6875,-0.125,-0.683594,0.0195312,-1.8125,-0.5625,-0.0625,-2.25,0.0625,-0.703125,0.175781,0.240296,0.0186464,-0.0932076,-0.179865,0.503726,-0.0297232,0.246457,-0.0206235,-0.0129634,-0.0479771,0.637195,0.0775997,-0.108796,0.0758986,-0.893221,-0.408518,0.259003,0.0640916,-0.421485,0.00891626,-0.13499,-0.0176408,-0.322232,-0.21423,-0.201167,-0.41046,0.193234,-0.147876,0.14444
59.76,-0.20195,-0.000213053,0.00056246,0.421112,-0.242381,0.000644944,-0.202499,0.000298274,5.35676e-05,0.420123,-0.24593,-0.00175615,0.000187487,-0.000166047,0.00297124,0.00415853,-0.00252867,-0.000814927,0.00872452,0.000167779,0.00674952,0.000882039,0.00327169,0.00224105,0.00369114,0.00818523,-0.00985103,0.00739379,-0.00727107,-0.2,0,0,0.42,-0.23,0,-0.2,0,0,0.42,-0.23,0,0,0,0,0,0,0,0,0,0,0,0,0,0,0,0,0,0,0.00342833,-0.00109083,0.00685665,0.0218166,0.00373571,-0.0156097,-0.00857081,-0.00981748,0.0257124,0.00981748,-0.00106299,-0.00367199,0,-0.00869483,0.00308121,-0.00153398,-0.0076699,0.0122718,0,-0.0122718,0,0,-0.0107379,-0.0076699,-0.0153398,0.00920388,-0.0076699,0.00589049,0,3.52362,0.175781,-1.06268,-3.51562,7.80899,-0.858179,4.75408,-0.966797,0,-1.05469,11.4316,1.5993,0,0.148858,-5.98976,-2.625,0.3125,0.1875,-2.6875,-0.125,-0.703125,0.0195312,-1.8125,-0.5625,0,-2.3125,0.0625,-0.732422,0.175781,0.188122,0.023487,-0.0699593,-0.254042,0.487788,0.00542158,0.267027,-0.0101925,-0.0567816,-0.0577593,0.639343,0.0775898,-0.056246,0.0758986,-0.900615,-0.412785,0.268207,0.0162027,-0.436226,0.00891626,-0.13499,-0.0176408,-0.305694,-0.208765,-0.153877,-0.427669,0.204691,-0.153766,0.145421
59.82,-0.20195,-0.000221575,0.000575852,0.421103,-0.242369,0.000652181,-0.202512,0.00032384,2.67838e-05,0.420081,-0.245943,-0.00176327,0.000160703,-0.000158499,0.00297605,0.00417051,-0.00255264,-0.000790959,0.00872452,0.000167779,0.00674952,0.000889709,0.00327169,0.00226502,0.00363122,0.00819721,-0.00982706,0.00737078,-0.00727107,-0.2,0,0,0.42,-0.23,0,-0.2,0,0,0.42,-0.23,0,0,0,0,0,0,0,0,0,0,0,0,0,0,0,0,0,0,-0.0119991,0.00545415,0.00171416,-0.0294524,0.00540475,2.46708e-05,-0.0119991,0.00327249,0.00685665,0.00218166,0.000539896,-0.000921699,0,-0.00966092,-0.00246497,0.00153398,-0.0122718,-0.0153398,0.00460194,0,0,-0.00981748,0.0168738,-0.0138058,0.00153398,0.00920388,0,-0.0294524,0.00785398,3.52362,0.175781,-0.894886,-4.30664,7.80899,-0.858179,5.20153,-0.878906,0,-1.05469,11.3421,1.54688,-0.727095,0.198478,-5.91197,-2.5625,0.375,0.1875,-2.75,-0.1875,-0.683594,0.0195312,-1.875,-0.5625,-0.0625,-2.3125,0.0625,-0.693359,0.175781,0.218977,0.0112492,-0.0610135,-0.047687,0.483942,-0.0261366,0.275223,-0.038929,-0.0163917,-0.0208234,0.63664,0.0723741,-0.0482108,0.0765326,-0.885421,-0.420119,0.279808,0.0702276,-0.44543,-0.00335558,-0.13499,-0.0079767,-0.360917,-0.19889,-0.184629,-0.428268,0.196541,-0.117963,0.137567
59.86,-0.20191,-0.000255663,0.000575852,0.421112,-0.242386,0.000652104,-0.202445,0.00032384,-1.33919e-05,0.420098,-0.245926,-0.00176334,0.000174095,-0.000158499,0.00297605,0.00415853,-0.00254066,-0.000778975,0.00872452,0.000191748,0.00674952,0.000882039,0.00327169,0.00225303,0.00363122,0.00820919,-0.00982706,0.00739379,-0.00727874,-0.2,0,0,0.42,-0.23,0,-0.2,0,0,0.42,-0.23,0,0,0,0,0,0,0,0,0,0,0,0,0,0,0,0,0,0,0.00171416,-0.0109083,-0.00171416,-0.00654498,-0.00217311,-0.0036868,0.02057,-0.00763582,0.0257124,0,0.00591645,-0.00278483,0.00171416,-0.00772874,0.00123248,-0.00920388,0,0.0138058,-0.00306796,-0.00306796,-0.0019635,0.000981748,-0.0076699,0,-0.0076699,0.00920388,-0.00306796,-0.000981748,-0.00294524,3.52362,0.263672,-0.838956,-2.98828,7.80899,-0.858179,4.25071,-0.878906,0.111861,0.439453,11.3421,1.54688,-0.167791,0.0992388,-5.91197,-2.5625,0.3125,0.125,-2.75,-0.125,-0.703125,0.0195312,-1.75,-0.5625,0,-2.25,0.0625,-0.703125,0.175781,0.187533,0.047383,-0.0541568,-0.140595,0.499774,-0.0187106,0.203388,-0.0171124,-0.0500857,-0.0146538,0.625216,0.0761034,-0.0573709,0.0707361,-0.896514,-0.397445,0.254066,0.0113371,-0.43009,-0.00076699,-0.133027,-0.0186225,-0.31183,-0.225303,-0.166221,-0.428867,0.199609,-0.146894,0.14852
59.92,-0.201936,-0.000238619,0.000549068,0.421095,-0.242381,0.000659303,-0.202472,0.000315318,-1.33919e-05,0.420089,-0.24593,-0.00175615,0.000160703,-0.000150952,0.00298087,0.00415853,-0.00257661,-0.000790959,0.00872452,0.000167779,0.00675719,0.000882039,0.00325971,0.00224105,0.00367916,0.00819721,-0.00986302,0.00738612,-0.00727107,-0.2,0,0,0.42,-0.23,0,-0.2,0,0,0.42,-0.23,0,0,0,0,0,0,0,0,0,0,0,0,0,0,0,0,0,0,-0.02057,0,-0.00857081,-0.019635,0.00650251,0.005545,0.0359974,-0.00981748,0.0274266,0.00545415,0.00213718,0.00366706,0.00171416,-0.00483046,-0.000616242,0.00460194,-0.0199418,0.00460194,-0.00306796,-0.00613592,0.00785398,0,-0.00153398,-0.00920388,0,0.00613592,0,-0.0147262,-0.00981748,3.63548,0.175781,-0.671165,-3.42773,7.80899,-0.858179,5.31339,-0.878906,0.279652,-0.0878906,11.3421,1.54688,-0.391513,0.148858,-5.83418,-2.625,0.375,0.1875,-2.6875,-0.125,-0.683594,0.0195312,-1.8125,-0.5625,0,-2.3125,0.0625,-0.693359,0.175781,0.234779,0.0238619,-0.0377651,-0.0856784,0.482253,-0.0374621,0.175212,-0.0118969,-0.053514,-0.0351919,0.632943,0.0629117,-0.0533533,0.0597769,-0.892412,-0.425056,0.297544,0.0303441,-0.43009,0.00278034,-0.142998,-0.0176408,-0.322903,-0.205697,-0.183958,-0.422132,0.19726,-0.132996,0.155239
59.96,-0.201923,-0.000238619,0.000549068,0.42112,-0.242386,0.000652104,-0.202485,0.000315318,-2.67838e-05,0.420106,-0.24593,-0.00175615,0.000147311,-0.000143404,0.00297605,0.00415853,-0.00255264,-0.000802943,0.0087365,0.000179763,0.00674185,0.000889709,0.00327169,0.00226502,0.00370313,0.00818523,-0.00982706,0.00739379,-0.00727874,-0.2,0,0,0.42,-0.23,0,-0.2,0,0,0.42,-0.23,0,0,0,0,0,0,0,0,0,0,0,0,0,0,0,0,0,0,0.0377116,0.00327249,0.00857081,0.0272708,0.00322604,-0.00550059,-0.0222841,0.00872665,0.00685665,0.0283616,-0.00426875,-0.00917258,0,-0.00193218,-0.00246497,0.00460194,-0.0107379,0.00460194,-0.00920388,-0.00153398,-0.00785398,-0.00294524,-0.00153398,-0.0138058,0.0138058,0,-0.00460194,0.00294524,-0.00490874,3.41175,0.0878906,-1.00675,-2.8125,7.80899,-0.858179,5.08967,-0.878906,0.223722,-0.439453,11.5211,1.65172,-0.503374,0.148858,-5.83418,-2.625,0.375,0.1875,-2.625,-0.1875,-0.703125,0.0195312,-1.8125,-0.5625,0,-2.25,0.0625,-0.712891,0.166016,0.116876,0.0173169,-0.0720484,-0.277137,0.488976,-0.015083,0.293114,-0.0489851,-0.0110349,-0.129379,0.645755,0.088591,-0.0441933,0.0488178,-0.885421,-0.425056,0.27674,0.0309433,-0.418417,-0.00206129,-0.126983,-0.0148489,-0.324101,-0.19889,-0.212768,-0.409261,0.201143,-0.150821,0.150484
60.02,-0.201936,-0.000221575,0.000549068,0.421095,-0.24239,0.000659264,-0.202459,0.000315318,1.33919e-05,0.420081,-0.24593,-0.00175615,0.000160703,-0.000158499,0.00296643,0.00414654,-0.00255264,-0.000778975,0.0087365,0.000167779,0.00674952,0.000882039,0.00328368,0.00222907,0.00360725,0.00818523,-0.00982706,0.00739379,-0.00727107,-0.2,0,0,0.42,-0.23,0,-0.2,0,0,0.42,-0.23,0,0,0,0,0,0,0,0,0,0,0,0,0,0,0,0,0,0,-0.00857081,-0.00763582,0.00171416,-0.0359974,0.000554482,0.00459863,0.00514249,0.00654498,0.0171416,0.0250891,-0.00105738,-0.00551046,-0.0188558,0.00193218,-4.38904e-17,-0.00920388,-0.00613592,0.00153398,0.00613592,-0.00306796,-0.00490874,0.000981748,0.0107379,0.00153398,-0.00613592,-0.00306796,0.00613592,0,0.0019635,3.35582,0.263672,-1.17454,-1.75781,7.72053,-0.910059,4.92188,-0.966797,-0.279652,0.527344,11.5211,1.65172,-0.503374,0.0992388,-5.91197,-2.5625,0.3125,0.1875,-2.75,-0.125,-0.683594,0.0195312,-1.875,-0.5625,0,-2.25,0.0625,-0.693359,0.175781,0.210781,0.0374291,-0.0583351,-0.0202286,0.494486,-0.0355678,0.235583,-0.0446218,-0.0356224,-0.112453,0.639332,0.0812668,0.00835655,0.0417533,-0.889928,-0.396246,0.267536,0.0358808,-0.449097,-0.000287622,-0.130082,-0.0186225,-0.349844,-0.225975,-0.168091,-0.403125,0.190405,-0.147876,0.143458
60.06,-0.201923,-0.000213053,0.000549068,0.421112,-0.242381,0.000659303,-0.202459,0.00032384,-2.67838e-05,0.420089,-0.24593,-0.00175615,0.000187487,-0.000143404,0.00297605,0.00414654,-0.00255264,-0.000790959,0.00872452,0.000167779,0.00674952,0.000874369,0.00328368,0.00225303,0.00370313,0.00820919,-0.00982706,0.00739379,-0.0072634,-0.2,0,0,0.42,-0.23,0,-0.2,0,0,0.42,-0.23,0,0,0,0,0,0,0,0,0,0,0,0,0,0,0,0,0,0,0.0308549,0.00545415,0.0119991,-0.0174533,-0.00269397,0.00274536,0.0222841,-0.00654498,-0.00342833,0.0359974,-0.00429676,1.97343e-05,0.00685665,-0.00289828,-0.000616242,0.00460194,-0.00306796,0.00920388,0,-0.00613592,-0.00687223,-0.00883573,0.00153398,-0.00306796,-0.00153398,0.00306796,0,-0.000981748,0.011781,3.35582,0.0878906,-1.17454,-4.13086,7.80899,-0.858179,5.31339,-0.878906,0.111861,0,11.6101,1.59985,-0.503374,0.148858,-5.83418,-2.625,0.3125,0.1875,-2.75,-0.125,-0.683594,0.0195312,-1.8125,-0.5625,0,-2.25,0.0625,-0.693359,0.166016,0.13059,0.010397,-0.0789051,-0.0969621,0.500646,-0.0318628,0.201299,-0.0192941,0.00953503,-0.157365,0.645811,0.0702064,-0.0768159,0.0517161,-0.890967,-0.423858,0.2614,0.0211402,-0.436226,0.00278034,-0.128118,-0.00865165,-0.331436,-0.219168,-0.182088,-0.416596,0.196541,-0.146894,0.133487
60.12,-0.201923,-0.000230097,0.00056246,0.421086,-0.242381,0.000644944,-0.202526,0.000315318,-2.67838e-05,0.420047,-0.245935,-0.00174895,0.000187487,-0.000166047,0.00297124,0.00415853,-0.00252867,-0.000814927,0.00872452,0.000167779,0.00674952,0.000882039,0.00328368,0.00225303,0.00370313,0.00819721,-0.00983905,0.00739379,-0.00727107,-0.2,0,0,0.42,-0.23,0,-0.2,0,0,0.42,-0.23,0,0,0,0,0,0,0,0,0,0,0,0,0,0,0,0,0,0,0.0188558,-0.00872665,-0.010285,-0.0338158,0.00269958,-0.000906896,-0.0257124,0.00436332,0,-0.00763582,-0.00211477,-0.0110209,0.02057,-0.00579655,-0.00369745,0.00306796,0.00153398,0.0122718,-0.0107379,-0.0122718,-0.00981748,-0.0019635,0.0076699,-0.00460194,-0.00153398,0.00613592,-0.00613592,0,0.000981748,3.46768,0.263672,-0.894886,-2.63672,7.80899,-0.858179,6.15234,-0.878906,0.223722,0.703125,11.5211,1.65172,-1.17454,0.148858,-5.83418,-2.625,0.3125,0.1875,-2.6875,-0.125,-0.683594,0.0195312,-1.8125,-0.5625,0,-2.3125,0.0625,-0.703125,0.175781,0.154588,0.040463,-0.035676,-0.0276767,0.489861,-0.023984,0.303989,-0.0402585,0.00267838,0.0235606,0.641615,0.0919997,-0.117956,0.0672038,-0.880279,-0.421989,0.249799,0.0162027,-0.41475,0.00891626,-0.125173,-0.0156773,-0.343708,-0.2161,-0.182088,-0.422132,0.202917,-0.147876,0.14444
60.16,-0.201896,-0.000204531,0.000535676,0.421137,-0.242373,0.000659341,-0.202526,0.000315318,2.67838e-05,0.420149,-0.245926,-0.00176334,0.000107135,-0.000166047,0.00297124,0.00415853,-0.00254066,-0.000814927,0.00870055,0.000167779,0.00674952,0.000882039,0.00328368,0.00226502,0.00367916,0.00818523,-0.00982706,0.00739379,-0.00725573,-0.2,0,0,0.42,-0.23,0,-0.2,0,0,0.42,-0.23,0,0,0,0,0,0,0,0,0,0,0,0,0,0,0,0,0,0,-0.00857081,0.0152716,0.0154275,0.0109083,0.00704019,0.00462823,-0.0154275,-0.00436332,0.00857081,0.00545415,0.000551102,-0.00459863,-0.0188558,-0.00869483,-0.00431369,0.00613592,0,-0.0107379,-0.00460194,-0.00153398,-0.00392699,0,0.00460194,-0.0168738,0.0122718,-0.0122718,-0.0214757,0,0.0127627,3.46768,0.175781,-1.11861,-4.21875,7.80899,-0.858179,5.76083,-0.791016,-0.335582,-0.0878906,11.4316,1.5993,-0.447443,0.148858,-5.83418,-2.625,0.375,0.1875,-2.75,-0.125,-0.683594,0.0195312,-1.8125,-0.5,-0.0625,-2.25,0.0625,-0.693359,0.175781,0.206763,-0.0100902,-0.0844225,-0.214244,0.48084,-0.0356301,0.283419,-0.0228052,-0.01982,-0.0441415,0.635946,0.079731,0.0244268,0.0758986,-0.878431,-0.428124,0.254066,0.0622221,-0.425824,-0.0018216,-0.131063,-0.0176408,-0.337572,-0.192754,-0.208502,-0.384718,0.218017,-0.147876,0.132352
60.22,-0.201896,-0.000247141,0.00056246,0.421078,-0.24239,0.000659264,-0.202472,0.000315318,-6.69595e-05,0.420115,-0.245943,-0.00176327,0.000147311,-0.000143404,0.00297605,0.00415853,-0.00252867,-0.000802943,0.0087365,0.000167779,0.00674952,0.000882039,0.00327169,0.00225303,0.00369114,0.00819721,-0.00983905,0.00739379,-0.00727107,-0.2,0,0,0.42,-0.23,0,-0.2,0,0,0.42,-0.23,0,0,0,0,0,0,0,0,0,0,0,0,0,0,0,0,0,0,0.0137133,-0.00872665,0.0222841,-0.0349066,-0.00649131,-0.00186807,0.0119991,0.00327249,-0.0359974,0.0141808,-0.00587163,-0.0119229,-0.0377116,-0.00289828,0.000616242,0,0.00613592,-0.0122718,0.0076699,-0.0107379,0.000981748,0.0019635,0.00460194,-0.0122718,0.00613592,0,-0.0168738,-0.000981748,-0.00589049,3.57955,0.175781,-1.00675,-3.60352,7.80899,-0.858179,5.1456,-0.878906,0.279652,-0.878906,11.5211,1.65172,-0.894886,0.148858,-5.83418,-2.625,0.3125,0.1875,-2.75,-0.125,-0.683594,0.0195312,-1.875,-0.5625,-0.0625,-2.3125,0.0625,-0.693359,0.175781,0.162195,0.0421674,-0.100814,-0.0220349,0.508578,-0.0226344,0.223209,-0.0380768,0.0786908,-0.073934,0.649463,0.0943765,0.0689415,0.0517161,-0.894665,-0.415853,0.240595,0.0646909,-0.452165,0.00738228,-0.135972,-0.0196043,-0.336373,-0.20076,-0.196829,-0.40986,0.213655,-0.146894,0.151312
60.26,-0.201923,-0.000238619,0.000549068,0.421129,-0.242377,0.000652143,-0.202499,0.000298274,2.67838e-05,0.420157,-0.24593,-0.00174179,0.000147311,-0.000143404,0.00297605,0.00414654,-0.00254066,-0.000802943,0.00872452,0.000167779,0.00674952,0.000889709,0.00328368,0.00225303,0.00372709,0.00819721,-0.00983905,0.00739379,-0.00727107,-0.2,0,0,0.42,-0.23,0,-0.2,0,0,0.42,-0.23,0,0,0,0,0,0,0,0,0,0,0,0,0,0,0,0,0,0,-0.0308549,-0.0109083,-0.00342833,0.01309,-0.00112017,-0.0128742,-0.00685665,-0.00545415,-0.010285,0.0392699,-0.00106859,-0.00183353,-0.0257124,-0.00966092,-0.0073949,-0.00460194,0,-0.00460194,-0.0138058,-0.00153398,0,0.00392699,0.00306796,0.0076699,-0.00306796,-0.00460194,-0.0122718,0,0.00294524,3.63548,0.0878906,-1.11861,-4.13086,7.89744,-0.8063,5.03374,-0.966797,-0.0559304,-1.05469,11.6101,1.59985,-0.391513,0.148858,-5.83418,-2.625,0.375,0.1875,-2.6875,-0.1875,-0.703125,0.0195312,-1.8125,-0.5625,0,-2.25,0.0625,-0.693359,0.175781,0.254009,0.0456785,-0.0480501,-0.221692,0.49733,-0.000337346,0.263598,-0.0189191,0.0178916,-0.180683,0.639356,0.0733385,0.0329441,0.072004,-0.870631,-0.40545,0.254066,0.049351,-0.408614,-0.0018216,-0.13499,-0.0217212,-0.334504,-0.240643,-0.180219,-0.400657,0.209053,-0.147876,0.142476
60.32,-0.201936,-0.000230097,0.00056246,0.421078,-0.242377,0.000666501,-0.202485,0.000315318,4.01757e-05,0.420098,-0.245943,-0.00176327,0.000147311,-0.000166047,0.00297124,0.00417051,-0.00254066,-0.000778975,0.00872452,0.000167779,0.00675719,0.000882039,0.00327169,0.00226502,0.00367916,0.00820919,-0.00985103,0.00739379,-0.00727874,-0.2,0,0,0.42,-0.23,0,-0.2,0,0,0.42,-0.23,0,0,0,0,0,0,0,0,0,0,0,0,0,0,0,0,0,0,0.00171416,-0.00872665,0.00171416,-0.0109083,-0.000543277,-0.000921699,-0.00342833,0.00763582,0.0188558,0.0152716,0.00163089,-0.00644202,-0.0188558,0.00193218,0.00616242,0.0122718,-0.00613592,-0.00306796,-0.0122718,-0.0122718,0.00589049,-0.00490874,-0.00460194,-0.00460194,0.0138058,0.0076699,-0.00460194,0.00490874,-0.00392699,3.41175,0.351562,-0.894886,-2.28516,7.98638,-0.85872,5.08967,-0.966797,-0.0559304,0.615234,11.2531,1.59876,-0.838956,0.148858,-5.98976,-2.625,0.375,0.1875,-2.6875,-0.125,-0.683594,0.0195312,-1.8125,-0.5625,-0.0625,-2.25,0.0625,-0.703125,0.166016,0.190211,0.040463,-0.0596743,-0.118028,0.496175,-0.0248166,0.255402,-0.0468035,-0.0417291,-0.0757403,0.634458,0.0834147,0.0123741,0.0440176,-0.909859,-0.441595,0.266337,0.0450847,-0.411682,0.00891626,-0.141034,-0.012732,-0.317965,-0.217298,-0.21157,-0.4258,0.201623,-0.152784,0.149502
60.36,-0.201896,-0.000221575,0.000575852,0.421129,-0.242373,0.000659341,-0.202499,0.000298274,5.35676e-05,0.420106,-0.245935,-0.00174895,0.000200878,-0.000150952,0.00298087,0.00415853,-0.00255264,-0.000814927,0.00870055,0.000167779,0.00674185,0.000889709,0.00327169,0.00225303,0.00365519,0.00820919,-0.00985103,0.00739379,-0.00727107,-0.2,0,0,0.42,-0.23,0,-0.2,0,0,0.42,-0.23,0,0,0,0,0,0,0,0,0,0,0,0,0,0,0,0,0,0,0.00171416,0.00545415,0.010285,0,0.00106975,-0.00367199,-0.0222841,-0.00872665,0.0222841,0.0185441,-0.00322817,0.00185326,0.0428541,-0.00579655,-0.00246497,0.00613592,-0.00460194,0.00460194,-0.00153398,-0.0138058,-0.0127627,0.00589049,-0.00153398,-0.00460194,0.0230097,0.00153398,-0.0107379,0.00687223,0.00589049,3.57955,0.0878906,-0.894886,-4.39453,7.80899,-0.858179,4.69815,-0.878906,0.167791,-0.351562,11.4316,1.5993,-0.894886,0.148858,-5.83418,-2.625,0.3125,0.1875,-2.75,-0.125,-0.683594,0.0195312,-1.8125,-0.5625,-0.0625,-2.25,0.0625,-0.703125,0.166016,0.186193,0.0112492,-0.0781551,-0.169332,0.492781,-0.0190297,0.294453,-0.0123741,-0.049925,-0.0901088,0.643842,0.0662514,-0.188826,0.0626752,-0.886866,-0.428124,0.264468,0.0315425,-0.431959,0.0104502,-0.122074,-0.0236847,-0.324101,-0.2161,-0.228779,-0.413528,0.207759,-0.154748,0.139531
60.42,-0.201936,-0.000204531,0.000549068,0.42112,-0.242377,0.000666501,-0.202485,0.00032384,0,0.420038,-0.245939,-0.00177047,0.000174095,-0.000150952,0.00298087,0.00415853,-0.00254066,-0.000790959,0.0087365,0.000191748,0.00674952,0.000889709,0.00328368,0.00224105,0.00372709,0.00820919,-0.00982706,0.00740146,-0.00727874,-0.2,0,0,0.42,-0.23,0,-0.2,0,0,0.42,-0.23,0,0,0,0,0,0,0,0,0,0,0,0,0,0,0,0,0,0,0.0119991,0,-0.00171416,0.0163625,0.00108095,4.93417e-06,0.0154275,0.00545415,0.00342833,0.0141808,-0.000534294,-0.000916765,-0.0325691,-0.000966092,-0.000616242,0,0.00613592,-0.0076699,-0.0076699,0.00153398,-0.00392699,0.00687223,-0.00613592,0.0153398,0.0107379,0.0153398,0,0.00883573,-0.019635,3.57955,0.175781,-1.06268,-2.90039,7.80899,-0.858179,5.20153,-0.878906,0.335582,0.791016,11.4316,1.5993,-0.223722,0.148858,-5.83418,-2.625,0.3125,0.1875,-2.6875,-0.125,-0.673828,0.0195312,-1.8125,-0.5625,-0.0625,-2.3125,0.0625,-0.693359,0.175781,0.169641,0.0204531,-0.0514784,-0.233504,0.492926,-0.0266699,0.21769,-0.0432923,-0.00685665,-0.0624274,0.63862,0.0726522,0.0454789,0.0481838,-0.892412,-0.415853,0.241794,0.0548877,-0.421485,-0.00536893,-0.131063,-0.0246664,-0.316096,-0.254785,-0.20783,-0.441139,0.196541,-0.156865,0.16521
60.46,-0.201896,-0.000230097,0.000535676,0.421129,-0.242373,0.000659341,-0.202472,0.00032384,0.000107135,0.420081,-0.24593,-0.00175615,0.000174095,-0.000150952,0.00298087,0.00414654,-0.00255264,-0.000802943,0.00872452,0.000167779,0.00674185,0.000874369,0.00327169,0.00224105,0.00370313,0.00818523,-0.00982706,0.00738612,-0.00727107,-0.2,0,0,0.42,-0.23,0,-0.2,0,0,0.42,-0.23,0,0,0,0,0,0,0,0,0,0,0,0,0,0,0,0,0,0,0.00857081,-0.00545415,-0.00514249,0.0163625,0.00486708,0.000941435,0,-0.00763582,0.0171416,-0.0294524,-0.00372325,-0.0119327,-0.00342833,-0.0115931,0.00369745,0,0,-0.00920388,0.00153398,0.0214757,0.00589049,-0.0107992,0.00306796,0.00613592,-0.00920388,0,-0.0214757,0,-0.0019635,3.52362,0.0878906,-0.894886,-4.30664,7.89792,-0.910599,4.53036,-0.966797,0,0.878906,11.5211,1.65172,-0.391513,0.248097,-5.98976,-2.625,0.4375,0.125,-2.75,-0.1875,-0.703125,0,-1.875,-0.625,-0.0625,-2.25,0.0625,-0.693359,0.166016,0.17248,0.033918,-0.0432826,-0.234782,0.485186,-0.0282565,0.247207,-0.0171124,-0.0449968,0.105713,0.644664,0.0941113,-0.0419434,0.0800649,-0.905353,-0.414654,0.255264,0.0585549,-0.439294,-0.0248313,-0.140727,-0.00668816,-0.333305,-0.236377,-0.166748,-0.409261,0.218017,-0.147722,0.147385
60.52,-0.201923,-0.000230097,0.000549068,0.421137,-0.242377,0.000652143,-0.202472,0.00032384,2.67838e-05,0.420081,-0.24593,-0.0017705,0.000107135,-0.000158499,0.00296643,0.00415853,-0.00254066,-0.000778975,0.00872452,0.000143811,0.00674185,0.000866699,0.00328368,0.00225303,0.00377503,0.00820919,-0.00983905,0.00738612,-0.00727107,-0.2,0,0,0.42,-0.23,0,-0.2,0,0,0.42,-0.23,0,0,0,0,0,0,0,0,0,0,0,0,0,0,0,0,0,0,0.0257124,0,0.00685665,0.0119991,0.00326526,0.00736866,0.010285,-0.00545415,-0.0257124,0.0207258,0.0027275,-0.0138008,-0.0188558,-0.0115931,-0.00369745,0,0,-0.0122718,0.0076699,0,-0.00294524,-0.0215984,-0.00613592,0.00306796,-0.00306796,-0.00460194,0.00306796,-0.011781,-0.00294524,3.41175,0,-0.894886,-4.6582,7.89792,-0.910599,5.48118,-0.878906,0.223722,-0.0878906,11.4316,1.5993,-0.447443,0.148858,-5.83418,-2.5625,0.3125,0.1875,-2.75,-0.1875,-0.703125,0.0195312,-1.8125,-0.5625,0,-2.25,0.0625,-0.703125,0.166016,0.140875,0.0230097,-0.0686201,-0.218607,0.488559,-0.040823,0.226637,-0.0214757,0.0487465,-0.0949999,0.63176,0.0984218,0.0244268,0.0823292,-0.878835,-0.415853,0.254066,0.0634924,-0.451566,-0.00287621,-0.131892,0.00426446,-0.316096,-0.231439,-0.182616,-0.401256,0.193713,-0.135941,0.148367
60.56,-0.201936,-0.000230097,0.000549068,0.421095,-0.242386,0.000637728,-0.202472,0.00032384,5.35676e-05,0.420072,-0.245926,-0.00176334,0.000200878,-0.000166047,0.00297124,0.00414654,-0.00255264,-0.000790959,0.0087365,0.000167779,0.00674185,0.000882039,0.00328368,0.00225303,0.00365519,0.00819721,-0.00982706,0.00739379,-0.0072634,-0.2,0,0,0.42,-0.23,0,-0.2,0,0,0.42,-0.23,0,0,0,0,0,0,0,0,0,0,0,0,0,0,0,0,0,0,0.0137133,0.0174533,0.0308549,0.0163625,-0.00593122,0.00456902,0.0325691,0.00981748,0.0359974,-0.0349066,0.00589404,0.00456902,-0.00342833,-0.00193218,-0.00123248,-0.00460194,-0.00613592,0.00153398,-0.00153398,-0.00153398,-0.00883573,0.000981748,0.00920388,-0.0245437,0.0138058,0.00613592,0.00153398,0.00392699,0.00589049,3.29989,0.175781,-1.06268,-3.16406,7.89792,-0.910599,5.20153,-0.966797,0.167791,-0.615234,11.3421,1.54688,-0.223722,0.0992388,-5.91197,-2.625,0.3125,0.1875,-2.6875,-0.125,-0.683594,0.0195312,-1.8125,-0.5,-0.0625,-2.3125,0.0625,-0.712891,0.166016,0.166212,-0.0118969,-0.116617,-0.229668,0.507292,-0.0346471,0.182069,-0.052019,-0.0773516,0.128808,0.62526,0.0613957,-0.0499786,0.0556107,-0.887674,-0.40545,0.267536,0.03648,-0.433757,-0.0018216,-0.126001,-0.0186225,-0.346776,-0.176216,-0.210371,-0.422132,0.195007,-0.151803,0.139377
60.62,-0.20191,-0.000204531,0.000549068,0.421078,-0.242373,0.000659341,-0.202512,0.000315318,2.67838e-05,0.420089,-0.245939,-0.00177047,0.000147311,-0.000158499,0.00298568,0.00414654,-0.00255264,-0.000802943,0.00872452,0.000155795,0.00674952,0.000874369,0.00327169,0.00226502,0.00367916,0.00819721,-0.00982706,0.00739379,-0.0072634,-0.2,0,0,0.42,-0.23,0,-0.2,0,0,0.42,-0.23,0,0,0,0,0,0,0,0,0,0,0,0,0,0,0,0,0,0,-0.00685665,-0.00327249,-0.0171416,-0.00654498,0.00864761,3.94733e-05,0.00685665,0,0.0428541,0.0174533,-0.00267707,-0.00274536,-0.00514249,-0.00386437,8.77809e-17,0,0.00306796,-0.00306796,-0.00920388,0.0076699,0,-0.000981748,0.00920388,-0.00613592,0.0153398,-0.00306796,0,0,0.0166897,3.57955,0.175781,-0.950817,-2.8125,7.80899,-0.858179,5.76083,-0.791016,0,0.439453,11.6101,1.59985,-0.503374,0.148858,-5.83418,-2.625,0.3125,0.1875,-2.6875,-0.1875,-0.683594,0.0195312,-1.8125,-0.5625,-0.0625,-2.25,0.0625,-0.693359,0.166016,0.204675,0.0269981,-0.0206235,-0.135481,0.477625,-0.0264526,0.237511,-0.0315318,-0.0883865,-0.0831885,0.642905,0.0763094,-0.0287658,0.0591429,-0.895705,-0.414654,0.249128,0.0462831,-0.417818,-0.0107858,-0.13499,-0.0165056,-0.345577,-0.21423,-0.214637,-0.403725,0.196541,-0.147876,0.128578
60.66,-0.201936,-0.000221575,0.000549068,0.421078,-0.242381,0.000644944,-0.202526,0.00032384,-4.01757e-05,0.420106,-0.24593,-0.00175615,0.000147311,-0.000143404,0.00297605,0.00414654,-0.00252867,-0.000802943,0.0087365,0.000191748,0.00674185,0.000882039,0.00328368,0.00222907,0.00370313,0.00819721,-0.00982706,0.00739379,-0.0072634,-0.2,0,0,0.42,-0.23,0,-0.2,0,0,0.42,-0.23,0,0,0,0,0,0,0,0,0,0,0,0,0,0,0,0,0,0,-0.0188558,0.0119991,-0.00685665,-0.0261799,-0.00219552,-0.0110406,-0.0308549,0.0141808,-0.0119991,-0.00763582,-0.00105178,-0.00734892,0,-0.00193218,-0.00123248,0,0.00153398,-0.00153398,0.00306796,-0.00153398,-0.011781,0,-0.00460194,0,0.00306796,-0.00460194,-0.00460194,-0.0019635,0,3.63548,0.175781,-0.838956,-2.90039,7.80899,-0.858179,6.04048,-0.878906,-0.167791,-0.615234,11.6101,1.59985,-0.503374,0.148858,-5.83418,-2.625,0.375,0.1875,-2.6875,-0.125,-0.683594,0.0195312,-1.75,-0.5625,0,-2.25,0.0625,-0.693359,0.175781,0.231351,-0.00184078,-0.0411935,-0.0569414,0.499651,-0.00371646,0.314274,-0.0607456,0.0280158,0.0146109,0.639321,0.0849437,-0.0441933,0.0488178,-0.889119,-0.414654,0.249799,0.0432151,-0.442961,-0.00230097,-0.123056,-0.0176408,-0.319164,-0.222907,-0.191292,-0.400657,0.201143,-0.145912,0.145268
60.72,-0.20191,-0.000213053,0.00056246,0.421095,-0.242386,0.000666463,-0.202445,0.000298274,-2.67838e-05,0.420081,-0.245926,-0.00174899,0.000174095,-0.000150952,0.00298087,0.00415853,-0.00252867,-0.000790959,0.0087365,0.000155795,0.00674952,0.000882039,0.00327169,0.00224105,0.00370313,0.00820919,-0.00983905,0.00738612,-0.00727107,-0.2,0,0,0.42,-0.23,0,-0.2,0,0,0.42,-0.23,0,0,0,0,0,0,0,0,0,0,0,0,0,0,0,0,0,0,0.0222841,0.00109083,0.00514249,-0.0185441,-0.000509661,0.0101091,-0.00857081,-0.00545415,0.0222841,-0.0239983,0.000567909,-0.010114,0.00685665,-0.00579655,0.00369745,0,-0.0076699,0.0153398,0.00460194,0.00153398,0.00490874,0.00392699,-0.00153398,-0.00153398,-0.00920388,0.00153398,-0.00153398,-0.00981748,-0.000981748,3.18803,0.175781,-1.00675,-3.16406,7.72053,-0.910059,4.53036,-0.878906,-0.167791,0.878906,11.5211,1.65172,-0.503374,0.0992388,-5.91197,-2.5625,0.3125,0.125,-2.75,-0.1875,-0.683594,0.0195312,-1.8125,-0.5625,0,-2.25,0.0625,-0.693359,0.175781,0.146393,0.0191236,-0.0665309,-0.0900417,0.496445,-0.0468767,0.26167,-0.0189191,-0.0418899,0.0838963,0.635914,0.0901875,-0.0727983,0.0626752,-0.905353,-0.415853,0.268207,0.00886833,-0.446029,-0.00464988,-0.139899,-0.0215678,-0.324101,-0.221037,-0.166748,-0.413528,0.198315,-0.137905,0.146403
60.76,-0.20195,-0.000221575,0.00056246,0.421095,-0.242377,0.000652143,-0.202526,0.00032384,-1.33919e-05,0.420038,-0.245926,-0.00176334,0.000160703,-0.000166047,0.00297124,0.00414654,-0.00254066,-0.000790959,0.00870055,0.000167779,0.00674952,0.000889709,0.00328368,0.00225303,0.00367916,0.00818523,-0.00983905,0.00738612,-0.00725573,-0.2,0,0,0.42,-0.23,0,-0.2,0,0,0.42,-0.23,0,0,0,0,0,0,0,0,0,0,0,0,0,0,0,0,0,0,-0.0171416,-0.00545415,0.00857081,-0.0316341,0.0064745,-0.00364732,-0.0411399,-0.00109083,0.0188558,-0.0185441,0.00645074,-0.00186806,0.0274266,-0.00579655,0.00123248,-0.00613592,-0.0076699,0.0138058,-0.00920388,0,0.000981748,0.00687223,0.00920388,-0.00153398,0,0,-0.00153398,-0.0107992,0.0127627,3.18803,0.263672,-1.00675,-4.13086,7.80899,-0.858179,5.36932,-0.878906,0.615234,0.439453,11.5206,1.54743,0.0559304,0.0992388,-5.91197,-2.5625,0.4375,0.1875,-2.6875,-0.1875,-0.703125,0,-1.8125,-0.5625,-0.0625,-2.25,0.0625,-0.693359,0.175781,0.229262,0.0330658,-0.0733876,-0.0376819,0.482141,-0.0187911,0.334844,-0.0302024,-0.0363724,0.0684723,0.624147,0.0742699,-0.130491,0.0672038,-0.895069,-0.402382,0.269405,0.0119363,-0.41662,-0.00335558,-0.135972,-0.0246664,-0.346776,-0.222235,-0.183958,-0.409261,0.198315,-0.136923,0.132352
60.82,-0.202151,-0.000230097,0.000575852,0.421231,-0.242377,0.000666501,-0.202619,0.000332363,-2.67838e-05,0.420251,-0.246031,-0.00185621,0.000174095,-0.000143404,0.00297605,0.00415853,-0.00252867,-0.000790959,0.00872452,0.000167779,0.00675719,0.000882039,0.00325971,0.002277,0.00365519,0.00818523,-0.00982706,0.00740913,-0.00727107,-0.298287,0.0476907,0.0324254,0.571066,-0.0535306,-0.0118716,-0.300337,0.0267269,0.000365572,0.6181,-0.1439,-0.0151969,0,0,0,0,0,0,0,0,0,0,0,0,0,0,0,0,0,-0.2057,0.0338158,0.0445682,0.0829031,0.0043238,1.97367e-05,-0.119991,0.0272708,-0.00342833,0.083994,-0.0406904,-0.0420972,0.0479966,-0.00869483,-0.00554618,0.0107379,0.00613592,-0.0076699,-0.00306796,-0.00460194,0.0147262,0,0,-0.0122718,-0.0122718,0,0.00153398,0.00883573,-0.00589049,-4.86594,2.72461,1.67791,14.4141,7.45373,-0.752799,-5.03374,0.966797,0.167791,19.6875,5.62177,-0.243612,-0.559304,0.198478,-5.75639,-2.625,0.3125,0.1875,-2.6875,-0.1875,-0.703125,0.0195312,-1.8125,-0.5625,0,-2.3125,0.0625,-0.693359,0.175781,-9.20227,4.72445,3.09582,22.1436,7.54522,-0.501562,-9.5318,2.58491,0.0460922,29.3414,4.16662,-0.449434,-0.196218,0.0691058,-0.876178,-0.437328,0.240595,0.0548877,-0.43009,0.00124636,-0.14987,-0.0176408,-0.325971,-0.203157,-0.158216,-0.409261,0.195007,-0.157018,0.151312
60.86,-0.327901,0.00210496,0.0111019,0.586066,-0.277655,-0.0069444,-0.342913,-0.000971521,0.000575852,0.60115,-0.291772,-0.0259438,0.000294622,-0.000605054,0.00212249,-0.00361924,-0.000886833,0.000659132,0.00245677,0.000107858,0.00128087,0.00115049,-0.00433829,0.00194144,0.00375106,0.001522,-0.00981508,0.00263845,-0.00727107,-0.352748,0.00657532,0.00249964,0.682222,0.00241596,-0.00271562,-0.413353,-0.00467104,-0.00739609,0.681873,-0.162749,-0.0475032,0,0,0,0,0,0,0,0,0,0,0,0,0,0,0,0,0,-4.30083,-0.10472,-0.262267,3.8539,-1.10165,0.0979088,-4.35054,-0.329431,-0.257124,3.49611,-1.03147,-0.825219,-0.0119991,0.0658299,-0.172904,0.417243,0.205553,-0.0475534,-0.0889709,0.00613592,-0.113883,-0.0304342,0.513884,-0.0076699,-0.00153398,-0.13499,0,-0.0569414,-0.00589049,5.08967,0.527344,-0.167791,-0.615234,14.6135,-0.220084,0.727095,-0.263672,-0.223722,-1.40625,8.02343,-0.279847,-1.06268,0.198069,0.776288,0.5625,-0.3125,0.1875,-0.25,-0.1875,0.0585938,0.0390625,0.875,-0.5,0,0.4375,0,-0.107422,0.166016,6.1169,0.656475,-0.335691,-0.992229,13.4062,-0.0266662,1.65709,0.288909,-0.282945,-1.87598,7.22384,0.788064,-0.0523891,-0.0159735,-0.118035,-0.472562,-0.322424,0.0621502,0.0551035,-0.00829308,0.0882652,0.00742447,-0.593938,-0.178805,-0.184485,0.193881,0.196302,0.00417242,0.151312
60.92,-0.446339,-0.00299126,0.0106733,0.74652,-0.332,0.00872811,-0.433322,0.00328101,0.00141954,0.722556,-0.350547,-0.0180934,-0.000267838,0.000695812,0.000916482,0.0105341,-0.00119842,-0.00121041,0.00865261,0.000107858,0.00694126,0.000260777,0.00958738,0.00216914,0.00383495,0.00598013,-0.00985103,0.00472466,-0.00710233,-0.287188,-0.0522618,0.0353319,0.811687,0.142131,0.00290424,-0.217812,0.05327,-0.00307753,0.732249,0.0780766,-0.0334377,0,0,0,0,0,0,0,0,0,0,0,0,0,0,0,0,0,-0.349689,-0.138536,0.0394257,2.54054,-0.838509,0.325241,0.486822,0.00981748,-0.0394257,1.40281,-1.14354,0.279875,-0.00342833,-0.0648618,-0.224123,0.105845,-0.0935728,0,0.0076699,-0.0322136,0.0589049,-0.0559596,0.447922,0.0276117,-0.0582913,0.167204,0.0398835,0.24151,0.0019635,15.6046,-4.83398,2.51687,-0.615234,21.8566,-0.775061,20.2468,4.13086,-0.223722,-3.86719,21.136,-1.08581,0.447443,-1.38648,6.36654,-7.3125,0.25,0.1875,-2.625,-0.125,-0.869141,0.0683594,-7.4375,-0.625,0,-2.5,0.0625,-0.898438,0.175781,16.6144,-4.64998,2.38701,-0.387163,20.6423,-0.883436,20.5773,4.97927,-0.370856,-4.15728,19.432,-1.17352,0.0906364,-0.0141582,0.397425,-1.2651,0.306988,0.0605203,-0.44797,0.0300564,-0.19773,0.0507441,-1.85458,-0.272138,-0.0751651,-0.633414,0.157137,-0.336003,0.140083
60.96,-0.483327,0.00194304,0.00778069,0.817467,-0.359577,0.00585933,-0.45574,0.00811305,-0.00403096,0.761596,-0.393303,-0.0109637,0.000334797,0.00189889,0.00631073,0.00198938,-0.00469782,-0.000802943,0.00906007,0.000191748,0.00661913,0.000559903,0.00164184,0.0019774,0.00317582,0.00999484,-0.00975516,0.00698728,-0.0071867,-0.298759,-0.0555646,0.0555907,0.88918,0.115587,0.00841475,-0.219728,0.0746166,-0.00442741,0.718431,0.0024839,-0.0194999,0,0,0,0,0,0,0,0,0,0,0,0,0,0,0,0,0,1.05421,0.791943,0.0514249,0.160352,-0.890589,-0.787425,1.2222,0.356702,0.203985,0.536689,-0.0128054,0.115696,-0.0565674,0.189737,0.831124,-0.892777,-0.205553,0.0214757,-0.0352816,-0.00306796,0.163952,0.0137445,-0.719437,0.0368155,-0.0552233,-0.0291456,0.0352816,0.107011,0.000981748,16.6113,-7.64648,4.86594,10.1074,22.0088,0.562275,21.4773,5.80078,-0.167791,-8.17383,15.6456,-0.658202,0.447443,-4.70014,-43.6044,1.625,1.0625,0.1875,-2.6875,-0.1875,-0.996094,0,1.125,-0.625,0.0625,-2.75,0,-0.761719,0.175781,16.3483,-7.33465,4.67815,10.1156,20.7877,1.67707,21.1567,5.93695,-0.447615,-8.62143,15.8571,-0.572841,0.0692629,-1.13888,-4.38659,1.58662,0.880888,-0.00280431,-0.382441,-0.00076699,-0.296334,-0.0249425,1.27469,-0.271371,-0.0483444,-0.441451,0.159822,-0.246756,0.142752
61.02,-0.525444,0.0126809,0.01524,0.818788,-0.380424,0.00118813,-0.513593,0.0189021,-0.0061201,0.79784,-0.396775,-0.0169395,-0.00021427,-0.00136077,0.0090826,-0.00491353,-0.0020493,-0.00148604,0.00804142,0.000107858,0.00287621,0.000168738,-0.00242081,0.0022051,0.00324773,0.00843689,-0.0098031,0.00477068,-0.00720204,-0.651194,-0.075902,0.0785578,0.76216,-0.1395,0.0256004,-0.69876,-0.00905372,-0.0306106,0.654199,-0.335279,-0.0366379,0,0,0,0,0,0,0,0,0,0,0,0,0,0,0,0,0,-4.85451,-0.152716,0.287979,0.125446,-0.730719,0.520641,-3.86201,-0.129809,0.478251,-0.392699,-0.656755,-0.210718,-0.0788515,-0.0344581,0.130264,0.174874,0.0352816,-0.00306796,0.271515,-0.00460194,0.923825,0.0127627,-0.0184078,0.0966408,0.00153398,0.365087,-0.00306796,1.19675,-0.00687223,-2.23722,-7.82227,5.87269,-8.34961,11.8074,0.297549,-10.1793,-0.966797,-3.02024,-18.5449,3.63232,-0.864521,-0.894886,3.05377,-24.4193,2.5,0.25,0.1875,-4.125,-0.125,-1.80664,0.0195312,2,-0.8125,-0.0625,-4.25,0.0625,-2.66602,0.175781,-2.86595,-8.55286,5.75583,-8.99589,11.0984,-0.0647932,-10.7927,-2.53596,-3.40556,-19.9754,3.77334,-0.366498,0.300836,0.511604,-3.11557,0.141606,0.134367,0.0804381,-0.9451,0.00244478,-0.981349,-0.0161375,0.278897,-0.413791,-0.165454,-1.15202,0.19913,-1.29216,0.150913
61.06,-0.601363,0.015979,0.0152935,0.837536,-0.385018,0.00271938,-0.580699,0.0181947,-0.0117045,0.810232,-0.412469,-0.0236688,0.000334797,-0.000573617,0.003963,0.0113131,-0.00331963,-0.000910801,0.00956341,0.000119842,0.0074168,0.000498544,0.00695085,0.000407464,0.00219311,0.00806538,-0.00975516,0.00754719,-0.00721738,-0.703142,-0.0640136,0.0662542,0.723163,-0.262722,0.0128625,-0.741914,-0.0246612,-0.0531347,0.650005,-0.468805,-0.0520218,0,0,0,0,0,0,0,0,0,0,0,0,0,0,0,0,0,-2.88494,-0.318523,-0.274266,0.534507,0.109172,0.143099,-3.8243,-0.342521,-0.61367,0.860665,-0.972387,-0.380757,0.083994,0.0685926,-0.912654,1.1781,-0.0291456,-0.0153398,0.18101,-0.0506214,-0.360301,-0.0431969,1.39285,-0.162602,0.0230097,0.0628932,0.0567573,-0.441786,0,-4.97781,-7.64648,5.7049,-19.9512,3.71388,0.0824054,-8.55735,-4.21875,-2.68466,-27.4219,-0.202564,-1.02898,-2.51687,0.347336,17.347,-11.4375,0.5,0.1875,-3.4375,-0.125,-0.0683594,0.0488281,-8.625,0,0,-2.0625,0,0.136719,0.166016,-4.40805,-7.36222,5.6446,-19.294,4.67348,0.119528,-8.47287,-3.60055,-2.91568,-27.4767,-0.308631,-0.372606,-0.352421,-0.0336925,1.54906,-3.48751,0.390254,0.0762197,-0.84019,0.0482245,0.211965,0.033226,-3.48079,0.284458,-0.155675,-0.529056,0.138346,0.290843,0.144348
61.12,-0.623473,0.0164732,0.0158962,0.851964,-0.390008,-0.00268603,-0.603908,0.00985157,-0.0186951,0.826995,-0.424806,-0.0245579,0.000388365,-1.51574e-05,-0.00101503,0.00886833,-0.00214518,-0.00139017,0.00687895,0.000119842,0.00446388,6.13592e-05,0.00746617,0.00239685,0.00162985,0.0056206,-0.00975516,0.00431049,-0.0070333,-0.271469,-0.00773574,0.045014,0.89014,-0.0886866,-0.0475391,-0.354955,0.11641,0.003388,0.726208,-0.343604,-0.0270093,0,0,0,0,0,0,0,0,0,0,0,0,0,0,0,0,0,4.79108,0.189805,-0.186844,0.788671,0.738321,-0.262047,3.85687,0.260709,0.101136,0.981748,0.253246,0.241199,-0.161131,-0.0164912,-0.137967,-0.337476,0.0076699,0.133456,-0.144194,0.00153398,-0.293543,-0.0667588,-0.254641,0.0659612,-0.00153398,-0.266913,-0.0168738,-0.295506,0.0186532,24.106,-3.16406,3.57955,0.966797,8.4282,-1.69201,16.4435,8.08594,2.01349,-19.9512,0.654148,-0.666547,1.2864,-0.543573,12.3196,-4.5,0.25,0,-1.5625,-0.1875,0.078125,0.0878906,-3.875,-0.6875,0,-0.25,0.0625,0.166016,0.136719,25.6182,-2.80051,3.28547,2.57168,10.5762,-1.27003,17.1815,10.1344,2.00604,-19.045,2.7416,-0.580454,0.366884,0.054021,0.718411,-0.211881,0.199178,-0.197404,-0.0555589,-0.00393083,0.204265,0.0655317,-0.237336,-0.371607,-0.0784248,0.252795,0.211977,0.209296,0.122013
61.16,-0.590328,0.021578,0.0189763,0.863725,-0.367731,-0.00300635,-0.567575,0.0221405,-0.012508,0.833736,-0.390445,-0.0186927,0.000522284,0.000474513,0.00637378,-0.000982706,-0.00167779,0.00352336,0.00511726,0.000107858,0.000613592,0.00123485,-0.0031878,0.00482964,0.00738228,0.00454202,-0.00963532,0.000720971,-0.00613592,-0.360705,-0.0564158,0.0331276,0.913694,0.0651336,-0.0256142,-0.286368,0.0743462,-0.0428887,0.801465,-0.207566,-0.0101489,0,0,0,0,0,0,0,0,0,0,0,0,0,0,0,0,0,1.23077,-0.263981,-0.380544,0.394881,-0.139414,-0.408722,1.93015,-0.430878,-0.327405,-0.111265,1.04338,0.391925,-0.248554,0.0732708,0.943503,-1.31922,0.0951068,0.234699,0.0107379,-0.00153398,-0.0206167,0.192423,-1.34377,-0.0598252,-0.0889709,0.0153398,0.0337476,-0.14039,-0.00785398,21.1976,-7.03125,2.18129,6.06445,17.5,-0.863766,25.1687,5.53711,-2.01349,-3.69141,2.51914,-0.354297,2.40501,-1.93918,-42.0088,4.5625,0,-0.5625,-2.0625,-0.1875,-0.0292969,-0.166016,5.8125,-1,-0.0625,-1.5,0,0.341797,0.136719,20.5008,-7.27141,2.17622,5.91578,17.5934,-0.0868702,24.2605,6.08233,-2.38326,-4.39553,5.22839,-0.442098,0.588976,-0.362166,-4.74264,2.73672,-0.0224345,-0.645566,-0.277339,-0.00062318,0.00834485,-0.21712,3.00631,-0.363314,-0.191172,-0.257781,0.158959,0.12597,0.130572
61.22,-0.60972,0.0194219,0.0229269,0.870602,-0.366643,-7.53037e-05,-0.586217,0.0223194,-0.00948146,0.83907,-0.394271,-0.0206848,-0.000133919,-0.000978034,0.00847311,-0.0025047,-0.000814927,-0.000551274,0.00907206,8.38896e-05,0.00444854,7.6699e-06,-0.000778975,0.00116247,0.00642354,0.00906007,-0.0098031,0.00759321,-0.00581379,-0.761278,-0.0695686,0.0593079,0.754504,-0.300554,0.00983405,-0.774643,-0.0449183,-0.0717483,0.641278,-0.581935,-0.0686869,0,0,0,0,0,0,0,0,0,0,0,0,0,0,0,0,0,-4.36426,0.152716,-0.282837,-0.819214,-0.929691,0.207143,-4.10542,-0.521417,-1.10563,-0.953386,-1.29893,-0.501776,0,0.084691,-0.0368132,0.280718,-0.0613592,0.0153398,0.371223,0,1.03869,0.00294524,-0.0920388,-0.081301,-0.0276117,0.322136,-0.0368155,0.954259,-0.00785398,-6.15234,-9.58008,4.25071,-12.9199,4.81253,-0.0253498,-9.78782,-4.6582,-3.57955,-24.6973,-4.59905,-1.70963,0.615234,0.958652,-18.0198,0.625,0.0625,0.1875,-5.25,-0.125,-2.44141,0.0195312,1.1875,-0.3125,-0.0625,-4.9375,0.0625,-2.72461,0.136719,-6.42733,-9.20449,4.20378,-14.1379,4.50296,-0.0179124,-10.6318,-5.68094,-4.01541,-25.8554,-4.90871,-0.916533,0.0401757,0.039337,-2.43149,-0.310967,0.204211,-0.0031159,-1.19605,-0.00167779,-1.12766,-0.00309864,0.261975,0.046355,-0.265954,-1.09728,0.232877,-1.10612,0.12413
61.26,-0.645556,0.0174874,0.0246679,0.869665,-0.383967,0.000963521,-0.624745,0.0112918,-0.0193647,0.84795,-0.425129,-0.0278858,0.000361581,-0.000415975,0.00160629,0.0109416,-0.0042544,-0.00432631,0.00866459,0.000143811,0.0066268,-0.000667282,0.00769387,-0.00125834,-0.000886833,0.00859269,-0.00977913,0.00747816,-0.0068799,-0.769682,-0.0679843,0.102092,0.735151,-0.37849,-0.011515,-0.81829,-0.0120832,-0.0617182,0.595066,-0.692658,-0.0595288,0,0,0,0,0,0,0,0,0,0,0,0,0,0,0,0,0,-2.08956,0.0741765,-0.229698,0.561778,-0.264222,-0.1824,-2.06899,0.0599957,-0.0154275,0.649044,-0.613308,-0.697348,0.157703,-0.0648618,-0.641597,1.28701,-0.474,-0.262311,0.245437,-0.0736311,-0.379936,-0.195368,1.13208,0.00460194,0.0414175,0.161068,0.0843689,-0.442768,0.00687223,-8.78107,-9.14062,8.38956,-23.2031,0.10024,-0.566231,-15.8842,-2.54883,-4.02699,-40.0781,-10.3362,-0.900232,-1.11861,0.891309,22.3571,-11.1875,1.25,0.875,-3.4375,-0.0625,0.00976562,0.224609,-8.8125,0.1875,0.0625,-3,0,0.117188,0.146484,-8.23344,-8.69552,8.20181,-22.4242,0.747544,-0.134342,-15.2165,-2.45749,-4.2045,-40.5289,-9.47454,0.128979,-0.581583,0.319378,1.44291,-3.66818,1.37344,0.740937,-0.924104,0.0707549,0.2474,0.208713,-3.03354,0.11663,-0.0384933,-0.75177,0.111214,0.293205,0.130726
61.32,-0.622924,0.0185782,0.0244804,0.873031,-0.380051,-0.00291396,-0.601537,0.00548824,-0.024092,0.856626,-0.435365,-0.0295619,0.000227662,-0.000106102,-0.00122771,0.00816126,-0.00214518,-0.00210922,0.00548878,4.79369e-05,0.0034668,-0.000222427,0.00687895,0.00315185,0.00122239,0.00411059,-0.00976714,0.00322903,-0.00636602,-0.308198,-0.0176022,0.0431567,0.893462,-0.0748125,-0.0443455,-0.350723,0.10828,-0.0200162,0.774788,-0.358336,-0.0262936,0,0,0,0,0,0,0,0,0,0,0,0,0,0,0,0,0,6.62181,-0.00654498,-0.263981,1.05265,1.5348,-0.425471,6.14527,0.462512,0.310263,1.22064,0.362519,0.471402,0,0.0291022,0.155909,-0.668816,0.0582913,0.0076699,-0.386563,-0.0276117,-0.358338,-0.00589049,-0.613592,0.0720971,0.0444854,-0.363553,0.0168738,-0.494801,0.00294524,17.5062,-3.7793,2.68466,-1.75781,6.33933,-1.47385,12.1928,7.73438,0,-16.7871,0.466615,-0.565066,-0.223722,-0.0494157,0.232445,-3.25,0.125,0.1875,0.125,-0.125,0.341797,0.0390625,-2.5625,-0.875,0,0.6875,0,0.576172,0.146484,18.229,-3.60495,2.39559,-1.14603,9.13993,-0.806319,12.7909,9.35412,-0.212946,-17.1583,2.3561,-0.812071,-0.0682987,-0.0554761,-0.0994152,0.521506,0.0979351,0.0901214,0.498688,0.0266529,0.289002,0.010339,0.53929,-0.459379,-0.15009,0.521577,0.178469,0.43022,0.124375
61.38,-0.580472,0.0272963,0.0322611,0.8611,-0.368814,-0.00109597,-0.556326,0.0111554,-0.0176237,0.837732,-0.427456,-0.0185786,0.000964216,-0.000745663,0.00643144,0.00135422,-0.00173771,0.00224105,0.00621981,3.59527e-05,0.00082068,0.000452524,-0.000778975,0.00286423,0.00485361,0.00540489,-0.00959936,0.00158,-0.00572942,-0.378237,-0.053412,0.0262473,0.861215,-0.0950438,-0.0345422,-0.330547,0.100994,-0.023322,0.730879,-0.363391,-0.0231613,0,0,0,0,0,0,0,0,0,0,0,0,0,0,0,0,0,1.03707,-0.424333,-0.368545,-0.399244,0.70683,0.750285,0.913649,-0.169079,-0.0771373,-1.66461,1.40335,1.14337,0.179987,0.0375994,0.872771,-0.627398,0.0291456,0.0184078,0.263845,-0.0260777,0.0883573,0.161988,-0.849825,-0.311398,-0.0644272,0.162602,0.0521553,0.011781,0.0019635,18.457,-6.85547,0.279652,1.23047,7.70528,-2.25246,21.8688,8.26172,-0.223722,-9.14062,-4.10452,-1.60948,-5.36932,1.74029,-45.4381,1.0625,0.0625,-0.0625,-2.8125,-0.125,-0.214844,-0.117188,2.9375,-0.1875,0,-1.5625,0,-0.107422,0.136719,18.1493,-7.22217,0.13571,1.61428,9.53713,-2.83842,20.7506,9.32197,-0.415555,-9.36954,-0.244112,-2.47004,-0.829226,0.110901,-4.54774,1.11937,0.11548,-0.148868,-0.83868,0.0253586,-0.104771,-0.171039,1.77755,0.336373,-0.113826,-0.595448,0.139832,-0.043381,0.112625
61.42,-0.591011,0.0188424,0.0345243,0.840971,-0.362984,0.00286882,-0.566879,0.0095959,-0.0190968,0.81964,-0.399719,-0.0179943,9.37433e-05,-0.00135575,0.00655157,-0.00322376,-0.00142612,-0.00076699,0.00703474,0.000107858,0.0042568,0,0.000203732,0.00219311,0.00256462,0.00933571,-0.0102345,0.0085366,-0.00548398,-0.72566,-0.0458007,0.0997318,0.786142,-0.171082,0.00892519,-0.773124,0.0391618,-0.0776525,0.67755,-0.369062,-0.0495049,0,0,0,0,0,0,0,0,0,0,0,0,0,0,0,0,0,-5.50246,0.211621,1.03707,-0.950114,-1.08355,0.436559,-4.86137,-0.161443,-0.10285,-1.25118,-0.731764,-0.24677,0.118277,0.0636299,-0.287848,0.487806,-0.18868,0.00460194,-0.0076699,0,0.573341,0.00294524,-0.167204,-0.171806,0.0920388,0.0628932,-0.138058,0.777544,0.0461421,-2.96431,-7.4707,4.92188,-4.48242,10.4051,-0.414882,-11.0742,3.25195,-5.1456,-15.5566,2.23663,-1.33116,-0.447443,2.58557,-4.52043,0.3125,0.5,0.125,-2.4375,-0.125,-1.55273,0.0292969,0.5,-0.25,-0.1875,-3.5625,0.1875,-2.45117,0.0878906,-2.45999,-6.88756,4.44661,-4.4239,9.84318,-0.630862,-10.9017,3.27947,-5.64987,-16.3088,2.6898,-0.766883,-0.382955,0.215835,-1.10192,-0.653236,0.519972,0.0291456,-0.336397,-0.00215716,-0.658477,-0.00294524,0.314035,0.1243,-0.312309,-0.592572,0.342749,-0.948276,0.0635375
61.48,-0.623728,0.0197543,0.0398945,0.839624,-0.369478,0.00648668,-0.597707,0.00411618,-0.0221636,0.82483,-0.413057,-0.0287714,0.000147311,-0.00102194,8.1374e-05,0.00927579,-0.00215716,-0.000143811,0.00711863,0.000251669,0.00633534,0.000391165,0.00453004,0.00279232,0.00207327,0.00441019,-0.00988699,0.0049701,-0.00509282,-0.140858,0.0417582,0.0359875,0.908329,0.254708,0.0377576,-0.377687,0.0954499,-0.0120606,0.774067,0.064891,-0.0113493,0,0,0,0,0,0,0,0,0,0,0,0,0,0,0,0,0,-0.978787,-0.190895,0.521105,-0.310887,0.0221701,0.56747,-1.10221,-0.147262,-0.178273,0.701404,-0.572908,-0.876006,-0.0788515,-0.13588,-0.733779,1.03544,-0.0475534,-0.0567573,-0.237767,-0.078233,-0.356374,-0.011781,1.08146,0.365087,0.0506214,-0.286854,0.081301,-0.324958,0.0019635,-4.13885,-2.63672,3.24396,-19.7754,3.61069,-1.19582,-17.1147,-0.878906,-3.02024,-23.8184,-0.388596,-0.823883,-3.18803,3.19937,22.7186,-9.6875,0.375,0.25,-1.375,-0.0625,0.0195312,0.0292969,-6.9375,-1.1875,0,0.1875,0,0.175781,0.126953,50.2445,2.58218,-1.4329,11.5492,24.9231,0.115898,24.2065,9.4279,1.36685,-10.4201,20.2637,2.4489,0.192361,0.714223,2.17693,-2.99845,0.310823,0.120705,0.119603,0.0731996,0.229668,0.00395767,-2.61592,-1.00941,-0.204906,0.353199,0.116439,0.225557,0.0998928
61.52,-0.618625,0.0168653,0.0312165,0.859532,-0.351488,0.0177581,-0.577592,0.00588026,-0.0284042,0.824446,-0.392276,-0.0174767,0.000107135,0.000461866,-2.4465e-05,0.00666323,-0.00420646,-0.000647148,0.00559663,5.99211e-05,0.00428748,0.000276117,0.00535695,0.00153398,0.00391884,0.00395479,-0.00970722,0.00335942,-0.00467097,-0.305943,-0.00694385,0.0584721,0.895668,0.141216,-0.0152307,-0.251912,0.071843,-0.0388238,0.85628,-0.0206313,-0.0275958,0,0,0,0,0,0,0,0,0,0,0,0,0,0,0,0,0,6.06814,-0.221439,-0.478251,1.51516,1.20926,-0.625326,5.22305,0.418879,0.00171416,1.43226,0.319446,0.00836271,-0.0925648,-0.148471,0.125559,-1.106,-0.0414175,0.0199418,-0.219359,-0.0153398,-0.22482,-0.0235619,-0.984816,-0.00153398,0.0613592,-0.33134,0,-0.593957,0.0706858,19.7434,-2.54883,3.69141,-1.05469,16.2829,-1.11959,23.4348,4.6582,-0.783026,-0.791016,13.8746,-0.71666,0.615234,-0.695798,-4.65514,-0.9375,0.6875,0.125,-0.5625,-0.125,-0.0195312,0.0390625,-0.1875,-0.375,-0.0625,0.75,0.0625,0.703125,0.0390625,19.1319,-1.93803,3.68206,-0.640296,17.2896,-0.0688989,22.122,5.75851,-1.04539,-0.953951,14.2269,-0.421487,0.245554,0.306853,-0.369339,1.54568,0.503481,-0.00752609,0.158887,0.0141414,0.139071,0.0180396,1.43394,-0.15033,-0.318661,0.46494,0.194144,0.526769,0.0227336
61.58,-0.601698,0.0255578,0.0423184,0.858876,-0.363364,0.00722559,-0.569464,0.0106612,-0.0188022,0.835909,-0.405436,-0.0141854,6.69595e-05,-0.00125601,0.00872738,-0.0044821,-0.00191748,-0.00125834,0.00572846,0.000107858,0.000567573,-5.36893e-05,-0.00299606,0.00168978,0.00419448,0.0046379,-0.00950349,0.000843689,-0.0044102,-0.694004,-0.0618385,0.105904,0.833366,-0.0780618,0.00819516,-0.760386,0.0408484,-0.0418701,0.702822,-0.227939,-0.025599,0,0,0,0,0,0,0,0,0,0,0,0,0,0,0,0,0,-0.272552,0.531235,0.260553,0.702495,0.106012,-0.241143,0.0428541,0.881391,0.450825,-0.26289,0.512391,0.257473,0.142275,-0.0344782,0.707342,-0.674952,0,0.0705631,0.615126,0,0.0323977,0.00589049,-0.900447,-0.280718,-0.0552233,0.474,-0.0214757,0.0844303,0.0019635,32.8871,-0.878906,0.279652,4.48242,13.0861,-1.50922,19.4078,8.34961,0.167791,-4.39453,4.97806,-0.647501,-0.223722,2.67495,-51.407,5.375,0.25,0,-3.8125,-0.1875,-0.136719,0.0195312,5.625,0.0625,0,-2.0625,0.0625,-0.166016,0.117188,-8.68549,-9.8021,5.83748,-6.63646,11.2001,0.521069,-19.1779,1.25594,-3.20844,-18.9114,6.07507,-0.971491,-0.446914,0.480237,-4.74024,1.79811,0.191748,-0.078209,-1.51668,-0.00215716,-0.0437491,-0.0048167,2.1005,0.392459,-0.0992773,-1.17989,0.211546,-0.101304,0.0862404
61.62,-0.637762,0.0276798,0.0403364,0.873721,-0.378671,0.00780192,-0.599515,0.0181095,-0.0203691,0.842522,-0.418559,-0.0212227,0.000227662,0.000459448,0.00735408,-9.58738e-05,-0.00194144,0.00116247,0.00963532,0.000479369,0.00890476,0.00105078,-0.000515322,0.00269645,0.00441019,0.00807737,-0.00979111,0.00769291,-0.00395,-0.736995,-0.054947,0.0814135,0.772599,-0.167115,0.0107239,-0.758294,0.0219381,-0.0662359,0.719003,-0.33808,-0.0579453,0,0,0,0,0,0,0,0,0,0,0,0,0,0,0,0,0,-4.65052,-0.194168,0.0668523,-1.29045,-1.11113,0.529157,-4.96421,-0.713403,-0.464538,-0.651226,-1.32077,-0.853496,0.0479966,-0.0221741,-0.391857,0.0552233,-0.0168738,-0.081301,-0.158,0.108913,0.416261,-0.0539961,0.213223,0.121184,0.0076699,-0.0230097,-0.0398835,0.609665,0.000981748,-1.34233,-7.73438,4.13885,-10.0195,11.4113,-0.607643,-6.59979,1.75781,-3.46768,-15.8203,6.501,-0.851681,2.23722,-0.845282,-1.48059,-0.3125,0.25,0.25,-2.5625,-0.25,-1.82617,0.0683594,-0.25,-0.875,-0.0625,-2.625,0.0625,-2.04102,0.0976562,-0.622185,-7.87435,3.974,-10.0066,10.6845,-0.941437,-5.94946,1.80966,-3.65761,-15.9229,5.86074,0.23809,-0.212288,-0.0713123,-1.03065,-0.100859,0.227892,0.104478,-0.165766,-0.1185,-0.594356,0.0329806,-0.374914,-0.512014,-0.23585,-0.357849,0.235706,-0.763524,0.0780183
