time,q0,q1,q2,q3,q4,q5,q6,q7,q8,q9,q10,q11,q12,q13,q14,q15,q16,q17,q18,q19,q20,q21,q22,q23,q24,q25,q26,q27,q28,qdes0,qdes1,qdes2,qdes3,qdes4,qdes5,qdes6,qdes7,qdes8,qdes9,qdes10,qdes11,qdes12,qdes13,qdes14,qdes15,qdes16,qdes17,qdes18,qdes19,qdes20,qdes21,qdes22,qdes23,qdes24,qdes25,qdes26,qdes27,qdes28,qdot0,qdot1,qdot2,qdot3,qdot4,qdot5,qdot6,qdot7,qdot8,qdot9,qdot10,qdot11,qdot12,qdot13,qdot14,qdot15,qdot16,qdot17,qdot18,qdot19,qdot20,qdot21,qdot22,qdot23,qdot24,qdot25,qdot26,qdot27,qdot28,tau0,tau1,tau2,tau3,tau4,tau5,tau6,tau7,tau8,tau9,tau10,tau11,tau12,tau13,tau14,tau15,tau16,tau17,tau18,tau19,tau20,tau21,tau22,tau23,tau24,tau25,tau26,tau27,tau28,taudes0,taudes1,taudes2,taudes3,taudes4,taudes5,taudes6,taudes7,taudes8,taudes9,taudes10,taudes11,taudes12,taudes13,taudes14,taudes15,taudes16,taudes17,taudes18,taudes19,taudes20,taudes21,taudes22,taudes23,taudes24,taudes25,taudes26,taudes27,taudes28
44.1,-0.199499,0.000349407,-0.000133919,0.419254,-0.237858,-0.000210553,-0.200128,0.000698813,-0.000187487,0.419382,-0.238815,-0.00023751,0.000133919,0.000181889,-0.000116004,0.00389487,-0.00307995,-0.000407464,0.00856872,-0.000467385,0.00752418,0.00824515,0.00315185,0.000347543,0.00257661,0.00859269,-0.00986302,0.00671117,-0.00129621,-0.2,0,0,0.42,-0.23,0,-0.2,0,0,0.42,-0.23,0,0,0,0,0,0,0,0,0,0,0,0,0,0,0,0,0,0,-0.0411399,-0.00763582,-0.010285,-0.00327249,-0.0475674,-0.00205557,-0.00685665,-0.00109083,-0.0514249,-0.00327249,-0.00592562,-0.00640748,-0.0291408,-0.0116329,0.00248019,-0.00306796,0.00306796,-0.00613592,-0.00306796,-0.00153398,-0.00981748,-0.00294524,-0.0107379,-0.00920388,0.0230097,-0.00153398,0.00153398,0.00294524,-0.011781,-0.950817,-0.878906,0.727095,2.28516,4.16891,-0.0648533,0.503374,-1.66992,0.559304,2.19727,4.43476,0.0135146,-0.615234,-0.494447,0.309472,-2.4375,0.4375,0.1875,-2.6875,-0.125,-0.732422,-0.117188,-1.625,-0.1875,-0.0625,-2.375,0.0625,-0.615234,0.0683594,0.0321866,-0.019669,0.0339618,0.124987,0.409442,0.0125332,0.0265626,-0.0676997,0.121598,0.105814,0.364444,0.0223154,0.0472466,-0.0196679,0.0273606,-0.383351,0.301859,0.032645,-0.4223,0.0108817,-0.140666,-0.161958,-0.293709,-0.0163465,-0.17485,-0.426567,0.195726,-0.137169,0.0377053
44.16,-0.199887,0.000178964,-0.000133919,0.41916,-0.240124,0.000130989,-0.200986,0.000528371,-9.37433e-05,0.419237,-0.240123,-0.000475702,0.00021427,0.000347906,0.000270121,0.0038709,-0.00305598,-0.000431432,0.00853277,-0.000443416,0.00743214,0.00822214,0.00306796,0.000419448,0.00310391,0.00841293,-0.00982706,0.00664981,-0.00128854,-0.2,0,0,0.42,-0.23,0,-0.2,0,0,0.42,-0.23,0,0,0,0,0,0,0,0,0,0,0,0,0,0,0,0,0,0,0.00514249,-0.0207258,0.0377116,-0.0109083,-0.0513255,0.00620025,-0.073709,-0.00981748,0.0239983,0,-0.039956,-0.0126867,-0.00857081,0.0164575,0.0228445,0.00460194,0.00153398,-0.00613592,-0.00153398,0,-0.00883573,0.00294524,0.00613592,-0.0122718,0.00460194,-0.0076699,0,0.000981748,-0.00294524,0.111861,-0.703125,0.447443,2.46094,6.65381,-0.385319,2.90838,-1.14258,0.167791,2.19727,6.56487,0.332899,-0.447443,-0.891309,-1.39753,-2.4375,0.4375,0.1875,-2.625,-0.0625,-0.761719,-0.146484,-1.6875,-0.1875,0,-2.375,0.0625,-0.615234,0.0683594,-0.0215413,0.0235551,-0.0620313,0.169594,0.507614,-0.0176401,0.245974,-0.0332022,-0.0386222,0.114454,0.484832,0.0444014,-0.0385687,-0.153744,-0.14957,-0.396294,0.30253,0.0338435,-0.42357,0.00886833,-0.139807,-0.167388,-0.319068,-0.0174011,-0.1644,-0.405306,0.196541,-0.133978,0.0287161
44.2,-0.200664,0.000204531,-0.000133919,0.418956,-0.242056,0.000754135,-0.20199,0.000144876,-0.000120527,0.418939,-0.242149,-0.000653166,0.000174095,0.00080926,0.00123002,0.0038709,-0.00293614,-0.000395479,0.00853277,-0.000491353,0.00743981,0.00822214,0.00309193,0.000479369,0.00312788,0.00843689,-0.00981508,0.00665748,-0.00128087,-0.2,0,0,0.42,-0.23,0,-0.2,0,0,0.42,-0.23,0,0,0,0,0,0,0,0,0,0,0,0,0,0,0,0,0,0,-0.0274266,-0.0218166,0.00342833,-0.00218166,-0.0431596,0.0255411,-0.0154275,-0.0119991,-0.0171416,0.00327249,-0.0475506,-0.00345982,-0.0308549,-0.00290426,0.0314884,-0.00153398,0,-0.00306796,0.0122718,0.00153398,0.00490874,0.00883573,0.00613592,-0.00613592,-0.00460194,0.00153398,0,0.015708,0.00687223,2.23722,-0.966797,0.335582,3.07617,8.34211,-1.0684,4.30664,-0.351562,0.727095,3.25195,8.69356,0.339386,-0.503374,-1.83213,-3.49383,-2.375,0.4375,0.1875,-2.75,-0.125,-0.761719,-0.146484,-1.6875,-0.1875,0,-2.375,0.0625,-0.634766,0.0683594,0.121269,0.0231802,0.00653525,0.165368,0.568561,-0.0812476,0.229851,0.00951068,0.046336,0.146108,0.58107,0.0330463,0.0403364,-0.234065,-0.46347,-0.384023,0.293614,0.0259099,-0.451182,0.00829308,-0.153705,-0.173278,-0.321465,-0.0356651,-0.14719,-0.424913,0.196302,-0.148858,0.0187452
44.26,-0.20199,0.000136354,-0.000133919,0.418845,-0.244103,0.00250421,-0.202044,0.000144876,-0.000120527,0.418811,-0.24313,-0.000404545,0.000428541,-0.000484043,0.00221898,0.00403868,-0.00238486,0.000131826,0.00856872,-0.000491353,0.00743981,0.00829884,0.00307995,0.00127033,0.00407464,0.00843689,-0.0098031,0.00664981,-0.0012732,-0.2,0,0,0.42,-0.23,0,-0.2,0,0,0.42,-0.23,0,0,0,0,0,0,0,0,0,0,0,0,0,0,0,0,0,0,-0.0274266,-0.00218166,0.0359974,-0.00763582,-0.0487328,0.0466563,0.00514249,0.00872665,-0.0154275,-0.00218166,-0.00537674,-0.00916765,-0.0257124,-0.0212979,0.0111153,-0.00920388,0.0107379,-0.0199418,0,-0.00613592,0.00981748,0.0147262,0.00460194,0.0398835,0.00920388,0.00306796,-0.0122718,0,-0.00490874,4.4185,-0.439453,0.559304,3.07617,10.5453,-2.95247,4.25071,-0.791016,0.615234,3.86719,8.69308,0.235087,-0.950817,0.940826,-4.73536,-2.5,0.3125,0.125,-2.6875,-0.0625,-0.761719,-0.146484,-1.6875,-0.4375,-0.0625,-2.375,0.0625,-0.615234,0.0683594,0.253849,-0.00927206,-0.0586029,0.203801,0.661581,-0.193481,0.194068,-0.0319409,0.0429076,0.187098,0.535937,0.0345171,-0.0514249,0.209107,-0.699039,-0.385461,0.21701,0.0332922,-0.428436,0.015963,-0.158614,-0.180703,-0.317198,-0.2068,-0.22214,-0.427981,0.208334,-0.132996,0.0303728
44.3,-0.202459,-0.000519849,-1.33919e-05,0.419203,-0.244663,0.00321979,-0.201642,-0.00016192,2.67838e-05,0.418845,-0.24324,-0.000346573,0.000656203,-0.000726007,0.00238296,0.00406265,-0.00231296,0.000107858,0.00854475,-0.000443416,0.00743214,0.00826816,0.00286423,0.00165382,0.00407464,0.00841293,-0.00982706,0.00664214,-0.0012732,-0.2,0,0,0.42,-0.23,0,-0.2,0,0,0.42,-0.23,0,0,0,0,0,0,0,0,0,0,0,0,0,0,0,0,0,0,0.0308549,-0.019635,0.0274266,0.0305433,5.60258e-06,0.00183846,-0.00857081,-0.0185441,0,0.01309,-0.00269397,-0.00274536,0.00857081,-0.00484043,-0.00308757,-0.00613592,-0.0138058,0.0076699,-0.00613592,0.00306796,-0.00687223,-0.00785398,-0.00460194,0.0260777,0,0,-0.00153398,-0.000981748,0,4.36257,0.878906,-0.111861,1.40625,10.2802,-3.5253,3.41175,0.527344,0.279652,3.86719,8.78106,0.0789085,-1.8457,1.24245,-4.58719,-2.5,0.3125,0.0625,-2.625,-0.0625,-0.761719,-0.126953,-1.5,-0.5,-0.0625,-2.375,0.0625,-0.615234,0.0683594,0.184158,0.0912548,-0.053514,-0.00260464,0.586508,-0.132468,0.181318,0.0532803,-0.00267838,0.120897,0.53497,0.0193537,-0.222573,0.232323,-0.705626,-0.393993,0.258907,-0.0207327,-0.414966,0.00580036,-0.141771,-0.157509,-0.277219,-0.217538,-0.203732,-0.420646,0.198075,-0.131861,0.0254641
44.36,-0.202298,-0.000988565,0.000468716,0.419569,-0.244583,0.00338533,-0.201829,-0.000426106,0.000174095,0.418811,-0.243286,-0.000310447,0.000428541,-0.000604996,0.00246015,0.00401472,-0.00186954,9.58738e-05,0.00852078,-0.000467385,0.00743214,0.00825282,0.00287621,0.00200137,0.00421845,0.00842491,-0.0098031,0.00664214,-0.0012732,-0.2,0,0,0.42,-0.23,0,-0.2,0,0,0.42,-0.23,0,0,0,0,0,0,0,0,0,0,0,0,0,0,0,0,0,0,0.0479966,-0.0141808,0.00342833,0.00872665,0.00323938,0.00553019,0.00685665,0.0109083,0.00685665,-0.0141808,0.00165784,-0.0119574,-0.0274266,-0.000960099,0.00431713,-0.00613592,0.0322136,-0.00460194,-0.00153398,-0.00920388,-0.0019635,0.00490874,-0.00460194,0.0184078,0.0138058,0.0138058,-0.00920388,-0.000981748,0.0019635,4.02699,1.75781,-0.894886,-0.263672,10.1921,-3.78578,4.08292,0.439453,-0.167791,3.95508,8.87,0.131328,-0.950817,1.09402,-4.97552,-2.5,0.1875,0.125,-2.6875,-0.0625,-0.761719,-0.126953,-1.5625,-0.5625,-0.0625,-2.375,0.0625,-0.634766,0.0683594,0.133804,0.127218,-0.0537283,0.0296944,0.576831,-0.146474,0.169212,0.020794,-0.0311228,0.235095,0.528129,0.0363327,-0.0462824,0.184379,-0.750997,-0.3892,0.122527,0.00441019,-0.422971,0.0185516,-0.146679,-0.169965,-0.278418,-0.236952,-0.238534,-0.448857,0.205266,-0.131861,0.0235006
44.42,-0.202459,-0.000971521,0.000508892,0.419842,-0.244507,0.00351494,-0.20203,-0.000247141,0.000187487,0.41899,-0.243943,-0.00137747,0.00028123,-0.000619701,0.00271073,0.0040267,-0.00133025,7.19053e-05,0.00854475,-0.000479369,0.00743214,0.00825282,0.00297209,0.00208526,0.003799,0.00841293,-0.0098031,0.00664981,-0.00128087,-0.2,0,0,0.42,-0.23,0,-0.2,0,0,0.42,-0.23,0,0,0,0,0,0,0,0,0,0,0,0,0,0,0,0,0,0,-0.0359974,-0.00436332,0.00514249,0.0119991,-0.000539896,-0.000921699,-0.00342833,-0.00654498,-0.00514249,0.0141808,-0.021906,-0.0375874,-0.0222841,0,0,-0.0138058,-0.0337476,-0.0184078,-0.00613592,-0.0168738,0.000981748,0.0019635,0.00153398,0.00153398,-0.00153398,0,0.0214757,0.00294524,-0.00589049,4.02699,1.49414,-0.783026,-0.527344,10.1921,-3.78578,4.30664,0.351562,-0.167791,2.8125,9.9136,1.43823,-0.727095,1.04484,-5.51945,-2.4375,0.25,0.125,-2.6875,-0.0625,-0.761719,-0.126953,-1.625,-0.5,0,-2.375,0.0625,-0.595703,0.0488281,0.317863,0.105879,-0.0611742,-0.0242992,0.581352,-0.138754,0.20987,0.0378041,-0.00846368,0.0948037,0.601519,0.130274,-0.0175166,0.18591,-0.813219,-0.375058,0.20052,0.0332203,-0.414966,0.0264612,-0.149624,-0.16702,-0.300277,-0.211593,-0.186882,-0.420646,0.174586,-0.135941,0.031508
44.46,-0.202044,-0.000460194,0.000455324,0.420404,-0.24347,0.00367052,-0.202191,5.96548e-05,5.35676e-05,0.419629,-0.244384,-0.00245266,0.000187487,-0.00046089,0.0028024,0.00401472,-0.00161787,1.19842e-05,0.00854475,-0.000455401,0.00743214,0.00823748,0.00305598,0.00201335,0.00370313,0.00842491,-0.00986302,0.00664214,-0.0012732,-0.2,0,0,0.42,-0.23,0,-0.2,0,0,0.42,-0.23,0,0,0,0,0,0,0,0,0,0,0,0,0,0,0,0,0,0,0.00857081,0.00545415,-0.00514249,0.0436332,0.0413087,-0.015437,-0.00857081,0.00763582,-0.0222841,0.0174533,0.00227164,-0.0404561,0.0291408,-0.00482845,0.00431439,0,-0.0076699,-0.0122718,0.0138058,-0.00920388,-0.00589049,0.00589049,0.00613592,-0.0276117,-0.00306796,0,-0.0107379,-0.00785398,0.00589049,3.46768,0.439453,-0.671165,-2.72461,8.14002,-3.93597,4.86594,-0.527344,-0.167791,0.878906,9.91791,2.37692,-0.503374,0.697914,-5.5966,-2.5,0.1875,0.1875,-2.75,-0.0625,-0.751953,-0.117188,-1.625,-0.5,-0.0625,-2.375,0.0625,-0.605469,0.0683594,0.187211,0.0351111,-0.0352475,-0.235204,0.45618,-0.115947,0.236226,-0.0212371,0.0392115,-0.0141618,0.570824,0.179019,-0.143668,0.152752,-0.853664,-0.401472,0.177127,0.0239445,-0.454849,0.0183119,-0.142752,-0.17064,-0.31787,-0.146112,-0.17902,-0.421246,0.207998,-0.124989,0.0195736
44.52,-0.201053,-8.52212e-05,0.000254446,0.421052,-0.241176,0.00274739,-0.202539,0.000255663,-0.000107135,0.420294,-0.24407,-0.00350257,4.01757e-05,-0.000324909,0.00279286,0.0040267,-0.00339154,-0.000263653,0.00856872,-0.000431432,0.00743981,0.00826049,0.00329566,0.00176168,0.00367916,0.00841293,-0.00982706,0.00664214,-0.0012732,-0.2,0,0,0.42,-0.23,0,-0.2,0,0,0.42,-0.23,0,0,0,0,0,0,0,0,0,0,0,0,0,0,0,0,0,0,0.0325691,0.0207258,-0.00857081,0.019635,0.037234,-0.0191336,0.00342833,-0.00109083,0.00171416,0.0229074,0.0145996,-0.0322397,0,-0.00194017,-0.00370235,-0.00153398,-0.0613592,0.0184078,0,0,0.00785398,0.00687223,0.0168738,-0.0107379,0.0184078,-0.0138058,0.0168738,-0.0019635,0.00785398,1.11861,-0.527344,-0.111861,-4.04297,5.86721,-2.93822,5.76083,-0.703125,-0.111861,-1.8457,9.20915,3.52204,-0.950817,0.449908,-5.36306,-2.5,0.625,0.125,-2.6875,-0.0625,-0.761719,-0.126953,-1.875,-0.5,-0.0625,-2.3125,0.0625,-0.615234,0.0488281,0.0401147,-0.0329295,-0.00830298,-0.236365,0.372569,-0.0716285,0.247046,-0.0233847,0.00728519,-0.135685,0.533619,0.204582,-0.0120527,0.103293,-0.826751,-0.399602,0.461872,-0.0236329,-0.428436,0.00862864,-0.15665,-0.172082,-0.363314,-0.154692,-0.220773,-0.393035,0.179667,-0.130879,0.0176101
44.56,-0.200557,-5.96548e-05,6.69595e-05,0.42135,-0.239371,0.00209495,-0.202285,0.000468716,-4.01757e-05,0.42089,-0.243327,-0.00475555,6.69595e-05,-2.26895e-05,0.0025615,0.00403868,-0.00377503,-0.00238486,0.00848483,-0.000443416,0.00737078,0.00696427,0.00333161,0.00137819,0.00249272,0.00841293,-0.00981508,0.00663447,-0.00129621,-0.2,0,0,0.42,-0.23,0,-0.2,0,0,0.42,-0.23,0,0,0,0,0,0,0,0,0,0,0,0,0,0,0,0,0,0,0.00514249,-0.00763582,0,0.00763582,0.0333974,-0.0366163,0.00514249,0.0141808,-0.00857081,-0.00327249,0.0135987,-0.0285579,0.0462824,0.000968087,0.000617514,-0.00306796,-0.00920388,-0.0076699,-0.00920388,0.00460194,0.00392699,-0.0431969,0.00613592,-0.0199418,-0.0383495,0.00460194,-0.0138058,-0.000981748,0.00392699,0.503374,-0.263672,0.391513,-4.13086,4.17796,-2.04654,4.53036,-1.40625,0.391513,-3.25195,8.44723,4.66699,0.0559304,-0.198069,-4.96825,-2.5,0.5625,0.3125,-2.6875,-0.125,-0.761719,-0.0683594,-1.875,-0.375,0.0625,-2.375,0.0625,-0.634766,0.0488281,0.0454171,0.0212371,-0.00669595,-0.233108,0.308034,-0.0105655,0.218174,-0.0752332,0.0211592,-0.120448,0.505901,0.247338,-0.158935,0.00390258,-0.770304,-0.397732,0.395911,0.134583,-0.405834,0.00426638,-0.151343,-0.0960886,-0.345433,-0.0979351,-0.0479369,-0.42985,0.210107,-0.131708,0.0219973
44.62,-0.200611,-4.26106e-05,2.67838e-05,0.421674,-0.237937,0.00154092,-0.202285,0.000673247,-2.67838e-05,0.421291,-0.24298,-0.0050013,6.69595e-05,-3.02526e-05,0.00256633,0.00405067,-0.00329566,-0.0018216,0.00853277,-0.000443416,0.00737078,0.00663447,0.00340352,0.00134223,0.00224105,0.00840094,-0.00983905,0.00664214,-0.00130388,-0.2,0,0,0.42,-0.23,0,-0.2,0,0,0.42,-0.23,0,0,0,0,0,0,0,0,0,0,0,0,0,0,0,0,0,0,-0.00857081,-0.0109083,0,0.00327249,0.0296316,-0.0192083,0.010285,-0.00218166,0.0239983,-0.00218166,0.00813794,-0.0101486,0.0394257,-0.00193617,-0.00123503,-0.00306796,0.0107379,0.0168738,0.00153398,0.00613592,0.00294524,-0.00589049,0.00153398,-0.0199418,0.0199418,0.00306796,0.00460194,0.0186532,-0.00981748,0.838956,-0.175781,0.111861,-5.625,2.93673,-1.72872,4.69815,-1.58203,0.335582,-3.16406,8.35925,4.82317,-1.45419,-0.0495172,-5.04587,-2.5,0.4375,0.1875,-2.6875,-0.0625,-0.751953,-0.0976562,-1.875,-0.375,0,-2.375,0.0625,-0.634766,0.0488281,0.0782006,0.0260777,-0.00267838,-0.264234,0.258223,-0.0232203,0.207889,-0.0629614,-0.0453182,-0.184893,0.502943,0.220349,-0.138365,0.0148843,-0.766193,-0.398931,0.30809,0.0573325,-0.429706,0.0027324,-0.150361,-0.126799,-0.34342,-0.0943398,-0.151936,-0.426183,0.192179,-0.151496,0.0358952
44.66,-0.200503,-3.40885e-05,-2.67838e-05,0.421853,-0.23728,0.00145643,-0.202057,0.000664725,-0.000107135,0.421521,-0.242808,-0.00493746,9.37433e-05,-5.29422e-05,0.00251326,0.00406265,-0.00315185,-0.00173771,0.00853277,-0.000467385,0.00737078,0.00663447,0.0034155,0.00133025,0.00234891,0.00842491,-0.00981508,0.00663447,-0.00128087,-0.2,0,0,0.42,-0.23,0,-0.2,0,0,0.42,-0.23,0,0,0,0,0,0,0,0,0,0,0,0,0,0,0,0,0,0,0.00857081,0,0.00685665,0.00218166,0.00755894,0.00369022,-0.0154275,0.00218166,-0.0119991,0.01309,-0.00809312,-0.00455915,-0.00514249,-0.00677661,0.00185254,-0.0076699,0,0.00306796,-0.00153398,-0.0153398,0,0.00392699,0.00153398,0.00306796,0.0184078,0.0107379,-0.0230097,-0.00687223,0.00392699,1.11861,-0.263672,0.279652,-5.71289,2.58101,-1.62361,4.13885,-1.49414,0.167791,-5.09766,8.35877,4.71887,-0.671165,-0.0495172,-5.04587,-2.5625,0.5,0.1875,-2.625,-0.0625,-0.751953,-0.107422,-1.875,-0.4375,-0.0625,-2.375,0.0625,-0.605469,0.0488281,0.0332049,0.00340885,-0.0110349,-0.286715,0.276078,-0.0656378,0.236546,-0.0708358,0.0347118,-0.280491,0.528488,0.206617,-0.0126955,0.0362125,-0.759536,-0.390925,0.315185,0.0807497,-0.42357,0.0246875,-0.147416,-0.136616,-0.344618,-0.139161,-0.154261,-0.442721,0.219311,-0.125817,0.0216905
44.72,-0.200637,-4.26106e-05,0,0.42193,-0.2372,0.00152117,-0.202044,0.000553938,-2.67838e-05,0.421538,-0.242647,-0.00486638,9.37433e-05,-6.05054e-05,0.00251809,0.0040986,-0.00313987,-0.00156993,0.0085088,-0.000419448,0.00735544,0.00663447,0.00339154,0.00140215,0.00267248,0.00841293,-0.00981508,0.00663447,-0.00128087,-0.2,0,0,0.42,-0.23,0,-0.2,0,0,0.42,-0.23,0,0,0,0,0,0,0,0,0,0,0,0,0,0,0,0,0,0,0.00342833,-0.0109083,0.0325691,-0.0119991,-0.00161652,0.000914191,-0.010285,-0.00218166,0.00857081,0.01309,5.04232e-05,-0.0165462,-0.00685665,-0.00387235,-0.00247006,0,0.00153398,0.00460194,-0.00613592,0.0076699,-0.0127627,0.00294524,0.0107379,0,0.0107379,-0.00153398,0,-0.000981748,-0.0019635,0.950817,-0.263672,0.223722,-6.24023,2.75899,-1.72839,4.4185,-1.31836,0.503374,-4.57031,8.18091,4.61403,0,-0.0495172,-4.89062,-2.5,0.4375,0.1875,-2.6875,-0.0625,-0.751953,-0.117188,-1.875,-0.4375,0,-2.375,0.0625,-0.615234,0.0488281,0.0568816,0.0260777,-0.0651382,-0.241494,0.291221,-0.0626753,0.224923,-0.0510304,-0.0144632,-0.283048,0.505791,0.227747,-0.00755303,0.0297687,-0.748015,-0.40986,0.310919,0.0692928,-0.413168,0.000719054,-0.134346,-0.135635,-0.360629,-0.140215,-0.1551,-0.417578,0.196302,-0.131708,0.027581
44.76,-0.200731,-8.52212e-05,-1.33919e-05,0.42193,-0.237359,0.00172161,-0.202084,0.000426106,-2.67838e-05,0.421342,-0.242631,-0.00483774,0.000241054,-0.0001437,0.00254221,0.00407464,-0.00305598,-0.00154597,0.00853277,-0.000431432,0.00737078,0.00663447,0.00339154,0.00142612,0.00291217,0.00840094,-0.00982706,0.00663447,-0.00128854,-0.2,0,0,0.42,-0.23,0,-0.2,0,0,0.42,-0.23,0,0,0,0,0,0,0,0,0,0,0,0,0,0,0,0,0,0,-0.00342833,-0.00872665,0.010285,-0.0141808,-0.00861329,0.00915993,-0.0325691,0.00327249,0.0377116,-0.00327249,-0.00699537,-0.0100795,0.0308549,0.00290426,-0.00185254,0.00153398,0.00153398,0,-0.0153398,-0.0153398,0.00294524,-0.0019635,-0.0107379,0.00613592,0.0184078,0.00460194,-0.0076699,0,-0.00294524,1.39826,-0.175781,0.279652,-6.24023,3.02622,-1.98997,4.69815,-0.966797,-0.0559304,-4.30664,8.18091,4.61403,-0.894886,0.0990343,-4.96825,-2.5625,0.4375,0.1875,-2.5625,-0.0625,-0.751953,-0.107422,-1.8125,-0.4375,0,-2.375,0.0625,-0.615234,0.0488281,0.0799692,0.0259754,-0.0192308,-0.232768,0.311606,-0.0871841,0.273509,-0.0491556,-0.0727448,-0.188196,0.519211,0.213668,-0.164881,0.0343974,-0.757104,-0.410532,0.30253,0.0772983,-0.395959,0.0239685,-0.150361,-0.130726,-0.317678,-0.154884,-0.182424,-0.429251,0.204211,-0.132689,0.0287161
44.82,-0.200945,-0.000238619,2.67838e-05,0.421887,-0.238113,0.0022434,-0.202258,0.000289752,-9.37433e-05,0.421095,-0.242766,-0.00460731,0.000200878,-0.000196643,0.00260492,0.00406265,-0.00292415,-0.00155795,0.00852078,-0.000455401,0.00736311,0.0066268,0.00339154,0.00146208,0.00307995,0.00841293,-0.0098031,0.00663447,-0.00128087,-0.2,0,0,0.42,-0.23,0,-0.2,0,0,0.42,-0.23,0,0,0,0,0,0,0,0,0,0,0,0,0,0,0,0,0,0,0.00342833,-0.00436332,0,-0.0141808,-0.0242723,0.000860151,-0.0342833,-0.00981748,0.0171416,0.0141808,0.00266596,0.0119377,0.00171416,0,0,-0.0107379,0.00306796,-0.0107379,0.00613592,-0.00306796,-0.00687223,-0.00785398,-0.00153398,0.0076699,0.00460194,0.00613592,-0.0138058,-0.0019635,-0.000981748,1.39826,0.263672,-0.0559304,-5.625,4.27135,-2.41008,5.03374,-0.878906,0.167791,-2.8125,8.4458,4.35409,-0.838956,0.34662,-5.04587,-2.5,0.4375,0.1875,-2.75,-0.0625,-0.751953,-0.107422,-1.875,-0.4375,0,-2.375,0.0625,-0.615234,0.0683594,0.0876823,0.0325886,-0.00267838,-0.226379,0.373057,-0.0914563,0.294346,-0.00934024,-0.0249089,-0.220941,0.505321,0.160417,-0.065406,0.0589928,-0.781477,-0.38479,0.286279,0.0993732,-0.438311,0.012176,-0.14039,-0.124682,-0.336086,-0.161547,-0.163201,-0.432918,0.209868,-0.130726,0.0265992
44.86,-0.201066,-0.000340885,0.00021427,0.421785,-0.239225,0.00267013,-0.202365,0.000247141,-0.000107135,0.420635,-0.243207,-0.00397333,0.00021427,-0.000242022,0.00265317,0.0040267,-0.00234891,-0.000719053,0.00852078,-0.000419448,0.00737078,0.00664981,0.00337955,0.00145009,0.00306796,0.00841293,-0.00979111,0.0066268,-0.00128087,-0.2,0,0,0.42,-0.23,0,-0.2,0,0,0.42,-0.23,0,0,0,0,0,0,0,0,0,0,0,0,0,0,0,0,0,0,-0.0222841,-0.0207258,0.0137133,-0.0261799,-0.0215518,0.0219629,0.0188558,-0.0109083,-0.0154275,0.0338158,-0.0210757,-0.000823015,0.00342833,-0.010649,0.00308757,-0.00153398,0.0214757,0.0076699,-0.00613592,0.00153398,0.00883573,-0.011781,0.00920388,-0.0122718,-0.0199418,0.0076699,0,-0.00392699,0.00490874,1.90163,0.615234,-0.447443,-4.74609,5.33504,-2.9366,4.4185,-0.791016,0.671165,-1.93359,9.24096,3.67858,-1.17454,0.445654,-5.35639,-2.5,0.25,0.125,-2.6875,-0.0625,-0.751953,-0.078125,-1.9375,-0.4375,0,-2.375,0,-0.634766,0.0488281,0.151161,0.07554,-0.0488536,-0.163041,0.41212,-0.150731,0.198782,-0.00289752,0.0415684,-0.23045,0.570447,0.160579,-0.0745661,0.104553,-0.805213,-0.399602,0.191939,0.0206129,-0.413767,0.00685498,-0.156251,-0.121215,-0.356363,-0.120465,-0.113515,-0.435986,0.195822,-0.128609,0.0207087
44.92,-0.201535,-0.000298274,0.000254446,0.421555,-0.240525,0.00303762,-0.202392,0.000247141,-6.69595e-05,0.420404,-0.24363,-0.00354051,0.000133919,-0.000332597,0.00271093,0.00403868,-0.00246875,-0.000874848,0.00853277,-0.000443416,0.00736311,0.00664214,0.00335558,0.00160589,0.00361924,0.00841293,-0.0098031,0.00664214,-0.00128087,-0.2,0,0,0.42,-0.23,0,-0.2,0,0,0.42,-0.23,0,0,0,0,0,0,0,0,0,0,0,0,0,0,0,0,0,0,0.0171416,0,0.00514249,-0.00981748,-0.0259428,-0.00011842,-0.0137133,0.00545415,-0.02057,0.0185441,-0.00702986,0.015659,0,-0.0115991,0.00369277,-0.00460194,0,0.00613592,-0.00460194,-0.0076699,-0.0019635,0.000981748,0.00613592,-0.00153398,0.00920388,0.00306796,-0.0153398,0.0127627,0.000981748,2.18129,0.351562,-0.671165,-4.21875,6.66666,-3.2014,5.1456,-0.878906,0.111861,-1.49414,9.2972,3.26156,-0.391513,0.499531,-5.44085,-2.5,0.3125,0.1875,-2.6875,-0.0625,-0.751953,-0.0976562,-1.875,-0.4375,0,-2.375,0.0625,-0.634766,0.0488281,0.119181,0.0298274,-0.0357296,-0.193975,0.472877,-0.121268,0.266598,-0.0356224,0.0478359,-0.134848,0.559251,0.110302,-0.0401757,0.134576,-0.824358,-0.394665,0.246875,0.0314706,-0.417435,0.0165382,-0.145299,-0.133824,-0.34783,-0.157521,-0.19937,-0.426782,0.211402,-0.145605,0.0246357
44.96,-0.201977,-0.000264186,0.00028123,0.421112,-0.241838,0.003125,-0.202552,0.000272708,-1.33919e-05,0.420191,-0.244117,-0.00323665,0.000133919,-0.000362522,0.00289405,0.00397876,-0.00252867,-0.000814927,0.00853277,-0.000443416,0.00737078,0.00663447,0.00335558,0.00160589,0.00348741,0.00842491,-0.0098031,0.00663447,-0.0012732,-0.2,0,0,0.42,-0.23,0,-0.2,0,0,0.42,-0.23,0,0,0,0,0,0,0,0,0,0,0,0,0,0,0,0,0,0,0.0119991,-0.0109083,0.0171416,-0.0261799,-0.0324509,-0.00750188,-0.00342833,-0.00545415,0.0154275,0,-0.0166584,0.00283417,-0.0308549,-0.0183677,0.00430548,-0.0214757,0,-0.00153398,0.00460194,0.00306796,0.0019635,0.00294524,0.0122718,-0.0076699,0.0076699,0.0138058,-0.00306796,-0.00589049,0.0107992,3.74734,0.351562,-0.391513,-2.63672,7.82041,-3.36136,5.36932,-0.791016,-0.167791,-0.615234,10.0993,3.00326,-0.167791,0.549263,-5.6732,-2.5,0.3125,0.1875,-2.6875,-0.0625,-0.751953,-0.107422,-1.8125,-0.4375,-0.0625,-2.375,0,-0.634766,0.0683594,0.173658,0.0482352,-0.0624062,-0.0620555,0.538409,-0.109996,0.262099,-0.0163625,-0.0295157,-0.0287175,0.598015,0.123798,0.0523891,0.16386,-0.88113,-0.354925,0.252867,0.0438143,-0.435842,0.00580036,-0.149379,-0.135635,-0.360102,-0.145249,-0.18971,-0.448857,0.19913,-0.126799,0.0146649
45.02,-0.202124,-0.000144876,0.000227662,0.420856,-0.243121,0.00332023,-0.202646,0.000315318,-2.67838e-05,0.420021,-0.244936,-0.00301026,0.000133919,-0.000347318,0.00295189,0.00401472,-0.00252867,-0.000790959,0.00852078,-0.000407464,0.00735544,0.00664981,0.00333161,0.0015939,0.00354733,0.00841293,-0.00983905,0.0066268,-0.0012732,-0.2,0,0,0.42,-0.23,0,-0.2,0,0,0.42,-0.23,0,0,0,0,0,0,0,0,0,0,0,0,0,0,0,0,0,0,0.0342833,0.00763582,0.00171416,0.0119991,-0.0220951,0.0210412,0.0188558,0.00109083,0.00171416,0.0119991,-0.0225692,0.00378053,-0.0325691,-0.00676464,0.00307984,-0.00613592,-0.00613592,0.00306796,-0.00153398,-0.00460194,-0.00294524,0.00785398,0.0153398,0.0122718,-0.00460194,0.00153398,-0.0168738,-0.0107992,0.00883573,3.74734,0,-0.223722,-2.8125,9.0631,-3.57374,5.20153,-0.878906,-0.0559304,0.527344,10.9014,2.74496,-0.391513,0.598887,-5.75098,-2.4375,0.3125,0.1875,-2.6875,-0.125,-0.751953,-0.0976562,-1.875,-0.5,0,-2.375,0.0625,-0.615234,0.0488281,0.143821,-0.000784035,-0.0261945,-0.176421,0.569019,-0.174891,0.226905,-0.0337135,-0.000749946,-0.0511437,0.642593,0.11285,0.0575316,0.124489,-0.894808,-0.3892,0.265139,0.033412,-0.422971,0.0127512,-0.144164,-0.14085,-0.363841,-0.183934,-0.168163,-0.423714,0.213655,-0.121737,0.0166284
45.06,-0.202191,-0.000144876,0.000174095,0.420626,-0.243895,0.00327359,-0.20278,0.000332363,-8.03514e-05,0.419825,-0.245654,-0.0029567,0.00021427,-0.000385041,0.00298561,0.00396678,-0.00254066,-0.000814927,0.00852078,-0.000443416,0.00737078,0.00664214,0.00330765,0.00158192,0.00349939,0.00841293,-0.00983905,0.0066268,-0.00128087,-0.2,0,0,0.42,-0.23,0,-0.2,0,0,0.42,-0.23,0,0,0,0,0,0,0,0,0,0,0,0,0,0,0,0,0,0,0.010285,0,-0.00685665,-0.0207258,-0.00753054,-0.00371146,0.0171416,0.00109083,-0.0137133,-0.0163625,-0.0219733,-0.0155258,0.0497107,-0.00193019,0.00246633,0.00306796,-0.00920388,0.0107379,0.0107379,-0.00613592,0.00490874,0.011781,0.00460194,-0.00306796,0,0.0076699,0.0214757,-0.00392699,-0.00392699,3.74734,-0.175781,-0.223722,-1.8457,9.56616,-3.52313,6.87944,-0.878906,0.391513,1.14258,11.5264,2.79902,-0.223722,0.450347,-5.98385,-2.5,0.375,0.1875,-2.75,-0.0625,-0.751953,-0.107422,-1.8125,-0.4375,-0.0625,-2.375,0.0625,-0.615234,0.0488281,0.198514,0.0144876,-0.00369616,-0.0110055,0.570859,-0.123521,0.243725,-0.0354179,0.0354617,0.0917042,0.670108,0.149319,-0.213413,0.121303,-0.903081,-0.402814,0.272473,0.0192706,-0.447515,0.0150042,-0.152324,-0.144624,-0.339969,-0.152056,-0.17497,-0.435986,0.175305,-0.128609,0.0295445
45.12,-0.202218,-0.000110787,0.000187487,0.42043,-0.244109,0.00325107,-0.202941,0.000349407,2.67838e-05,0.419714,-0.246166,-0.00286818,0.000147311,-0.000369836,0.00304345,0.00396678,-0.00254066,-0.000826912,0.00852078,-0.000419448,0.00736311,0.00664214,0.00327169,0.00160589,0.00351138,0.00841293,-0.00981508,0.0066268,-0.00128087,-0.2,0,0,0.42,-0.23,0,-0.2,0,0,0.42,-0.23,0,0,0,0,0,0,0,0,0,0,0,0,0,0,0,0,0,0,-0.02057,-0.00109083,-0.02057,-0.00327249,5.60258e-06,0.00183846,-0.0651382,0.00327249,-0.0119991,-0.0141808,-0.00484786,0.00461836,-0.00857081,0.000970077,0.00185146,0.00460194,-0.00306796,0.00306796,0.00460194,0,-0.00883573,0.00589049,-0.0122718,-0.0168738,-0.0138058,0.0076699,-0.0276117,-0.00589049,-0.0019635,4.4185,0,0.167791,-1.31836,9.74467,-3.52367,7.38281,-0.966797,0.167791,1.49414,11.8829,2.6958,-0.447443,0.49986,-5.90623,-2.5,0.3125,0.1875,-2.75,-0.0625,-0.751953,-0.0976562,-1.8125,-0.4375,0,-2.375,0.0625,-0.615234,0.0683594,0.262902,0.0132604,0.0223913,-0.0514172,0.564349,-0.13372,0.424355,-0.0414857,0.0213199,0.0995938,0.656344,0.10549,-0.0184808,0.108041,-0.91859,-0.405882,0.260201,0.0352097,-0.435243,0.00838896,-0.138426,-0.138733,-0.302626,-0.126841,-0.147957,-0.435986,0.223913,-0.126645,0.027581
45.16,-0.202258,-6.81769e-05,0.000160703,0.420285,-0.244193,0.00320759,-0.202968,0.000409062,-8.03514e-05,0.419637,-0.246347,-0.00290326,0.000147311,-0.000384927,0.00308197,0.00395479,-0.00254066,-0.000874848,0.00853277,-0.000467385,0.00736311,0.0066268,0.00327169,0.0015939,0.00349939,0.00841293,-0.0098031,0.00663447,-0.00128087,-0.2,0,0,0.42,-0.23,0,-0.2,0,0,0.42,-0.23,0,0,0,0,0,0,0,0,0,0,0,0,0,0,0,0,0,0,-0.0154275,0.00872665,-0.010285,-0.00763582,-0.00481425,0.00641242,-0.053139,0,0.0239983,-0.00327249,-0.00426875,-0.00917258,0.02057,-0.00772874,0.00492993,-0.00153398,0,-0.00153398,0.00613592,-0.00306796,0.00785398,0.00589049,0,0,0.0230097,0.00153398,-0.00306796,0.00392699,-0.000981748,4.08292,-0.439453,-0.111861,-0.966797,9.74467,-3.52367,5.92862,-1.14258,0.335582,1.40625,11.9724,2.74823,-0.894886,0.446575,-6.30092,-2.5,0.3125,0.1875,-2.6875,-0.125,-0.761719,-0.107422,-1.8125,-0.4375,-0.0625,-2.375,0.0625,-0.634766,0.0683594,0.256634,-0.0106356,0.00449968,-0.0122335,0.577351,-0.141128,0.403035,-0.0409062,-0.0399614,0.0674673,0.662399,0.134476,-0.105903,0.138664,-0.939381,-0.392411,0.254066,0.0468104,-0.43891,0.0124157,-0.155116,-0.138426,-0.327169,-0.15939,-0.220989,-0.423714,0.19913,-0.136616,0.0265992
45.22,-0.202231,-3.40885e-05,0.000147311,0.420251,-0.244206,0.0031716,-0.202981,0.000460194,-0.000120527,0.419663,-0.246397,-0.00291739,9.37433e-05,-0.000384927,0.00308197,0.00396678,-0.00254066,-0.000826912,0.00852078,-0.000443416,0.00736311,0.0066268,0.00329566,0.00156993,0.00342749,0.00841293,-0.0098031,0.0066268,-0.00128087,-0.2,0,0,0.42,-0.23,0,-0.2,0,0,0.42,-0.23,0,0,0,0,0,0,0,0,0,0,0,0,0,0,0,0,0,0,-0.00171416,0.00981748,0.0119991,-0.0109083,-0.00320576,0.00550059,-0.0445682,-0.00109083,0,-0.00981748,-0.00376807,0.00277496,-0.0257124,-0.0115931,0.0073949,-0.0138058,-0.00460194,-0.00306796,0,0,-0.0019635,-0.00294524,0.00460194,0.0138058,0.00613592,-0.00306796,-0.0184078,-0.015708,0.000981748,4.13885,-0.351562,-0.167791,-0.439453,9.83368,-3.47179,5.87269,-1.05469,0.111861,1.8457,11.9724,2.74823,0,0.595433,-6.37871,-2.4375,0.4375,0.1875,-2.6875,-0.0625,-0.751953,-0.0976562,-1.8125,-0.5,-0.0625,-2.3125,0.0625,-0.605469,0.0683594,0.22653,-0.0162261,-0.0387294,0.00597055,0.574642,-0.137865,0.387233,-0.0438378,0.0120527,0.0898117,0.66341,0.111146,0.0490143,0.150257,-0.946776,-0.369066,0.263269,0.0474815,-0.426039,0.00886833,-0.145299,-0.129591,-0.33877,-0.184605,-0.183646,-0.41451,0.21447,-0.116828,0.0246357
45.26,-0.202137,-4.26106e-05,0.000147311,0.420294,-0.244202,0.00316444,-0.202914,0.000468716,-0.000107135,0.41974,-0.246397,-0.00293175,0.000133919,-0.000362284,0.00309641,0.00396678,-0.00254066,-0.000874848,0.00852078,-0.000419448,0.00736311,0.00663447,0.00327169,0.00155795,0.00340352,0.00841293,-0.00981508,0.00661913,-0.00128087,-0.2,0,0,0.42,-0.23,0,-0.2,0,0,0.42,-0.23,0,0,0,0,0,0,0,0,0,0,0,0,0,0,0,0,0,0,0.0497107,-0.00436332,0.00857081,0.01309,-0.00702986,-0.015659,0.0222841,0.00218166,-0.0137133,0.0174533,0.00379608,-0.0119673,-0.0308549,-0.00193218,0.00369745,-0.0076699,0,-0.00306796,0,-0.00613592,-0.0019635,0.00589049,0,0.0076699,-0.0260777,0.00306796,0.00613592,-0.00785398,0.0019635,3.91513,0.0878906,0.223722,-0.615234,9.83368,-3.47179,5.87269,-1.14258,0.615234,1.66992,11.7944,2.85198,-0.111861,0.496194,-6.22313,-2.5,0.4375,0.1875,-2.6875,-0.0625,-0.751953,-0.0976562,-1.8125,-0.5,0,-2.375,0.0625,-0.605469,0.0488281,0.114306,0.0129877,-0.0318727,-0.0964152,0.582123,-0.0952595,0.246831,-0.051235,0.0381401,-0.0307781,0.64828,0.141204,0.0523891,0.114482,-0.940016,-0.381338,0.254066,0.0498783,-0.426039,0.0145249,-0.145299,-0.13858,-0.327169,-0.171135,-0.118021,-0.426782,0.190166,-0.124529,0.023654
45.32,-0.202151,-5.96548e-05,0.000120527,0.420404,-0.244172,0.00318613,-0.202793,0.000460194,-0.000120527,0.41991,-0.246388,-0.0029605,0.000174095,-0.000347189,0.00308678,0.00400273,-0.00255264,-0.000874848,0.00852078,-0.000443416,0.00736311,0.0066268,0.00329566,0.00158192,0.00339154,0.00841293,-0.0098031,0.00663447,-0.00128854,-0.2,0,0,0.42,-0.23,0,-0.2,0,0,0.42,-0.23,0,0,0,0,0,0,0,0,0,0,0,0,0,0,0,0,0,0,0.0137133,-0.00763582,-0.00514249,0.0141808,-0.00377927,-0.00645189,0.00342833,-0.00109083,0.00685665,0.0479966,-0.00373445,-0.00825582,0,-0.00386437,-0.00862738,0.00920388,-0.0076699,-0.00920388,-0.0107379,0.0076699,-0.00785398,-0.00883573,0,0,0.0184078,-0.00460194,-0.00460194,-0.00490874,-0.00294524,4.02699,0.175781,-0.279652,-1.8457,9.83368,-3.47179,5.20153,-1.14258,0.503374,-0.527344,11.8834,2.8001,-0.447443,0.545813,-5.98976,-2.5,0.375,0.1875,-2.625,-0.125,-0.751953,-0.107422,-1.8125,-0.4375,-0.0625,-2.3125,0.0625,-0.615234,0.0683594,0.187639,0.0212371,-0.00176773,-0.117395,0.574444,-0.114541,0.272491,-0.0438378,-0.00166059,-0.178517,0.663002,0.134932,-0.0522284,0.11575,-0.900153,-0.418681,0.270604,0.0621502,-0.404563,0.00119842,-0.139408,-0.1237,-0.329566,-0.158192,-0.206392,-0.411442,0.200664,-0.127781,0.0287161
45.36,-0.201977,-0.000136354,0.000187487,0.420745,-0.24405,0.00329441,-0.202686,0.000400539,-2.67838e-05,0.420081,-0.246359,-0.00299655,0.000147311,-0.00037738,0.00307716,0.00396678,-0.00255264,-0.00085088,0.00853277,-0.000419448,0.00736311,0.0066268,0.00328368,0.00158192,0.00342749,0.00840094,-0.00981508,0.0066268,-0.0012732,-0.2,0,0,0.42,-0.23,0,-0.2,0,0,0.42,-0.23,0,0,0,0,0,0,0,0,0,0,0,0,0,0,0,0,0,0,0.0171416,-0.00109083,0.0308549,0.019635,0.00426315,-0.011011,-0.0308549,0.00109083,0.0222841,0.01309,-0.00211477,-0.0110209,-0.0222841,0.000966092,-0.00677866,-0.0138058,-0.0076699,0.00153398,-0.00306796,0,0.000981748,-0.0107992,0.00306796,0,-0.00613592,0.00153398,-0.00460194,-0.00981748,0.011781,3.63548,0.0878906,-0.335582,-2.8125,9.47715,-3.575,5.98455,-1.05469,0.503374,-1.05469,11.7944,2.85198,-0.894886,0.496194,-5.91197,-2.4375,0.375,0.1875,-2.6875,-0.0625,-0.761719,-0.107422,-1.8125,-0.4375,0,-2.375,0.0625,-0.634766,0.0683594,0.163373,0.015817,-0.0804585,-0.190348,0.553479,-0.109754,0.330344,-0.0422356,-0.0418899,-0.0644566,0.658583,0.141904,0.0226591,0.110316,-0.902811,-0.369066,0.270604,0.039476,-0.420502,0.00838896,-0.148244,-0.121737,-0.334504,-0.158192,-0.159103,-0.423115,0.200904,-0.122718,0.0136831
45.42,-0.201722,-0.000238619,0.000227662,0.421061,-0.243785,0.00347516,-0.202593,0.000306796,-4.01757e-05,0.420149,-0.246317,-0.00306856,0.000133919,-0.000384931,0.00305308,0.00399075,-0.00254066,-0.000862864,0.00852078,-0.000443416,0.00736311,0.00663447,0.00328368,0.0015939,0.00342749,0.00840094,-0.00981508,0.00663447,-0.00128087,-0.2,0,0,0.42,-0.23,0,-0.2,0,0,0.42,-0.23,0,0,0,0,0,0,0,0,0,0,0,0,0,0,0,0,0,0,0.0239983,-0.00545415,-0.00171416,0.0109083,0.00644514,2.96015e-05,-0.0154275,-0.00654498,-0.00685665,0.00327249,-0.00588284,-0.00824595,-0.02057,-0.00193218,0.00123248,0.0107379,-0.00460194,0,0,-0.0076699,-0.0019635,-0.00294524,0,0.0076699,0,0.00920388,-0.00306796,-0.000981748,0,2.90838,0.351562,-0.447443,-4.13086,9.12109,-3.78251,5.53711,-0.966797,0.447443,0.351562,11.8839,2.9044,-0.279652,0.49997,-6.06163,-2.5,0.3125,0.1875,-2.6875,-0.0625,-0.751953,-0.078125,-1.8125,-0.5,-0.0625,-2.375,0.0625,-0.615234,0.0683594,0.124216,0.0347702,-0.0193379,-0.202737,0.538519,-0.139066,0.290114,-0.0175896,0.0177309,-0.0354149,0.664432,0.139234,0.0215342,0.121276,-0.919622,-0.42055,0.263269,0.0431432,-0.426039,0.0165382,-0.145299,-0.129744,-0.328368,-0.17473,-0.171374,-0.438455,0.19937,-0.131708,0.0256175
45.46,-0.201454,-0.000298274,0.000308014,0.421291,-0.243369,0.00355606,-0.202633,0.000255663,-6.69595e-05,0.420251,-0.246232,-0.00316949,0.000174095,-0.00036232,0.00301936,0.00396678,-0.00254066,-0.000838896,0.00852078,-0.000467385,0.00736311,0.0066268,0.00329566,0.00156993,0.00342749,0.00840094,-0.0098031,0.0066268,-0.00128854,-0.2,0,0,0.42,-0.23,0,-0.2,0,0,0.42,-0.23,0,0,0,0,0,0,0,0,0,0,0,0,0,0,0,0,0,0,0.0308549,-0.00545415,-0.00514249,-0.00763582,0.00375812,-0.00825582,0,-0.00654498,0,0.00654498,0.0021988,-0.016556,0.0154275,0.000966092,-0.000616242,-0.0107379,-0.00153398,0,0,-0.00613592,-0.00490874,-0.00392699,0.00460194,0.0107379,0,0,0.0168738,-0.00490874,-0.00687223,2.5728,0.351562,-0.559304,-4.48242,8.70927,-3.78126,5.08967,-0.878906,0.335582,0.527344,11.8848,3.113,0.0559304,0.599107,-6.06179,-2.5,0.375,0.1875,-2.6875,-0.0625,-0.732422,-0.107422,-1.8125,-0.5,-0.0625,-2.375,0,-0.634766,0.0683594,0.083718,0.0407357,-0.0205164,-0.163076,0.527248,-0.125731,0.263277,-0.0124764,0.00669595,-0.0638426,0.644899,0.159892,-0.0985108,0.105798,-0.903959,-0.375202,0.257134,0.0419448,-0.426039,0.0154836,-0.142353,-0.128609,-0.33877,-0.178469,-0.171374,-0.420047,0.179188,-0.127627,0.0326431
45.52,-0.20132,-0.00028123,0.00028123,0.421453,-0.242901,0.00342176,-0.202646,0.000272708,-4.01757e-05,0.420353,-0.246165,-0.0032847,0.00021427,-0.000377431,0.00301935,0.00400273,-0.00254066,-0.000862864,0.00853277,-0.000419448,0.00736311,0.0066268,0.00328368,0.0015939,0.00345146,0.00840094,-0.00975516,0.00663447,-0.00128087,-0.2,0,0,0.42,-0.23,0,-0.2,0,0,0.42,-0.23,0,0,0,0,0,0,0,0,0,0,0,0,0,0,0,0,0,0,-0.00514249,-0.00654498,-0.0119991,-0.00109083,0.0145452,-0.0155603,0.0137133,-0.00763582,0.00342833,-0.00327249,0.00858792,0.00179899,0.0188558,-0.00579456,0.0049313,-0.0122718,0.00153398,0.00306796,0.0168738,-0.00920388,-0.0019635,-0.00589049,0.00460194,0,-0.00613592,0,0.0107379,0.0019635,0,2.12536,0.351562,-0.447443,-4.6582,8.17615,-3.57104,5.03374,-0.878906,0.223722,-1.31836,11.7063,3.11246,-1.11861,0.49997,-6.06163,-2.5,0.4375,0.1875,-2.75,-0.0625,-0.751953,-0.0976562,-1.8125,-0.4375,0,-2.375,0,-0.615234,0.0683594,0.142321,0.041213,-0.0041247,-0.213544,0.486943,-0.10575,0.23719,-0.0119991,-0.00283908,-0.039915,0.629421,0.12779,-0.120848,0.130613,-0.920599,-0.375729,0.250998,0.0370073,-0.460386,0.0175928,-0.145299,-0.126645,-0.337572,-0.15939,-0.160301,-0.420047,0.184365,-0.134653,0.0256175
45.56,-0.2012,-0.000230097,0.000254446,0.421487,-0.242576,0.00328678,-0.202646,0.000272708,1.33919e-05,0.420473,-0.246089,-0.00342869,0.000133919,-0.00036232,0.00301936,0.00400273,-0.00254066,-0.000826912,0.0085088,-0.000443416,0.00736311,0.0066268,0.00329566,0.00155795,0.00347543,0.00840094,-0.00981508,0.0066268,-0.00128087,-0.2,0,0,0.42,-0.23,0,-0.2,0,0,0.42,-0.23,0,0,0,0,0,0,0,0,0,0,0,0,0,0,0,0,0,0,0.010285,0.0141808,0,0.00872665,0.00101932,-0.0202182,0,0.00109083,0.0479966,0.0152716,0.00166451,-0.0174728,-0.00857081,-0.00580652,-0.00247181,-0.0138058,0,0.0107379,-0.0122718,-0.00153398,-0.00294524,-0.00687223,0.00306796,0.00153398,0.0076699,0,0.00613592,-0.000981748,-0.00589049,2.23722,0.263672,-0.447443,-5.18555,7.90935,-3.41378,5.59304,-0.703125,-0.279652,-0.966797,11.6178,3.26863,-0.223722,0.49986,-5.90623,-2.5,0.3125,0.1875,-2.625,-0.0625,-0.751953,-0.107422,-1.8125,-0.5,0,-2.375,0,-0.634766,0.0683594,0.0994142,-0.00535189,-0.0254446,-0.257928,0.501006,-0.0910349,0.264616,-0.0294524,-0.0973323,-0.131986,0.64023,0.172093,-0.0144632,0.126116,-0.898392,-0.372662,0.254066,0.0198698,-0.400896,0.0104023,-0.144317,-0.125664,-0.335702,-0.158863,-0.189111,-0.420047,0.190166,-0.131554,0.031508
45.62,-0.2012,-0.00016192,0.000267838,0.421453,-0.242479,0.00326571,-0.202633,0.00028123,-6.69595e-05,0.420413,-0.246068,-0.00343594,0.000187487,-0.000339646,0.00302419,0.00403868,-0.00256462,-0.000874848,0.00853277,-0.000467385,0.00736311,0.00663447,0.00330765,0.00156993,0.00345146,0.00840094,-0.00979111,0.00663447,-0.00128087,-0.2,0,0,0.42,-0.23,0,-0.2,0,0,0.42,-0.23,0,0,0,0,0,0,0,0,0,0,0,0,0,0,0,0,0,0,-0.0188558,-0.0141808,0.010285,0.00545415,0.00319803,-0.0146929,0.0137133,-0.00872665,-0.0239983,-0.0436332,0.00323938,-0.00553019,-0.00514249,0.00097207,0.00308531,0,0.00613592,0,0,-0.0168738,-0.00392699,0.0019635,0.00460194,-0.00153398,-0.00153398,-0.00153398,-0.0122718,-0.00392699,0.00392699,1.8457,0.0878906,-0.335582,-4.74609,7.73196,-3.41324,5.20153,-0.791016,0.503374,1.58203,11.7073,3.32106,-0.167791,0.49986,-5.90623,-2.5,0.3125,0.1875,-2.6875,-0.0625,-0.732422,-0.107422,-1.8125,-0.4375,-0.0625,-2.375,0.0625,-0.605469,0.0683594,0.157696,0.0445536,-0.0473537,-0.239724,0.492767,-0.101242,0.23585,-0.0106697,0.0546925,0.112583,0.63624,0.148498,-0.0408185,0.0989776,-0.916514,-0.403868,0.244191,0.0437424,-0.426638,0.0262215,-0.143335,-0.134653,-0.339969,-0.153925,-0.169505,-0.416979,0.208094,-0.128762,0.0216905
45.66,-0.201294,-0.000187487,0.000227662,0.421427,-0.242488,0.00325129,-0.202686,0.000289752,-0.000107135,0.420362,-0.246089,-0.00344304,0.000187487,-0.00036232,0.00301936,0.00401472,-0.00256462,-0.000862864,0.0085088,-0.000419448,0.00737078,0.0066268,0.00329566,0.00155795,0.00347543,0.00841293,-0.00983905,0.00663447,-0.00128087,-0.2,0,0,0.42,-0.23,0,-0.2,0,0,0.42,-0.23,0,0,0,0,0,0,0,0,0,0,0,0,0,0,0,0,0,0,-0.0171416,0.00545415,0.0188558,0.0163625,0.00810433,-0.000882226,-0.00685665,-0.00218166,-0.0154275,0.0261799,-0.00536535,-0.0018138,0.02057,-0.00966889,0.00122701,-0.00613592,0,-0.00306796,0.00460194,0.00153398,0.00981748,-0.00294524,0,0.00460194,0.00306796,0,-0.0168738,0,0,2.40501,0,-0.503374,-4.48242,7.90982,-3.51808,5.92862,-0.878906,0.503374,-0.615234,11.6178,3.26863,-0.615234,0.598997,-5.90639,-2.5,0.4375,0.1875,-2.75,-0.0625,-0.761719,-0.107422,-1.8125,-0.5,0,-2.375,0.0625,-0.615234,0.0488281,0.163642,0.00784035,-0.0604778,-0.279521,0.483294,-0.128287,0.282347,-0.0246119,0.0415684,-0.159003,0.654288,0.141349,-0.117956,0.137703,-0.909489,-0.3892,0.256462,0.0492791,-0.434644,0.00685498,-0.157233,-0.129591,-0.329566,-0.164999,-0.179907,-0.420646,0.213655,-0.132689,0.0256175
45.72,-0.201401,-0.00016192,0.000241054,0.421333,-0.242572,0.0032509,-0.202713,0.000289752,-2.67838e-05,0.420243,-0.246097,-0.00342865,0.000160703,-0.000354757,0.00302418,0.00401472,-0.00256462,-0.000886833,0.00853277,-0.000443416,0.00737078,0.0066268,0.00328368,0.00155795,0.00340352,0.00840094,-0.00982706,0.00663447,-0.00128087,-0.2,0,0,0.42,-0.23,0,-0.2,0,0,0.42,-0.23,0,0,0,0,0,0,0,0,0,0,0,0,0,0,0,0,0,0,0.0377116,0.0109083,0.00342833,-0.00872665,-0.00110896,-0.00919725,-0.00857081,-0.00436332,-0.00857081,-0.0272708,-0.00431357,0.00553512,-0.00171416,-3.98546e-06,-0.0024677,-0.00306796,0.0076699,0,-0.0076699,-0.00153398,0.00883573,-0.00785398,-0.00306796,0.0138058,0.00306796,0.00460194,-0.00613592,0.00392699,0.000981748,2.5728,0.175781,-0.335582,-4.13086,8.08674,-3.41432,5.87269,-0.878906,0.503374,0.527344,11.5283,3.21621,-0.559304,0.49986,-5.90623,-2.5,0.4375,0.1875,-2.6875,-0.125,-0.751953,-0.0976562,-1.8125,-0.4375,-0.0625,-2.375,0.0625,-0.615234,0.0683594,0.0646478,-0.0056246,-0.0309621,-0.165101,0.505098,-0.111642,0.288455,-0.0202485,0.01982,0.0726989,0.652522,0.126076,-0.0430683,0.106439,-0.899852,-0.395336,0.241123,0.0443416,-0.411299,0.0104023,-0.156251,-0.124682,-0.322232,-0.183407,-0.176312,-0.429251,0.202677,-0.136616,0.0246357
45.76,-0.201602,-0.00016192,0.000241054,0.421171,-0.242656,0.00327925,-0.2027,0.000298274,-5.35676e-05,0.420302,-0.246089,-0.00342869,0.000147311,-0.000362289,0.00303864,0.00400273,-0.00254066,-0.00085088,0.00853277,-0.000443416,0.00737078,0.00661913,0.00328368,0.00154597,0.00342749,0.00841293,-0.00981508,0.00663447,-0.00128087,-0.2,0,0,0.42,-0.23,0,-0.2,0,0,0.42,-0.23,0,0,0,0,0,0,0,0,0,0,0,0,0,0,0,0,0,0,0.0428541,0,0.0119991,-0.0163625,-0.00322604,0.00550059,-0.00514249,0.0109083,-0.00685665,0.00327249,-0.000500678,-0.0119475,-0.00171416,-0.00774268,-0.00370703,-0.0153398,-0.00613592,-0.00920388,-0.00460194,-0.0076699,0.00883573,-0.0127627,0,-0.00920388,-0.0138058,-0.00613592,0.00153398,0.00294524,0.00294524,2.62873,-0.175781,-0.335582,-3.25195,8.17567,-3.46674,5.36932,-0.878906,0.503374,-0.791016,11.7068,3.21676,-0.559304,0.64851,-5.82876,-2.4375,0.375,0.1875,-2.6875,-0.0625,-0.751953,-0.107422,-1.8125,-0.4375,0,-2.375,0,-0.615234,0.0683594,0.074451,0.016192,-0.0481037,-0.110271,0.512707,-0.142171,0.280258,-0.051644,0.0190701,-0.0584238,0.64456,0.161043,-0.0390508,0.131915,-0.90047,-0.369594,0.266337,0.0609518,-0.417435,0.0165382,-0.156251,-0.11962,-0.328368,-0.136189,-0.143763,-0.408374,0.194768,-0.135635,0.0226722
45.82,-0.201789,-0.000178964,0.00021427,0.421069,-0.242847,0.00322811,-0.20266,0.000289752,-0.000107135,0.420234,-0.246093,-0.00340711,0.000160703,-0.000354741,0.00303382,0.00400273,-0.00256462,-0.000862864,0.00853277,-0.000407464,0.00736311,0.00663447,0.00328368,0.00156993,0.0034155,0.00841293,-0.00976714,0.00664214,-0.00128854,-0.2,0,0,0.42,-0.23,0,-0.2,0,0,0.42,-0.23,0,0,0,0,0,0,0,0,0,0,0,0,0,0,0,0,0,0,-0.00514249,-0.00763582,0.00685665,-0.00763582,0.00321484,-0.00917752,-0.0137133,0.00218166,-0.0154275,-0.01309,-0.0085431,-0.0165067,0.00342833,-0.00483644,-0.000620346,0,-0.00306796,-0.00460194,0.0076699,0,-0.0019635,0,0.00306796,0.0107379,0.00613592,0,0.00153398,0.00589049,-0.00687223,3.46768,-0.175781,-0.167791,-3.25195,8.35306,-3.46728,5.7049,-0.878906,0.335582,-0.791016,11.7963,3.26918,-0.615234,0.549483,-5.98401,-2.5,0.4375,0.1875,-2.6875,-0.0625,-0.751953,-0.078125,-1.875,-0.4375,-0.0625,-2.375,0.0625,-0.615234,0.0488281,0.189193,0.0331681,-0.0351403,-0.129839,0.507432,-0.11077,0.293383,-0.0333385,0.0415684,0.0172542,0.660815,0.169298,-0.0584958,0.120932,-0.908286,-0.400273,0.262598,0.0523471,-0.441978,0.00814927,-0.145299,-0.132689,-0.334504,-0.178469,-0.183047,-0.420646,0.193809,-0.138733,0.0326431
45.88,-0.201869,-0.00016192,0.00021427,0.420984,-0.243037,0.00322007,-0.202646,0.000298274,-4.01757e-05,0.420251,-0.246123,-0.0033998,0.000147311,-0.000362284,0.00304827,0.00397876,-0.00254066,-0.00085088,0.0085088,-0.000443416,0.00736311,0.00663447,0.00329566,0.00158192,0.00340352,0.00841293,-0.00979111,0.00663447,-0.00128087,-0.2,0,0,0.42,-0.23,0,-0.2,0,0,0.42,-0.23,0,0,0,0,0,0,0,0,0,0,0,0,0,0,0,0,0,0,0.0308549,0.00545415,0.00857081,-0.0141808,0.000520866,-0.00643216,0.010285,0,0.0257124,0.00872665,-0.00694582,-0.0119179,-0.0137133,-0.00193218,0.00246497,-0.00306796,0.00460194,-0.00920388,0.00920388,-0.00613592,0.0107992,0.00294524,0.00153398,0.0076699,-0.00920388,-0.00153398,-0.00613592,-0.00981748,0.00687223,3.1321,0.0878906,-0.391513,-2.98828,8.52997,-3.36352,5.7049,-0.878906,0.111861,0.175781,11.7068,3.21676,-0.391513,0.595433,-6.06755,-2.5,0.3125,0.1875,-2.75,-0.0625,-0.751953,-0.0976562,-1.8125,-0.4375,-0.0625,-2.375,0.0625,-0.605469,0.0488281,0.125233,0.00528371,-0.0385687,-0.0908743,0.520421,-0.115938,0.244046,-0.0298274,-0.0474073,-0.0725693,0.658797,0.159828,-0.00305336,0.114482,-0.921876,-0.39174,0.244862,0.0609518,-0.443848,0.0150042,-0.158061,-0.135635,-0.332634,-0.173532,-0.151768,-0.417578,0.201958,-0.122872,0.0187452
45.92,-0.202003,-0.000170442,0.000187487,0.420899,-0.243142,0.00322676,-0.202606,0.00032384,-4.01757e-05,0.4202,-0.246119,-0.00337828,0.000200878,-0.000369836,0.00304345,0.00400273,-0.00254066,-0.00085088,0.00852078,-0.000443416,0.00737078,0.00663447,0.00328368,0.00158192,0.00347543,0.00840094,-0.00977913,0.00664214,-0.00128854,-0.2,0,0,0.42,-0.23,0,-0.2,0,0,0.42,-0.23,0,0,0,0,0,0,0,0,0,0,0,0,0,0,0,0,0,0,-0.010285,0.00109083,-0.00685665,-0.0119991,0.00217311,0.0036868,0.0514249,-0.00545415,0.0171416,0.0174533,0.000539896,-0.000921699,0.0394257,-0.00290027,0.000614874,-0.0199418,-0.00306796,0.0107379,-0.0076699,0,0.00490874,0.00883573,-0.00153398,-0.0153398,-0.0076699,0.00460194,0,0.000981748,-0.00490874,3.18803,0.0878906,-0.167791,-2.90039,8.61891,-3.41594,4.30664,-0.791016,0.111861,-0.878906,11.7068,3.21676,-0.950817,0.549593,-6.13941,-2.4375,0.3125,0.1875,-2.6875,-0.0625,-0.761719,-0.107422,-1.8125,-0.4375,0,-2.375,0.0625,-0.615234,0.0488281,0.220906,0.0148626,-0.00503535,-0.0868202,0.521338,-0.136444,0.157749,-0.0214757,-0.0302657,-0.0998047,0.643661,0.136975,-0.178541,0.119652,-0.91488,-0.36039,0.260201,0.0210683,-0.410699,0.00886833,-0.152324,-0.141525,-0.3253,-0.127512,-0.158431,-0.429251,0.195583,-0.133824,0.0306796
45.98,-0.201963,-0.000110787,0.000187487,0.420882,-0.243231,0.0032048,-0.202686,0.000315318,-0.000120527,0.420157,-0.246127,-0.00337824,0.000187487,-0.000362284,0.00304827,0.00400273,-0.00256462,-0.00085088,0.00853277,-0.000443416,0.00735544,0.00664214,0.00329566,0.00155795,0.00348741,0.00841293,-0.00983905,0.00663447,-0.00131155,-0.2,0,0,0.42,-0.23,0,-0.2,0,0,0.42,-0.23,0,0,0,0,0,0,0,0,0,0,0,0,0,0,0,0,0,0,0.010285,-0.00545415,0.00171416,-0.00109083,0.0021507,-0.00366706,0.00685665,0,-0.00342833,0.0250891,-0.000523089,-0.00459369,-0.00514249,-0.00289828,0.00184873,-0.00153398,-0.0076699,0.0076699,0.0076699,-0.0138058,-0.00883573,0.00490874,-0.00460194,-0.0168738,-0.00153398,-0.0076699,0.0199418,0,-0.0215984,3.57955,0.0878906,-0.391513,-2.72461,8.70736,-3.36406,6.04048,-0.966797,0.559304,-0.0878906,11.7068,3.21676,-0.615234,0.496194,-6.06755,-2.5,0.375,0.1875,-2.6875,-0.125,-0.771484,-0.107422,-1.8125,-0.4375,-0.0625,-2.3125,0.0625,-0.615234,0.0683594,0.175747,0.0219871,-0.022177,-0.127896,0.524932,-0.120858,0.25492,-0.0315318,0.0189094,-0.12396,0.646122,0.144317,-0.0408185,0.11738,-0.920027,-0.397205,0.271802,0.0272042,-0.441978,0.0226742,-0.138273,-0.137751,-0.320362,-0.122047,-0.171303,-0.405306,0.176839,-0.132689,0.0478295
46.02,-0.201963,-0.000110787,0.000160703,0.420882,-0.243222,0.0032192,-0.202686,0.000332363,-5.35676e-05,0.4202,-0.246119,-0.0033639,0.000133919,-0.000369836,0.00304345,0.00399075,-0.00256462,-0.00085088,0.00852078,-0.000455401,0.00736311,0.00663447,0.00329566,0.00158192,0.00345146,0.00840094,-0.00981508,0.00664214,-0.00128854,-0.2,0,0,0.42,-0.23,0,-0.2,0,0,0.42,-0.23,0,0,0,0,0,0,0,0,0,0,0,0,0,0,0,0,0,0,0.0394257,0.00436332,-0.00342833,0.00545415,0.00487828,0.00461836,0.0325691,0.00327249,0.00514249,0.01309,-0.00425754,-0.0128495,-0.00685665,0.0019282,-0.00370019,0.0184078,0,0.0138058,-0.0076699,-0.0138058,-0.00294524,0.00687223,0.00306796,-0.00460194,-0.00306796,0,0.0122718,0.000981748,-0.00785398,3.41175,0.0878906,-0.335582,-2.8125,8.61891,-3.41594,5.31339,-0.966797,0,-0.703125,11.7068,3.21676,-0.335582,0.400723,-5.90607,-2.5,0.3125,0.1875,-2.625,-0.0625,-0.751953,-0.0976562,-1.8125,-0.4375,-0.0625,-2.375,0.0625,-0.605469,0.0488281,0.117465,0.0023521,-0.00921362,-0.154076,0.519138,-0.138005,0.203495,-0.0397812,-0.00492822,-0.0823514,0.653257,0.160255,-0.0196057,0.105166,-0.901935,-0.43589,0.256462,0.0149323,-0.410699,0.0229138,-0.144317,-0.139562,-0.335702,-0.148988,-0.166437,-0.420047,0.18403,-0.133824,0.0336249
46.08,-0.201963,-0.000136354,0.000187487,0.420899,-0.243218,0.0032264,-0.20266,0.000332363,-5.35676e-05,0.420226,-0.246114,-0.0033711,0.000187487,-0.000354737,0.00305308,0.00396678,-0.00254066,-0.000886833,0.00853277,-0.000431432,0.00736311,0.0066268,0.00328368,0.00156993,0.00345146,0.00841293,-0.00981508,0.00664214,-0.0012732,-0.2,0,0,0.42,-0.23,0,-0.2,0,0,0.42,-0.23,0,0,0,0,0,0,0,0,0,0,0,0,0,0,0,0,0,0,-0.00857081,-0.00218166,0.00514249,0.0119991,0.00808752,-0.00639762,0,0.00218166,-0.0154275,-0.0119991,0.00213718,0.00366706,0.0188558,-0.00579655,0.00369745,0.0107379,0.0076699,0.00153398,0,-0.00306796,0.00490874,-0.00392699,0.00153398,-0.0214757,0,0.00306796,0.00306796,0.011781,0.00785398,3.69141,0,-0.391513,-3.33984,8.61891,-3.41594,5.53711,-0.966797,0.559304,-0.0878906,11.6173,3.16434,-0.391513,0.595433,-5.91197,-2.5625,0.3125,0.1875,-2.6875,-0.0625,-0.771484,-0.107422,-1.875,-0.375,-0.0625,-2.375,0.0625,-0.615234,0.0683594,0.213458,0.0179987,-0.0290336,-0.182813,0.512549,-0.116261,0.265956,-0.0375996,0.0362117,0.0141694,0.640299,0.12751,-0.112813,0.123811,-0.927018,-0.418154,0.238726,0.0412737,-0.426638,0.0116966,-0.152171,-0.128609,-0.331436,-0.114042,-0.172573,-0.426782,0.193234,-0.144624,0.0176101
46.12,-0.201883,-0.000144876,0.000187487,0.42095,-0.243201,0.00322649,-0.202633,0.000332363,-6.69595e-05,0.420234,-0.246119,-0.00337828,0.000133919,-0.000354737,0.00304346,0.00400273,-0.00256462,-0.000886833,0.00852078,-0.000431432,0.00736311,0.00663447,0.00329566,0.00155795,0.00342749,0.00840094,-0.00985103,0.00663447,-0.00128854,-0.2,0,0,0.42,-0.23,0,-0.2,0,0,0.42,-0.23,0,0,0,0,0,0,0,0,0,0,0,0,0,0,0,0,0,0,0.0171416,-0.00981748,-0.0154275,-0.00218166,0.00486148,-0.000897028,0.010285,0.00218166,-0.0137133,0.00109083,-0.00695142,-0.0100795,-0.0291408,0.00289828,0.00308121,0,0.00460194,0.00306796,-0.0138058,-0.0153398,-0.00392699,0.00490874,-0.00613592,-0.0199418,0.00306796,0.00153398,-0.00920388,0.00294524,-0.00490874,3.46768,0,-0.223722,-3.25195,8.61891,-3.41594,5.64897,-0.878906,0.447443,-0.175781,11.7068,3.21676,-0.335582,0.496194,-6.06755,-2.5,0.3125,0.1875,-2.5625,-0.0625,-0.751953,-0.107422,-1.75,-0.4375,-0.0625,-2.375,0.0625,-0.615234,0.0488281,0.153999,0.0341225,0.0121063,-0.133761,0.518325,-0.127266,0.242707,-0.0375996,0.0341225,-0.039469,0.658643,0.15529,0.0472466,0.0977263,-0.92228,-0.400273,0.247259,0.0382057,-0.398428,0.0239685,-0.143335,-0.137598,-0.317294,-0.115911,-0.17751,-0.423115,0.206225,-0.135635,0.0306796
46.18,-0.201802,-0.000127832,0.000187487,0.421018,-0.24318,0.00324813,-0.202619,0.000332363,2.67838e-05,0.420234,-0.246114,-0.0033711,0.000160703,-0.000362289,0.00303864,0.00399075,-0.00256462,-0.000886833,0.00852078,-0.000443416,0.00737078,0.00663447,0.00329566,0.00156993,0.00340352,0.00840094,-0.00979111,0.00663447,-0.0012732,-0.2,0,0,0.42,-0.23,0,-0.2,0,0,0.42,-0.23,0,0,0,0,0,0,0,0,0,0,0,0,0,0,0,0,0,0,0.0222841,0,-0.00342833,0.019635,0.000532071,-0.00275523,0.0119991,-0.00872665,0.010285,0.0239983,-0.00268267,-0.000906898,-0.0188558,-0.00579655,0.00369745,0.00306796,-0.0184078,0.0184078,0,-0.00306796,0.00490874,0.00294524,0.0107379,0.00920388,0.0076699,0.00920388,-0.0076699,0.0137445,0.000981748,3.41175,-0.175781,-0.279652,-2.8125,8.61891,-3.41594,5.31339,-0.791016,0.111861,-0.791016,11.7068,3.21676,0,0.599107,-6.06179,-2.5,0.375,0.1875,-2.6875,-0.0625,-0.761719,-0.0976562,-1.875,-0.4375,-0.0625,-2.375,0.0625,-0.634766,0.0683594,0.135679,0.0127832,-0.011892,-0.231251,0.526137,-0.124415,0.23794,-0.015783,-0.0232483,-0.131099,0.649938,0.136658,0.00835655,0.126076,-0.922684,-0.405211,0.293278,0.00752609,-0.426039,0.0119363,-0.152324,-0.135635,-0.351042,-0.175401,-0.185516,-0.438455,0.203492,-0.146434,0.0244823
46.22,-0.201802,-0.000144876,0.00021427,0.421078,-0.243163,0.00324821,-0.20266,0.00032384,-5.35676e-05,0.420234,-0.246127,-0.0033926,0.00021427,-0.000354741,0.00303382,0.00397876,-0.00254066,-0.000874848,0.00853277,-0.000443416,0.00736311,0.00663447,0.00330765,0.00156993,0.00345146,0.00841293,-0.0098031,0.0066268,-0.00126553,-0.2,0,0,0.42,-0.23,0,-0.2,0,0,0.42,-0.23,0,0,0,0,0,0,0,0,0,0,0,0,0,0,0,0,0,0,0.00514249,0.00109083,0.0137133,-0.0119991,0.00921889,0.0101535,-0.0428541,0,0.00342833,0.0239983,-0.000500678,-0.0119475,0.0548532,-0.000968085,-0.00061761,0,-0.00613592,0.0122718,-0.00613592,0.00153398,-0.00392699,0.00294524,-0.0107379,0.00460194,0.00153398,0.0076699,0.00153398,-0.00392699,0.0127627,3.41175,-0.263672,-0.279652,-4.48242,8.53045,-3.46782,5.48118,-0.878906,0.279652,-0.175781,11.6178,3.26863,-1.00675,0.49986,-5.90623,-2.5,0.375,0.1875,-2.625,-0.125,-0.751953,-0.107422,-1.75,-0.4375,0,-2.375,0.0625,-0.634766,0.0683594,0.169962,0.0123059,-0.0488536,-0.113665,0.508088,-0.150235,0.351664,-0.032384,-0.00149989,-0.131099,0.646076,0.159599,-0.228841,0.109327,-0.908294,-0.397876,0.266337,0.0191987,-0.414367,0.00733435,-0.143335,-0.135635,-0.309289,-0.166197,-0.175641,-0.435986,0.194528,-0.128609,0.012548
46.28,-0.201762,-0.000127832,0.000200878,0.421095,-0.243159,0.00324105,-0.202619,0.000332363,-5.35676e-05,0.420243,-0.246114,-0.0033711,0.000147311,-0.000354737,0.00304346,0.00399075,-0.00254066,-0.00085088,0.0085088,-0.000419448,0.00736311,0.0066268,0.00328368,0.00158192,0.00346344,0.00841293,-0.00985103,0.00661146,-0.00128854,-0.2,0,0,0.42,-0.23,0,-0.2,0,0,0.42,-0.23,0,0,0,0,0,0,0,0,0,0,0,0,0,0,0,0,0,0,0.010285,0,-0.00171416,0.00109083,0.00327086,0.00920712,0.0154275,-0.00545415,0.00171416,-0.0152716,-0.000534294,-0.000916765,-0.0188558,-0.00483046,0.00308121,-0.0076699,-0.0138058,0.00613592,-0.0138058,0,-0.00294524,-0.0107992,-0.00460194,0.00306796,0.0138058,-0.00306796,-0.0138058,-0.011781,-0.00294524,3.18803,0.0878906,-0.279652,-3.16406,8.61938,-3.52024,4.97781,-0.791016,-0.223722,-1.49414,11.7068,3.21676,-0.671165,0.595433,-5.91197,-2.5,0.375,0.1875,-2.6875,-0.125,-0.761719,-0.0976562,-1.8125,-0.4375,0,-2.375,0,-0.644531,0.0488281,0.15566,0.0127832,-0.0166595,-0.168582,0.519817,-0.148056,0.231084,-0.0223279,0.00192843,0.0247024,0.645642,0.136678,0.0123741,0.120912,-0.92228,-0.383735,0.281677,0.0302722,-0.397828,0.00838896,-0.144317,-0.121737,-0.319164,-0.164328,-0.200784,-0.41451,0.210826,-0.120448,0.0287161
46.32,-0.201749,-0.000144876,0.00021427,0.421044,-0.243159,0.00324105,-0.20266,0.00032384,-2.67838e-05,0.420251,-0.246118,-0.00339264,0.000174095,-0.000362304,0.003029,0.00399075,-0.00255264,-0.000874848,0.0085088,-0.000443416,0.00737078,0.0066268,0.00329566,0.00158192,0.00345146,0.00841293,-0.00983905,0.0066268,-0.00128854,-0.2,0,0,0.42,-0.23,0,-0.2,0,0,0.42,-0.23,0,0,0,0,0,0,0,0,0,0,0,0,0,0,0,0,0,0,0.00171416,0.00109083,0.0188558,-0.0109083,0.00757786,0.00371147,-0.00514249,-0.00327249,-0.0171416,0.01309,-0.00749132,-0.00915778,0.0137133,-0.0087028,0.00061077,0.0168738,-0.0122718,0.00613592,0,-0.0138058,0.00687223,-0.00294524,-0.0107379,-0.00460194,0.0076699,0.0076699,0,-0.00981748,-0.00294524,3.24396,-0.175781,-0.335582,-1.8457,8.53045,-3.46782,5.76083,-1.05469,0.223722,-0.175781,11.7068,3.21676,-0.503374,0.599107,-6.06179,-2.5625,0.3125,0.1875,-2.6875,-0.0625,-0.751953,-0.0976562,-1.8125,-0.4375,-0.0625,-2.375,0.0625,-0.615234,0.0683594,0.171462,0.0123059,-0.0591386,-0.112914,0.511203,-0.137065,0.276241,-0.0258391,0.0369616,-0.0900226,0.659721,0.154021,-0.0933683,0.1348,-0.910532,-0.432822,0.279808,0.0314706,-0.42544,0.0226742,-0.154288,-0.129591,-0.30809,-0.148988,-0.187913,-0.435986,0.196781,-0.122718,0.0287161
46.38,-0.201762,-0.000127832,0.000187487,0.421078,-0.243167,0.00322665,-0.202646,0.000332363,-5.35676e-05,0.420208,-0.246119,-0.00337828,0.000120527,-0.000354737,0.00304346,0.00400273,-0.00254066,-0.000898817,0.00853277,-0.000467385,0.00737078,0.0066268,0.00328368,0.00158192,0.00347543,0.00840094,-0.00981508,0.00663447,-0.00128087,-0.2,0,0,0.42,-0.23,0,-0.2,0,0,0.42,-0.23,0,0,0,0,0,0,0,0,0,0,0,0,0,0,0,0,0,0,0.0188558,0.00545415,-0.00857081,-0.00109083,0.000565687,0.00827555,0.00171416,-0.00109083,0.00171416,0,0.00480304,0.0100893,-0.0257124,0.00579655,0.00369745,0.00153398,-0.00613592,0.00306796,-0.00306796,-0.00613592,0.00687223,0.00392699,0.00306796,0.00460194,-0.00153398,-0.00153398,0.0184078,0.0019635,0.0019635,3.41175,0.0878906,-0.167791,-2.54883,8.61938,-3.52024,5.20153,-0.966797,0.671165,0.439453,11.6173,3.16434,-0.559304,0.446575,-5.83418,-2.5,0.3125,0.1875,-2.625,-0.0625,-0.751953,-0.107422,-1.875,-0.5,0,-2.375,0,-0.615234,0.0683594,0.138518,0.00187487,-0.00160703,-0.157298,0.525566,-0.145617,0.261188,-0.0310546,0.00192843,-0.0312701,0.635134,0.114952,0.0409792,0.0890315,-0.924129,-0.403341,0.266337,0.0388049,-0.420502,0.0154836,-0.154288,-0.136463,-0.334504,-0.167396,-0.170703,-0.416979,0.177894,-0.134653,0.023654
46.42,-0.201802,-0.000144876,0.000187487,0.421044,-0.243176,0.00325533,-0.202606,0.00032384,-6.69595e-05,0.420285,-0.246119,-0.00337828,0.000133919,-0.000369852,0.00303381,0.00397876,-0.00254066,-0.000886833,0.00853277,-0.000467385,0.00737078,0.00663447,0.00329566,0.00155795,0.00346344,0.00841293,-0.00976714,0.00663447,-0.00128087,-0.2,0,0,0.42,-0.23,0,-0.2,0,0,0.42,-0.23,0,0,0,0,0,0,0,0,0,0,0,0,0,0,0,0,0,0,-0.00342833,0.00981748,-0.00857081,-0.0152716,0.00324845,0.00185327,0.0257124,-0.00327249,-0.0222841,-0.0119991,-0.00160848,-0.000911831,0.00514249,0,0,-0.0168738,0,0.00460194,0,-0.00613592,0.0107992,-0.00392699,0.00306796,-0.00153398,0,0.00306796,0.00460194,0.0019635,0,3.46768,-0.175781,-0.335582,-3.07617,8.61891,-3.41594,5.87269,-0.966797,0.447443,0.263672,11.7068,3.21676,-0.447443,0.49997,-6.06163,-2.5,0.3125,0.1875,-2.6875,-0.0625,-0.761719,-0.107422,-1.8125,-0.4375,-0.0625,-2.375,0,-0.615234,0.0683594,0.187104,-0.00514736,-0.00160703,-0.0954606,0.520535,-0.13392,0.209174,-0.0258391,0.0512642,0.00521979,0.647957,0.136955,-0.0556032,0.110956,-0.910144,-0.364129,0.254066,0.0351377,-0.426638,0.0154836,-0.158215,-0.128762,-0.335702,-0.152727,-0.173172,-0.426782,0.190741,-0.134653,0.0256175
46.48,-0.201883,-0.000144876,0.000227662,0.421027,-0.243188,0.00324809,-0.202593,0.000315318,-6.69595e-05,0.420277,-0.246114,-0.0033711,0.000200878,-0.000369836,0.00304345,0.00399075,-0.00255264,-0.000874848,0.00854475,-0.000467385,0.00736311,0.0066268,0.00329566,0.00156993,0.00342749,0.00840094,-0.00981508,0.00663447,-0.00128087,-0.2,0,0,0.42,-0.23,0,-0.2,0,0,0.42,-0.23,0,0,0,0,0,0,0,0,0,0,0,0,0,0,0,0,0,0,0.00685665,-0.00218166,0.0325691,-0.00109083,-0.00486708,-0.000941435,-0.00171416,-0.00763582,0.00342833,0,0.00269388,-0.00277003,0.0428541,0,0,-0.00920388,-0.0122718,0.0230097,0.00613592,-0.0138058,-0.0019635,-0.000981748,0.0107379,-0.00153398,0.0168738,0.00920388,0,0.000981748,-0.00392699,3.35582,0.175781,-0.335582,-3.42773,8.61891,-3.41594,5.31339,-0.966797,0.279652,-0.439453,11.7068,3.21676,-0.671165,0.450347,-5.98385,-2.5,0.375,0.1875,-2.625,-0.0625,-0.751953,-0.107422,-1.8125,-0.4375,-0.0625,-2.375,0,-0.615234,0.0683594,0.174569,0.0188509,-0.0879044,-0.149627,0.537273,-0.128041,0.262688,-0.0162602,-0.000160702,-0.0414982,0.639185,0.140384,-0.188826,0.110951,-0.913036,-0.380667,0.279808,-0.002277,-0.439509,0.0231535,-0.145299,-0.131554,-0.351042,-0.153925,-0.205122,-0.438455,0.196302,-0.133671,0.0295445
46.52,-0.201896,-0.000144876,0.000187487,0.421027,-0.243197,0.00323369,-0.202566,0.000340885,0,0.4202,-0.246114,-0.0033711,0.00021427,-0.000369836,0.00304345,0.00396678,-0.00258859,-0.000862864,0.00852078,-0.000467385,0.00736311,0.00661913,0.00329566,0.00155795,0.00342749,0.00841293,-0.0098031,0.00663447,-0.00129621,-0.2,0,0,0.42,-0.23,0,-0.2,0,0,0.42,-0.23,0,0,0,0,0,0,0,0,0,0,0,0,0,0,0,0,0,0,0.0222841,-0.00436332,0,0.0250891,0,0,0.0274266,0.0174533,0.00685665,-0.0250891,-0.00801441,-0.0137515,0,-0.00289828,0.00184873,-0.0168738,-0.0168738,0.0107379,-0.00460194,-0.0138058,-0.000981748,-0.00687223,0.00153398,-0.00153398,0.0122718,-0.00306796,-0.0122718,0.0137445,-0.0147262,2.96431,0,-0.0559304,-3.42773,8.53045,-3.46782,5.1456,-1.05469,0.223722,-0.351562,11.7073,3.32106,-0.559304,0.450347,-5.98385,-2.5,0.375,0.1875,-2.6875,-0.0625,-0.751953,-0.107422,-1.8125,-0.4375,-0.0625,-2.3125,0.0625,-0.644531,0.0683594,0.145054,0.0232142,-0.0187487,-0.254347,0.527879,-0.129348,0.201728,-0.068995,-0.0137133,0.0703649,0.660602,0.162347,-0.0642811,0.119646,-0.918582,-0.36293,0.292607,0.0216675,-0.416835,0.0231535,-0.14628,-0.12551,-0.332634,-0.152727,-0.195918,-0.41451,0.208334,-0.146434,0.0406505
46.58,-0.201883,-0.000144876,0.000187487,0.421001,-0.243189,0.00323373,-0.202606,0.000332363,-5.35676e-05,0.420226,-0.246127,-0.00337824,0.000160703,-0.000362284,0.00304827,0.00399075,-0.00254066,-0.00085088,0.0085088,-0.000419448,0.00736311,0.0066268,0.00329566,0.00156993,0.00345146,0.00842491,-0.00982706,0.00663447,-0.00128854,-0.2,0,0,0.42,-0.23,0,-0.2,0,0,0.42,-0.23,0,0,0,0,0,0,0,0,0,0,0,0,0,0,0,0,0,0,0.00514249,-0.00436332,0.00342833,-0.0119991,0.00159061,-0.0101041,0.0137133,-0.00545415,0.00171416,-0.0109083,0.00697383,0.00272563,0.00857081,0.000966092,-0.000616242,-0.00306796,-0.0107379,0.00613592,-0.0076699,-0.00460194,-0.00294524,0.00490874,-0.00153398,-0.0107379,0.00613592,0.00460194,-0.0138058,0.0019635,-0.00589049,3.52362,0.0878906,-0.167791,-3.07617,8.70784,-3.46836,5.20153,-0.966797,0.223722,-0.175781,11.5283,3.21621,-0.447443,0.446575,-5.98976,-2.5,0.375,0.1875,-2.6875,-0.0625,-0.751953,-0.107422,-1.8125,-0.4375,-0.0625,-2.3125,0,-0.615234,0.0488281,0.177997,0.0232142,-0.0256053,-0.102158,0.52436,-0.109141,0.233172,-0.0223279,0.00192843,0.0098061,0.631128,0.129678,-0.0739233,0.105787,-0.912632,-0.392939,0.275541,0.0302722,-0.4101,0.0129909,-0.144317,-0.137445,-0.326498,-0.135518,-0.184845,-0.430449,0.210347,-0.134653,0.0316614
46.62,-0.201883,-0.00016192,0.000187487,0.420975,-0.243184,0.00324093,-0.20266,0.000332363,-4.01757e-05,0.420294,-0.246114,-0.0033711,0.000200878,-0.000354741,0.00303382,0.00397876,-0.00255264,-0.000862864,0.00852078,-0.000443416,0.00736311,0.00661913,0.00329566,0.00158192,0.0034155,0.00840094,-0.00982706,0.00664214,-0.00128854,-0.2,0,0,0.42,-0.23,0,-0.2,0,0,0.42,-0.23,0,0,0,0,0,0,0,0,0,0,0,0,0,0,0,0,0,0,0.0137133,-0.00654498,0.0154275,-0.0261799,0.00106414,-0.00551046,-0.00685665,0.00545415,0.0239983,-0.00218166,0.000539896,-0.000921699,0.0359974,0,0,-0.0245437,-0.0107379,0.0107379,0,0,-0.00392699,-0.00392699,0,-0.0153398,-0.00153398,0.00460194,0.00306796,0.00785398,-0.0137445,3.41175,0.175781,-0.279652,-2.98828,8.61891,-3.41594,5.53711,-0.878906,0.167791,-0.263672,11.7068,3.21676,-1.00675,0.549483,-5.98401,-2.5,0.4375,0.1875,-2.75,-0.0625,-0.761719,-0.107422,-1.8125,-0.4375,0,-2.375,0.0625,-0.615234,0.0683594,0.160856,0.029282,-0.0496036,-0.0415992,0.525243,-0.118616,0.279669,-0.0441446,-0.043979,-0.0353286,0.643493,0.136687,-0.168256,0.106422,-0.910147,-0.348789,0.27674,0.0216675,-0.426039,0.00886833,-0.143335,-0.128456,-0.329566,-0.127512,-0.167707,-0.429251,0.193473,-0.140697,0.0395153
46.68,-0.201883,-0.000110787,0.000187487,0.420975,-0.243184,0.00322657,-0.202619,0.000332363,-8.03514e-05,0.420302,-0.246119,-0.00337828,0.000160703,-0.000362289,0.00303864,0.00400273,-0.00256462,-0.000922785,0.00852078,-0.000431432,0.00736311,0.00663447,0.00329566,0.00156993,0.00345146,0.00840094,-0.00977913,0.00663447,-0.00128854,-0.2,0,0,0.42,-0.23,0,-0.2,0,0,0.42,-0.23,0,0,0,0,0,0,0,0,0,0,0,0,0,0,0,0,0,0,-0.00514249,-0.00872665,-0.00342833,-0.0250891,-0.00488389,-0.00645683,-0.010285,0.00327249,-0.00171416,0.0250891,5.60258e-06,-0.00183846,0,-0.00677261,-0.00185557,-0.0122718,0.00613592,0.00920388,-0.00306796,0.00306796,0.000981748,0.00883573,0.00460194,0,0,0.0107379,-0.00153398,0,0,3.57955,0.175781,-0.0559304,-2.63672,8.70784,-3.46836,5.31339,-0.878906,0.503374,-0.703125,11.7068,3.21676,-0.335582,0.549483,-5.98401,-2.4375,0.375,0.1875,-2.6875,-0.125,-0.761719,-0.107422,-1.8125,-0.4375,-0.0625,-2.4375,0.0625,-0.615234,0.0488281,0.198567,0.028532,-0.011892,-0.0459625,0.537141,-0.116149,0.282509,-0.0397812,0.0114635,-0.14569,0.644729,0.138808,-0.0482108,0.129004,-0.906025,-0.375729,0.244191,0.0277315,-0.419903,0.00556068,-0.148244,-0.141525,-0.33877,-0.156993,-0.172573,-0.441523,0.197117,-0.132689,0.0257709
46.72,-0.201856,-0.00011931,0.000187487,0.42101,-0.243176,0.00324097,-0.202606,0.000306796,-5.35676e-05,0.420217,-0.246119,-0.00337828,0.000187487,-0.000369852,0.00303381,0.00399075,-0.00256462,-0.00085088,0.00853277,-0.000455401,0.00737078,0.0066268,0.00329566,0.00155795,0.00345146,0.00841293,-0.00982706,0.00663447,-0.00128087,-0.2,0,0,0.42,-0.23,0,-0.2,0,0,0.42,-0.23,0,0,0,0,0,0,0,0,0,0,0,0,0,0,0,0,0,0,-0.02057,0.0207258,0.00857081,-0.01309,0.00318122,-0.0202083,-0.00514249,-0.00654498,0.0257124,0.0239983,0.00162529,-0.00460356,0.0394257,-0.00677261,-0.00185557,0,-0.00153398,0.0153398,-0.00153398,-0.00306796,0.00687223,0,0.00306796,-0.00153398,0.00613592,0.0184078,0,0.00687223,0.00294524,3.41175,-0.175781,-0.391513,-2.90039,8.61891,-3.41594,5.48118,-0.878906,-0.111861,-0.263672,11.7068,3.21676,-1.00675,0.549483,-5.98401,-2.5,0.3125,0.1875,-2.6875,-0.125,-0.751953,-0.0976562,-1.8125,-0.4375,-0.0625,-2.4375,0,-0.634766,0.0683594,0.226744,-0.0295206,-0.0358903,-0.0990732,0.520671,-0.0892222,0.270884,-0.0175896,-0.0460681,-0.128542,0.64149,0.144338,-0.174523,0.131273,-0.904577,-0.399075,0.25953,0.0118644,-0.42357,0.012176,-0.154288,-0.132536,-0.335702,-0.152727,-0.184845,-0.457462,0.196541,-0.139562,0.0226722
46.78,-0.201843,-0.000127832,0.000227662,0.421018,-0.243167,0.00322665,-0.202619,0.00032384,-2.67838e-05,0.42026,-0.246118,-0.00339264,0.000133919,-0.000384963,0.0030338,0.00397876,-0.00256462,-0.000886833,0.00853277,-0.000419448,0.00737078,0.00663447,0.00330765,0.00154597,0.00340352,0.00840094,-0.00981508,0.00661146,-0.00128087,-0.2,0,0,0.42,-0.23,0,-0.2,0,0,0.42,-0.23,0,0,0,0,0,0,0,0,0,0,0,0,0,0,0,0,0,0,0.02057,0.0207258,0.0137133,-0.0283616,-0.00597044,-0.00830022,0.0154275,-0.0163625,0.0137133,-0.0207258,0.00107419,-4.93358e-06,-0.0257124,-0.00290226,-0.000618978,-0.0168738,0.00306796,0,0,-0.00153398,0.00785398,0.011781,0.0107379,-0.0153398,-0.00153398,0.0076699,0.00306796,-0.0127627,0.00490874,3.24396,0,-0.279652,-2.72461,8.70784,-3.46836,5.59304,-0.791016,0.559304,-0.351562,11.6173,3.16434,-0.335582,0.49997,-6.06163,-2.4375,0.3125,0.1875,-2.625,-0.0625,-0.751953,-0.107422,-1.8125,-0.4375,0,-2.4375,0.0625,-0.634766,0.0683594,0.143125,-0.0286684,-0.0501928,-0.0392652,0.538639,-0.112466,0.231084,0.000340886,-0.0247482,0.0439619,0.64259,0.135715,0.0369616,0.124196,-0.908284,-0.364129,0.250327,0.0443416,-0.426638,0.00992294,-0.15527,-0.14447,-0.35224,-0.123917,-0.167108,-0.435387,0.193234,-0.119466,0.0207087
46.82,-0.201869,-0.00011931,0.000187487,0.421052,-0.24318,0.00323377,-0.202633,0.000315318,-1.33919e-05,0.420294,-0.246114,-0.00338548,0.000133919,-0.000362289,0.00303864,0.00397876,-0.00254066,-0.000874848,0.00852078,-0.000443416,0.00736311,0.0066268,0.00329566,0.00158192,0.00349939,0.00842491,-0.00979111,0.0066268,-0.00128087,-0.2,0,0,0.42,-0.23,0,-0.2,0,0,0.42,-0.23,0,0,0,0,0,0,0,0,0,0,0,0,0,0,0,0,0,0,-0.0154275,0.00218166,0.00342833,0.00981748,-0.00106975,0.00367199,-0.0257124,-0.019635,0.010285,-0.00109083,0.00107979,-0.0018434,-0.0291408,-0.0125771,-0.00309352,-0.0076699,0.0076699,0.00920388,-0.0199418,0.00153398,0,0.0107992,0,-0.00306796,0.0076699,0.00460194,-0.0230097,0,0.0019635,3.29989,0.0878906,-0.111861,-3.25195,8.53045,-3.46782,5.36932,-0.966797,-0.223722,-0.439453,11.7068,3.21676,-0.391513,0.64851,-5.82876,-2.5,0.375,0.1875,-2.5625,-0.125,-0.761719,-0.107422,-1.75,-0.4375,-0.0625,-2.375,0.0625,-0.634766,0.0683594,0.217797,0.00756764,-0.0256053,-0.197096,0.529343,-0.136695,0.314702,0.00773808,-0.0192308,-0.039692,0.642412,0.139106,0.0472466,0.146418,-0.902311,-0.382536,0.238726,0.0253347,-0.386156,0.00733435,-0.147262,-0.143335,-0.329566,-0.152056,-0.190309,-0.430449,0.218832,-0.132536,0.023654
46.88,-0.201869,-0.000144876,0.000187487,0.421044,-0.243172,0.00324817,-0.202579,0.000332363,-4.01757e-05,0.420268,-0.246119,-0.00337828,0.000147311,-0.000354741,0.00303382,0.00400273,-0.00256462,-0.000886833,0.00853277,-0.000443416,0.00736311,0.0066268,0.00328368,0.00155795,0.00342749,0.00842491,-0.00982706,0.00663447,-0.00128087,-0.2,0,0,0.42,-0.23,0,-0.2,0,0,0.42,-0.23,0,0,0,0,0,0,0,0,0,0,0,0,0,0,0,0,0,0,0.0171416,-0.0109083,0.00685665,-0.0109083,0.00159061,-0.0101041,0.0514249,0.00109083,0.0188558,0.00981748,-0.00373445,-0.00825582,-0.0154275,-0.000962106,0.00308394,0.00153398,-0.0122718,-0.0076699,0.00153398,-0.0138058,0.00589049,0,0,-0.0214757,0.00306796,0,0.0184078,0.00883573,0.000981748,3.35582,0.0878906,-0.391513,-3.42773,8.61891,-3.41594,5.53711,-0.791016,0,-0.527344,11.7963,3.26918,-0.335582,0.549483,-5.98401,-2.5,0.375,0.1875,-2.75,-0.0625,-0.751953,-0.107422,-1.8125,-0.4375,-0.0625,-2.3125,0,-0.634766,0.0488281,0.152659,0.0363042,-0.032462,-0.112914,0.523683,-0.109718,0.15507,-0.0354179,-0.033694,-0.0794896,0.652209,0.151643,0.00208914,0.109309,-0.919399,-0.403341,0.281006,0.0596814,-0.429706,0.0226742,-0.153153,-0.132536,-0.328368,-0.112843,-0.17751,-0.421246,0.178134,-0.141525,0.0246357
46.92,-0.201816,-0.000144876,0.000187487,0.421044,-0.243172,0.00323381,-0.202619,0.000340885,-2.67838e-05,0.420226,-0.246119,-0.00337828,0.000200878,-0.000362289,0.00303864,0.00397876,-0.00254066,-0.000862864,0.00852078,-0.000419448,0.00737078,0.00661913,0.00330765,0.00156993,0.00343947,0.00840094,-0.0098031,0.00664214,-0.00128087,-0.2,0,0,0.42,-0.23,0,-0.2,0,0,0.42,-0.23,0,0,0,0,0,0,0,0,0,0,0,0,0,0,0,0,0,0,0.0171416,-0.019635,-0.00514249,-0.00109083,0,0,-0.0239983,0.00218166,0.0239983,-0.00872665,0.00270508,-0.00644696,0.0274266,-0.00290625,-0.00308668,-0.0076699,0,-0.00920388,-0.00460194,-0.0122718,0.00785398,-0.00883573,0.00920388,-0.0107379,-0.0138058,0.0076699,0.00306796,0.0147262,0.00687223,2.96431,0.175781,-0.167791,-3.25195,8.61891,-3.41594,5.53711,-0.966797,-0.223722,1.14258,11.6178,3.26863,-1.17454,0.49986,-5.90623,-2.5,0.3125,0.1875,-2.625,-0.0625,-0.751953,-0.107422,-1.8125,-0.4375,0,-2.4375,0.0625,-0.615234,0.0488281,0.147304,0.0537575,-0.00846368,-0.152184,0.526866,-0.129352,0.309935,-0.0384518,-0.0453182,0.00107946,0.63933,0.148025,-0.142543,0.117405,-0.902331,-0.382536,0.254066,0.061551,-0.416835,0.0206608,-0.15527,-0.123547,-0.349172,-0.135518,-0.144362,-0.435387,0.192994,-0.147569,0.0187452
46.98,-0.201829,-0.000144876,0.000187487,0.421052,-0.243172,0.00323381,-0.202606,0.000332363,-5.35676e-05,0.420328,-0.246119,-0.00337828,0.000160703,-0.000354741,0.00303382,0.00400273,-0.00254066,-0.000862864,0.00852078,-0.000419448,0.00736311,0.0066268,0.00328368,0.00158192,0.00345146,0.00841293,-0.00977913,0.00664214,-0.0012732,-0.2,0,0,0.42,-0.23,0,-0.2,0,0,0.42,-0.23,0,0,0,0,0,0,0,0,0,0,0,0,0,0,0,0,0,0,0.0428541,0.00327249,-0.010285,0.00545415,-0.0021507,0.00366706,-0.00171416,0.00327249,-0.0137133,0.0239983,0.00160848,0.000911831,0.010285,0.000962106,-0.00308394,-0.00613592,0.0107379,0.0168738,0.00153398,0.00306796,-0.00883573,-0.00687223,0.00153398,-0.0076699,0.0122718,0.0168738,0.0245437,0.00294524,0.011781,3.24396,-0.175781,-0.167791,-3.7793,8.70784,-3.46836,5.08967,-0.878906,0.335582,-0.791016,11.6173,3.16434,-0.111861,0.49986,-5.90623,-2.5,0.3125,0.1875,-2.6875,-0.125,-0.751953,-0.0976562,-1.875,-0.5,-0.0625,-2.375,0,-0.605469,0.0683594,0.097217,0.00794261,0.0018213,-0.179642,0.531167,-0.136686,0.264027,-0.0397812,0.0327834,-0.145162,0.641523,0.133307,-0.0790658,0.103536,-0.900895,-0.388001,0.23259,0.00939563,-0.429107,0.005321,-0.138426,-0.125664,-0.331436,-0.142852,-0.197117,-0.454394,0.171039,-0.135788,0.0136831
47.02,-0.201869,-0.000144876,0.000160703,0.421052,-0.243184,0.00324093,-0.202606,0.000315318,-2.67838e-05,0.420191,-0.246119,-0.00337828,0.000187487,-0.000369852,0.00303381,0.00399075,-0.00256462,-0.000862864,0.00852078,-0.000491353,0.00736311,0.00663447,0.00329566,0.00158192,0.00337955,0.00840094,-0.00977913,0.00663447,-0.00128087,-0.2,0,0,0.42,-0.23,0,-0.2,0,0,0.42,-0.23,0,0,0,0,0,0,0,0,0,0,0,0,0,0,0,0,0,0,-0.010285,-0.00763582,0.010285,0.00109083,-0.00591441,0.0100844,0.0239983,0.00436332,0.0462824,0.0207258,0.00429676,-1.97343e-05,-0.00342833,-0.00676464,0.00307984,0,0.00306796,0.00306796,-0.0138058,0,0,0.0019635,-0.00306796,-0.00306796,0.00460194,-0.00306796,0.0122718,0.0019635,0,3.1321,0,-0.223722,-3.86719,8.79677,-3.52078,5.20153,-0.878906,0.223722,-0.615234,11.6173,3.16434,-0.559304,0.49997,-6.06163,-2.4375,0.3125,0.1875,-2.625,-0.0625,-0.751953,-0.0976562,-1.8125,-0.4375,-0.0625,-2.375,0,-0.615234,0.0683594,0.207512,0.0297592,-0.0366402,-0.162189,0.5392,-0.149806,0.212602,-0.0402585,-0.0898864,-0.111621,0.636147,0.135171,-0.045961,0.13125,-0.919383,-0.399075,0.250327,0.0370073,-0.398428,0.00982706,-0.147262,-0.134653,-0.32343,-0.152056,-0.178181,-0.413911,0.183311,-0.134653,0.0256175
47.08,-0.201869,-0.00016192,0.00021427,0.421044,-0.243176,0.00322661,-0.202593,0.000332363,-5.35676e-05,0.420294,-0.246114,-0.0033711,0.000200878,-0.000354737,0.00304346,0.00397876,-0.00254066,-0.000886833,0.00855674,-0.000419448,0.00736311,0.00661913,0.00329566,0.00154597,0.00347543,0.00841293,-0.00979111,0.00663447,-0.00128854,-0.2,0,0,0.42,-0.23,0,-0.2,0,0,0.42,-0.23,0,0,0,0,0,0,0,0,0,0,0,0,0,0,0,0,0,0,-0.02057,-0.00218166,0.0154275,-0.00109083,0.000537674,-0.000916765,0.0154275,0.00436332,0.0137133,0.0174533,0.00430236,-0.0018582,0.0394257,-0.00289828,0.000616242,-0.00460194,0.00306796,-0.00153398,0.00306796,-0.0076699,-0.0019635,-0.011781,0.00460194,0.00613592,0.00306796,0.00920388,0,-0.000981748,-0.0019635,3.24396,0,-0.111861,-4.04297,8.70784,-3.46836,5.1456,-0.966797,0.391513,-0.527344,11.6178,3.26863,-0.671165,0.496194,-6.06755,-2.5,0.3125,0.1875,-2.6875,-0.0625,-0.732422,-0.107422,-1.8125,-0.4375,-0.0625,-2.375,0,-0.634766,0.0488281,0.228082,0.0205553,-0.052282,-0.152184,0.52596,-0.127231,0.228404,-0.0419629,-0.0220698,-0.113868,0.635968,0.13856,-0.178541,0.115116,-0.914885,-0.388672,0.24793,0.0474096,-0.433973,0.0160589,-0.145299,-0.120602,-0.33877,-0.166868,-0.179907,-0.439054,0.195822,-0.131708,0.0277344
47.14,-0.201883,-0.000136354,0.000187487,0.421001,-0.24318,0.00323377,-0.202593,0.00032384,-9.37433e-05,0.420234,-0.246114,-0.0033711,0.000107135,-0.000369852,0.00303381,0.00399075,-0.00258859,-0.000886833,0.00852078,-0.000467385,0.00737078,0.00661913,0.00329566,0.00158192,0.00340352,0.00841293,-0.00983905,0.00663447,-0.00128854,-0.2,0,0,0.42,-0.23,0,-0.2,0,0,0.42,-0.23,0,0,0,0,0,0,0,0,0,0,0,0,0,0,0,0,0,0,0.0377116,-0.0119991,0.00514249,-0.0119991,0.00213949,-0.00734399,-0.0274266,0.00654498,-0.0154275,0.0163625,0.00106299,0.00367199,-0.0188558,-0.000968085,-0.00061761,0.00153398,-0.00920388,0,-0.0076699,0.0122718,0.00883573,-0.00490874,0.00460194,0.0122718,0.0153398,-0.00460194,-0.00460194,-0.00294524,-0.00589049,3.1321,0.175781,-0.391513,-3.07617,8.61891,-3.41594,5.31339,-0.966797,0.223722,-1.23047,11.7068,3.21676,-0.503374,0.49997,-6.06163,-2.5,0.4375,0.1875,-2.6875,-0.125,-0.751953,-0.107422,-1.8125,-0.4375,-0.0625,-2.375,0.0625,-0.605469,0.0683594,0.112859,0.0376337,-0.0290336,-0.102158,0.522924,-0.114663,0.314113,-0.045474,0.0402293,-0.100555,0.642447,0.1275,0.0244268,0.11386,-0.908291,-0.402143,0.277267,0.0443416,-0.410699,-0.00292415,-0.156251,-0.127474,-0.33877,-0.182735,-0.200856,-0.411442,0.201383,-0.129744,0.0316614
47.18,-0.201829,-0.00011931,0.00021427,0.42101,-0.24318,0.00323377,-0.202606,0.000315318,-6.69595e-05,0.42026,-0.246119,-0.00337828,0.000107135,-0.000362289,0.00303864,0.00400273,-0.00256462,-0.000862864,0.0085088,-0.000431432,0.00737845,0.00663447,0.00329566,0.001522,0.00340352,0.00841293,-0.00979111,0.00663447,-0.00128087,-0.2,0,0,0.42,-0.23,0,-0.2,0,0,0.42,-0.23,0,0,0,0,0,0,0,0,0,0,0,0,0,0,0,0,0,0,-0.0137133,-0.00109083,-0.0119991,-0.00327249,-0.00218431,-0.00736372,0.00514249,0.0163625,0,0.0229074,-0.0144259,-0.0247527,-0.0274266,0.000966092,-0.000616242,-0.00613592,0.0076699,-0.0199418,0.00306796,-0.00460194,0.00589049,0.0127627,0,-0.0107379,-0.00306796,-0.00306796,-0.0107379,0.0019635,0.00294524,3.52362,0,-0.223722,-2.98828,8.61891,-3.41594,5.03374,-1.14258,0.111861,-0.703125,11.7963,3.26918,-0.167791,0.549483,-5.98401,-2.4375,0.3125,0.1875,-2.75,-0.0625,-0.751953,-0.107422,-1.8125,-0.4375,0,-2.375,0.0625,-0.615234,0.0683594,0.210352,0.0141126,0.00257124,-0.138343,0.531572,-0.114623,0.250314,-0.0642568,0.00669595,-0.130571,0.673592,0.184636,0.0501393,0.105788,-0.909743,-0.388001,0.241123,0.0830267,-0.431576,0.0132306,-0.153459,-0.145452,-0.329566,-0.130724,-0.16404,-0.41451,0.20656,-0.134653,0.0226722
47.24,-0.201896,-0.000144876,0.000187487,0.421018,-0.24318,0.00324813,-0.202619,0.000340885,-5.35676e-05,0.420285,-0.246123,-0.00338544,0.000147311,-0.000362289,0.00303864,0.00401472,-0.00256462,-0.000874848,0.00853277,-0.000419448,0.00737078,0.0066268,0.00329566,0.00155795,0.00345146,0.00841293,-0.0098031,0.00663447,-0.00128087,-0.2,0,0,0.42,-0.23,0,-0.2,0,0,0.42,-0.23,0,0,0,0,0,0,0,0,0,0,0,0,0,0,0,0,0,0,-0.00342833,0.0109083,-0.00514249,0.00218166,0.00542156,0.00554006,-0.00514249,0.00545415,0.0188558,0.0109083,-0.00158607,-0.00826569,0,-0.00580452,-0.00123796,0,-0.00460194,0.00613592,0.00306796,-0.00153398,0.00883573,0.0019635,-0.00153398,-0.00153398,0.0107379,0.0153398,0.00613592,0,0,3.46768,-0.263672,-0.167791,-3.60352,8.61891,-3.41594,4.92188,-0.966797,0.111861,-0.615234,11.7068,3.21676,0.111861,0.49986,-5.90623,-2.5,0.3125,0.1875,-2.6875,-0.0625,-0.751953,-0.107422,-1.75,-0.4375,-0.0625,-2.4375,0.0625,-0.615234,0.0683594,0.196478,-0.00732902,-0.00846368,-0.161438,0.516358,-0.141005,0.272224,-0.0449968,-0.0323548,-0.08641,0.64808,0.151949,-0.0441933,0.1261,-0.907878,-0.401472,0.265666,0.0314706,-0.432774,0.00992294,-0.156251,-0.134499,-0.326498,-0.152727,-0.194049,-0.451326,0.189926,-0.132689,0.0256175
47.28,-0.201856,-0.000136354,0.000187487,0.421027,-0.243172,0.00323381,-0.202606,0.00032384,-9.37433e-05,0.420311,-0.246119,-0.00337828,0.000160703,-0.000362289,0.00303864,0.00400273,-0.00254066,-0.000862864,0.00853277,-0.000419448,0.00737845,0.0066268,0.00328368,0.00156993,0.00342749,0.00841293,-0.00981508,0.00663447,-0.0012732,-0.2,0,0,0.42,-0.23,0,-0.2,0,0,0.42,-0.23,0,0,0,0,0,0,0,0,0,0,0,0,0,0,0,0,0,0,0.0342833,-0.00327249,0.00171416,0.0185441,0.00536554,-0.0128446,0.00342833,0,-0.0119991,0.00545415,-0.00320576,-0.00550059,-0.00171416,-0.000966092,0.000616242,0,0.0076699,0.0153398,0,-0.00920388,0.00785398,0.00589049,-0.00153398,-0.00306796,-0.00613592,0.00460194,-0.00153398,0,0.0137445,3.57955,0,-0.279652,-2.19727,8.61891,-3.41594,5.03374,-1.05469,0.391513,-0.0878906,11.7068,3.21676,-0.391513,0.549483,-5.98401,-2.4375,0.3125,0.1875,-2.6875,-0.0625,-0.751953,-0.0976562,-1.8125,-0.4375,0,-2.375,0.0625,-0.634766,0.0488281,0.117038,0.0201804,-0.022177,-0.228167,0.516135,-0.103663,0.253742,-0.032384,0.0333726,-0.0684289,0.651152,0.146132,-0.0430683,0.111585,-0.91344,-0.400273,0.238726,0.0124636,-0.426638,0.0175928,-0.155423,-0.138426,-0.3253,-0.150857,-0.159103,-0.42985,0.197836,-0.132689,0.0117196
47.34,-0.201856,-0.000136354,0.00021427,0.421027,-0.24318,0.00324813,-0.202593,0.000332363,-2.67838e-05,0.420285,-0.246114,-0.0033711,0.000187487,-0.000354741,0.00303382,0.00399075,-0.00254066,-0.000862864,0.0085088,-0.000419448,0.00736311,0.0066268,0.00329566,0.00156993,0.00345146,0.00841293,-0.00977913,0.00663447,-0.00128854,-0.2,0,0,0.42,-0.23,0,-0.2,0,0,0.42,-0.23,0,0,0,0,0,0,0,0,0,0,0,0,0,0,0,0,0,0,-0.02057,0.00872665,0,0.0381791,-0.000532071,0.00275523,-0.00171416,0.01309,0.0239983,0.0141808,0.00376807,-0.00277496,0.0394257,-3.98546e-06,-0.0024677,0.00920388,0,0,-0.0199418,-0.00920388,0,0.00490874,0.0076699,0.00613592,0.0122718,0,-0.0153398,0.00392699,-0.0147262,3.29989,0,-0.167791,-3.95508,8.61891,-3.41594,5.31339,-0.878906,0.223722,-0.878906,11.7068,3.21676,-1.17454,0.49986,-5.90623,-2.5,0.3125,0.1875,-2.6875,-0.0625,-0.751953,-0.0976562,-1.875,-0.4375,-0.0625,-2.375,0.0625,-0.615234,0.0683594,0.226744,-0.00381791,-0.021427,-0.306706,0.528265,-0.135436,0.262688,-0.0594162,-0.0453182,-0.0995,0.637037,0.140394,-0.174523,0.106434,-0.902744,-0.417482,0.254066,0.0431432,-0.385556,0.0175928,-0.147262,-0.137445,-0.344906,-0.169265,-0.197117,-0.420646,0.210922,-0.136616,0.0404971
47.38,-0.201816,-0.000144876,0.000187487,0.421001,-0.24318,0.00323377,-0.202606,0.000332363,-5.35676e-05,0.420285,-0.246119,-0.00337828,9.37433e-05,-0.000369852,0.00303381,0.00401472,-0.00254066,-0.000886833,0.00853277,-0.000443416,0.00736311,0.00661913,0.00329566,0.00155795,0.00342749,0.00840094,-0.00977913,0.00664214,-0.00128087,-0.2,0,0,0.42,-0.23,0,-0.2,0,0,0.42,-0.23,0,0,0,0,0,0,0,0,0,0,0,0,0,0,0,0,0,0,0.00342833,-0.00545415,0.00514249,-0.0218166,0.0021675,0.00184833,0.00171416,0.00436332,-0.00342833,0.00545415,0.00267707,0.00274536,-0.00514249,-0.00386437,0.00246497,0.0122718,-0.00153398,0,0.00613592,0.00460194,-0.0019635,-0.0127627,0.0076699,0.00460194,0.00920388,0.00153398,-0.00613592,0.00883573,0.00589049,3.24396,-0.175781,-0.167791,-3.33984,8.61891,-3.41594,5.31339,-0.966797,0.223722,-0.791016,11.6178,3.26863,0.335582,0.49997,-6.06163,-2.5,0.375,0.1875,-2.6875,-0.0625,-0.751953,-0.0976562,-1.8125,-0.5,-0.0625,-2.4375,0.0625,-0.615234,0.0683594,0.17473,0.0253959,-0.0290336,-0.0628881,0.522868,-0.133047,0.257171,-0.0419629,0.0122134,-0.0645934,0.639386,0.12964,-0.0126955,0.122549,-0.917539,-0.426015,0.257134,0.0443416,-0.43891,0.00426638,-0.145299,-0.11962,-0.344906,-0.164999,-0.189782,-0.423115,0.201718,-0.141678,0.019727
47.44,-0.201829,-0.000110787,0.000187487,0.421052,-0.243167,0.00324101,-0.202606,0.000332363,-0.000107135,0.420311,-0.246119,-0.00337828,0.000133919,-0.000362289,0.00303864,0.00397876,-0.00254066,-0.00085088,0.00853277,-0.000419448,0.00736311,0.00664214,0.00329566,0.00154597,0.00346344,0.00841293,-0.00977913,0.00663447,-0.00128854,-0.2,0,0,0.42,-0.23,0,-0.2,0,0,0.42,-0.23,0,0,0,0,0,0,0,0,0,0,0,0,0,0,0,0,0,0,0.02057,-0.00109083,-0.00514249,0.0163625,0.0043182,-0.00181873,-0.0257124,0,-0.02057,0.0152716,-0.00266587,-0.00642229,-0.00171416,0.00774468,0.00494088,0,-0.00306796,0.00306796,0.00153398,0.00153398,-0.000981748,0.00785398,-0.00153398,-0.00613592,0.00153398,0.00153398,0.00613592,0.000981748,0.0019635,3.29989,0.175781,-0.391513,-3.60352,8.70784,-3.46836,5.31339,-1.05469,0.167791,-0.878906,11.6178,3.26863,-0.223722,0.450457,-6.13925,-2.5,0.4375,0.1875,-2.75,-0.0625,-0.751953,-0.0976562,-1.8125,-0.4375,-0.0625,-2.375,0,-0.605469,0.0488281,0.141785,0.0132604,-0.00846368,-0.223275,0.518059,-0.126003,0.312024,-0.0332363,0.0518534,-0.107699,0.650072,0.147976,-0.0350332,0.0854526,-0.926414,-0.397876,0.260201,0.0364081,-0.429706,0.00685498,-0.14628,-0.140697,-0.326498,-0.142325,-0.17624,-0.423714,0.189447,-0.133671,0.0238074
47.48,-0.201883,-0.000136354,0.00021427,0.421018,-0.243172,0.00324817,-0.202606,0.000340885,-9.37433e-05,0.420277,-0.246123,-0.00338544,0.000107135,-0.000354737,0.00304346,0.00400273,-0.00254066,-0.000862864,0.00853277,-0.000467385,0.00736311,0.00661913,0.00329566,0.00156993,0.00346344,0.00841293,-0.00979111,0.00663447,-0.00126553,-0.2,0,0,0.42,-0.23,0,-0.2,0,0,0.42,-0.23,0,0,0,0,0,0,0,0,0,0,0,0,0,0,0,0,0,0,0.0222841,-0.00981748,0.02057,0.00218166,-0.0064689,0.00548579,0.0154275,0.00545415,0.0239983,-0.0163625,-0.00641153,-0.0110012,-0.0377116,-0.010627,-0.00184873,-0.00306796,0.0153398,0,0.00153398,-0.00920388,-0.0107992,-0.00490874,0.00460194,0.0214757,0,0,-0.00920388,0.0019635,0.019635,3.1321,0,-0.0559304,-3.16406,8.70784,-3.46836,5.59304,-0.966797,0.111861,-0.351562,11.7068,3.21676,0.0559304,0.595433,-5.91197,-2.4375,0.3125,0.1875,-2.6875,-0.0625,-0.751953,-0.107422,-1.875,-0.5,-0.0625,-2.375,0.0625,-0.615234,0.0488281,0.143714,0.0332703,-0.0625669,-0.161438,0.539802,-0.140898,0.229744,-0.0449968,-0.0386222,0.0239516,0.65773,0.15742,0.0809942,0.138302,-0.90749,-0.394137,0.223386,0.0431432,-0.429706,0.0185516,-0.136463,-0.127474,-0.33877,-0.199945,-0.173172,-0.420646,0.205026,-0.134653,0.00567573
47.54,-0.201856,-0.000144876,0.000227662,0.421052,-0.243176,0.00324097,-0.202646,0.000315318,-2.67838e-05,0.420226,-0.246127,-0.0033926,0.000187487,-0.000347189,0.00303864,0.00399075,-0.00254066,-0.000886833,0.0085088,-0.000443416,0.00736311,0.0066268,0.00329566,0.00156993,0.00345146,0.00841293,-0.0098031,0.00663447,-0.00128087,-0.2,0,0,0.42,-0.23,0,-0.2,0,0,0.42,-0.23,0,0,0,0,0,0,0,0,0,0,0,0,0,0,0,0,0,0,-0.0188558,-0.00872665,0.0154275,0.00218166,-0.00268837,0.00458382,-0.0445682,-0.00218166,-0.00685665,0.0349066,-0.00104618,-0.00918738,-0.0342833,-0.00289828,0.00184873,-0.00613592,0.00613592,0.00613592,-0.00306796,-0.00920388,0,0,0,0.00613592,0.0122718,0.00153398,0,0.00785398,0,3.35582,-0.175781,-0.335582,-3.42773,8.70784,-3.46836,5.76083,-0.966797,-0.279652,-1.49414,11.7068,3.21676,-0.391513,0.595433,-6.06755,-2.5,0.375,0.1875,-2.75,-0.0625,-0.761719,-0.0976562,-1.8125,-0.4375,-0.0625,-2.375,0.0625,-0.634766,0.0683594,0.223316,0.0319409,-0.0536212,-0.166552,0.532411,-0.138806,0.353753,-0.0271685,0.0163917,-0.173453,0.647167,0.154079,0.0466038,0.112852,-0.917138,-0.386803,0.241794,0.0320698,-0.419304,0.0180722,-0.147262,-0.132536,-0.329566,-0.169265,-0.197117,-0.423714,0.196062,-0.140543,0.0256175
47.58,-0.201883,-0.000144876,0.000187487,0.420992,-0.24318,0.00323377,-0.202619,0.000332363,-2.67838e-05,0.420277,-0.246119,-0.00337828,0.000174095,-0.000354737,0.00304346,0.00399075,-0.00252867,-0.000874848,0.0085088,-0.000443416,0.00736311,0.00663447,0.00329566,0.00156993,0.00342749,0.00841293,-0.0098031,0.00663447,-0.00128087,-0.2,0,0,0.42,-0.23,0,-0.2,0,0,0.42,-0.23,0,0,0,0,0,0,0,0,0,0,0,0,0,0,0,0,0,0,0,0.00763582,-0.00342833,-0.0119991,0.00213949,-0.00734399,0.00514249,0,-0.00857081,0.00218166,-0.00532053,-0.0165215,0.0377116,-6.91355e-17,0.00123248,-0.00153398,0,-0.00460194,-0.00306796,-0.00460194,-0.0019635,0.00883573,0.0076699,-0.0153398,0.0076699,0.0138058,0.00460194,0.00981748,0.00392699,3.29989,0,-0.279652,-3.25195,8.61891,-3.41594,5.64897,-0.966797,0.111861,-0.966797,11.7963,3.26918,-0.615234,0.446575,-5.98976,-2.5,0.375,0.1875,-2.75,-0.0625,-0.751953,-0.107422,-1.8125,-0.4375,-0.0625,-2.4375,0.0625,-0.615234,0.0488281,0.188282,-0.000784035,-0.011892,-0.100879,0.522924,-0.114663,0.251654,-0.0332363,0.01982,-0.0502249,0.655382,0.168174,-0.165363,0.106421,-0.916734,-0.396007,0.252867,0.0529463,-0.419304,0.0134703,-0.145299,-0.141525,-0.344906,-0.126314,-0.186714,-0.448258,0.19146,-0.142507,0.0216905
47.64,-0.201896,-0.000144876,0.000200878,0.421027,-0.24318,0.00323377,-0.202593,0.00032384,-8.03514e-05,0.420285,-0.246114,-0.0033711,0.000187487,-0.000377399,0.00303863,0.00399075,-0.00252867,-0.000886833,0.00853277,-0.000491353,0.00736311,0.00661913,0.00328368,0.00156993,0.00342749,0.00841293,-0.00977913,0.00663447,-0.0012732,-0.2,0,0,0.42,-0.23,0,-0.2,0,0,0.42,-0.23,0,0,0,0,0,0,0,0,0,0,0,0,0,0,0,0,0,0,0.0119991,-0.0152716,0.010285,0.019635,-0.00218991,-0.00920219,0.0171416,-0.00763582,0.0188558,0.0163625,0.00431917,-0.00737359,0.00685665,-0.00579854,0.0024636,0,-0.0168738,0.0138058,0.00613592,0.00306796,0,0,-0.00460194,0.0107379,0.0199418,-0.00306796,-0.00306796,0.00589049,0.011781,3.24396,0.0878906,-0.167791,-4.39453,8.61891,-3.41594,5.31339,-1.05469,-0.279652,-0.703125,11.6178,3.26863,-0.894886,0.49997,-6.06163,-2.5,0.4375,0.1875,-2.75,-0.0625,-0.751953,-0.107422,-1.8125,-0.4375,-0.0625,-2.3125,0.0625,-0.644531,0.0683594,0.165623,0.0450309,-0.0406578,-0.23253,0.531583,-0.110946,0.224976,-0.0171124,-0.0296764,-0.108227,0.635935,0.149591,-0.0768159,0.130615,-0.918979,-0.399075,0.286615,0.01673,-0.43891,0.0067591,-0.147262,-0.132383,-0.319164,-0.178469,-0.211258,-0.41451,0.198651,-0.13858,0.0136831
47.68,-0.201869,-0.000144876,0.000187487,0.420992,-0.24318,0.00323377,-0.202552,0.00032384,0,0.420208,-0.246114,-0.0033711,0.000160703,-0.000369852,0.00303381,0.00399075,-0.00252867,-0.000874848,0.00852078,-0.000443416,0.00736311,0.00664214,0.00328368,0.00155795,0.00347543,0.00841293,-0.00974318,0.00663447,-0.0012732,-0.2,0,0,0.42,-0.23,0,-0.2,0,0,0.42,-0.23,0,0,0,0,0,0,0,0,0,0,0,0,0,0,0,0,0,0,0.010285,-0.00109083,-0.0137133,-0.0283616,0.00322604,-0.00550059,0.0308549,-0.00545415,0.02057,-0.0185441,-0.00642273,-0.00732425,-0.00342833,-0.0164435,-0.0018624,0.00153398,0,0.00306796,-0.00306796,0.0199418,-0.0019635,0.00981748,-0.00153398,-0.0076699,0.0184078,0.00460194,0.0153398,-0.0019635,0.0127627,3.18803,0.0878906,-0.0559304,-2.28516,8.61891,-3.41594,4.75408,-0.966797,0.223722,0.351562,11.7963,3.26918,-0.615234,0.599107,-6.06179,-2.5,0.3125,0.1875,-2.6875,-0.125,-0.751953,-0.0976562,-1.8125,-0.4375,-0.0625,-2.375,0.0625,-0.605469,0.0683594,0.166373,0.0166693,0.00867795,-0.0354296,0.520751,-0.11835,0.193532,-0.0214757,-0.0411399,0.0429064,0.657418,0.149493,-0.0379259,0.160286,-0.904557,-0.402143,0.252867,0.0376065,-0.419903,-0.0110734,-0.145299,-0.14266,-0.3253,-0.140455,-0.210587,-0.42985,0.179524,-0.130726,0.0127014
47.74,-0.201883,-0.000127832,0.000174095,0.420975,-0.243176,0.00322661,-0.202579,0.000315318,-8.03514e-05,0.420243,-0.246127,-0.0033926,0.000227662,-0.000362284,0.00304827,0.00396678,-0.00256462,-0.000886833,0.0085088,-0.000431432,0.00737078,0.00661913,0.00330765,0.00156993,0.00340352,0.00841293,-0.0098031,0.0066268,-0.00128087,-0.2,0,0,0.42,-0.23,0,-0.2,0,0,0.42,-0.23,0,0,0,0,0,0,0,0,0,0,0,0,0,0,0,0,0,0,0.0188558,-0.00436332,0,-0.0119991,0.00322604,-0.00550059,0.0171416,-0.00763582,0.0137133,-0.00436332,-0.00320576,-0.00550059,0.00685665,-0.010627,-0.00184873,-0.0076699,-0.0122718,-0.0107379,0.00153398,-0.0107379,0,0.00785398,0.00460194,0,0.00306796,0.0107379,0.00460194,0.00589049,0.00392699,3.35582,-0.263672,-0.335582,-3.16406,8.70784,-3.46836,5.31339,-0.966797,-0.0559304,-0.791016,11.7068,3.21676,-1.39826,0.595433,-5.75639,-2.5,0.3125,0.1875,-2.75,-0.0625,-0.751953,-0.107422,-1.8125,-0.4375,-0.0625,-2.375,0.0625,-0.634766,0.0488281,0.150571,0.0215098,-0.0174095,-0.0983224,0.520584,-0.118063,0.223636,-0.0162602,-0.0193915,-0.0189309,0.651486,0.146705,-0.0888686,0.140566,-0.908935,-0.381338,0.281006,0.0658174,-0.428508,0.0193665,-0.147416,-0.140237,-0.339969,-0.156993,-0.176312,-0.442122,0.19146,-0.138426,0.0216905
47.78,-0.201883,-0.000110787,0.00021427,0.421027,-0.243172,0.00324817,-0.202606,0.000332363,-4.01757e-05,0.420285,-0.246119,-0.00337828,0.000187487,-0.000369852,0.00303381,0.00399075,-0.00256462,-0.00085088,0.00852078,-0.000443416,0.00736311,0.0066268,0.00329566,0.00156993,0.00340352,0.00841293,-0.00982706,0.00663447,-0.00128854,-0.2,0,0,0.42,-0.23,0,-0.2,0,0,0.42,-0.23,0,0,0,0,0,0,0,0,0,0,0,0,0,0,0,0,0,0,0.0188558,-0.0250891,0.0137133,0,0.00323165,-0.00366212,-0.0119991,-0.00654498,-0.0291408,0.0174533,0.00107979,-0.0018434,-0.0171416,-0.00677859,-0.00555712,-0.0122718,-0.00460194,0.00920388,-0.00460194,-0.0076699,0.00589049,0.00687223,0.00153398,-0.00306796,0.0184078,0.0138058,0.00460194,0.00294524,-0.00981748,3.35582,0.263672,-0.391513,-3.16406,8.70736,-3.36406,5.20153,-0.878906,0.950817,0.263672,11.6178,3.26863,-0.447443,0.450347,-5.98385,-2.5,0.4375,0.1875,-2.6875,-0.0625,-0.751953,-0.107422,-1.8125,-0.5,-0.0625,-2.375,0,-0.615234,0.0488281,0.150571,0.061257,-0.0488536,-0.15399,0.520401,-0.122602,0.284597,-0.0201463,0.0622991,-0.11259,0.642581,0.138818,-0.00482108,0.131291,-0.893473,-0.374531,0.265666,0.0241362,-0.416835,0.0165382,-0.153153,-0.139408,-0.332634,-0.150857,-0.206992,-0.448258,0.191939,-0.135635,0.0355884
47.84,-0.201883,-0.000127832,0.000187487,0.421035,-0.243184,0.00322657,-0.202593,0.00032384,-2.67838e-05,0.420217,-0.246119,-0.00337828,0.000160703,-0.000354737,0.00305308,0.00397876,-0.00254066,-0.000886833,0.00853277,-0.000479369,0.00736311,0.00661913,0.00328368,0.00155795,0.00346344,0.00841293,-0.00979111,0.00661913,-0.00128087,-0.2,0,0,0.42,-0.23,0,-0.2,0,0,0.42,-0.23,0,0,0,0,0,0,0,0,0,0,0,0,0,0,0,0,0,0,0,0.00109083,0.00171416,0.0152716,-0.00322044,0.00733905,0.0325691,-0.0141808,-0.00514249,0.00545415,-0.00214278,-0.0018286,-0.00514249,-1.38271e-16,0.00246497,-0.00460194,0,-0.00306796,-0.00306796,-0.0138058,-0.0019635,-0.0127627,-0.00153398,-0.0199418,0.00920388,0.00460194,-0.0168738,-0.0137445,0.00294524,3.35582,0,-0.167791,-3.51562,8.70784,-3.46836,5.20153,-0.966797,0,-0.878906,11.7068,3.21676,-0.503374,0.446575,-5.98976,-2.5,0.375,0.1875,-2.625,-0.0625,-0.751953,-0.107422,-1.8125,-0.4375,0,-2.375,0.0625,-0.634766,0.0488281,0.188282,0.0106015,-0.022177,-0.216355,0.533814,-0.143741,0.194121,-0.00402244,0.0129634,-0.0543652,0.649026,0.138788,-0.0327834,0.106421,-0.92332,-0.388672,0.254066,0.0504776,-0.420502,0.0233932,-0.145299,-0.11962,-0.3253,-0.115911,-0.19158,-0.42985,0.212696,-0.118638,0.0226722
47.88,-0.201869,-0.00011931,0.000187487,0.421001,-0.243176,0.00324097,-0.202593,0.000332363,0,0.420277,-0.246119,-0.00337828,0.000160703,-0.000369836,0.00304345,0.00399075,-0.00254066,-0.000886833,0.00852078,-0.000443416,0.00737078,0.0066268,0.00329566,0.00158192,0.00342749,0.00840094,-0.00985103,0.00661913,-0.00128854,-0.2,0,0,0.42,-0.23,0,-0.2,0,0,0.42,-0.23,0,0,0,0,0,0,0,0,0,0,0,0,0,0,0,0,0,0,0.00342833,0.00763582,0.0308549,-0.0229074,-1.12052e-05,-0.00367693,0.02057,0.00218166,0.0479966,-0.00545415,-0.00425194,-0.014688,-0.010285,-0.0135432,-0.00247728,-0.00460194,-0.00613592,-0.0076699,0,-0.00153398,0.00687223,0.00392699,0.00613592,0.00306796,-0.0076699,-0.0138058,-0.0168738,-0.0127627,-0.00589049,3.18803,0,-0.447443,-3.42773,8.61891,-3.41594,5.20153,-0.878906,-0.279652,-0.791016,11.7963,3.26918,-0.447443,0.598887,-5.75098,-2.5,0.375,0.1875,-2.6875,-0.125,-0.751953,-0.0976562,-1.8125,-0.4375,0,-2.25,0.0625,-0.634766,0.0488281,0.180086,-0.00334067,-0.0804585,-0.0585247,0.527056,-0.122285,0.218119,-0.0375996,-0.0959931,-0.0196816,0.653244,0.164507,-0.0173559,0.151581,-0.905604,-0.389871,0.266337,0.0596814,-0.426039,0.0104023,-0.154288,-0.136463,-0.341838,-0.164328,-0.156035,-0.392435,0.213894,-0.11962,0.0316614
47.94,-0.201816,-0.00011931,0.000187487,0.421018,-0.243167,0.00324101,-0.202593,0.000332363,-8.03514e-05,0.42026,-0.246119,-0.00337828,0.000160703,-0.000347189,0.00303864,0.00399075,-0.00255264,-0.000862864,0.00853277,-0.000455401,0.00736311,0.0066268,0.00328368,0.00156993,0.00342749,0.00841293,-0.00979111,0.00663447,-0.00128087,-0.2,0,0,0.42,-0.23,0,-0.2,0,0,0.42,-0.23,0,0,0,0,0,0,0,0,0,0,0,0,0,0,0,0,0,0,0.02057,0.00218166,0.0119991,-0.0283616,-0.00645209,0.0110012,0.0154275,-0.00872665,0.00514249,-0.0272708,-0.00160288,-0.00275029,0.0119991,-0.000966092,0.000616242,-0.00920388,-0.00613592,0.0122718,-0.0107379,0.00153398,0,-0.00490874,0,-0.0122718,0.00920388,0.00306796,0.00920388,0,0,3.52362,-0.175781,-0.223722,-2.19727,8.70784,-3.46836,5.03374,-0.615234,0.727095,0.175781,11.7068,3.21676,-0.950817,0.446575,-5.98976,-2.4375,0.3125,0.1875,-2.6875,-0.125,-0.751953,-0.107422,-1.8125,-0.4375,-0.0625,-2.375,0.0625,-0.615234,0.0683594,0.140447,0.00756764,-0.0427469,-0.0392652,0.5396,-0.151643,0.228404,-0.015783,-0.00224984,0.0701419,0.647946,0.140632,-0.0842082,0.107055,-0.913441,-0.380667,0.267536,0.0185995,-0.405163,0.00757403,-0.147262,-0.127627,-0.328368,-0.13245,-0.189782,-0.426782,0.186618,-0.132689,0.0256175
47.98,-0.201843,-0.000127832,0.000187487,0.421001,-0.243176,0.00322661,-0.202579,0.000332363,-0.000120527,0.420294,-0.246123,-0.00338544,0.000147311,-0.000362304,0.003029,0.00399075,-0.00254066,-0.000886833,0.00853277,-0.000443416,0.00734777,0.00663447,0.00330765,0.00156993,0.00342749,0.00841293,-0.0098031,0.00663447,-0.00128854,-0.2,0,0,0.42,-0.23,0,-0.2,0,0,0.42,-0.23,0,0,0,0,0,0,0,0,0,0,0,0,0,0,0,0,0,0,0.0137133,0.0229074,0.010285,-0.0272708,0.000532071,-0.00275523,0.02057,0.01309,-0.0137133,0.00545415,-0.00534294,-0.00916765,0.02057,-0.00097207,-0.00308531,0.00920388,-0.0260777,-0.00153398,0.00153398,0.0076699,-0.0127627,0.000981748,0.00306796,0.00306796,-0.0076699,0.0076699,-0.00306796,0.00294524,-0.00981748,3.69141,-0.263672,-0.279652,-2.8125,8.61891,-3.41594,5.20153,-0.966797,0.503374,-1.40625,11.5283,3.21621,-0.279652,0.450347,-5.98385,-2.5,0.375,0.1875,-2.6875,-0.0625,-0.751953,-0.107422,-1.8125,-0.4375,0,-2.375,0,-0.615234,0.0488281,0.156838,-0.0330317,-0.0393186,-0.0410714,0.525971,-0.123554,0.21678,-0.0594162,0.0394793,-0.0658719,0.655593,0.153753,-0.105903,0.111608,-0.899444,-0.417482,0.306221,0.0474096,-0.429706,0.00119842,-0.134193,-0.133671,-0.336901,-0.163129,-0.156035,-0.435986,0.19913,-0.135635,0.0355884
48.04,-0.201816,-0.000144876,0.000187487,0.421001,-0.24318,0.00323377,-0.202606,0.000315318,0,0.420277,-0.246123,-0.00338544,0.000160703,-0.000354737,0.00304346,0.00399075,-0.00254066,-0.000898817,0.0085088,-0.000443416,0.00736311,0.00661913,0.00329566,0.00158192,0.00345146,0.00841293,-0.00982706,0.00663447,-0.00128854,-0.2,0,0,0.42,-0.23,0,-0.2,0,0,0.42,-0.23,0,0,0,0,0,0,0,0,0,0,0,0,0,0,0,0,0,0,0.0445682,0.00327249,-0.00171416,-0.00327249,0.00649691,0.00370653,-0.00342833,0.00545415,0.00514249,0.0119991,-0.0139028,-0.020159,-0.0154275,-0.010627,0.00431369,-0.00460194,0,-0.0122718,0.00153398,0,-0.00490874,-0.00785398,-0.0076699,-0.00153398,-0.0107379,0.0107379,-0.0214757,-0.0019635,-0.00687223,3.24396,0,-0.167791,-2.72461,8.53045,-3.46782,5.20153,-0.878906,0,-0.703125,11.7963,3.26918,-0.111861,0.545813,-5.98976,-2.5,0.3125,0.1875,-2.75,-0.0625,-0.732422,-0.107422,-1.8125,-0.4375,0,-2.375,0.0625,-0.615234,0.0488281,0.0924506,0.00794261,-0.0153203,-0.137065,0.514209,-0.136764,0.267456,-0.0424401,-0.010285,-0.0894948,0.672713,0.175735,-0.00192843,0.138302,-0.925978,-0.389871,0.254066,0.0694845,-0.428508,0.00886833,-0.142353,-0.124529,-0.314226,-0.155124,-0.151097,-0.442122,0.218017,-0.130726,0.0326431
48.08,-0.201869,-0.000127832,0.000174095,0.421018,-0.243172,0.00323381,-0.202619,0.000332363,-8.03514e-05,0.420208,-0.246127,-0.00337824,0.000147311,-0.000362289,0.00303864,0.00397876,-0.00254066,-0.000862864,0.00853277,-0.000419448,0.00736311,0.0066268,0.00329566,0.00156993,0.0034155,0.00841293,-0.0098031,0.00663447,-0.00128087,-0.2,0,0,0.42,-0.23,0,-0.2,0,0,0.42,-0.23,0,0,0,0,0,0,0,0,0,0,0,0,0,0,0,0,0,0,0.0222841,0.00872665,-0.00171416,0.00436332,-0.0108151,-0.0018878,-0.0171416,0.0109083,0.00685665,0.00545415,-0.00374006,-0.00641735,-0.00685665,-0.00579257,0.00616515,0.00153398,0.00920388,0.00460194,-0.0122718,0,0,0.0019635,0.00460194,0.00153398,0.00153398,0,-0.00920388,0.0019635,0.00294524,2.96431,0,-0.391513,-4.57031,8.88523,-3.4689,5.64897,-0.966797,0,-0.263672,11.7068,3.21676,-0.559304,0.549593,-6.13941,-2.5,0.3125,0.1875,-2.5625,-0.0625,-0.761719,-0.107422,-1.8125,-0.4375,0,-2.3125,0.0625,-0.615234,0.0683594,0.142374,-0.00467012,-0.0139811,-0.170165,0.548496,-0.125577,0.296222,-0.0550529,-0.00567816,-0.0530867,0.652556,0.147964,-0.0236233,0.126064,-0.930087,-0.400944,0.235658,0.0339393,-0.402095,0.00838896,-0.147262,-0.134499,-0.33877,-0.160061,-0.173843,-0.420646,0.205266,-0.134653,0.0226722
48.14,-0.201869,-0.000110787,0.00021427,0.42101,-0.24318,0.00324813,-0.202579,0.000332363,-5.35676e-05,0.42026,-0.246123,-0.00337108,0.000147311,-0.000362289,0.00303864,0.00400273,-0.00256462,-0.000886833,0.00853277,-0.000443416,0.00736311,0.00660379,0.00329566,0.00155795,0.00349939,0.00840094,-0.00977913,0.0066268,-0.00128087,-0.2,0,0,0.42,-0.23,0,-0.2,0,0,0.42,-0.23,0,0,0,0,0,0,0,0,0,0,0,0,0,0,0,0,0,0,0.0137133,-0.00218166,0.00171416,0.00763582,0.000548879,0.00276016,0.00857081,0.00327249,0.00342833,0.00109083,-0.00320016,-0.00733905,-0.0257124,-0.00580452,-0.00123796,0,-0.00460194,-0.00460194,-0.00153398,0,0,-0.0186532,0,0.0138058,0.0138058,0,0.00153398,-0.00687223,0,3.46768,0,-0.279652,-2.72461,8.61891,-3.41594,5.03374,-0.878906,0.111861,0.351562,11.7963,3.26918,0.335582,0.49986,-5.90623,-2.5,0.375,0.1875,-2.6875,-0.125,-0.761719,-0.0976562,-1.8125,-0.4375,0,-2.375,0,-0.605469,0.0488281,0.159516,0.0154421,-0.0248554,-0.181976,0.526104,-0.135446,0.240778,-0.0397812,-0.00149989,-0.0433045,0.651309,0.149521,0.0329441,0.1261,-0.907878,-0.400273,0.265666,0.0535455,-0.42357,0.00886833,-0.147262,-0.113423,-0.329566,-0.183407,-0.202581,-0.420047,0.194049,-0.125664,0.0256175
48.18,-0.201843,-0.000144876,0.000187487,0.420992,-0.24318,0.00323377,-0.202593,0.000332363,-2.67838e-05,0.420251,-0.246123,-0.00338544,0.000160703,-0.000362289,0.00303864,0.00399075,-0.00254066,-0.000862864,0.00852078,-0.000431432,0.00736311,0.00663447,0.00328368,0.00156993,0.00342749,0.00841293,-0.00976714,0.00663447,-0.0012732,-0.2,0,0,0.42,-0.23,0,-0.2,0,0,0.42,-0.23,0,0,0,0,0,0,0,0,0,0,0,0,0,0,0,0,0,0,-0.00171416,0.00218166,0.0154275,-0.0349066,0.000526469,-0.00459369,0,0.00327249,0.0119991,0.0250891,0.00323938,-0.00553019,-0.0119991,-0.0116031,0.00122564,0.0107379,-0.00613592,0.0291456,-0.00306796,-0.0168738,-0.00294524,0.0137445,-0.00153398,-0.00306796,0.0107379,-0.00613592,0,0.00294524,0.0137445,3.52362,0,-0.279652,-2.90039,8.61891,-3.41594,5.20153,-0.878906,0.167791,-0.615234,11.5283,3.21621,-0.727095,0.64873,-6.13957,-2.5,0.3125,0.1875,-2.6875,-0.0625,-0.751953,-0.107422,-1.8125,-0.4375,-0.0625,-2.375,0,-0.615234,0.0683594,0.187693,0.0101243,-0.0496036,-0.00924967,0.52615,-0.120163,0.259259,-0.0397812,-0.0213199,-0.138019,0.638429,0.146478,-0.0122134,0.143496,-0.915268,-0.42055,0.266337,-0.0151481,-0.419903,0.0255024,-0.144317,-0.146434,-0.3253,-0.150857,-0.19285,-0.408374,0.195343,-0.135635,0.0117196
48.24,-0.201829,-0.000127832,0.00021427,0.42101,-0.243184,0.00321221,-0.202593,0.000332363,-4.01757e-05,0.420251,-0.246123,-0.00338544,0.000160703,-0.000354737,0.00304346,0.00397876,-0.00254066,-0.000886833,0.00852078,-0.000431432,0.00737078,0.0066268,0.00328368,0.00155795,0.00340352,0.00840094,-0.00974318,0.00663447,-0.0012732,-0.2,0,0,0.42,-0.23,0,-0.2,0,0,0.42,-0.23,0,0,0,0,0,0,0,0,0,0,0,0,0,0,0,0,0,0,0.0154275,0.00872665,0.0171416,0.00218166,-0.00110336,-0.00735879,0.00342833,-0.00327249,-0.0171416,-0.00109083,-0.00694582,-0.0119179,-0.0154275,0.000966092,0.00308121,-0.00613592,-0.00306796,0.0076699,0.00613592,0.00306796,0.0107992,-0.00490874,-0.00613592,-0.00460194,-0.00920388,-0.0107379,0.00920388,0.00294524,0.00981748,3.29989,0,-0.279652,-3.60352,8.61891,-3.41594,5.25746,-1.05469,0,-0.439453,11.7068,3.21676,-0.615234,0.595433,-5.91197,-2.5,0.3125,0.1875,-2.6875,-0.125,-0.761719,-0.107422,-1.8125,-0.4375,-0.0625,-2.375,0.0625,-0.615234,0.0683594,0.15207,-0.00467012,-0.0557103,-0.16016,0.529581,-0.113771,0.252403,-0.0266913,0.0383008,-0.0332994,0.658799,0.159253,-0.00192843,0.103523,-0.92228,-0.385604,0.260201,0.0290018,-0.438311,0.00556068,-0.158215,-0.127627,-0.316096,-0.146591,-0.151768,-0.398571,0.18566,-0.135635,0.0156466
48.28,-0.201896,-0.000136354,0.000187487,0.421044,-0.24318,0.00323377,-0.202579,0.000315318,-4.01757e-05,0.42026,-0.246119,-0.00337828,0.000160703,-0.000354741,0.00303382,0.00397876,-0.00254066,-0.00085088,0.00852078,-0.000443416,0.00736311,0.00661913,0.00329566,0.00156993,0.00340352,0.00840094,-0.0098031,0.00663447,-0.00128854,-0.2,0,0,0.42,-0.23,0,-0.2,0,0,0.42,-0.23,0,0,0,0,0,0,0,0,0,0,0,0,0,0,0,0,0,0,-0.0325691,-0.00872665,0.00171416,0.019635,-0.00485027,0.00457395,0.00685665,-0.0109083,-0.00171416,0,0.00267147,0.00458382,-0.0154275,-0.00290625,-0.00308668,-0.00153398,0,-0.0122718,-0.00460194,-0.00306796,0,-0.00589049,-0.00460194,0,0,0.0138058,-0.0107379,0.00687223,-0.00687223,3.63548,0,-0.279652,-2.98828,8.70784,-3.46836,5.08967,-0.878906,-0.0559304,-1.49414,11.6173,3.16434,-0.279652,0.49986,-5.90623,-2.5,0.3125,0.1875,-2.6875,-0.125,-0.751953,-0.107422,-1.8125,-0.4375,0,-2.4375,0.0625,-0.634766,0.0488281,0.25476,0.0310887,-0.022177,-0.235087,0.536904,-0.138499,0.244206,-0.00971521,0.00744589,-0.0389412,0.639398,0.125963,-0.00192843,0.115141,-0.900887,-0.394808,0.254066,0.0670877,-0.416835,0.0119363,-0.147262,-0.126492,-0.320362,-0.156993,-0.170176,-0.447659,0.2068,-0.139562,0.0326431
48.34,-0.201883,-0.000136354,0.000174095,0.42101,-0.243176,0.00324097,-0.202606,0.000315318,-5.35676e-05,0.420302,-0.246119,-0.0033639,0.000147311,-0.000362284,0.00304827,0.00400273,-0.00254066,-0.000898817,0.00853277,-0.000419448,0.00737078,0.0066268,0.00329566,0.00156993,0.00339154,0.00841293,-0.0098031,0.0066268,-0.00128087,-0.2,0,0,0.42,-0.23,0,-0.2,0,0,0.42,-0.23,0,0,0,0,0,0,0,0,0,0,0,0,0,0,0,0,0,0,0,0.0119991,0.010285,-0.00436332,-0.00704579,-0.00646669,-0.0325691,-0.0261799,-0.0308549,0.019635,-0.00372885,-0.0100943,0.00514249,-0.010627,0.00184873,0.00613592,0,0.00306796,0,-0.00460194,0.00883573,0.0019635,0.00460194,-0.00153398,0.0306796,-0.00920388,0.00920388,-0.00490874,0.00294524,3.35582,0,-0.335582,-2.98828,8.7963,-3.41648,5.48118,-0.703125,-0.335582,-0.966797,11.7068,3.21676,-0.838956,0.595433,-5.75639,-2.5,0.4375,0.1875,-2.6875,-0.0625,-0.751953,-0.107422,-1.8125,-0.4375,-0.0625,-2.25,0,-0.615234,0.0488281,0.188282,-0.0103629,-0.0379794,-0.13398,0.541125,-0.116705,0.325737,0.0208281,0.0670666,-0.123874,0.652199,0.154745,-0.0596207,0.140566,-0.920027,-0.412545,0.254066,0.0388049,-0.426638,0.0129909,-0.156251,-0.134499,-0.33877,-0.153925,-0.230936,-0.402239,0.186858,-0.127627,0.0226722
48.38,-0.201883,-0.000136354,0.000187487,0.421001,-0.24318,0.00323377,-0.202579,0.000306796,-2.67838e-05,0.420243,-0.246123,-0.00338544,0.000160703,-0.000362289,0.00303864,0.00399075,-0.00254066,-0.000862864,0.00853277,-0.000443416,0.00737078,0.00661913,0.00329566,0.00158192,0.00346344,0.00841293,-0.0098031,0.0066268,-0.00128854,-0.2,0,0,0.42,-0.23,0,-0.2,0,0,0.42,-0.23,0,0,0,0,0,0,0,0,0,0,0,0,0,0,0,0,0,0,-0.00857081,-0.00981748,-0.00514249,-0.00763582,-0.00271638,-0.00460849,0,-0.00218166,-0.00342833,0.0272708,-0.000506281,-0.0101091,0,-0.0067746,-0.00308942,-0.0122718,0.00460194,0.0199418,0,-0.00306796,0.015708,-0.0107992,0.00153398,-0.0122718,0.0153398,0,-0.0138058,-0.00294524,-0.00490874,3.52362,-0.263672,-0.335582,-3.16406,8.61891,-3.41594,5.20153,-1.05469,-0.335582,-1.31836,11.6178,3.26863,-0.503374,0.49986,-5.90623,-2.4375,0.375,0.1875,-2.6875,-0.125,-0.761719,-0.107422,-1.8125,-0.4375,-0.0625,-2.375,0.0625,-0.634766,0.0683594,0.205424,0.0332703,-0.00846368,-0.119611,0.532636,-0.120134,0.25792,-0.0263163,0.00953503,-0.145467,0.64592,0.155636,-0.0482108,0.12901,-0.902323,-0.374531,0.244862,0.00325971,-0.426638,0.0119363,-0.163124,-0.121583,-0.332634,-0.133648,-0.203852,-0.420646,0.209868,-0.129591,0.0306796
48.44,-0.201829,-0.000136354,0.000187487,0.42101,-0.243172,0.00324817,-0.202606,0.000306796,-2.67838e-05,0.420294,-0.246119,-0.00337828,0.000160703,-0.000369852,0.00303381,0.00399075,-0.00255264,-0.000862864,0.00853277,-0.000419448,0.00736311,0.0066268,0.00329566,0.00155795,0.00342749,0.00842491,-0.00975516,0.00663447,-0.00128087,-0.2,0,0,0.42,-0.23,0,-0.2,0,0,0.42,-0.23,0,0,0,0,0,0,0,0,0,0,0,0,0,0,0,0,0,0,0.0239983,0.00545415,-0.00685665,0.00763582,0.00107535,-0.00183353,-0.00171416,0,0.0171416,-0.019635,-0.000534294,-0.000916765,-0.00857081,0.00290625,0.00308668,-0.0214757,-0.0076699,0.00153398,-0.00460194,-0.0138058,-0.000981748,0.000981748,0.00153398,-0.0076699,0.0153398,0.0138058,0.00613592,0.00883573,0.00392699,3.41175,0,-0.167791,-4.48242,8.61891,-3.41594,5.31339,-0.791016,0.279652,-0.351562,11.7068,3.21676,-0.167791,0.49997,-6.06163,-2.4375,0.375,0.1875,-2.625,-0.0625,-0.751953,-0.0976562,-1.8125,-0.4375,-0.0625,-2.375,0,-0.615234,0.0488281,0.134929,0.00272708,-0.00503535,-0.181976,0.524713,-0.12626,0.264027,-0.0306796,-0.0316049,0.0344845,0.645809,0.136965,-0.0224984,0.102237,-0.919404,-0.356123,0.270604,0.0400752,-0.417435,0.0221948,-0.14628,-0.133518,-0.332634,-0.140455,-0.202054,-0.448857,0.188967,-0.141525,0.0216905
48.5,-0.201869,-0.000144876,0.000187487,0.420992,-0.243176,0.00325533,-0.202633,0.00032384,-2.67838e-05,0.42026,-0.246123,-0.00338544,0.000160703,-0.000354737,0.00304346,0.00400273,-0.00256462,-0.000886833,0.00852078,-0.000419448,0.00736311,0.0066268,0.00329566,0.00156993,0.00342749,0.00842491,-0.00977913,0.00663447,-0.00128854,-0.2,0,0,0.42,-0.23,0,-0.2,0,0,0.42,-0.23,0,0,0,0,0,0,0,0,0,0,0,0,0,0,0,0,0,0,-0.010285,-0.00654498,0,-0.00872665,0,0,0.0119991,-0.00436332,0.0239983,0.00545415,0.00374006,0.00641735,-0.00685665,-0.00483046,0.00431369,-0.00306796,0.0076699,-0.00460194,-0.0076699,-0.00153398,-0.000981748,-0.0019635,0.0076699,-0.00460194,0.00306796,0.00920388,-0.0138058,0.00589049,-0.0019635,3.18803,0.175781,-0.503374,-2.37305,8.61891,-3.41594,5.1456,-0.966797,-0.279652,-0.263672,11.6173,3.16434,-0.615234,0.545813,-5.98976,-2.5,0.4375,0.1875,-2.625,-0.0625,-0.751953,-0.107422,-1.8125,-0.4375,0,-2.375,0.0625,-0.634766,0.0488281,0.207512,0.0275776,-0.0187487,-0.113969,0.527032,-0.130213,0.239278,-0.0236574,-0.0453182,-0.0607578,0.637427,0.122583,-0.0276409,0.120912,-0.925978,-0.394137,0.241123,0.0535455,-0.410699,0.00992294,-0.14628,-0.130572,-0.344906,-0.147789,-0.17751,-0.439653,0.209388,-0.13858,0.0277344
48.54,-0.201856,-0.000144876,0.000187487,0.421044,-0.243189,0.00323373,-0.202593,0.00032384,-1.33919e-05,0.420243,-0.246119,-0.0033639,0.000187487,-0.000377415,0.00302899,0.00399075,-0.00255264,-0.000874848,0.00852078,-0.000467385,0.00736311,0.0066268,0.00328368,0.00156993,0.00340352,0.00841293,-0.00982706,0.00661913,-0.0012732,-0.2,0,0,0.42,-0.23,0,-0.2,0,0,0.42,-0.23,0,0,0,0,0,0,0,0,0,0,0,0,0,0,0,0,0,0,0.0257124,-0.01309,0.0274266,0.0239983,-0.000560084,-0.00643709,0.00514249,0.00436332,0.0137133,0,-0.00159728,-0.00458876,0.00342833,-0.00290226,-0.000618978,-0.00460194,-0.00460194,-0.0199418,-0.0076699,0.0107379,0.00883573,0.00392699,-0.00153398,-0.00153398,0.00613592,0.00306796,0.0260777,-0.015708,0,3.18803,-0.175781,-0.223722,-3.60352,8.52997,-3.36352,5.25746,-1.05469,-0.167791,-0.263672,11.7068,3.21676,-0.167791,0.450347,-5.98385,-2.5,0.375,0.1875,-2.625,-0.125,-0.761719,-0.107422,-1.8125,-0.4375,-0.0625,-2.375,0,-0.615234,0.0683594,0.13418,0.0406675,-0.0736019,-0.25254,0.528661,-0.116475,0.248974,-0.0411107,-0.0260874,-0.0363842,0.647936,0.143734,-0.0665309,0.121931,-0.906839,-0.389871,0.264468,0.0836259,-0.410699,-0.00139017,-0.156098,-0.136463,-0.3253,-0.153925,-0.182448,-0.426782,0.170464,-0.116675,0.0254641
48.6,-0.201869,-0.00016192,0.000187487,0.420992,-0.243172,0.00324817,-0.202606,0.000306796,-4.01757e-05,0.420302,-0.246119,-0.00337828,0.000160703,-0.000369852,0.00303381,0.00397876,-0.00254066,-0.000862864,0.0085088,-0.000455401,0.00736311,0.00664214,0.00329566,0.00155795,0.00342749,0.00841293,-0.00976714,0.00664214,-0.00128854,-0.2,0,0,0.42,-0.23,0,-0.2,0,0,0.42,-0.23,0,0,0,0,0,0,0,0,0,0,0,0,0,0,0,0,0,0,0.0171416,-0.0152716,0.00171416,-0.0294524,-0.000537674,0.000916765,-0.010285,-0.0239983,0.0154275,-0.00654498,0.000534294,0.000916765,-0.010285,-0.00677659,-0.00432327,-0.0153398,0,0,-0.00306796,-0.0153398,-0.000981748,0.011781,0.00153398,0.0199418,0.00613592,-0.00306796,0.00460194,0.0127627,0,3.29989,0.263672,-0.167791,-2.63672,8.70784,-3.46836,5.31339,-0.878906,0.279652,-1.23047,11.6173,3.16434,-0.559304,0.49986,-5.90623,-2.4375,0.375,0.1875,-2.6875,-0.0625,-0.751953,-0.107422,-1.8125,-0.4375,-0.0625,-2.375,0.0625,-0.615234,0.0488281,0.152659,0.0467353,-0.022177,-0.0310663,0.527939,-0.13176,0.281169,0.0173169,-0.0268374,-0.0191539,0.643672,0.133298,-0.0173559,0.131285,-0.897174,-0.367197,0.254066,0.0431432,-0.419304,0.0244478,-0.14628,-0.144624,-0.332634,-0.195678,-0.183646,-0.41451,0.190741,-0.145605,0.0257709
48.64,-0.201869,-0.000136354,0.00021427,0.421044,-0.24318,0.00323377,-0.202593,0.000332363,-2.67838e-05,0.420251,-0.246119,-0.0033639,0.000147311,-0.000362304,0.003029,0.00400273,-0.00254066,-0.000862864,0.00853277,-0.000395479,0.00736311,0.00661913,0.00329566,0.00156993,0.00342749,0.00841293,-0.00977913,0.00664214,-0.00128087,-0.2,0,0,0.42,-0.23,0,-0.2,0,0,0.42,-0.23,0,0,0,0,0,0,0,0,0,0,0,0,0,0,0,0,0,0,0,0,0.0137133,0.0174533,0.00382535,0.0138057,0.0119991,-0.00436332,0.0137133,0.00436332,-0.000539896,0.000921699,-0.0308549,-0.00484042,-0.00308805,0.0076699,-0.00920388,0.0138058,0.00153398,-0.00306796,-0.000981748,-0.00490874,0,0.0122718,-0.00153398,0.0107379,-0.00306796,0.0107992,0.0019635,3.52362,0,-0.279652,-3.07617,8.61938,-3.52024,5.36932,-0.791016,-0.0559304,-0.527344,11.7068,3.21676,-0.223722,0.599107,-6.06179,-2.5,0.375,0.1875,-2.6875,-0.0625,-0.751953,-0.107422,-1.8125,-0.4375,0,-2.375,0.0625,-0.605469,0.0488281,0.186943,0.0136354,-0.0488536,-0.22636,0.519552,-0.156962,0.235261,-0.0245096,-0.0247482,-0.055116,0.645821,0.132713,0.0483715,0.123213,-0.899435,-0.415613,0.272473,0.0155316,-0.429706,0.0109776,-0.14628,-0.127474,-0.329566,-0.181537,-0.168306,-0.442122,0.198651,-0.143642,0.023654
48.7,-0.201829,-0.000144876,0.000187487,0.421027,-0.243184,0.00324093,-0.202633,0.00032384,-6.69595e-05,0.420217,-0.246119,-0.00337828,0.000160703,-0.000347189,0.00303864,0.00399075,-0.00256462,-0.000874848,0.00854475,-0.000419448,0.00737845,0.0066268,0.00328368,0.00158192,0.00345146,0.00840094,-0.00981508,0.00663447,-0.00128087,-0.2,0,0,0.42,-0.23,0,-0.2,0,0,0.42,-0.23,0,0,0,0,0,0,0,0,0,0,0,0,0,0,0,0,0,0,-0.00171416,-0.01309,-0.00685665,0.01309,0.00432941,0.0018582,-0.00857081,-0.00218166,0.00342833,-0.0119991,-0.000556704,0.00643709,-0.00514249,-0.000966092,0.00184873,-0.0107379,0,0,0.0076699,-0.00460194,0.011781,0.00589049,-0.00153398,0.00153398,0.0153398,0.00306796,-0.00306796,0.00294524,0,3.35582,0,-0.223722,-3.42773,8.61891,-3.41594,5.25746,-0.878906,0.111861,-0.615234,11.7958,3.16488,-0.447443,0.595433,-6.06755,-2.5,0.375,0.1875,-2.6875,-0.0625,-0.761719,-0.107422,-1.8125,-0.4375,-0.0625,-2.375,0.0625,-0.615234,0.0683594,0.186353,0.0406675,-0.00503535,-0.20635,0.518712,-0.133354,0.280418,-0.0280207,-0.000160702,0.0154479,0.645854,0.122257,-0.0327834,0.107055,-0.917138,-0.377599,0.256462,0.0437424,-0.442577,0.0129909,-0.15935,-0.138426,-0.3253,-0.16126,-0.203252,-0.426183,0.19937,-0.135635,0.0256175
48.74,-0.201843,-0.00016192,0.000187487,0.42101,-0.24318,0.00321941,-0.202579,0.000332363,-1.33919e-05,0.420294,-0.246119,-0.00337828,0.000160703,-0.000354737,0.00304346,0.00399075,-0.00256462,-0.000874848,0.0085088,-0.000431432,0.00736311,0.0066268,0.00328368,0.00155795,0.00345146,0.00841293,-0.00981508,0.0066268,-0.00128854,-0.2,0,0,0.42,-0.23,0,-0.2,0,0,0.42,-0.23,0,0,0,0,0,0,0,0,0,0,0,0,0,0,0,0,0,0,0,0,-0.00342833,0.00763582,0.00700097,-0.00824101,0.0137133,-0.00218166,-0.00342833,0.0272708,-5.60258e-06,0.00183846,0,1.38271e-16,-0.00246497,0,0,-0.00460194,-0.00920388,-0.00306796,0.0147262,-0.0019635,0.00306796,-0.0076699,0,0.00460194,-0.00613592,0.0019635,-0.00490874,3.29989,0,-0.0559304,-3.51562,8.53045,-3.46782,5.48118,-0.966797,0.671165,-1.05469,11.7068,3.21676,-0.391513,0.595433,-5.75639,-2.5,0.4375,0.1875,-2.6875,-0.0625,-0.761719,-0.0976562,-1.8125,-0.4375,-0.0625,-2.375,0.0625,-0.615234,0.0488281,0.184265,0.016192,-0.011892,-0.181976,0.513203,-0.112294,0.230493,-0.0288729,0.00819584,-0.153138,0.644752,0.131454,-0.0482108,0.106421,-0.905642,-0.399075,0.256462,0.0529463,-0.407032,0.0116966,-0.161988,-0.130572,-0.334504,-0.140455,-0.172573,-0.42985,0.202438,-0.134499,0.0306796
48.8,-0.201816,-0.000127832,0.000187487,0.420984,-0.24318,0.00321941,-0.202579,0.00032384,0,0.420302,-0.246123,-0.00338544,0.000160703,-0.000362289,0.00303864,0.00396678,-0.00256462,-0.000862864,0.00852078,-0.000443416,0.00736311,0.00663447,0.00330765,0.0015939,0.00343947,0.00840094,-0.00982706,0.0066268,-0.0012732,-0.2,0,0,0.42,-0.23,0,-0.2,0,0,0.42,-0.23,0,0,0,0,0,0,0,0,0,0,0,0,0,0,0,0,0,0,-0.00857081,0.01309,0.00171416,-0.0185441,0.00487828,0.00461836,0.0257124,0.00436332,0.0171416,0.0109083,-0.00377927,0.00645189,0.00857081,0.0019282,-0.00370019,-0.00613592,-0.0107379,0.0153398,-0.00920388,-0.0107379,0,0.011781,0,0,0.00920388,0.00460194,0.0122718,-0.00589049,0.0137445,3.69141,-0.175781,-0.279652,-2.8125,8.61938,-3.52024,4.75408,-0.966797,0.279652,-0.791016,11.7068,3.21676,-0.391513,0.49986,-5.90623,-2.5,0.375,0.1875,-2.6875,-0.0625,-0.751953,-0.107422,-1.75,-0.4375,-0.0625,-2.375,0,-0.615234,0.0683594,0.198729,-0.0133968,-0.022177,-0.073421,0.517448,-0.138013,0.206495,-0.0411107,-0.0342833,-0.088967,0.652466,0.122514,-0.0739233,0.102902,-0.900491,-0.384406,0.277938,0.0124636,-0.407631,0.0196062,-0.147262,-0.14447,-0.330765,-0.15939,-0.190381,-0.429251,0.184269,-0.126645,0.0117196
48.84,-0.201843,-0.000136354,0.000187487,0.421044,-0.243167,0.00322665,-0.202606,0.000332363,-6.69595e-05,0.420285,-0.246123,-0.00338544,0.000160703,-0.000362284,0.00304827,0.00397876,-0.00254066,-0.000862864,0.00853277,-0.000419448,0.00736311,0.00661913,0.00329566,0.00156993,0.00342749,0.00840094,-0.00977913,0.00663447,-0.00128087,-0.2,0,0,0.42,-0.23,0,-0.2,0,0,0.42,-0.23,0,0,0,0,0,0,0,0,0,0,0,0,0,0,0,0,0,0,0.0188558,-0.0250891,-0.00514249,0.0272708,-0.000548879,-0.00276016,0.0119991,0.00763582,0.010285,0.0141808,0.00268828,-0.000931566,-0.0291408,-0.00579655,0.00985987,-0.00460194,0.00153398,0.00460194,-0.0122718,0.00153398,-0.00294524,-0.0107992,0.00153398,-0.0138058,0.00153398,0,0.0153398,0.0107992,0.00294524,3.35582,0.0878906,-0.111861,-3.33984,8.70736,-3.36406,5.08967,-0.966797,-0.111861,-0.878906,11.5283,3.21621,-0.335582,0.496194,-6.06755,-2.5,0.375,0.1875,-2.6875,-0.125,-0.751953,-0.0976562,-1.8125,-0.4375,0,-2.375,0,-0.634766,0.0488281,0.146553,0.0638136,-0.00846368,-0.26563,0.527795,-0.123546,0.236601,-0.0485079,-0.013874,-0.0995,0.639531,0.137281,0.0392115,0.126075,-0.94406,-0.388672,0.250998,0.0339393,-0.402095,0.00685498,-0.144317,-0.121583,-0.332634,-0.129382,-0.174442,-0.420047,0.180243,-0.143489,0.0226722
48.9,-0.201816,-0.000144876,0.00021427,0.421035,-0.243172,0.00323381,-0.202619,0.000332363,-6.69595e-05,0.420208,-0.246119,-0.00337828,0.000160703,-0.000347189,0.00303864,0.00400273,-0.00254066,-0.000886833,0.00853277,-0.000431432,0.00736311,0.0066268,0.00328368,0.00156993,0.00337955,0.00840094,-0.00979111,0.0066268,-0.00128854,-0.2,0,0,0.42,-0.23,0,-0.2,0,0,0.42,-0.23,0,0,0,0,0,0,0,0,0,0,0,0,0,0,0,0,0,0,-0.00685665,-0.00436332,0.0308549,0.0218166,0.00163543,0.00460356,-0.0171416,0.0109083,-0.00685665,-0.0141808,0.00270508,-0.00644696,0,-2.76542e-16,0.00492993,0.00613592,0,0.0107379,-0.00920388,0.00920388,0.00490874,0.000981748,0,-0.00460194,-0.0168738,-0.0076699,0.0122718,-0.0019635,-0.00490874,3.18803,0.0878906,-0.335582,-2.54883,8.70784,-3.46836,5.36932,-1.14258,0.559304,0.175781,11.6173,3.16434,-0.950817,0.545813,-5.98976,-2.5,0.3125,0.1875,-2.625,-0.125,-0.761719,-0.107422,-1.8125,-0.4375,0,-2.3125,0.0625,-0.615234,0.0683594,0.1953,0.0232142,-0.0831369,-0.242535,0.523595,-0.138559,0.296222,-0.0550529,0.0204092,0.0254531,0.63933,0.148025,-0.0482108,0.104157,-0.926382,-0.412545,0.254066,0.0228659,-0.408231,-0.000575243,-0.152171,-0.133518,-0.328368,-0.147789,-0.13523,-0.404707,0.18355,-0.130572,0.0306796
48.94,-0.201883,-0.000153398,0.000187487,0.421018,-0.243184,0.00322657,-0.202552,0.000332363,-5.35676e-05,0.420302,-0.246119,-0.00337828,0.000174095,-0.000362289,0.00303864,0.00400273,-0.00254066,-0.000874848,0.00853277,-0.000419448,0.00737078,0.00661913,0.00329566,0.00156993,0.00340352,0.00841293,-0.0098031,0.00663447,-0.00128854,-0.2,0,0,0.42,-0.23,0,-0.2,0,0,0.42,-0.23,0,0,0,0,0,0,0,0,0,0,0,0,0,0,0,0,0,0,0.0222841,-0.00327249,0.00514249,0.00327249,0.000526469,-0.00459369,0.0582815,-0.00545415,0.0154275,-0.00109083,-0.00482545,-0.00273549,-0.0222841,-0.0077387,-0.00123932,0.0076699,0,0.0153398,-0.00460194,-0.0076699,0.0107992,0,0.0122718,0.0076699,0.00153398,0.00613592,0.0199418,0.00392699,-0.00883573,3.24396,-0.175781,-0.279652,-3.07617,8.53045,-3.46782,5.03374,-0.966797,-0.0559304,-0.527344,11.7068,3.21676,-0.279652,0.549483,-5.98401,-2.5,0.3125,0.1875,-2.625,-0.0625,-0.761719,-0.107422,-1.875,-0.4375,-0.0625,-2.375,0,-0.615234,0.0488281,0.143714,0.0218848,-0.0290336,-0.165802,0.52632,-0.119876,0.138679,-0.0223279,-0.0254982,-0.0409705,0.654391,0.140602,0.014624,0.131903,-0.907873,-0.415613,0.254066,0.0130628,-0.417435,0.0160589,-0.158215,-0.132383,-0.35411,-0.172333,-0.173244,-0.432918,0.17612,-0.136616,0.0346066
49,-0.201829,-0.000136354,0.000187487,0.421035,-0.24318,0.00324813,-0.202593,0.000332363,-8.03514e-05,0.420234,-0.246119,-0.00337828,0.000147311,-0.000362289,0.00303864,0.00400273,-0.00254066,-0.000886833,0.00853277,-0.000467385,0.00737078,0.0066268,0.00328368,0.00155795,0.00342749,0.00841293,-0.0098031,0.00664214,-0.00128087,-0.2,0,0,0.42,-0.23,0,-0.2,0,0,0.42,-0.23,0,0,0,0,0,0,0,0,0,0,0,0,0,0,0,0,0,0,-0.0171416,-0.0163625,-0.0154275,0.0338158,-0.00110896,-0.00919725,0.0137133,0.00436332,-0.00342833,-0.00763582,0.00213157,0.00550552,0.0188558,-0.0154714,0.00122291,0.00153398,-0.00306796,0.0138058,0.00153398,-0.00306796,0.00687223,0.00687223,-0.00153398,0.00153398,0.00306796,0.0168738,-0.0230097,0.0147262,0.00392699,3.69141,0.0878906,-0.167791,-3.86719,8.61891,-3.41594,5.08967,-0.966797,0,-0.703125,11.6173,3.16434,-0.391513,0.599107,-6.06179,-2.5,0.375,0.125,-2.6875,-0.125,-0.751953,-0.107422,-1.8125,-0.4375,-0.0625,-2.4375,0.0625,-0.615234,0.0488281,0.217208,0.0463603,0.0121063,-0.290532,0.529419,-0.111531,0.231833,-0.0419629,0.0148918,-0.00456238,0.640477,0.12412,-0.100761,0.155101,-0.91526,-0.403341,0.260201,0.01673,-0.429706,0.0124157,-0.154288,-0.139408,-0.3253,-0.158863,-0.17751,-0.454394,0.219072,-0.147569,0.0216905
49.04,-0.201883,-0.000170442,0.000187487,0.421035,-0.243176,0.00322661,-0.202606,0.000332363,-6.69595e-05,0.420217,-0.246114,-0.0033711,0.000187487,-0.000377399,0.00303863,0.00400273,-0.00256462,-0.000886833,0.00853277,-0.000443416,0.00736311,0.00661913,0.00328368,0.00155795,0.00345146,0.00840094,-0.00979111,0.0066268,-0.00128087,-0.2,0,0,0.42,-0.23,0,-0.2,0,0,0.42,-0.23,0,0,0,0,0,0,0,0,0,0,0,0,0,0,0,0,0,0,0.010285,-0.00545415,0.0119991,0.00109083,0.00160742,-0.00458876,0,-0.00109083,-0.010285,0.0316341,-0.00425194,-0.014688,0.0154275,-0.00580452,-0.00123796,0.00306796,0.0076699,-0.00306796,0.00153398,-0.00153398,0,-0.00392699,0,-0.0107379,0,0.0107379,-0.00613592,-0.00392699,0.00785398,2.96431,0.175781,-0.279652,-2.54883,8.61891,-3.41594,5.20153,-0.966797,0.167791,-0.703125,11.7963,3.26918,-0.391513,0.49986,-5.90623,-2.5,0.3125,0.1875,-2.6875,-0.0625,-0.751953,-0.107422,-1.8125,-0.4375,0,-2.4375,0,-0.634766,0.0488281,0.167712,0.0279525,-0.0427469,-0.159632,0.523821,-0.119887,0.260599,-0.0310546,0.0272659,-0.159085,0.653077,0.16422,-0.102528,0.130633,-0.907874,-0.406409,0.241123,0.0504776,-0.429706,0.0104023,-0.147262,-0.128456,-0.328368,-0.134319,-0.172573,-0.441523,0.201958,-0.128609,0.0177635
49.1,-0.201869,-0.000144876,0.000187487,0.421018,-0.243189,0.00321937,-0.202619,0.00032384,-0.000120527,0.420268,-0.246123,-0.00337108,0.000147311,-0.000369852,0.00303381,0.00399075,-0.00256462,-0.000874848,0.00853277,-0.000467385,0.00737078,0.0066268,0.00328368,0.00156993,0.00347543,0.00840094,-0.00977913,0.00663447,-0.00128087,-0.2,0,0,0.42,-0.23,0,-0.2,0,0,0.42,-0.23,0,0,0,0,0,0,0,0,0,0,0,0,0,0,0,0,0,0,0.0154275,-0.00763582,0.0154275,0.00218166,-0.00432941,-0.0018582,-0.02057,-0.00545415,0.00514249,0.00763582,-0.00801441,-0.0137515,-0.02057,0.000960114,-0.0043178,0,-0.0107379,0,-0.0230097,0.0076699,0.00392699,-0.0019635,0.00460194,-0.0107379,-0.00460194,0,-0.0291456,0.00490874,0.00294524,2.96431,0.0878906,-0.279652,-4.13086,8.61891,-3.41594,5.53711,-0.791016,-0.0559304,-0.527344,11.7068,3.21676,0.167791,0.49986,-5.90623,-2.5,0.4375,0.1875,-2.5625,-0.125,-0.751953,-0.0976562,-1.8125,-0.4375,0,-2.375,0.0625,-0.615234,0.0683594,0.156088,0.0297592,-0.0496036,-0.161438,0.536202,-0.125059,0.303078,-0.0214757,0.00176773,-0.070763,0.660937,0.162346,0.0175166,0.108075,-0.897191,-0.399075,0.277938,0.0437424,-0.380619,0.00167779,-0.151343,-0.130572,-0.337572,-0.135518,-0.164567,-0.420047,0.224728,-0.137598,0.0226722
49.14,-0.201843,-0.00011931,0.000160703,0.421018,-0.243176,0.00324097,-0.202593,0.000332363,-0.000107135,0.420226,-0.246119,-0.00337828,0.000200878,-0.000369852,0.00303381,0.00400273,-0.00256462,-0.000886833,0.0085088,-0.000443416,0.00735544,0.0066268,0.00328368,0.00154597,0.00347543,0.00840094,-0.00976714,0.00663447,-0.00128087,-0.2,0,0,0.42,-0.23,0,-0.2,0,0,0.42,-0.23,0,0,0,0,0,0,0,0,0,0,0,0,0,0,0,0,0,0,0.0188558,0.00218166,-0.00171416,0.00327249,0.00322604,-0.00550059,-0.0188558,-0.00109083,0.0119991,0.0119991,-0.00747451,-0.0146732,0.063424,-0.00580851,-0.00370566,-0.00920388,0.0138058,-0.00153398,0.0076699,0.0122718,-0.0137445,0.0019635,0,0.00306796,0.0138058,0.00613592,0.0107379,0.00490874,0.000981748,3.46768,-0.263672,-0.391513,-2.8125,8.61891,-3.41594,5.48118,-0.791016,0.279652,-1.05469,11.7963,3.26918,-1.00675,0.49986,-5.90623,-2.5,0.3125,0.1875,-2.75,-0.125,-0.751953,-0.107422,-1.8125,-0.4375,-0.0625,-2.375,0,-0.615234,0.0683594,0.146553,0.00756764,-0.0126419,-0.165802,0.520582,-0.118638,0.296971,-0.0310546,-0.0132848,-0.0818237,0.659689,0.164477,-0.250536,0.128381,-0.899027,-0.381865,0.228851,0.0474096,-0.44078,-0.00340352,-0.133364,-0.134499,-0.328368,-0.160732,-0.201383,-0.432319,0.184605,-0.137598,0.0246357
49.2,-0.201869,-0.000153398,0.000187487,0.421027,-0.243193,0.00321217,-0.202579,0.00032384,-4.01757e-05,0.420251,-0.246119,-0.00337828,0.000133919,-0.000362304,0.003029,0.00399075,-0.00256462,-0.000874848,0.00853277,-0.000467385,0.00736311,0.0066268,0.00329566,0.00154597,0.00345146,0.00841293,-0.00983905,0.0066268,-0.00128087,-0.2,0,0,0.42,-0.23,0,-0.2,0,0,0.42,-0.23,0,0,0,0,0,0,0,0,0,0,0,0,0,0,0,0,0,0,0.02057,-0.00218166,-0.00685665,0.01309,0.00487268,0.0027799,0.0377116,-0.00763582,0.0188558,0.0218166,-0.00426875,-0.00917258,-0.0291408,0.00193218,-0.00123248,-0.00613592,-0.00460194,0.00613592,0.0107379,0,0,0,-0.00153398,-0.0230097,-0.00153398,0.00613592,-0.0168738,-0.00785398,0.000981748,3.18803,0.0878906,-0.223722,-3.07617,8.44199,-3.5197,5.36932,-0.878906,0.279652,-0.791016,11.7068,3.21676,-0.223722,0.450347,-5.98385,-2.5,0.3125,0.1875,-2.6875,-0.0625,-0.761719,-0.107422,-1.8125,-0.4375,0,-2.375,0,-0.615234,0.0683594,0.145803,0.0197031,-0.00503535,-0.20635,0.517967,-0.134047,0.182497,-0.0171124,-0.033694,-0.124929,0.653278,0.153476,0.0472466,0.102895,-0.905002,-0.386803,0.265666,0.0314706,-0.448114,0.0093477,-0.147262,-0.132536,-0.326498,-0.108577,-0.169505,-0.432918,0.213655,-0.124682,0.0246357
49.24,-0.201896,-0.00011931,0.000187487,0.421001,-0.243176,0.00324097,-0.202619,0.000332363,-4.01757e-05,0.42026,-0.246123,-0.00338544,0.000133919,-0.000362289,0.00303864,0.00397876,-0.00256462,-0.000886833,0.0085088,-0.000467385,0.00735544,0.0066268,0.00328368,0.00155795,0.00342749,0.00841293,-0.00976714,0.00663447,-0.00128087,-0.2,0,0,0.42,-0.23,0,-0.2,0,0,0.42,-0.23,0,0,0,0,0,0,0,0,0,0,0,0,0,0,0,0,0,0,-0.00171416,-0.0163625,-0.0119991,-0.00436332,0.00325406,0.00369173,-0.0171416,-0.00654498,-0.00171416,0.0119991,-0.00318896,-0.011016,-0.0137133,-0.00966889,0.00122701,-0.0168738,0,0.0214757,-0.00460194,0.00613592,-0.0127627,0.0147262,0.0138058,0,0.00306796,0,-0.0322136,-0.000981748,0.0019635,3.41175,0.263672,-0.167791,-2.72461,8.61891,-3.41594,5.1456,-0.966797,-0.279652,-0.615234,11.7068,3.21676,-0.447443,0.599107,-6.06179,-2.5,0.375,0.1875,-2.6875,-0.0625,-0.751953,-0.107422,-1.875,-0.4375,-0.0625,-2.375,0.0625,-0.634766,0.0683594,0.19305,0.0446559,0.00524962,-0.132701,0.520526,-0.137022,0.296222,-0.0201463,0.00744589,-0.0869378,0.651285,0.157449,0.000964213,0.137693,-0.915272,-0.364129,0.256462,0.00139017,-0.416236,0.00321177,-0.134346,-0.147262,-0.355979,-0.155795,-0.17751,-0.420646,0.227556,-0.131708,0.023654
49.3,-0.201883,-0.000136354,0.00021427,0.421001,-0.243184,0.00324093,-0.202646,0.000315318,-4.01757e-05,0.420243,-0.246127,-0.00337824,0.000147311,-0.000362289,0.00303864,0.00400273,-0.00256462,-0.000886833,0.00853277,-0.000467385,0.00736311,0.0066268,0.00329566,0.00155795,0.00342749,0.00841293,-0.00973119,0.00663447,-0.00128854,-0.2,0,0,0.42,-0.23,0,-0.2,0,0,0.42,-0.23,0,0,0,0,0,0,0,0,0,0,0,0,0,0,0,0,0,0,-0.00685665,0.00872665,0.0239983,-0.00327249,-0.0064801,0.00180886,0.00171416,0,0,0.00327249,0.00161409,-0.000926632,-0.0342833,-0.00483046,0.00308121,0.0076699,-0.00613592,0.00153398,-0.00306796,-0.00460194,-0.0019635,0.00490874,0,-0.0260777,-0.00153398,0.00613592,0.00153398,0.00981748,-0.00392699,3.63548,-0.175781,-0.223722,-2.02148,8.70784,-3.46836,4.75408,-1.05469,-0.0559304,-1.05469,11.6173,3.16434,-0.335582,0.549593,-6.13941,-2.5,0.3125,0.1875,-2.6875,-0.0625,-0.732422,-0.107422,-1.8125,-0.375,-0.0625,-2.375,0.0625,-0.634766,0.0683594,0.201995,-0.00381791,-0.0694236,-0.137065,0.540331,-0.133255,0.261188,-0.0315318,0.00401757,-0.0494741,0.641848,0.136983,0.0586565,0.123178,-0.920835,-0.415613,0.268734,0.0412737,-0.420502,0.0139496,-0.145299,-0.137445,-0.329566,-0.10364,-0.168306,-0.432918,0.19309,-0.142507,0.0296979
49.34,-0.201883,-0.000110787,0.00021427,0.42101,-0.243176,0.00324097,-0.202606,0.000332363,-5.35676e-05,0.420294,-0.246123,-0.00338544,0.000187487,-0.000354737,0.00304346,0.00397876,-0.00256462,-0.00093477,0.00853277,-0.000491353,0.00736311,0.0066268,0.00328368,0.00156993,0.00347543,0.00841293,-0.00977913,0.0066268,-0.00128087,-0.2,0,0,0.42,-0.23,0,-0.2,0,0,0.42,-0.23,0,0,0,0,0,0,0,0,0,0,0,0,0,0,0,0,0,0,0.0137133,0.0207258,0,-0.019635,-0.00220112,-0.0128791,0.010285,0,0.00171416,-0.00981748,-0.00317215,-0.0165314,0.0291408,0.00193218,0.00246497,0.00153398,-0.0107379,0.00920388,0,-0.00613592,0.00294524,0.0127627,-0.00460194,-0.00613592,-0.00306796,-0.0076699,-0.0107379,-0.00687223,0.0019635,2.90838,-0.175781,-0.111861,-2.98828,8.70736,-3.36406,5.1456,-0.966797,-0.111861,-0.966797,11.7068,3.21676,-0.727095,0.446575,-5.98976,-2.5,0.4375,0.1875,-2.6875,-0.0625,-0.771484,-0.107422,-1.8125,-0.4375,-0.0625,-2.3125,0.0625,-0.605469,0.0683594,0.160856,-0.0303728,-0.021427,-0.0728932,0.531436,-0.103881,0.240029,-0.0332363,0.00192843,-0.00478537,0.651252,0.16848,-0.143668,0.100625,-0.920432,-0.400944,0.277938,0.0283307,-0.426638,0.015963,-0.150207,-0.145299,-0.319164,-0.144721,-0.167635,-0.405306,0.20632,-0.125664,0.023654
49.4,-0.201896,-0.000127832,0.000187487,0.421044,-0.243184,0.00321221,-0.202633,0.000332363,-0.000147311,0.420268,-0.246123,-0.00337108,0.000147311,-0.000347189,0.00303864,0.00400273,-0.00255264,-0.000886833,0.00853277,-0.000419448,0.00735544,0.0066268,0.00329566,0.00156993,0.00342749,0.00840094,-0.00982706,0.00661913,-0.00128087,-0.2,0,0,0.42,-0.23,0,-0.2,0,0,0.42,-0.23,0,0,0,0,0,0,0,0,0,0,0,0,0,0,0,0,0,0,0,0,-0.00342833,0.0185441,-0.00161302,0.00275029,-0.0497107,-0.00545415,-0.0428541,0.0327249,1.12052e-05,-0.00367693,-0.0239983,-0.000966092,0.000616242,0,-0.00306796,0,0.00153398,0.00460194,-0.0147262,0.00981748,0.00460194,-0.0168738,0,0,-0.00920388,-0.00589049,0.00392699,2.79652,-0.175781,-0.111861,-3.60352,8.61938,-3.52024,5.7049,-0.878906,0.559304,-0.351562,11.7068,3.21676,-0.223722,0.545813,-6.14534,-2.5,0.375,0.1875,-2.6875,-0.0625,-0.732422,-0.117188,-1.875,-0.4375,-0.0625,-2.375,0.0625,-0.615234,0.0683594,0.189622,0.0127832,-0.011892,-0.230724,0.530601,-0.133989,0.362698,-0.0223279,0.100439,-0.171119,0.644886,0.142197,0.0278016,0.107055,-0.913441,-0.400273,0.2614,0.0443416,-0.429706,0.00378702,-0.132383,-0.142353,-0.33877,-0.123246,-0.171374,-0.420047,0.205745,-0.126492,0.0216905
49.44,-0.201856,-0.00016192,0.000187487,0.421018,-0.243184,0.00324093,-0.202566,0.000340885,-0.000107135,0.420183,-0.246123,-0.00338544,0.000187487,-0.000369852,0.00303381,0.00399075,-0.00254066,-0.000886833,0.0085088,-0.000443416,0.00736311,0.00661913,0.00329566,0.00158192,0.00345146,0.00841293,-0.00977913,0.0066268,-0.00128087,-0.2,0,0,0.42,-0.23,0,-0.2,0,0,0.42,-0.23,0,0,0,0,0,0,0,0,0,0,0,0,0,0,0,0,0,0,0.0274266,0.00981748,-0.00342833,-0.00218166,-0.00324845,-0.00185327,0.0119991,0.00654498,-0.0171416,-0.00218166,-0.00372885,-0.0100943,0.0359974,-0.010633,0.0030771,-0.0138058,-0.00306796,0,0,-0.00920388,-0.000981748,-0.00687223,0.00153398,0.0122718,-0.0076699,0.00153398,-0.0214757,-0.0019635,0.0019635,3.29989,0.0878906,-0.279652,-2.72461,8.70784,-3.46836,5.48118,-0.878906,0.727095,0.263672,11.7068,3.21676,-0.950817,0.549593,-6.13941,-2.4375,0.3125,0.1875,-2.6875,-0.0625,-0.751953,-0.0976562,-1.875,-0.5,0,-2.375,0.0625,-0.634766,0.0683594,0.130751,-0.00344294,-0.011892,-0.143985,0.533868,-0.125931,0.232583,-0.0471784,0.0449968,-0.0187124,0.652365,0.155606,-0.164238,0.142855,-0.919375,-0.371463,0.260201,0.0443416,-0.42544,0.0180722,-0.14628,-0.12551,-0.332634,-0.182735,-0.157233,-0.423714,0.217058,-0.130572,0.023654
49.5,-0.201816,-0.000153398,0.000200878,0.420984,-0.243184,0.00322657,-0.202606,0.000332363,-0.000120527,0.420174,-0.24611,-0.00336394,0.00021427,-0.000369852,0.00303381,0.00400273,-0.00252867,-0.000862864,0.00852078,-0.000419448,0.00736311,0.0066268,0.00329566,0.00155795,0.00345146,0.00840094,-0.0098031,0.00663447,-0.00128087,-0.2,0,0,0.42,-0.23,0,-0.2,0,0,0.42,-0.23,0,0,0,0,0,0,0,0,0,0,0,0,0,0,0,0,0,0,0,-0.00763582,0.0291408,-0.0447241,0.00376372,-0.00641735,-0.0377116,-0.0109083,0.0239983,-0.00109083,-0.000534294,-0.000916765,-0.0325691,-0.0125652,0.00430959,-0.0107379,0,0,-0.0076699,-0.00920388,0,0,0,-0.00613592,0.0168738,0.0076699,0.00306796,0.00589049,0.00687223,3.91513,-0.263672,-0.391513,-2.63672,8.61891,-3.41594,5.59304,-0.966797,0.111861,-0.878906,11.7068,3.21676,-0.223722,0.549593,-6.13941,-2.4375,0.3125,0.1875,-2.6875,-0.0625,-0.751953,-0.107422,-1.8125,-0.4375,-0.0625,-2.4375,0,-0.644531,0.0488281,0.181587,0.0306114,-0.0783694,0.0312988,0.519846,-0.116228,0.336022,-0.0114196,-0.0359438,-0.0217972,0.645475,0.136391,0.0334262,0.148651,-0.923073,-0.378797,0.252867,0.0431432,-0.410699,0.0175928,-0.147262,-0.132536,-0.329566,-0.143523,-0.20632,-0.435387,0.192994,-0.13858,0.0187452
49.54,-0.201843,-0.000144876,0.000187487,0.421018,-0.243172,0.00324817,-0.202593,0.000315318,-2.67838e-05,0.420217,-0.246127,-0.00337824,0.000187487,-0.000354741,0.00303382,0.00400273,-0.00256462,-0.000862864,0.00852078,-0.000455401,0.00736311,0.0066268,0.00329566,0.00155795,0.00345146,0.00840094,-0.0098031,0.00664214,-0.00128087,-0.2,0,0,0.42,-0.23,0,-0.2,0,0,0.42,-0.23,0,0,0,0,0,0,0,0,0,0,0,0,0,0,0,0,0,0,0.02057,-0.0207258,0,0.00218166,0.00810993,0.000956238,0,0.0141808,-0.0154275,0.00654498,-0.00427435,-0.00733412,0.00685665,-0.00676464,0.00307984,0.00460194,0.00153398,0.00153398,-0.00613592,-0.0138058,0.00883573,-0.0019635,0.00460194,0.00306796,0.00153398,0.00460194,0.00306796,0.0127627,0.0019635,3.29989,0,-0.167791,-3.86719,8.53045,-3.46782,5.53711,-1.05469,0.223722,-0.966797,11.7068,3.21676,-0.391513,0.599217,-6.2172,-2.5,0.3125,0.1875,-2.6875,-0.0625,-0.771484,-0.107422,-1.8125,-0.4375,-0.0625,-2.4375,0,-0.605469,0.0488281,0.143125,0.0559392,-0.0187487,-0.161438,0.510644,-0.131839,0.259259,-0.0598934,0.0335333,-0.0587285,0.653625,0.149798,-0.0768159,0.126716,-0.919387,-0.409477,0.253394,0.0400752,-0.413767,0.0229138,-0.156098,-0.130572,-0.33877,-0.161931,-0.175641,-0.429251,0.192994,-0.145605,0.023654
49.6,-0.201883,-0.000153398,0.00021427,0.420992,-0.243172,0.00323381,-0.202619,0.00032384,-0.000107135,0.42026,-0.246123,-0.00338544,0.000174095,-0.000362289,0.00303864,0.00401472,-0.00256462,-0.000886833,0.00852078,-0.000467385,0.00737078,0.0066268,0.00329566,0.00154597,0.00347543,0.00841293,-0.00982706,0.00663447,-0.00128854,-0.2,0,0,0.42,-0.23,0,-0.2,0,0,0.42,-0.23,0,0,0,0,0,0,0,0,0,0,0,0,0,0,0,0,0,0,0.0171416,-0.00654498,0.0171416,0.00109083,-0.00217311,-0.0036868,0.0222841,-0.00109083,-0.0119991,0.00981748,0.00698504,-0.0009513,0,0.00870678,0.00185693,0,0.00920388,0.0245437,0,0.00613592,0.00687223,-0.00490874,0.00920388,0,-0.00153398,0.00153398,0.00613592,0,-0.0107992,3.1321,0,-0.279652,-2.63672,8.61891,-3.41594,4.75408,-0.966797,0.838956,-0.439453,11.6173,3.16434,-0.727095,0.450347,-5.98385,-2.5,0.375,0.1875,-2.75,-0.125,-0.751953,-0.107422,-1.875,-0.4375,0,-2.375,0.0625,-0.615234,0.0683594,0.153999,0.0284298,-0.0557103,-0.153239,0.531212,-0.121979,0.21737,-0.0302024,0.0347118,-0.0782111,0.630937,0.13732,-0.0522284,0.0825663,-0.917162,-0.401472,0.238055,-0.00474576,-0.426039,0.00321177,-0.154288,-0.127627,-0.347974,-0.154597,-0.170703,-0.423714,0.190405,-0.132689,0.0365701
49.64,-0.201869,-0.000136354,0.000187487,0.421027,-0.243167,0.00324101,-0.202633,0.000332363,-5.35676e-05,0.420277,-0.246123,-0.00338544,0.000160703,-0.000369836,0.00304345,0.00400273,-0.00256462,-0.000862864,0.00853277,-0.000467385,0.00736311,0.00663447,0.00329566,0.00155795,0.00346344,0.00841293,-0.00977913,0.00663447,-0.00128087,-0.2,0,0,0.42,-0.23,0,-0.2,0,0,0.42,-0.23,0,0,0,0,0,0,0,0,0,0,0,0,0,0,0,0,0,0,0.00342833,-0.00545415,0,0.0185441,-0.00650811,-0.00738346,-0.0428541,-0.0109083,0.00514249,0.00654498,0.002182,-0.0110406,0.0188558,-0.0116051,-8.20787e-06,0.00306796,-0.00460194,0.00460194,-0.0107379,-0.00460194,-0.000981748,0.0166897,0,-0.0122718,0.00460194,0.00153398,0.00306796,0.0137445,0.000981748,3.24396,-0.175781,-0.223722,-3.7793,8.70736,-3.36406,5.31339,-0.878906,0,-0.966797,11.6178,3.26863,-0.559304,0.598997,-5.90639,-2.5,0.3125,0.1875,-2.625,-0.125,-0.761719,-0.0976562,-1.8125,-0.4375,-0.0625,-2.375,0,-0.644531,0.0683594,0.180086,0.0245437,-0.0187487,-0.228167,0.539712,-0.114873,0.348985,-0.0114196,-0.00492822,-0.0676782,0.640543,0.157499,-0.104778,0.145766,-0.913011,-0.406409,0.265666,0.0339393,-0.405163,0.0139496,-0.14628,-0.149379,-0.329566,-0.131251,-0.182376,-0.423714,0.192515,-0.146434,0.0246357
49.7,-0.201869,-0.000127832,0.000187487,0.421001,-0.243176,0.00325533,-0.202619,0.00032384,-5.35676e-05,0.420302,-0.246119,-0.0033639,0.000147311,-0.000369852,0.00303381,0.00399075,-0.00256462,-0.000862864,0.0085088,-0.000431432,0.00737078,0.00663447,0.00329566,0.00155795,0.00345146,0.00841293,-0.00979111,0.00663447,-0.00128087,-0.2,0,0,0.42,-0.23,0,-0.2,0,0,0.42,-0.23,0,0,0,0,0,0,0,0,0,0,0,0,0,0,0,0,0,0,0.0119991,0.00327249,-0.02057,-0.0425424,0.00704019,0.00462823,-0.00342833,-0.00327249,-0.00685665,0.00218166,0.00323938,-0.00553019,0,-0.00677261,-0.00185557,0,-0.00306796,0.00306796,-0.0153398,-0.0122718,0.0107992,0.00589049,0.0122718,0,0,0.00920388,-0.0107379,0.0107992,0.00490874,3.46768,0.0878906,-0.167791,-3.51562,8.61891,-3.41594,6.32014,-0.966797,0,-0.527344,11.6178,3.26863,-0.894886,0.549483,-5.98401,-2.5,0.4375,0.1875,-2.6875,-0.0625,-0.761719,-0.107422,-1.875,-0.4375,0,-2.375,0.0625,-0.634766,0.0488281,0.162944,0.00623819,0.0223913,0.0200151,0.512952,-0.13947,0.268795,-0.0258391,0.0190701,-0.0540604,0.638263,0.145616,-0.0441933,0.131273,-0.904577,-0.399075,0.262598,0.0370073,-0.39476,0.0209005,-0.158215,-0.13858,-0.35411,-0.155795,-0.172573,-0.439054,0.20656,-0.143489,0.0207087
49.74,-0.201869,-0.000153398,0.000174095,0.421027,-0.243172,0.00323381,-0.202579,0.000306796,-8.03514e-05,0.42026,-0.246119,-0.00337828,0.000160703,-0.000362289,0.00303864,0.00399075,-0.00254066,-0.000886833,0.00853277,-0.000419448,0.00736311,0.0066268,0.00328368,0.00154597,0.00342749,0.00841293,-0.00973119,0.00663447,-0.00128854,-0.2,0,0,0.42,-0.23,0,-0.2,0,0,0.42,-0.23,0,0,0,0,0,0,0,0,0,0,0,0,0,0,0,0,0,0,0.010285,-0.0141808,0.00857081,-0.00218166,-0.00163543,-0.00460356,-0.0291408,0.00218166,0.0291408,0.00545415,-0.00480864,-0.00825088,-0.0119991,0.00386437,-0.00246497,0.00153398,-0.0107379,0,0,-0.00613592,-0.00490874,0.00392699,-0.00306796,-0.0230097,0.00153398,0.0122718,0,0.000981748,-0.00883573,3.24396,-0.175781,-0.447443,-3.51562,8.61891,-3.41594,4.58629,-1.05469,0.838956,-0.527344,11.7068,3.21676,-0.279652,0.450237,-5.82844,-2.5,0.375,0.1875,-2.6875,-0.0625,-0.751953,-0.0976562,-1.8125,-0.4375,0,-2.375,0.0625,-0.634766,0.0488281,0.166373,0.0437014,-0.0345511,-0.145263,0.530137,-0.120145,0.316201,-0.0350429,-0.0502464,-0.0607578,0.654358,0.151633,-0.0122134,0.0970936,-0.904197,-0.402143,0.275541,0.0443416,-0.426638,0.0145249,-0.142353,-0.136463,-0.322232,-0.108577,-0.174442,-0.44519,0.194624,-0.133671,0.0346066
49.8,-0.201856,-0.000144876,0.000187487,0.42101,-0.24318,0.00323377,-0.202579,0.000332363,-0.000120527,0.420285,-0.246123,-0.00338544,0.000174095,-0.000354737,0.00305308,0.00399075,-0.00255264,-0.000898817,0.00853277,-0.000443416,0.00736311,0.00661146,0.00330765,0.00156993,0.00345146,0.00842491,-0.00981508,0.00663447,-0.00128087,-0.2,0,0,0.42,-0.23,0,-0.2,0,0,0.42,-0.23,0,0,0,0,0,0,0,0,0,0,0,0,0,0,0,0,0,0,0.0137133,0.00327249,-0.00685665,-0.0109083,-2.80129e-05,-0.00919232,0.02057,0.0109083,-0.0274266,-0.00654498,-0.000511883,-0.00827062,0.0325691,-0.00579655,1.31614e-16,0.0168738,-0.00153398,-0.00306796,0,-0.0138058,-0.0019635,-0.015708,0,-0.0153398,0.00920388,0.00306796,-0.0076699,0.00490874,0.00294524,2.96431,0.0878906,-0.223722,-3.25195,8.61891,-3.41594,5.08967,-0.966797,0.503374,-0.703125,11.7068,3.21676,-0.111861,0.496194,-5.91197,-2.5,0.3125,0.1875,-2.6875,-0.0625,-0.761719,-0.107422,-1.8125,-0.4375,-0.0625,-2.3125,0,-0.634766,0.0488281,0.158178,0.00794261,-0.00503535,-0.1078,0.527259,-0.110966,0.21678,-0.0550529,0.0669059,-0.0165968,0.645931,0.151959,-0.149936,0.123811,-0.915925,-0.432822,0.258332,0.0510768,-0.426638,0.0226742,-0.145299,-0.116521,-0.330765,-0.126314,-0.190981,-0.427381,0.203972,-0.137598,0.0226722
49.86,-0.201816,-0.000110787,0.000174095,0.420992,-0.243172,0.00323381,-0.202593,0.000332363,-5.35676e-05,0.420217,-0.246123,-0.00338544,0.000187487,-0.000362289,0.00303864,0.00399075,-0.00254066,-0.000898817,0.00853277,-0.000467385,0.00737078,0.00661146,0.00328368,0.00156993,0.0034155,0.00841293,-0.00981508,0.00663447,-0.00128087,-0.2,0,0,0.42,-0.23,0,-0.2,0,0,0.42,-0.23,0,0,0,0,0,0,0,0,0,0,0,0,0,0,0,0,0,0,0.00857081,0,-0.0119991,0.00763582,-0.00434621,-0.00737359,-0.010285,0.00327249,0.0411399,0.00654498,0.00430236,-0.0018582,-0.00514249,-0.00966889,0.00122701,-0.00153398,0.00153398,-0.00460194,-0.0076699,-0.0122718,0.00785398,-0.015708,0.00306796,0.0138058,-0.00153398,0.00920388,-0.0107379,0.00589049,0.00687223,3.46768,0.263672,-0.167791,-2.72461,8.61891,-3.41594,5.31339,-0.966797,0.223722,-0.703125,11.6178,3.26863,-0.223722,0.599107,-6.06179,-2.5,0.4375,0.1875,-2.625,-0.125,-0.751953,-0.107422,-1.8125,-0.4375,0,-2.375,0.0625,-0.615234,0.0488281,0.164445,0.0110787,0.00658881,-0.179419,0.535558,-0.114605,0.279829,-0.0397812,-0.076923,-0.0587285,0.636303,0.139134,-0.0408185,0.137693,-0.915272,-0.396007,0.250998,0.0541447,-0.411299,0.0216195,-0.15527,-0.116521,-0.334504,-0.184605,-0.167707,-0.439054,0.207039,-0.13858,0.0187452
49.9,-0.201869,-0.000144876,0.000187487,0.421027,-0.243167,0.00324101,-0.202539,0.000332363,-5.35676e-05,0.420311,-0.246123,-0.00338544,0.000160703,-0.000377399,0.00303863,0.00397876,-0.00251669,-0.000886833,0.00853277,-0.000443416,0.00737078,0.00661913,0.00329566,0.00156993,0.00347543,0.00842491,-0.00981508,0.00663447,-0.00128087,-0.2,0,0,0.42,-0.23,0,-0.2,0,0,0.42,-0.23,0,0,0,0,0,0,0,0,0,0,0,0,0,0,0,0,0,0,0.0188558,-0.00109083,-0.010285,-0.0141808,0.00378613,0.000936501,-0.010285,-0.00436332,0.00514249,0.00872665,-0.00103497,-0.0128643,0.00685665,-0.000964099,0.00185009,-0.00920388,-0.00306796,0.00306796,-0.0153398,0.00613592,0.0107992,-0.00294524,0.0276117,0.00153398,0,-0.00613592,-0.00153398,0.00490874,0.000981748,2.62873,0.175781,-0.0559304,-3.16406,8.61891,-3.41594,4.97781,-0.878906,0.335582,-0.791016,11.7068,3.21676,-0.279652,0.450347,-5.98385,-2.4375,0.375,0.1875,-2.625,-0.125,-0.761719,-0.0976562,-1.875,-0.4375,0,-2.3125,0,-0.634766,0.0488281,0.149231,0.0166693,0.0018213,-0.0972669,0.519124,-0.131513,0.274472,-0.0245096,-0.00492822,-0.0815189,0.646977,0.161146,-0.0687808,0.116112,-0.917138,-0.379469,0.257805,0.0382057,-0.395959,0.0027324,-0.158215,-0.129437,-0.384789,-0.160061,-0.173771,-0.408974,0.197836,-0.137598,0.0246357
49.96,-0.201802,-0.000110787,0.000187487,0.421018,-0.243163,0.00323385,-0.202539,0.00032384,-4.01757e-05,0.420277,-0.246123,-0.00337108,0.000200878,-0.000347189,0.00303864,0.00400273,-0.00254066,-0.00085088,0.00852078,-0.000443416,0.00736311,0.00663447,0.00329566,0.00154597,0.00351138,0.00840094,-0.00981508,0.00663447,-0.00128087,-0.2,0,0,0.42,-0.23,0,-0.2,0,0,0.42,-0.23,0,0,0,0,0,0,0,0,0,0,0,0,0,0,0,0,0,0,0.0171416,-0.00763582,-0.00342833,0.00436332,-0.000532071,0.00275523,0.00342833,-0.00545415,-0.00342833,0.00436332,0.00266587,0.00642229,0.02057,-0.00289828,-0.00184873,0,-0.0076699,0,0.00306796,-0.0107379,0,0.00883573,0.0076699,0.0076699,-0.00460194,0,0.00920388,0.0127627,0,3.18803,0.0878906,-0.111861,-3.07617,8.70784,-3.46836,5.20153,-0.878906,0.111861,-0.615234,11.6173,3.16434,-0.391513,0.545813,-5.83418,-2.5,0.3125,0.1875,-2.6875,-0.0625,-0.751953,-0.107422,-1.875,-0.4375,0,-2.375,0,-0.644531,0.0488281,0.145964,0.0263504,-0.011892,-0.170165,0.527592,-0.134864,0.247046,-0.0214757,0.0108742,-0.0589515,0.639577,0.121999,-0.121973,0.112852,-0.906046,-0.400273,0.269405,0.042544,-0.432175,0.0196062,-0.147262,-0.141525,-0.344906,-0.169936,-0.166365,-0.420047,0.187098,-0.145452,0.0256175
50,-0.201762,-0.000144876,0.000187487,0.421052,-0.243159,0.00324105,-0.202552,0.000332363,-1.33919e-05,0.420243,-0.246119,-0.00337828,0.000147311,-0.00036232,0.00301936,0.00400273,-0.00256462,-0.000886833,0.00852078,-0.000467385,0.00736311,0.0066268,0.00328368,0.00154597,0.00340352,0.00841293,-0.00979111,0.0066268,-0.00128087,-0.2,0,0,0.42,-0.23,0,-0.2,0,0,0.42,-0.23,0,0,0,0,0,0,0,0,0,0,0,0,0,0,0,0,0,0,0.0188558,0.00436332,0.00857081,-0.00763582,-0.00217871,-0.00552526,0.0188558,-0.00654498,0.00857081,0.00218166,-0.00430797,0.00369666,0,-0.000964099,0.00185009,-0.00460194,-0.0153398,0.0076699,-0.0138058,-0.0138058,-0.00294524,0.00490874,0.00460194,0,0.00460194,0.0153398,-0.0122718,0.0019635,0,3.1321,0.0878906,-0.223722,-2.98828,8.70784,-3.46836,4.86594,-0.966797,-0.111861,-0.351562,11.7068,3.21676,-0.335582,0.599217,-6.2172,-2.5,0.3125,0.1875,-2.625,-0.0625,-0.751953,-0.107422,-1.8125,-0.4375,-0.0625,-2.4375,0.0625,-0.634766,0.0683594,0.138518,0.00576095,-0.0358903,-0.127282,0.530716,-0.118591,0.21753,-0.0201463,-0.0158024,-0.0451108,0.653356,0.127738,-0.0441933,0.111588,-0.911358,-0.391069,0.287142,0.0290018,-0.398428,0.0231535,-0.144317,-0.137445,-0.337572,-0.154597,-0.17938,-0.451326,0.208094,-0.134499,0.0256175
50.06,-0.201695,-0.000127832,0.000187487,0.42112,-0.243138,0.00324832,-0.202566,0.000332363,0,0.42026,-0.246127,-0.00336388,0.000160703,-0.000354757,0.00302418,0.00399075,-0.00254066,-0.000886833,0.00852078,-0.000431432,0.00736311,0.0066268,0.00329566,0.00156993,0.00342749,0.00841293,-0.00979111,0.0066268,-0.00128854,-0.2,0,0,0.42,-0.23,0,-0.2,0,0,0.42,-0.23,0,0,0,0,0,0,0,0,0,0,0,0,0,0,0,0,0,0,0,0.01309,-0.00514249,-0.00545415,0.00595924,0.0046233,0.0359974,0,0,-0.0119991,0.00106859,0.00183353,-0.00857081,-0.00387632,-0.00493814,0.00153398,0.0076699,-0.00153398,-0.00306796,-0.0107379,0,0.00294524,-0.00153398,0.0153398,0.0107379,0.00920388,-0.00920388,-0.00687223,-0.00392699,3.29989,-0.175781,-0.223722,-3.07617,8.53045,-3.46782,5.36932,-0.878906,-0.0559304,0.263672,11.6178,3.26863,-0.335582,0.49986,-5.90623,-2.5,0.3125,0.1875,-2.6875,-0.0625,-0.751953,-0.107422,-1.8125,-0.5,-0.0625,-2.375,0.0625,-0.605469,0.0488281,0.169533,-0.0133968,-0.00846368,-0.146237,0.513594,-0.139179,0.184587,-0.0332363,0,0.00905535,0.64294,0.130888,-0.0224984,0.118056,-0.892441,-0.402143,0.238726,0.0474096,-0.419903,0.0193665,-0.147262,-0.135481,-0.326498,-0.187673,-0.19285,-0.439054,0.205026,-0.125664,0.0296979
50.1,-0.201682,-0.000136354,0.000187487,0.42118,-0.243121,0.0032484,-0.202593,0.000315318,-5.35676e-05,0.420311,-0.246123,-0.0033567,0.000160703,-0.000354741,0.00303382,0.00397876,-0.00256462,-0.000886833,0.00852078,-0.000443416,0.00736311,0.00661913,0.00330765,0.00155795,0.00345146,0.00842491,-0.00977913,0.00661913,-0.00128087,-0.2,0,0,0.42,-0.23,0,-0.2,0,0,0.42,-0.23,0,0,0,0,0,0,0,0,0,0,0,0,0,0,0,0,0,0,0.0325691,0.00327249,0.00171416,0.00436332,0.00322044,-0.00733905,0,-0.00545415,-0.0188558,0.00545415,-0.00592205,0.00462329,-0.0171416,-0.00290226,-0.000618978,-0.0138058,-0.00153398,0.00153398,-0.0122718,-0.0153398,0,-0.00294524,0.0076699,-0.0276117,0.00153398,-0.00153398,-0.0076699,-0.00785398,0,2.62873,0,-0.279652,-4.48242,8.61891,-3.41594,5.31339,-0.966797,0.391513,0.175781,11.7068,3.21676,-0.503374,0.49986,-5.90623,-2.5,0.3125,0.1875,-2.6875,-0.0625,-0.751953,-0.0976562,-1.8125,-0.375,-0.0625,-2.25,0.0625,-0.615234,0.0488281,0.103056,0.0070904,-0.022177,-0.194452,0.518396,-0.115258,0.259259,-0.0206235,0.0430683,-0.0684289,0.656754,0.125022,0.00321406,0.115129,-0.90829,-0.370265,0.25953,0.0412737,-0.401495,0.0242081,-0.147262,-0.129437,-0.346104,-0.100572,-0.175641,-0.418178,0.203252,-0.124529,0.0256175
50.16,-0.201575,-0.000170442,0.000187487,0.421163,-0.243125,0.0032412,-0.202566,0.000332363,-9.37433e-05,0.420251,-0.246119,-0.00337828,0.000160703,-0.000354757,0.00302418,0.00400273,-0.00254066,-0.000886833,0.00852078,-0.000491353,0.00736311,0.0066268,0.00329566,0.00156993,0.00342749,0.00841293,-0.00974318,0.00664981,-0.00128854,-0.2,0,0,0.42,-0.23,0,-0.2,0,0,0.42,-0.23,0,0,0,0,0,0,0,0,0,0,0,0,0,0,0,0,0,0,-0.0137133,-0.00436332,-0.010285,-0.00872665,-0.0070682,-0.0138205,0.0137133,0.0163625,0.02057,-0.0174533,0.00267707,0.00274536,-0.0119991,-0.0145113,-0.00309489,-0.0122718,-0.0107379,0,0.00460194,-0.0352816,-0.0019635,-0.000981748,-0.00460194,0,-0.0076699,0,0,0.0127627,-0.011781,3.1321,0.175781,-0.335582,-2.90039,8.61891,-3.41594,4.81001,-0.966797,-0.0559304,-0.175781,11.6173,3.16434,-0.223722,0.64862,-5.98417,-2.4375,0.375,0.1875,-2.6875,-0.0625,-0.751953,-0.107422,-1.8125,-0.4375,0,-2.375,0.0625,-0.605469,0.0683594,0.184908,0.0257709,0.0018213,-0.139535,0.539143,-0.102007,0.229155,-0.0659612,-0.0317656,0.0321505,0.639386,0.12964,-0.0122134,0.149961,-0.897971,-0.375729,0.275541,0.0443416,-0.435243,0.0451086,-0.145299,-0.131554,-0.320362,-0.156993,-0.156035,-0.420646,0.194864,-0.145759,0.0375519
50.2,-0.201602,-0.000144876,0.000187487,0.421171,-0.243117,0.0032556,-0.202619,0.000332363,-0.000107135,0.420234,-0.246119,-0.00337828,0.000160703,-0.000369852,0.00303381,0.00400273,-0.00256462,-0.000898817,0.00853277,-0.000443416,0.00736311,0.00661913,0.00330765,0.00158192,0.00342749,0.00841293,-0.00977913,0.00663447,-0.00128087,-0.2,0,0,0.42,-0.23,0,-0.2,0,0,0.42,-0.23,0,0,0,0,0,0,0,0,0,0,0,0,0,0,0,0,0,0,0,0.00109083,-0.0308549,-0.0229074,0.00324285,1.48025e-05,0.00342833,0,0.0222841,-0.00327249,0.000579115,-0.0137909,0.0239983,-0.00676065,0.00554754,0,-0.0107379,0.00306796,-0.0107379,-0.00306796,0,-0.00392699,0.00306796,-0.0122718,0.0184078,0.00920388,-0.00460194,0.0127627,0.000981748,2.85245,0,-0.0559304,-2.10938,8.53045,-3.46782,5.36932,-0.878906,0.223722,-1.31836,11.6178,3.26863,-0.615234,0.549483,-5.98401,-2.4375,0.3125,0.1875,-2.6875,-0.125,-0.751953,-0.107422,-1.8125,-0.4375,-0.0625,-2.375,0.0625,-0.654297,0.0683594,0.160159,0.0123059,0.0429612,-0.0840907,0.518181,-0.130254,0.255082,-0.0332363,-0.0338547,-0.0220157,0.643582,0.162713,-0.120206,0.131238,-0.926787,-0.400273,0.277938,0.0388049,-0.405163,0.0119363,-0.147262,-0.128456,-0.336901,-0.133648,-0.20819,-0.439054,0.200185,-0.145452,0.0246357
50.26,-0.201655,-0.000136354,0.00021427,0.421223,-0.243125,0.00325556,-0.202619,0.000332363,-5.35676e-05,0.420251,-0.246127,-0.00337824,0.000200878,-0.000354757,0.00302418,0.00401472,-0.00256462,-0.000898817,0.00852078,-0.000443416,0.00736311,0.0066268,0.00328368,0.00156993,0.00339154,0.00841293,-0.0098031,0.00663447,-0.00128087,-0.2,0,0,0.42,-0.23,0,-0.2,0,0,0.42,-0.23,0,0,0,0,0,0,0,0,0,0,0,0,0,0,0,0,0,0,-0.010285,0.00436332,0.0291408,0.0207258,0.00702338,-0.000887159,0,0.00218166,-0.0137133,-0.00218166,-0.00213718,-0.00366706,0.0154275,-0.000970077,-0.00185146,-0.0138058,0,-0.00306796,0.0076699,-0.00460194,-0.000981748,0.00294524,0.00153398,-0.00920388,0.00153398,0.0138058,0,0.011781,0,2.79652,-0.175781,-0.447443,-4.48242,8.61891,-3.41594,5.31339,-0.966797,0.279652,-0.527344,11.7068,3.21676,-1.17454,0.450347,-5.98385,-2.4375,0.3125,0.1875,-2.75,-0.125,-0.751953,-0.107422,-1.8125,-0.4375,-0.0625,-2.375,0.0625,-0.615234,0.0683594,0.186086,0.00490874,-0.0797086,-0.266295,0.510958,-0.128448,0.261939,-0.0375996,0.0327834,-0.028936,0.64935,0.142464,-0.106546,0.109337,-0.901701,-0.37386,0.256462,0.0510768,-0.441379,0.0134703,-0.14628,-0.135481,-0.331436,-0.138586,-0.172645,-0.448258,0.196062,-0.14447,0.0256175
50.3,-0.201695,-0.000127832,0.000200878,0.42118,-0.243134,0.00325552,-0.202566,0.00032384,2.67838e-05,0.420285,-0.246127,-0.0033926,0.000160703,-0.000354757,0.00302418,0.00401472,-0.00254066,-0.000898817,0.00852078,-0.000431432,0.00736311,0.00661913,0.00330765,0.00155795,0.00340352,0.00841293,-0.00975516,0.0066268,-0.00128087,-0.2,0,0,0.42,-0.23,0,-0.2,0,0,0.42,-0.23,0,0,0,0,0,0,0,0,0,0,0,0,0,0,0,0,0,0,0.00685665,0.00109083,0.0154275,0.0261799,0,0,0.0582815,0.0109083,0.0137133,0,-0.00638912,-0.018355,0.00171416,-0.00580253,-4.10394e-06,-0.00460194,0,-0.00920388,-0.00613592,-0.0122718,-0.0019635,-0.0019635,0.00306796,-0.00306796,0.0107379,-0.00306796,-0.0122718,0.00392699,0.00392699,2.90838,0.351562,-0.335582,-4.6582,8.61891,-3.41594,4.36257,-0.878906,-0.111861,-0.263672,11.7073,3.32106,-0.950817,0.549593,-6.13941,-2.5,0.375,0.1875,-2.625,-0.0625,-0.751953,-0.107422,-1.8125,-0.4375,-0.0625,-2.375,0.0625,-0.634766,0.0683594,0.15582,0.0106015,-0.0509428,-0.281719,0.525343,-0.130221,0.140019,-0.0542007,-0.030105,-0.0427768,0.657852,0.172414,-0.0533533,0.123835,-0.907243,-0.392268,0.254066,0.0633486,-0.413767,0.0209005,-0.145299,-0.130419,-0.336901,-0.149659,-0.191652,-0.41451,0.207375,-0.136463,0.0216905
50.36,-0.201762,-0.000170442,0.000160703,0.421146,-0.243146,0.00324828,-0.202619,0.00032384,-4.01757e-05,0.420251,-0.246123,-0.00337108,0.000147311,-0.000354737,0.00304346,0.00399075,-0.00256462,-0.000886833,0.0085088,-0.000455401,0.00736311,0.00663447,0.00329566,0.00158192,0.00342749,0.00841293,-0.0098031,0.0066268,-0.0012732,-0.2,0,0,0.42,-0.23,0,-0.2,0,0,0.42,-0.23,0,0,0,0,0,0,0,0,0,0,0,0,0,0,0,0,0,0,0.0137133,-0.0163625,0,0.0174533,-0.00542156,-0.00554006,-0.0188558,-0.00654498,-0.0154275,0.0250891,-1.12052e-05,0.00367693,0.00857081,-0.00579655,0.00123248,0.00920388,0.00153398,-0.00613592,-0.00920388,0.00306796,-0.000981748,0.015708,0.00920388,0.0184078,-0.0153398,0.00460194,-0.00153398,-0.00687223,0.0137445,3.02024,0,-0.447443,-3.86719,8.61891,-3.41594,5.64897,-0.878906,0.447443,-0.703125,11.7068,3.21676,0,0.496194,-5.91197,-2.5,0.3125,0.1875,-2.6875,-0.0625,-0.761719,-0.107422,-1.8125,-0.4375,0,-2.375,0,-0.615234,0.0488281,0.148803,0.0497692,-0.0160703,-0.241698,0.536693,-0.118851,0.29965,-0.0192941,0.0348725,-0.138019,0.644931,0.127489,-0.0699057,0.123811,-0.916734,-0.417482,0.253394,0.0566135,-0.407032,0.00604005,-0.14628,-0.148397,-0.347974,-0.195007,-0.140695,-0.42985,0.197596,-0.125664,0.0117196
50.4,-0.201829,-0.000144876,0.00021427,0.421103,-0.243155,0.00321951,-0.202539,0.00032384,-2.67838e-05,0.420277,-0.246119,-0.00337828,0.00021427,-0.000354737,0.00304346,0.00399075,-0.00256462,-0.000886833,0.00853277,-0.000467385,0.00737078,0.00661913,0.00329566,0.00155795,0.00340352,0.00840094,-0.00979111,0.00663447,-0.00128854,-0.2,0,0,0.42,-0.23,0,-0.2,0,0,0.42,-0.23,0,0,0,0,0,0,0,0,0,0,0,0,0,0,0,0,0,0,-0.00685665,-0.00763582,0.0342833,0.0109083,0.00376932,-0.00457889,0.0462824,0,0.0274266,0.00981748,5.60258e-06,-0.00183846,0.0291408,-0.00289828,0.000616242,0.00306796,0.00460194,0.0214757,-0.0168738,-0.00613592,0.00883573,-0.00589049,0,0.00306796,-0.0122718,-0.00460194,0.0138058,0.00490874,-0.00883573,3.18803,0.175781,-0.559304,-3.95508,8.70784,-3.46836,4.19478,-0.878906,-0.0559304,-0.351562,11.7068,3.21676,-0.559304,0.496194,-5.91197,-2.5,0.3125,0.1875,-2.6875,-0.125,-0.751953,-0.0976562,-1.75,-0.4375,-0.0625,-2.375,0,-0.634766,0.0683594,0.196638,0.0297592,-0.0899935,-0.20913,0.518653,-0.119623,0.161338,-0.032384,-0.0521748,-0.0807682,0.644729,0.138808,-0.151703,0.115116,-0.914885,-0.405211,0.247259,0.00139017,-0.392891,0.0154836,-0.156251,-0.126492,-0.329566,-0.161931,-0.145632,-0.410843,0.182016,-0.137598,0.0346066
50.46,-0.201869,-0.000136354,0.000160703,0.421044,-0.243167,0.00324101,-0.202646,0.000332363,1.33919e-05,0.420251,-0.246119,-0.00337828,0.000160703,-0.000369852,0.00303381,0.00396678,-0.00256462,-0.000862864,0.00852078,-0.000467385,0.00736311,0.0066268,0.00329566,0.00154597,0.00340352,0.00840094,-0.00973119,0.00663447,-0.00128087,-0.2,0,0,0.42,-0.23,0,-0.2,0,0,0.42,-0.23,0,0,0,0,0,0,0,0,0,0,0,0,0,0,0,0,0,0,-0.0359974,0.00218166,-0.0222841,-0.00327249,0.000537674,-0.000916765,-0.0462824,0.00654498,0.0274266,-0.00763582,-0.00106299,-0.00367199,0,0.00097207,0.00308531,-0.0199418,-0.00920388,0,-0.00920388,0,0,0.0019635,0.00306796,-0.00920388,-0.00460194,0.0107379,0.0199418,0.000981748,0.00294524,3.74734,-0.175781,-0.0559304,-3.16406,8.61891,-3.41594,5.81676,-0.878906,0.167791,-0.263672,11.7963,3.26918,-0.391513,0.49997,-6.06163,-2.5,0.375,0.1875,-2.625,-0.0625,-0.751953,-0.107422,-1.8125,-0.4375,-0.0625,-2.375,0,-0.634766,0.0683594,0.258937,0.00927206,0.028498,-0.143457,0.525621,-0.127807,0.357181,-0.0463262,-0.0561924,-0.00711942,0.646866,0.142475,-0.0482108,0.108039,-0.9194,-0.356794,0.27487,0.0431432,-0.407631,0.0093477,-0.147262,-0.134499,-0.335702,-0.136189,-0.160972,-0.441523,0.174682,-0.133671,0.0226722
50.5,-0.201896,-0.000110787,0.000187487,0.421044,-0.243172,0.00323381,-0.202593,0.000332363,-4.01757e-05,0.420226,-0.246131,-0.0033854,0.000174095,-0.000362289,0.00303864,0.00399075,-0.00254066,-0.000886833,0.00852078,-0.000419448,0.00736311,0.0066268,0.00329566,0.00158192,0.00345146,0.00841293,-0.0098031,0.0066268,-0.00128087,-0.2,0,0,0.42,-0.23,0,-0.2,0,0,0.42,-0.23,0,0,0,0,0,0,0,0,0,0,0,0,0,0,0,0,0,0,0.0274266,0,-0.010285,0.0250891,-0.00165224,-0.010119,0.0154275,-0.00327249,0.0428541,-0.00436332,0.00214278,0.0018286,0.00685665,0.000968085,0.00061761,0.00153398,-0.0076699,0.00920388,0.00613592,-0.0168738,0.00294524,0,-0.00460194,-0.00613592,0.00920388,-0.00153398,-0.0076699,-0.0107992,0.0019635,3.29989,0,-0.279652,-3.7793,8.7963,-3.41648,5.20153,-0.878906,-0.223722,-0.703125,11.6173,3.16434,-0.727095,0.450347,-5.98385,-2.5,0.375,0.1875,-2.6875,-0.0625,-0.751953,-0.107422,-1.8125,-0.375,-0.0625,-2.3125,0,-0.634766,0.0683594,0.134769,0.0110787,0.0018213,-0.256904,0.53017,-0.109114,0.228404,-0.0266913,-0.0816906,-0.0163738,0.640957,0.131759,-0.0727983,0.105782,-0.913444,-0.402143,0.269405,0.0259339,-0.438311,0.0252627,-0.150207,-0.132536,-0.320362,-0.14592,-0.190981,-0.417578,0.203732,-0.121737,0.023654
50.56,-0.201963,-0.000110787,0.000187487,0.420992,-0.243167,0.00322665,-0.202606,0.000315318,0,0.420268,-0.246119,-0.00337828,0.000254446,-0.000347189,0.00304827,0.00399075,-0.00254066,-0.000886833,0.0085088,-0.000443416,0.00737078,0.0066268,0.00329566,0.00155795,0.00345146,0.00841293,-0.00979111,0.00661146,-0.00128087,-0.2,0,0,0.42,-0.23,0,-0.2,0,0,0.42,-0.23,0,0,0,0,0,0,0,0,0,0,0,0,0,0,0,0,0,0,-0.02057,-0.0141808,0.00342833,-0.0141808,0.00161302,-0.00275029,0.00171416,0,-0.0188558,0.0185441,-0.00374566,-0.00457889,0.0462824,-0.00289828,0.00184873,0,0.00153398,-0.00153398,-0.0107379,0.00920388,0.00981748,-0.00490874,0.0076699,0,0.00306796,0.00306796,-0.0214757,-0.0137445,0.00392699,3.52362,0.0878906,-0.223722,-3.33984,8.61891,-3.41594,5.53711,-0.966797,0.279652,-1.31836,11.7958,3.16488,-1.17454,0.545813,-5.98976,-2.4375,0.3125,0.1875,-2.6875,-0.125,-0.751953,-0.0976562,-1.8125,-0.4375,-0.0625,-2.375,0.0625,-0.634766,0.0683594,0.237457,0.0394404,-0.0256053,-0.0921528,0.523472,-0.123565,0.257171,-0.0315318,0.0377116,-0.114396,0.652232,0.144289,-0.215181,0.112852,-0.920027,-0.399075,0.250998,0.0474096,-0.403964,-0.000335558,-0.157233,-0.127627,-0.344906,-0.155795,-0.178709,-0.426782,0.217298,-0.118485,0.0216905
50.6,-0.201963,-0.000144876,0.00021427,0.421018,-0.243172,0.00323381,-0.202633,0.000332363,0,0.4202,-0.246127,-0.0033926,0.000120527,-0.000362289,0.00303864,0.00400273,-0.00256462,-0.000898817,0.00852078,-0.000443416,0.00736311,0.00663447,0.00329566,0.00155795,0.00345146,0.00841293,-0.00977913,0.00663447,-0.00128087,-0.2,0,0,0.42,-0.23,0,-0.2,0,0,0.42,-0.23,0,0,0,0,0,0,0,0,0,0,0,0,0,0,0,0,0,0,-0.00342833,0.00327249,0,0.00981748,0.00105294,-0.00918738,-0.0342833,-0.00763582,0.02057,0.0109083,0.00326179,-0.012884,-0.0137133,-0.00579257,0.00616515,0.00613592,-0.00613592,-0.00153398,0.00306796,-0.00460194,0.00785398,0.0107992,0.00460194,0.0138058,0.00460194,0.0076699,0.00920388,0.0166897,-0.000981748,3.35582,0.0878906,-0.111861,-3.07617,8.61891,-3.41594,4.92188,-1.05469,-0.167791,-1.05469,11.5283,3.21621,-0.727095,0.549593,-6.13941,-2.5,0.375,0.1875,-2.625,-0.0625,-0.761719,-0.0976562,-1.8125,-0.4375,0,-2.375,0,-0.615234,0.0683594,0.203173,0.00794261,-0.021427,-0.191981,0.52476,-0.110978,0.331843,-0.0179646,-0.0411399,-0.0736248,0.638551,0.161472,0.00498178,0.126064,-0.930087,-0.412545,0.268734,0.0480088,-0.432175,0.0134703,-0.155116,-0.143489,-0.33877,-0.183407,-0.181777,-0.435986,0.186379,-0.149379,0.0265992
50.66,-0.20191,-0.00011931,0.00021427,0.421001,-0.243159,0.00322667,-0.202646,0.000332363,-1.33919e-05,0.420217,-0.246119,-0.00337828,0.000147311,-0.000347194,0.00302901,0.00400273,-0.00256462,-0.000886833,0.00853277,-0.000455401,0.00736311,0.0066268,0.00329566,0.00156993,0.00345146,0.00841293,-0.00979111,0.0066268,-0.00128087,-0.2,0,0,0.42,-0.23,0,-0.2,0,0,0.42,-0.23,0,0,0,0,0,0,0,0,0,0,0,0,0,0,0,0,0,0,0.00685665,0.00545415,0.00171416,-0.00763582,0.00375812,-0.00825582,-0.0188558,0,-0.0462824,-0.00436332,-0.00480864,-0.00825088,-0.0137133,-0.00677261,-0.00185557,-0.00613592,-0.0076699,0.0168738,0.00153398,-0.0214757,0,0.000981748,0.0107379,0.0076699,0.00920388,-0.00613592,-0.00306796,-0.011781,0.0019635,3.74734,-0.175781,-0.0559304,-3.16406,8.61891,-3.41594,5.20153,-0.878906,0.391513,-0.615234,11.7068,3.21676,-0.447443,0.64873,-6.13957,-2.4375,0.375,0.1875,-2.6875,-0.0625,-0.751953,-0.107422,-1.875,-0.4375,-0.0625,-2.3125,0.0625,-0.615234,0.0683594,0.177248,0.00102265,-0.0248554,-0.119611,0.518843,-0.112555,0.302328,-0.0332363,0.093904,-0.0150953,0.654358,0.151633,-0.00305336,0.124476,-0.903136,-0.388001,0.271802,0.0105941,-0.429706,0.0305837,-0.147262,-0.133518,-0.351042,-0.172333,-0.190981,-0.408374,0.19889,-0.120755,0.023654
50.7,-0.201883,-0.000127832,0.000200878,0.421052,-0.243159,0.00324105,-0.202606,0.000332363,-2.67838e-05,0.4202,-0.246119,-0.00337828,0.000147311,-0.000354737,0.00304346,0.00400273,-0.00255264,-0.000886833,0.00852078,-0.000443416,0.00736311,0.0066268,0.00327169,0.00156993,0.00346344,0.00841293,-0.00979111,0.0066268,-0.00128854,-0.2,0,0,0.42,-0.23,0,-0.2,0,0,0.42,-0.23,0,0,0,0,0,0,0,0,0,0,0,0,0,0,0,0,0,0,0.010285,-0.0250891,0.00514249,0.00218166,-0.00379173,-0.00277496,0.00685665,-0.00981748,0.0274266,-0.0174533,5.60258e-06,-0.00183846,0.0137133,-0.0125592,-0.00308121,0.00153398,0.00460194,0.0230097,0,0.00306796,0.00687223,0.00490874,0,-0.0076699,0,0.0153398,0.00460194,-0.00392699,-0.00589049,3.24396,0,-0.0559304,-2.98828,8.70784,-3.46836,5.08967,-0.966797,0.167791,-0.263672,11.6173,3.16434,-0.279652,0.545813,-5.83418,-2.5,0.375,0.1875,-2.6875,-0.0625,-0.751953,-0.107422,-1.875,-0.4375,0,-2.375,0.0625,-0.615234,0.0683594,0.167712,0.0629614,-0.0303728,-0.166552,0.533942,-0.124092,0.246886,-0.0136013,-0.0521748,0.0398216,0.644729,0.138808,-0.0853332,0.144099,-0.903793,-0.403341,0.24606,-0.00167779,-0.426039,0.00580036,-0.154134,-0.137445,-0.327169,-0.141654,-0.173172,-0.451326,0.19122,-0.128609,0.0316614
50.76,-0.201843,-0.000110787,0.000187487,0.421027,-0.243138,0.00324832,-0.202619,0.000332363,-1.33919e-05,0.420285,-0.246119,-0.00337828,9.37433e-05,-0.000377415,0.00302899,0.00400273,-0.00254066,-0.000886833,0.00852078,-0.000443416,0.00736311,0.00661913,0.00328368,0.00156993,0.00347543,0.00840094,-0.00979111,0.00663447,-0.00128854,-0.2,0,0,0.42,-0.23,0,-0.2,0,0,0.42,-0.23,0,0,0,0,0,0,0,0,0,0,0,0,0,0,0,0,0,0,0.00857081,0.00763582,0,-0.0141808,0.000492853,-0.0156245,0,-0.00872665,0.010285,0.0185441,-0.00159728,-0.00458876,-0.0137133,-0.0116071,-0.00124206,0.00306796,0,0.0138058,-0.00460194,-0.00613592,0,-0.00589049,0.00613592,0.00613592,0.0122718,0.00153398,0.0122718,0.0107992,-0.00785398,3.57955,0,-0.503374,-4.21875,8.70736,-3.36406,5.20153,-0.878906,-0.335582,-1.49414,11.7068,3.21676,-0.559304,0.549593,-6.13941,-2.5,0.375,0.1875,-2.6875,-0.0625,-0.761719,-0.107422,-1.875,-0.4375,-0.0625,-2.375,0,-0.634766,0.0488281,0.167123,-0.00419288,-0.0187487,-0.0972669,0.524526,-0.0986839,0.261939,-0.015783,-0.0192308,-0.116953,0.647935,0.144309,0.0130169,0.148046,-0.90497,-0.406409,0.254066,0.01673,-0.416835,0.0150042,-0.147262,-0.126492,-0.34064,-0.169265,-0.198315,-0.423115,0.18355,-0.143489,0.0336249
50.8,-0.201869,-0.000127832,0.000187487,0.421044,-0.243146,0.00323392,-0.202606,0.000332363,-2.67838e-05,0.420208,-0.246127,-0.00336388,0.000147311,-0.000362289,0.00303864,0.00400273,-0.00255264,-0.000886833,0.00854475,-0.000491353,0.00737078,0.0066268,0.00329566,0.00156993,0.00342749,0.00841293,-0.00976714,0.0066268,-0.00128087,-0.2,0,0,0.42,-0.23,0,-0.2,0,0,0.42,-0.23,0,0,0,0,0,0,0,0,0,0,0,0,0,0,0,0,0,0,0,0.00763582,0.00857081,-0.00327249,0.00272199,0.00644696,-0.00514249,-0.0272708,0,-0.0283616,0,0,-0.0137133,-0.0125672,0.00307574,-0.0076699,-0.0122718,-0.00153398,-0.00613592,0.0122718,0.00392699,-0.00294524,0.0076699,-0.00460194,0.0153398,-0.00153398,-0.0122718,-0.011781,-0.00392699,3.1321,0.0878906,-0.447443,-3.86719,8.61938,-3.52024,5.08967,-0.878906,0.279652,0.439453,11.7068,3.21676,-0.335582,0.599107,-6.06179,-2.4375,0.4375,0.1875,-2.625,-0.125,-0.732422,-0.0976562,-1.875,-0.4375,-0.0625,-2.3125,0.0625,-0.605469,0.0683594,0.186943,-0.00248846,-0.0358903,-0.143457,0.520408,-0.142251,0.270884,0.0213053,0.00267838,0.0821763,0.645077,0.134555,-0.00305336,0.146388,-0.920819,-0.384933,0.279808,0.0474096,-0.414966,-0.00244478,-0.151343,-0.129591,-0.344906,-0.147789,-0.202054,-0.417578,0.207615,-0.120755,0.0295445
50.86,-0.201843,-0.000144876,0.000187487,0.421035,-0.243151,0.00324108,-0.202552,0.000332363,-0.000107135,0.420226,-0.246119,-0.00337828,0.000120527,-0.000354741,0.00303382,0.00399075,-0.00254066,-0.00085088,0.00853277,-0.000491353,0.00736311,0.00661913,0.00330765,0.00154597,0.00345146,0.00841293,-0.00976714,0.0066268,-0.0012732,-0.2,0,0,0.42,-0.23,0,-0.2,0,0,0.42,-0.23,0,0,0,0,0,0,0,0,0,0,0,0,0,0,0,0,0,0,-0.0222841,-0.0152716,0,-0.00981748,0.00486148,-0.000897028,0.0342833,-0.00218166,0.0308549,0,0.00323938,-0.00553019,-0.0239983,0.00290027,-0.000614874,-0.00460194,-0.00153398,0.00920388,-0.0076699,-0.0107379,-0.000981748,-0.00687223,0.00306796,0.0107379,-0.00306796,-0.0076699,-0.00613592,-0.011781,0.00981748,3.52362,0.263672,-0.335582,-3.33984,8.61891,-3.41594,5.20153,-0.878906,0.167791,-0.527344,11.5283,3.21621,-0.279652,0.450347,-5.98385,-2.5,0.375,0.1875,-2.6875,-0.125,-0.751953,-0.0976562,-1.8125,-0.4375,-0.0625,-2.3125,0.0625,-0.605469,0.0683594,0.228833,0.0450309,-0.0187487,-0.115999,0.516297,-0.127849,0.186675,-0.0288729,-0.0509963,-0.0338271,0.638262,0.146192,0.0358367,0.0977216,-0.908302,-0.389871,0.257134,0.0241362,-0.411299,0.0205649,-0.14628,-0.12551,-0.336901,-0.176072,-0.166437,-0.405306,0.201479,-0.120755,0.0156466
50.9,-0.201896,-0.00016192,0.000187487,0.421044,-0.243172,0.00321945,-0.202646,0.000332363,-6.69595e-05,0.420208,-0.246123,-0.00338544,0.000187487,-0.000369852,0.00303381,0.00400273,-0.00254066,-0.000886833,0.00854475,-0.000443416,0.00736311,0.00661913,0.00329566,0.00156993,0.00345146,0.00841293,-0.0098031,0.00663447,-0.00128087,-0.2,0,0,0.42,-0.23,0,-0.2,0,0,0.42,-0.23,0,0,0,0,0,0,0,0,0,0,0,0,0,0,0,0,0,0,-0.02057,-0.00109083,-0.00171416,-0.00654498,0.00596484,0.00646176,-0.0119991,0.00763582,0.0137133,-0.00763582,0.00161969,-0.0027651,0.010285,-0.00580452,-0.00123796,-0.00306796,0,0.00153398,0.0122718,-0.00613592,-0.00392699,-0.0127627,0.0076699,-0.00460194,0,0.00613592,0.00306796,0.0019635,0.00981748,3.52362,0.0878906,-0.279652,-3.51562,8.53045,-3.46782,5.64897,-0.878906,0.111861,-0.966797,11.7068,3.21676,-0.391513,0.549483,-5.98401,-2.5,0.4375,0.1875,-2.6875,-0.0625,-0.732422,-0.0976562,-1.8125,-0.4375,0,-2.375,0,-0.615234,0.0488281,0.230762,0.0183737,-0.0153203,-0.130367,0.514938,-0.141702,0.288615,-0.0485079,-0.0207307,-0.000726825,0.641668,0.140948,-0.0871009,0.128369,-0.90643,-0.394137,0.254066,0.0412737,-0.451781,0.0150042,-0.143335,-0.11962,-0.344906,-0.147789,-0.172573,-0.432918,0.192994,-0.134653,0.0158
50.96,-0.201869,-0.000127832,0.00021427,0.421044,-0.243163,0.00324821,-0.202593,0.000315318,0,0.420302,-0.246123,-0.00338544,0.00021427,-0.000377399,0.00303863,0.00399075,-0.00254066,-0.000898817,0.00853277,-0.000443416,0.00736311,0.00661913,0.00327169,0.00155795,0.00342749,0.00841293,-0.00977913,0.0066268,-0.00128087,-0.2,0,0,0.42,-0.23,0,-0.2,0,0,0.42,-0.23,0,0,0,0,0,0,0,0,0,0,0,0,0,0,0,0,0,0,-0.00342833,0.00654498,0,0.0185441,0.00105854,-0.00734892,0.0188558,-0.00327249,0.0394257,0.00654498,-0.00106859,-0.00183353,0.00171416,-0.00290027,0.000614874,0.0122718,-0.0122718,0.0107379,0.00153398,0.00460194,-0.000981748,-0.00589049,0,-0.00153398,0,-0.00306796,-0.00306796,-0.00392699,0.000981748,3.46768,-0.175781,-0.279652,-3.86719,8.61891,-3.41594,5.31339,-0.878906,-0.167791,-0.615234,11.6173,3.16434,-0.447443,0.450347,-5.98385,-2.5625,0.4375,0.1875,-2.6875,-0.0625,-0.751953,-0.107422,-1.8125,-0.4375,-0.0625,-2.25,0.0625,-0.634766,0.0488281,0.193799,-0.000306796,-0.021427,-0.230724,0.524409,-0.11523,0.221548,-0.0249868,-0.0788515,-0.0715137,0.647045,0.139085,-0.0694236,0.121921,-0.913433,-0.423618,0.278609,0.0234651,-0.429706,0.00426638,-0.14628,-0.126492,-0.327169,-0.152727,-0.171374,-0.41451,0.198651,-0.128609,0.0246357
51,-0.201896,-0.000127832,0.000187487,0.421035,-0.243167,0.00322665,-0.202593,0.000315318,-5.35676e-05,0.420217,-0.246119,-0.00337828,0.00021427,-0.000354737,0.00304346,0.00399075,-0.00256462,-0.000886833,0.00853277,-0.000419448,0.00737078,0.0066268,0.00329566,0.00155795,0.00345146,0.00841293,-0.00973119,0.0066268,-0.00128087,-0.2,0,0,0.42,-0.23,0,-0.2,0,0,0.42,-0.23,0,0,0,0,0,0,0,0,0,0,0,0,0,0,0,0,0,0,0.00171416,0.00436332,0.0137133,0.00436332,-0.00269958,0.000906896,0,-0.00763582,-0.010285,-0.0218166,3.36155e-05,-0.0110308,-0.00514249,0.00772874,0.00123248,-0.00920388,0.00460194,-0.00460194,0.00153398,-0.0122718,0.0107992,0.00785398,0.00153398,-0.0076699,0.0076699,0.00613592,0,-0.00392699,0,3.29989,0.0878906,-0.223722,-2.8125,8.70784,-3.46836,5.76083,-0.966797,0.223722,-0.175781,11.6178,3.26863,-0.838956,0.496194,-6.06755,-2.5,0.3125,0.1875,-2.6875,-0.0625,-0.751953,-0.107422,-1.8125,-0.4375,-0.0625,-2.375,0.0625,-0.615234,0.0683594,0.186193,0.00405653,-0.0461753,-0.172722,0.532097,-0.13088,0.259259,-0.0162602,0.0259267,0.0547179,0.644673,0.157193,-0.0488536,0.0832349,-0.916734,-0.380667,0.247259,0.0535455,-0.429706,0.0206608,-0.158215,-0.14039,-0.332634,-0.140455,-0.187913,-0.432918,0.194624,-0.128609,0.0256175
51.06,-0.201896,-0.000110787,0.000187487,0.421044,-0.243172,0.00321945,-0.202606,0.000315318,-0.000107135,0.420268,-0.246123,-0.00338544,0.000147311,-0.000362304,0.003029,0.00399075,-0.00254066,-0.00085088,0.00852078,-0.000455401,0.00736311,0.0066268,0.00328368,0.00156993,0.00342749,0.00841293,-0.0098031,0.0066268,-0.00128854,-0.2,0,0,0.42,-0.23,0,-0.2,0,0,0.42,-0.23,0,0,0,0,0,0,0,0,0,0,0,0,0,0,0,0,0,0,0.0137133,0.00436332,-0.0137133,0.0207258,0.00162983,0.0027651,-0.00857081,-0.00327249,-0.00171416,-0.0185441,0.00269948,-0.00460849,-0.0154275,-0.00290625,-0.00308668,0.00613592,0,0.00153398,-0.0138058,0.0199418,-0.000981748,0.00392699,-0.00613592,0.00306796,0.00920388,0.0122718,0.00153398,-0.00392699,-0.00981748,3.35582,0,-0.279652,-3.7793,8.53045,-3.46782,5.48118,-0.791016,0.447443,0.351562,11.6173,3.16434,-0.279652,0.49986,-5.90623,-2.5,0.3125,0.1875,-2.625,-0.125,-0.751953,-0.107422,-1.8125,-0.4375,-0.0625,-2.4375,0.0625,-0.615234,0.0683594,0.162195,0.0023521,0.00867795,-0.23945,0.523608,-0.134308,0.277741,-0.0249868,0.0141418,0.0339568,0.639508,0.144635,0.00208914,0.11741,-0.89944,-0.411347,0.254066,0.039476,-0.398428,-0.0108337,-0.14628,-0.136463,-0.316096,-0.163129,-0.189782,-0.44519,0.194528,-0.128609,0.0355884
51.1,-0.20191,-0.000127832,0.00021427,0.421035,-0.243167,0.00322665,-0.202606,0.000332363,-5.35676e-05,0.420208,-0.246114,-0.0033711,0.000160703,-0.000354737,0.00304346,0.00399075,-0.00255264,-0.00085088,0.00853277,-0.000503337,0.00735544,0.00661913,0.00329566,0.00156993,0.00342749,0.00840094,-0.00976714,0.0066268,-0.0012732,-0.2,0,0,0.42,-0.23,0,-0.2,0,0,0.42,-0.23,0,0,0,0,0,0,0,0,0,0,0,0,0,0,0,0,0,0,0.0239983,0.0163625,0.0411399,-0.00109083,-0.0021563,0.0018286,-0.00171416,-0.00654498,-0.0154275,0.0163625,-0.00107419,4.93358e-06,-0.0154275,0.000966092,0.000616242,-0.00460194,-0.0153398,-0.00153398,0.00460194,-0.00306796,-0.0107992,-0.00687223,0,0.00306796,0.00153398,-0.00920388,0.0076699,-0.00392699,0.0107992,3.57955,0,-0.335582,-2.72461,8.70784,-3.46836,5.7049,-0.878906,0.447443,-1.23047,11.7068,3.21676,-0.391513,0.545813,-5.98976,-2.5,0.3125,0.1875,-2.6875,-0.125,-0.751953,-0.0976562,-1.8125,-0.4375,-0.0625,-2.3125,0.0625,-0.615234,0.0488281,0.142965,-0.0199418,-0.103707,-0.150905,0.53101,-0.132723,0.264027,-0.0201463,0.0362117,-0.0967199,0.646721,0.134834,-0.00192843,0.103523,-0.914885,-0.389871,0.285944,0.045612,-0.435842,0.0131347,-0.13631,-0.12551,-0.329566,-0.163129,-0.174442,-0.401639,0.187673,-0.128609,0.0146649
51.16,-0.201869,-0.000127832,0.00021427,0.421001,-0.243167,0.00325537,-0.202552,0.000332363,-6.69595e-05,0.420285,-0.246123,-0.00338544,0.00021427,-0.000362289,0.00303864,0.00399075,-0.00255264,-0.000886833,0.00852078,-0.000515322,0.00737078,0.00661913,0.00329566,0.00155795,0.00347543,0.00841293,-0.00982706,0.00663447,-0.00128087,-0.2,0,0,0.42,-0.23,0,-0.2,0,0,0.42,-0.23,0,0,0,0,0,0,0,0,0,0,0,0,0,0,0,0,0,0,0.00342833,-0.00327249,0.0119991,-0.0250891,-0.00541596,-0.0037016,0.0394257,-0.00872665,0.0222841,0.0109083,2.24103e-05,-0.00735385,0,-0.0019282,0.00370019,-0.00153398,-0.0122718,0.00920388,-0.00920388,-0.00306796,0.00785398,-0.00490874,0.00153398,-0.0107379,0.00613592,0.0107379,0.0076699,0.00589049,0,3.29989,0.175781,-0.223722,-2.02148,8.70736,-3.36406,4.86594,-0.878906,0,-0.175781,11.6173,3.16434,-0.615234,0.549483,-5.98401,-2.5,0.375,0.1875,-2.625,-0.125,-0.751953,-0.107422,-1.8125,-0.4375,-0.0625,-2.375,0,-0.634766,0.0488281,0.180086,0.0193282,-0.0454253,-0.0497981,0.537526,-0.122811,0.17639,-0.015783,-0.0378723,-0.08641,0.644863,0.150125,-0.0642811,0.114471,-0.922692,-0.396007,0.279808,0.0259339,-0.407631,0.0133744,-0.15527,-0.127474,-0.332634,-0.134319,-0.186043,-0.442122,0.188871,-0.13858,0.0256175
51.22,-0.201883,-0.000127832,0.00021427,0.421027,-0.243159,0.00324105,-0.202552,0.000332363,-0.000107135,0.420268,-0.246119,-0.00337828,0.000147311,-0.000354741,0.00303382,0.00399075,-0.00256462,-0.000886833,0.00853277,-0.000443416,0.00736311,0.00661913,0.00329566,0.00155795,0.00345146,0.00841293,-0.00975516,0.00663447,-0.00128087,-0.2,0,0,0.42,-0.23,0,-0.2,0,0,0.42,-0.23,0,0,0,0,0,0,0,0,0,0,0,0,0,0,0,0,0,0,0.00342833,0,0.0171416,0.00872665,0.00271078,0.00277003,0.0308549,0,-0.00514249,0,-0.00213157,-0.00550552,-0.00857081,-0.00677261,-0.00185557,0.00460194,0.00153398,0.0107379,-0.00306796,-0.0122718,-0.000981748,0,-0.00153398,0.00460194,0.0138058,0.00460194,0.0076699,0.00687223,0.000981748,3.52362,0.175781,-0.335582,-4.13086,8.53045,-3.46782,5.03374,-0.878906,0.615234,-0.175781,11.7068,3.21676,-0.559304,0.599107,-6.06179,-2.5,0.3125,0.1875,-2.6875,-0.0625,-0.751953,-0.107422,-1.8125,-0.4375,-0.0625,-2.375,0,-0.634766,0.0488281,0.181425,0.0127832,-0.0557103,-0.188897,0.520937,-0.135182,0.193532,-0.0332363,0.0209985,-0.0402197,0.649004,0.146142,-0.0184808,0.12674,-0.90458,-0.408279,0.253394,0.0228659,-0.420502,0.0211402,-0.14628,-0.132383,-0.326498,-0.164999,-0.200184,-0.42985,0.187433,-0.139562,0.0246357
51.26,-0.201896,-0.00016192,0.00021427,0.421044,-0.243155,0.00324826,-0.202593,0.000349407,-5.35676e-05,0.420311,-0.246119,-0.00337828,0.000160703,-0.000377415,0.00302899,0.00399075,-0.00256462,-0.000862864,0.00853277,-0.000443416,0.00736311,0.00661913,0.00329566,0.00158192,0.0034155,0.00841293,-0.0098031,0.0066268,-0.00128087,-0.2,0,0,0.42,-0.23,0,-0.2,0,0,0.42,-0.23,0,0,0,0,0,0,0,0,0,0,0,0,0,0,0,0,0,0,0,-0.0185441,0.00342833,0.0119991,-0.00105294,0.00918738,0,-0.00218166,-0.0239983,0.00763582,-0.00856551,-0.00915285,-0.0171416,-0.010637,0.000609402,0.0138058,0,-0.00460194,0,-0.00460194,0.0107992,-0.0019635,0,-0.0122718,0.0184078,-0.00920388,-0.00153398,-0.00490874,0,2.85245,-0.175781,-0.223722,-4.30664,8.70784,-3.46836,5.25746,-0.878906,0.391513,-1.23047,11.7963,3.26918,-0.671165,0.549593,-6.13941,-2.5625,0.4375,0.1875,-2.6875,-0.0625,-0.761719,-0.107422,-1.8125,-0.375,-0.0625,-2.25,0,-0.615234,0.0488281,0.189622,0.0532803,-0.0282837,-0.204544,0.528294,-0.148305,0.259259,-0.0305774,0.0533533,-0.0771556,0.661871,0.153437,0.00321406,0.145135,-0.910525,-0.426686,0.256462,0.0523471,-0.426638,0.0134703,-0.158061,-0.130419,-0.329566,-0.133648,-0.207591,-0.402239,0.197596,-0.127627,0.0256175
51.32,-0.201843,-9.37433e-05,0.00021427,0.421052,-0.243163,0.00324821,-0.202579,0.00032384,-4.01757e-05,0.420251,-0.246127,-0.00337824,0.000174095,-0.000362289,0.00303864,0.00401472,-0.00256462,-0.000886833,0.0085088,-0.000467385,0.00737078,0.0066268,0.00329566,0.00156993,0.00345146,0.00840094,-0.0098031,0.00664214,-0.00128087,-0.2,0,0,0.42,-0.23,0,-0.2,0,0,0.42,-0.23,0,0,0,0,0,0,0,0,0,0,0,0,0,0,0,0,0,0,0.0325691,0.0109083,0.00171416,0,-0.00542156,-0.00554006,0.0171416,0.00218166,0.00342833,0.01309,-1.12052e-05,0.00367693,-0.0325691,-1.99273e-06,-0.00123385,-0.0122718,0.00153398,0,0.00153398,-0.00153398,0.00785398,-0.00392699,0.00306796,-0.0245437,0.0107379,0.00306796,0.0122718,0,0.0019635,3.35582,-0.351562,0.167791,-3.60352,8.70736,-3.36406,4.97781,-0.878906,0.167791,-0.615234,11.6173,3.16434,-0.447443,0.49986,-5.90623,-2.4375,0.3125,0.1875,-2.6875,-0.0625,-0.761719,-0.107422,-1.8125,-0.375,-0.0625,-2.375,0,-0.605469,0.0683594,0.119127,-0.0124423,-0.0248554,-0.157826,0.537369,-0.118848,0.223636,-0.0367474,-0.00283908,-0.0900226,0.645098,0.127776,0.0454789,0.108693,-0.90789,-0.376928,0.253394,0.0443416,-0.428508,0.0108817,-0.15527,-0.128609,-0.335702,-0.107906,-0.194049,-0.426183,0.18379,-0.132843,0.023654
51.36,-0.201869,-0.000136354,0.000187487,0.421027,-0.243159,0.00324105,-0.202579,0.000332363,-5.35676e-05,0.420251,-0.246119,-0.00337828,0.000147311,-0.000362304,0.003029,0.00397876,-0.00256462,-0.000826912,0.00853277,-0.000455401,0.00736311,0.00661913,0.00328368,0.00156993,0.00342749,0.00841293,-0.00976714,0.0066268,-0.00129621,-0.2,0,0,0.42,-0.23,0,-0.2,0,0,0.42,-0.23,0,0,0,0,0,0,0,0,0,0,0,0,0,0,0,0,0,0,-0.00342833,0.01309,0.00514249,0.00218166,0.00108655,0.0018434,0.0274266,0.0141808,-0.0137133,0.0109083,2.24103e-05,-0.00735385,-0.010285,-0.00291023,-0.00555438,-0.00920388,0,-0.00153398,-0.00306796,-0.00306796,-0.000981748,-0.00589049,0,-0.00306796,-0.00153398,0.00920388,-0.00153398,0.00294524,-0.0176715,3.46768,-0.263672,-0.391513,-3.42773,8.61891,-3.41594,4.81001,-1.05469,0.167791,-0.791016,11.7068,3.21676,-0.503374,0.599107,-6.06179,-2.4375,0.4375,0.1875,-2.6875,-0.0625,-0.751953,-0.107422,-1.8125,-0.4375,-0.0625,-2.375,0.0625,-0.634766,0.0683594,0.193799,-0.0125446,-0.0290336,-0.162717,0.524185,-0.133329,0.203067,-0.0615979,0.0327834,-0.0812959,0.644696,0.149839,-0.0133383,0.117422,-0.892036,-0.379469,0.256462,0.0444135,-0.420502,0.012176,-0.14628,-0.126492,-0.328368,-0.150857,-0.168306,-0.439054,0.196877,-0.135481,0.0435957
51.42,-0.201816,-0.000136354,0.000187487,0.421027,-0.243159,0.00324105,-0.202606,0.00032384,-6.69595e-05,0.420277,-0.246114,-0.0033711,0.000160703,-0.000362304,0.003029,0.00399075,-0.00254066,-0.00085088,0.0085088,-0.000467385,0.00736311,0.00661913,0.00328368,0.00154597,0.00347543,0.00842491,-0.0098031,0.0066268,-0.00128087,-0.2,0,0,0.42,-0.23,0,-0.2,0,0,0.42,-0.23,0,0,0,0,0,0,0,0,0,0,0,0,0,0,0,0,0,0,-0.00342833,-0.0109083,0,0.00218166,-0.00162983,-0.0027651,0.00342833,-0.00654498,-0.0359974,0.00327249,-0.00212037,-0.00918245,0.0119991,-0.00290625,-0.00308668,-0.00460194,-0.0076699,0,0,-0.0107379,-0.00687223,-0.0127627,0.00306796,0,0.0107379,0.00306796,0,-0.00687223,0.000981748,3.41175,0,-0.335582,-4.04297,8.70736,-3.36406,5.03374,-0.791016,0.615234,-0.175781,11.7963,3.26918,-0.615234,0.599107,-6.06179,-2.5,0.3125,0.1875,-2.75,-0.0625,-0.732422,-0.107422,-1.8125,-0.4375,-0.0625,-2.3125,0.0625,-0.615234,0.0488281,0.188444,0.035452,-0.0187487,-0.162717,0.529618,-0.124112,0.253742,-0.0192941,0.0786908,-0.0545882,0.648814,0.153209,-0.0842082,0.11741,-0.89944,-0.389871,0.269405,0.042544,-0.42544,0.0200856,-0.14039,-0.11962,-0.334504,-0.154597,-0.195247,-0.427381,0.196062,-0.125664,0.0246357
51.46,-0.201856,-0.000170442,0.000187487,0.421027,-0.243155,0.00324826,-0.202593,0.00032384,1.33919e-05,0.420302,-0.246127,-0.00337824,0.00021427,-0.000354737,0.00304346,0.00400273,-0.00256462,-0.000862864,0.00852078,-0.000419448,0.00736311,0.0066268,0.00329566,0.00158192,0.00348741,0.00840094,-0.00975516,0.0066268,-0.00128087,-0.2,0,0,0.42,-0.23,0,-0.2,0,0,0.42,-0.23,0,0,0,0,0,0,0,0,0,0,0,0,0,0,0,0,0,0,0.00342833,-0.00545415,0.0171416,-0.00327249,1.68077e-05,0.00551539,0.010285,0.00327249,-0.00342833,0.00872665,5.60258e-06,-0.00183846,0.0514249,-0.00579655,-0.00246497,0.00153398,-0.00153398,0.0107379,-0.00460194,0.00920388,0.00490874,0.00294524,-0.00613592,0.00613592,0.00460194,-0.00460194,-0.0107379,-0.00589049,-0.0019635,3.69141,0,-0.279652,-3.25195,8.61891,-3.41594,5.20153,-0.966797,0.335582,-0.263672,11.6173,3.16434,-0.727095,0.446575,-5.83418,-2.5,0.3125,0.1875,-2.6875,-0.125,-0.751953,-0.0976562,-1.8125,-0.4375,-0.0625,-2.375,0.0625,-0.615234,0.0683594,0.178748,0.0279525,-0.0530319,-0.1409,0.526154,-0.140961,0.238689,-0.038929,0.00551746,-0.0802404,0.645065,0.138806,-0.218556,0.123811,-0.905642,-0.403341,0.25953,0.0216675,-0.416835,-0.000814927,-0.152171,-0.135481,-0.317294,-0.170464,-0.183574,-0.410843,0.205841,-0.126645,0.027581
51.52,-0.201883,-0.000153398,0.000187487,0.42101,-0.24315,0.00325546,-0.202579,0.00032384,-9.37433e-05,0.420217,-0.246123,-0.00337108,0.000133919,-0.000362289,0.00303864,0.00400273,-0.00256462,-0.000862864,0.0085088,-0.000467385,0.00736311,0.0066268,0.00328368,0.00154597,0.00340352,0.00840094,-0.00976714,0.0066268,-0.00128854,-0.2,0,0,0.42,-0.23,0,-0.2,0,0,0.42,-0.23,0,0,0,0,0,0,0,0,0,0,0,0,0,0,0,0,0,0,0,-0.00109083,-0.00342833,0.0239983,0.00649691,0.00370653,0.00342833,-0.00545415,0.00685665,0.00436332,-0.00425754,-0.0128495,-0.0359974,-1.99273e-06,-0.00123385,-0.0138058,-0.0076699,0.0214757,0.00153398,-0.00306796,0,-0.000981748,0,0.0107379,0,-0.00153398,-0.00460194,-0.00392699,-0.00687223,3.74734,0,-0.335582,-2.37305,8.61891,-3.41594,5.48118,-0.791016,0.223722,-0.966797,11.7068,3.21676,-0.391513,0.49986,-5.90623,-2.4375,0.4375,0.1875,-2.75,-0.0625,-0.751953,-0.107422,-1.8125,-0.4375,0,-2.375,0.0625,-0.615234,0.0683594,0.188282,0.0175215,-0.011892,-0.247426,0.513024,-0.137632,0.251063,-0.0214757,-0.00433897,-0.0500019,0.653424,0.160542,0.0678166,0.108693,-0.90789,-0.372662,0.271802,0.000191748,-0.428508,0.0124157,-0.147262,-0.131554,-0.328368,-0.176072,-0.170176,-0.416979,0.199945,-0.128609,0.0326431
51.56,-0.201869,-0.000170442,0.000187487,0.421061,-0.243151,0.00322671,-0.202593,0.000332363,-5.35676e-05,0.420285,-0.246123,-0.00338544,0.000160703,-0.000369852,0.00303381,0.00400273,-0.00256462,-0.000862864,0.0085088,-0.000443416,0.00736311,0.00661913,0.00329566,0.00158192,0.00345146,0.00841293,-0.00981508,0.00663447,-0.0012732,-0.2,0,0,0.42,-0.23,0,-0.2,0,0,0.42,-0.23,0,0,0,0,0,0,0,0,0,0,0,0,0,0,0,0,0,0,0.0188558,0.00436332,-0.00514249,0.0229074,0.00432941,0.0018582,0,-0.00872665,0.00171416,0.00218166,-0.00590525,-0.000892097,-0.0137133,-0.00194215,-0.00493677,0.00306796,-0.0138058,0.00460194,-0.00613592,-0.00153398,-0.000981748,-0.00294524,0.00306796,0.0153398,0.00460194,0,0,0.0107992,0.00785398,3.46768,-0.175781,-0.167791,-4.13086,8.70784,-3.46836,5.25746,-0.966797,0.223722,-0.351562,11.7958,3.16488,-0.503374,0.450347,-5.98385,-2.5,0.4375,0.1875,-2.6875,-0.0625,-0.751953,-0.107422,-1.8125,-0.4375,-0.0625,-2.375,0,-0.634766,0.0683594,0.149231,0.00831759,-0.00846368,-0.250734,0.517363,-0.132785,0.259259,-0.015783,0.00192843,-0.0515034,0.656718,0.137202,-0.00707093,0.116782,-0.895334,-0.406409,0.284074,0.0339393,-0.413168,0.0104023,-0.14628,-0.129437,-0.335702,-0.188871,-0.181777,-0.420646,0.196302,-0.143489,0.0176101
51.62,-0.201843,-0.000110787,0.00021427,0.421027,-0.243163,0.00323385,-0.202593,0.00032384,-5.35676e-05,0.42026,-0.246119,-0.00337828,0.000160703,-0.000369852,0.00303381,0.00399075,-0.00254066,-0.000886833,0.00853277,-0.000455401,0.00736311,0.0066268,0.00329566,0.00155795,0.0034155,0.00841293,-0.00976714,0.00663447,-0.00128087,-0.2,0,0,0.42,-0.23,0,-0.2,0,0,0.42,-0.23,0,0,0,0,0,0,0,0,0,0,0,0,0,0,0,0,0,0,0.00514249,-0.00436332,0.00685665,0.00763582,-0.000543277,-0.000921699,0,0.01309,-0.00342833,0.01309,-0.00212597,-0.00734399,-0.00342833,-0.00579655,0.00369745,-0.0153398,-0.00153398,0.00460194,-0.00153398,-0.0184078,-0.0147262,-0.000981748,0,-0.00306796,0.00460194,0.00613592,0,0.00589049,-0.00785398,3.52362,0.263672,0.111861,-2.8125,8.61891,-3.41594,5.36932,-1.05469,0.335582,-0.791016,11.7068,3.21676,-0.391513,0.549593,-6.13941,-2.4375,0.4375,0.1875,-2.6875,-0.0625,-0.732422,-0.107422,-1.8125,-0.4375,-0.0625,-2.375,0.0625,-0.615234,0.0683594,0.17398,0.0198054,-0.0351403,-0.184533,0.527614,-0.127511,0.259259,-0.058564,0.0122134,-0.0913011,0.648992,0.149819,-0.0379259,0.128345,-0.921236,-0.368395,0.257134,0.0351377,-0.42357,0.0275158,-0.132536,-0.131554,-0.329566,-0.149659,-0.179979,-0.432918,0.195343,-0.13858,0.0334715
51.66,-0.201829,-0.000127832,0.000174095,0.421027,-0.243163,0.00321947,-0.202619,0.00032384,-6.69595e-05,0.420251,-0.246114,-0.0033711,0.000174095,-0.000354741,0.00303382,0.00399075,-0.00256462,-0.000886833,0.00853277,-0.000455401,0.00735544,0.0066268,0.00329566,0.00154597,0.00339154,0.00840094,-0.00975516,0.00664214,-0.00129621,-0.2,0,0,0.42,-0.23,0,-0.2,0,0,0.42,-0.23,0,0,0,0,0,0,0,0,0,0,0,0,0,0,0,0,0,0,-0.010285,-0.0109083,-0.010285,0.00109083,-0.00270518,-0.000931567,-0.0154275,-0.00436332,-0.00171416,0.0109083,0.0011022,-0.00919725,0.0222841,-0.00676862,0.000612138,0.00306796,-0.0122718,0.00306796,0,0.00306796,-0.0107992,0.000981748,0,-0.0122718,0.00306796,-0.0076699,-0.0199418,0.00687223,-0.0186532,3.63548,0.175781,-0.223722,-3.33984,8.70784,-3.46836,4.75408,-0.791016,0.223722,-0.791016,11.7963,3.26918,-0.615234,0.64873,-6.13957,-2.5,0.375,0.1875,-2.625,-0.125,-0.751953,-0.107422,-1.8125,-0.4375,-0.0625,-2.375,0.0625,-0.615234,0.0488281,0.203495,0.0345998,0.00316049,-0.158353,0.53194,-0.126916,0.292794,-0.0236574,0.0101243,-0.0812959,0.642369,0.153239,-0.119081,0.126728,-0.911984,-0.405211,0.281006,0.0382057,-0.426638,0.00604005,-0.13631,-0.133518,-0.329566,-0.130053,-0.175713,-0.404707,0.215045,-0.139715,0.0445775
51.72,-0.201883,-0.000136354,0.000187487,0.421018,-0.243163,0.00323385,-0.202593,0.000306796,-5.35676e-05,0.420285,-0.24611,-0.00336394,9.37433e-05,-0.000347189,0.00303864,0.00400273,-0.00254066,-0.000886833,0.00853277,-0.000443416,0.00736311,0.0066268,0.00329566,0.00158192,0.0034155,0.00841293,-0.00983905,0.00663447,-0.00128087,-0.2,0,0,0.42,-0.23,0,-0.2,0,0,0.42,-0.23,0,0,0,0,0,0,0,0,0,0,0,0,0,0,0,0,0,0,0.0308549,-0.0109083,-0.0154275,-0.0109083,0.00213389,-0.00918245,-0.0154275,-0.00981748,0.010285,0.00654498,-0.000534294,-0.000916765,-0.063424,-0.00579655,0.00246497,-0.00306796,-0.00460194,0.00613592,-0.00613592,0,0,0,-0.00153398,-0.0138058,0.00153398,0.00153398,0.00613592,0.00490874,0.00883573,3.24396,0.175781,-0.223722,-2.72461,8.61891,-3.41594,5.31339,-0.966797,0.391513,0,11.6178,3.26863,-0.167791,0.545813,-5.98976,-2.4375,0.375,0.1875,-2.6875,-0.0625,-0.751953,-0.107422,-1.8125,-0.375,-0.0625,-2.375,0,-0.605469,0.0683594,0.126572,0.035452,0.0121063,-0.109078,0.52226,-0.110989,0.290114,-0.0110447,-0.0152132,-0.0689567,0.645475,0.136391,0.162149,0.121546,-0.918987,-0.394137,0.263269,0.0320698,-0.414367,0.00886833,-0.147262,-0.132536,-0.326498,-0.13058,-0.173843,-0.423714,0.190645,-0.137598,0.0167818
51.76,-0.201856,-0.000127832,0.000174095,0.421044,-0.243159,0.00324105,-0.202593,0.000315318,1.33919e-05,0.420268,-0.246127,-0.00337824,0.000147311,-0.000369852,0.00303381,0.00400273,-0.00254066,-0.000862864,0.00852078,-0.000443416,0.00737078,0.00661913,0.00330765,0.00158192,0.00342749,0.00841293,-0.00977913,0.00663447,-0.00128087,-0.2,0,0,0.42,-0.23,0,-0.2,0,0,0.42,-0.23,0,0,0,0,0,0,0,0,0,0,0,0,0,0,0,0,0,0,0.0291408,-0.00981748,-0.0257124,-0.00327249,-0.00272199,-0.00644696,-0.00171416,-0.0119991,0.0462824,0.0305433,-0.00105178,-0.00734892,0.0222841,-0.00193617,-0.00123522,0,-0.0122718,0.00613592,0.0138058,-0.0138058,0.00883573,-0.0127627,0.0122718,0.0107379,0.00153398,-0.00153398,0.00153398,0.011781,-0.000981748,3.24396,0.175781,-0.279652,-2.90039,8.61891,-3.41594,5.25746,-0.791016,-0.167791,-1.66992,11.7068,3.21676,-0.223722,0.450347,-5.98385,-2.5,0.3125,0.1875,-2.75,-0.0625,-0.751953,-0.0976562,-1.8125,-0.4375,-0.0625,-2.3125,0.0625,-0.644531,0.0488281,0.127323,0.0324181,0.0340154,-0.143457,0.531802,-0.116748,0.262688,-0.00753355,-0.093904,-0.162393,0.64718,0.149827,-0.111046,0.116764,-0.906438,-0.400273,0.278609,0.0308714,-0.453651,0.0226742,-0.156251,-0.11962,-0.355308,-0.179668,-0.174442,-0.417578,0.194049,-0.14447,0.0265992
51.82,-0.201883,-0.000136354,0.000187487,0.421027,-0.243159,0.00325542,-0.202579,0.00032384,-4.01757e-05,0.420277,-0.246119,-0.00337828,0.000147311,-0.000369852,0.00303381,0.00400273,-0.00256462,-0.000886833,0.00852078,-0.000479369,0.00737078,0.0066268,0.00329566,0.00156993,0.00342749,0.00841293,-0.00977913,0.0066268,-0.00128854,-0.2,0,0,0.42,-0.23,0,-0.2,0,0,0.42,-0.23,0,0,0,0,0,0,0,0,0,0,0,0,0,0,0,0,0,0,0.0222841,-0.0152716,0.0119991,-0.00218166,1.68077e-05,0.00551539,0,-0.00981748,0.0171416,-0.00872665,-0.00374006,-0.00641735,0.010285,-0.00774268,-0.00370703,-0.00306796,-0.00613592,0.00306796,0,0.00613592,0.00981748,0.000981748,0.00920388,-0.00613592,0.00920388,0.0199418,-0.0245437,0.0019635,-0.00490874,3.35582,0.351562,-0.391513,-2.98828,8.61891,-3.41594,5.1456,-0.966797,0,-1.05469,11.7068,3.21676,-0.615234,0.49986,-5.90623,-2.4375,0.375,0.1875,-2.6875,-0.125,-0.751953,-0.107422,-1.875,-0.4375,-0.0625,-2.4375,0.0625,-0.644531,0.0488281,0.143714,0.0441786,-0.0427469,-0.145263,0.526322,-0.141248,0.25792,-0.0127491,-0.0302657,-0.00659166,0.652221,0.147966,-0.0750482,0.134184,-0.899023,-0.394137,0.268734,0.0382057,-0.426039,0.00345146,-0.157233,-0.133518,-0.347974,-0.144721,-0.189782,-0.46053,0.220126,-0.134499,0.0306796
51.86,-0.201869,-0.000127832,0.000187487,0.42101,-0.243167,0.00322665,-0.202606,0.000332363,1.33919e-05,0.420277,-0.246123,-0.00338544,0.000160703,-0.000354737,0.00304346,0.00400273,-0.00254066,-0.000886833,0.00853277,-0.000443416,0.00736311,0.00661913,0.00329566,0.00156993,0.00342749,0.00841293,-0.00982706,0.0066268,-0.00128087,-0.2,0,0,0.42,-0.23,0,-0.2,0,0,0.42,-0.23,0,0,0,0,0,0,0,0,0,0,0,0,0,0,0,0,0,0,0.02057,0.00763582,0.00171416,-0.0425424,0.00159621,-0.00826568,-0.0479966,0,0.0514249,0.00872665,-0.00156927,-0.0137811,-0.0188558,0.00772874,-0.00369745,-0.0107379,-0.00153398,-0.0122718,0.00613592,-0.0153398,0.00589049,-0.00687223,0.0138058,0.00460194,0.0076699,0.00153398,0.0199418,-0.00589049,0.000981748,3.52362,0.0878906,-0.447443,-2.28516,8.61891,-3.41594,5.20153,-0.966797,0.279652,-0.878906,11.6178,3.26863,-0.503374,0.446575,-5.83418,-2.5,0.4375,0.1875,-2.6875,-0.0625,-0.751953,-0.107422,-1.875,-0.4375,-0.0625,-2.375,0,-0.615234,0.0488281,0.145803,-0.00248846,-0.022177,0.0187366,0.523505,-0.112535,0.356592,-0.0332363,-0.104189,-0.0764048,0.648046,0.16298,0.00835655,0.0832349,-0.901944,-0.378797,0.257134,0.0688853,-0.43891,0.0242081,-0.153153,-0.12551,-0.357178,-0.166197,-0.186714,-0.423714,0.1766,-0.126645,0.0246357
51.92,-0.201843,-0.000144876,0.000187487,0.421018,-0.243159,0.00324105,-0.202539,0.000332363,-5.35676e-05,0.420302,-0.246123,-0.00337108,0.000133919,-0.000354741,0.00303382,0.00401472,-0.00255264,-0.000886833,0.00853277,-0.000443416,0.00737078,0.0066268,0.00327169,0.00155795,0.00340352,0.00840094,-0.00977913,0.0066268,-0.00128087,-0.2,0,0,0.42,-0.23,0,-0.2,0,0,0.42,-0.23,0,0,0,0,0,0,0,0,0,0,0,0,0,0,0,0,0,0,0.0257124,0.00218166,-0.0188558,-0.00763582,-0.000548879,-0.00276016,0.0462824,-0.0119991,-0.0171416,0.0119991,0.00267147,0.00458382,-0.0119991,-0.00483843,-0.0018542,0.00920388,-0.0138058,0,-0.00460194,-0.00306796,0.00981748,0.00687223,0.00153398,-0.0076699,-0.00920388,0,-0.0107379,-0.00687223,0,3.41175,0,-0.223722,-3.86719,8.61891,-3.41594,5.20153,-0.791016,-0.111861,-0.439453,11.6173,3.16434,-0.503374,0.549483,-5.98401,-2.5,0.375,0.1875,-2.6875,-0.0625,-0.751953,-0.107422,-1.875,-0.4375,0,-2.375,0.0625,-0.605469,0.0488281,0.13284,0.0101243,0.0189629,-0.122168,0.527456,-0.124122,0.161338,-0.00923797,0.03964,-0.0933304,0.639566,0.125676,-0.00417827,0.120938,-0.904585,-0.419879,0.282876,0.0443416,-0.417435,0.0119363,-0.157233,-0.139408,-0.330237,-0.140455,-0.151768,-0.420047,0.20632,-0.125664,0.0256175
51.96,-0.201869,-0.000127832,0.00021427,0.421001,-0.243163,0.00323385,-0.202579,0.000332363,-2.67838e-05,0.42026,-0.246123,-0.00338544,0.000147311,-0.000354741,0.00303382,0.00400273,-0.00254066,-0.000862864,0.0085088,-0.000467385,0.00736311,0.00661146,0.00329566,0.00154597,0.00342749,0.00840094,-0.00976714,0.0066268,-0.00128087,-0.2,0,0,0.42,-0.23,0,-0.2,0,0,0.42,-0.23,0,0,0,0,0,0,0,0,0,0,0,0,0,0,0,0,0,0,0.00514249,-0.00109083,0.00171416,-0.00981748,0.00108655,0.0018434,0.00514249,-0.00981748,-0.02057,0.0327249,-0.00262665,-0.0192915,-0.0359974,-0.00194015,-0.00370292,-0.00153398,0.00460194,-0.00306796,-0.0153398,0.00460194,0,0.00687223,0.00613592,0,0.00306796,0.00153398,-0.0107379,0.0019635,0.00294524,3.29989,0,-0.111861,-3.16406,8.61891,-3.41594,4.97781,-0.791016,0.391513,-1.66992,11.6178,3.26863,-0.671165,0.49986,-5.90623,-2.5,0.375,0.1875,-2.6875,-0.0625,-0.751953,-0.107422,-1.8125,-0.4375,0,-2.375,0.0625,-0.634766,0.0683594,0.176658,0.0149648,-0.0248554,-0.110885,0.524355,-0.133041,0.247635,-0.0136013,0.0438183,-0.169841,0.650161,0.174001,0.063799,0.112243,-0.899038,-0.397205,0.244862,0.0492791,-0.39476,0.00474575,-0.147262,-0.139101,-0.341838,-0.154597,-0.17751,-0.423115,0.206081,-0.134499,0.0226722
52.02,-0.201856,-0.000144876,0.000187487,0.42101,-0.243167,0.00324101,-0.202566,0.00032384,2.67838e-05,0.420294,-0.246119,-0.00337828,0.000133919,-0.000354741,0.00303382,0.00399075,-0.00251669,-0.000886833,0.0085088,-0.000443416,0.00737078,0.00660379,0.00328368,0.00155795,0.00345146,0.00841293,-0.00979111,0.0066268,-0.00128087,-0.2,0,0,0.42,-0.23,0,-0.2,0,0,0.42,-0.23,0,0,0,0,0,0,0,0,0,0,0,0,0,0,0,0,0,0,0.00514249,-0.0109083,0.00342833,-0.00763582,0.000526469,-0.00459369,0.00857081,-0.00436332,0,0.0174533,-0.00478063,-0.0174432,-0.0171416,-0.000968085,-0.00061761,0,0.0199418,0.00153398,0.00153398,-0.00153398,0.0107992,-0.0127627,-0.00613592,0,0.00153398,0.0122718,-0.00306796,-0.0019635,0.0107992,3.57955,0.263672,-0.279652,-2.8125,8.61891,-3.41594,5.31339,-0.966797,0.111861,-1.31836,11.7958,3.16488,0,0.49986,-5.90623,-2.5,0.375,0.1875,-2.6875,-0.0625,-0.761719,-0.117188,-1.8125,-0.4375,0,-2.375,0.0625,-0.615234,0.0683594,0.175319,0.0363042,-0.0256053,-0.12089,0.525643,-0.120453,0.23944,-0.0236574,-0.00267838,-0.113868,0.654302,0.170018,0.0112492,0.109327,-0.908294,-0.399075,0.211785,0.0412737,-0.428508,0.0104023,-0.158215,-0.119313,-0.316096,-0.155795,-0.175641,-0.44519,0.19889,-0.130572,0.0148183
52.06,-0.201883,-0.000127832,0.00021427,0.421027,-0.243155,0.00324826,-0.202579,0.00032384,-5.35676e-05,0.420226,-0.246123,-0.00337108,9.37433e-05,-0.000362289,0.00303864,0.00400273,-0.00254066,-0.000886833,0.00852078,-0.000419448,0.00736311,0.0066268,0.00328368,0.00155795,0.00342749,0.00840094,-0.00976714,0.00663447,-0.0012732,-0.2,0,0,0.42,-0.23,0,-0.2,0,0,0.42,-0.23,0,0,0,0,0,0,0,0,0,0,0,0,0,0,0,0,0,0,-0.00857081,0.00872665,0.0119991,-0.00109083,0.00217311,0.0036868,0.0685665,0.0109083,-0.0171416,-0.00872665,-0.00535975,-0.00365226,-0.053139,-0.011613,-0.00494361,0.0076699,0.00153398,0.0168738,-0.00306796,-0.00153398,-0.00687223,-0.00392699,0.00153398,-0.0107379,-0.00613592,-0.0076699,0.00306796,0.00785398,0.00981748,3.29989,0.0878906,-0.391513,-3.7793,8.7963,-3.41648,4.97781,-1.05469,0.167791,-0.351562,11.7068,3.21676,0.223722,0.49986,-5.90623,-2.5,0.3125,0.1875,-2.6875,-0.0625,-0.732422,-0.0976562,-1.8125,-0.4375,0,-2.3125,0,-0.634766,0.0488281,0.205424,-0.00467012,-0.0454253,-0.149627,0.521842,-0.137304,0.120787,-0.0542007,0.03964,0.00107946,0.655628,0.142148,0.131294,0.143526,-0.896761,-0.415613,0.250998,0.0105941,-0.419903,0.00992294,-0.14039,-0.128609,-0.331436,-0.134319,-0.159103,-0.404707,0.192275,-0.140543,0.0156466
52.12,-0.201883,-0.000144876,0.000200878,0.421018,-0.243167,0.00324101,-0.202606,0.000332363,-0.000107135,0.42026,-0.246119,-0.00337828,0.000160703,-0.000354737,0.00304346,0.00397876,-0.00254066,-0.000886833,0.0085088,-0.000431432,0.00736311,0.00661913,0.00329566,0.00154597,0.00345146,0.00840094,-0.00985103,0.00663447,-0.0012732,-0.2,0,0,0.42,-0.23,0,-0.2,0,0,0.42,-0.23,0,0,0,0,0,0,0,0,0,0,0,0,0,0,0,0,0,0,0.0188558,0.00436332,0.00857081,-0.0141808,0.00268837,-0.00458382,0,-0.00872665,-0.0119991,-0.0109083,0.000534294,0.000916765,0.010285,-0.00579655,-0.00246497,0,-0.00920388,0,-0.00306796,-0.0107379,0.000981748,-0.00589049,-0.00153398,-0.00460194,0.00920388,-0.0076699,0.0122718,0.000981748,0.0107992,3.02024,0,-0.223722,-2.63672,8.61891,-3.41594,4.75408,-0.878906,0.559304,0,11.6173,3.16434,-0.671165,0.545813,-5.83418,-2.5,0.3125,0.1875,-2.6875,-0.0625,-0.751953,-0.107422,-1.8125,-0.4375,-0.0625,-2.375,0.0625,-0.615234,0.0683594,0.150571,0.00576095,-0.0372295,-0.0959884,0.521319,-0.120473,0.260599,-0.015783,0.0347118,0.00469203,0.643672,0.133298,-0.0790658,0.123811,-0.905642,-0.397876,0.272473,0.0443416,-0.419304,0.0193665,-0.148244,-0.126492,-0.326498,-0.145393,-0.190981,-0.404707,0.184749,-0.133671,0.0146649
52.16,-0.201883,-0.000127832,0.000187487,0.42101,-0.243167,0.00322665,-0.202579,0.000332363,-6.69595e-05,0.420285,-0.246123,-0.00337108,0.000133919,-0.000362289,0.00303864,0.00400273,-0.00254066,-0.000898817,0.00853277,-0.000443416,0.00735544,0.00663447,0.00329566,0.00156993,0.00345146,0.00841293,-0.00981508,0.0066268,-0.00128087,-0.2,0,0,0.42,-0.23,0,-0.2,0,0,0.42,-0.23,0,0,0,0,0,0,0,0,0,0,0,0,0,0,0,0,0,0,-0.00685665,0.0119991,0.0239983,-0.00654498,-0.0021675,-0.00184833,-0.0171416,-0.00545415,-0.0239983,0.0381791,0.00107419,-4.93358e-06,-0.0137133,-0.00484441,-0.00555575,0.00306796,-0.00460194,-0.00153398,0.0153398,-0.0076699,-0.0107992,0.00589049,0.00920388,0.00920388,-0.00153398,0,-0.00153398,-0.00589049,0,3.35582,0,-0.447443,-2.90039,8.61891,-3.41594,5.36932,-0.966797,-0.223722,-1.49414,11.7068,3.21676,-0.167791,0.49986,-5.90623,-2.5,0.3125,0.1875,-2.75,-0.0625,-0.751953,-0.0976562,-1.875,-0.4375,-0.0625,-2.375,0,-0.605469,0.0488281,0.201995,-0.0112151,-0.0667452,-0.125253,0.531033,-0.125369,0.292203,-0.0223279,0.0546925,-0.195493,0.64276,0.134853,0.000964213,0.12322,-0.894924,-0.406409,0.263269,0.0480088,-0.457318,0.0165382,-0.13631,-0.13858,-0.347974,-0.175401,-0.169505,-0.420646,0.197836,-0.126645,0.0256175
52.22,-0.201883,-0.000102265,0.000187487,0.421044,-0.243159,0.00325542,-0.202606,0.000332363,-8.03514e-05,0.420285,-0.246123,-0.0033567,0.000160703,-0.000354737,0.00304346,0.00397876,-0.00254066,-0.00085088,0.00853277,-0.000467385,0.00736311,0.00661913,0.00329566,0.00154597,0.00342749,0.00841293,-0.00979111,0.00663447,-0.0012732,-0.2,0,0,0.42,-0.23,0,-0.2,0,0,0.42,-0.23,0,0,0,0,0,0,0,0,0,0,0,0,0,0,0,0,0,0,0.0171416,0.01309,-0.00514249,0.019635,-0.00213949,0.00734399,-0.00171416,0.0185441,0.00514249,0.00981748,-0.00535414,-0.00549072,-0.0119991,-0.00579655,0.00246497,-0.0122718,-0.0076699,0.0168738,0.00153398,0,-0.000981748,-0.0019635,0.00613592,-0.0368155,-0.00920388,0.0076699,-0.00306796,0.00294524,0.00687223,3.29989,0.263672,-0.111861,-2.8125,8.61891,-3.41594,5.08967,-1.14258,0.335582,-0.966797,11.6178,3.26863,-0.894886,0.545813,-5.98976,-2.5,0.375,0.1875,-2.6875,-0.0625,-0.751953,-0.0976562,-1.875,-0.375,-0.0625,-2.4375,0.0625,-0.615234,0.0488281,0.153999,-0.0159534,-0.00846368,-0.235087,0.530635,-0.144905,0.264027,-0.0703245,-0.00224984,-0.0820467,0.655619,0.14525,-0.0122134,0.123811,-0.920432,-0.373333,0.269405,0.00879642,-0.429706,0.0093477,-0.14628,-0.130419,-0.341838,-0.0809654,-0.152967,-0.435986,0.19889,-0.135635,0.0185918
52.26,-0.201843,-0.00016192,0.000187487,0.42101,-0.243163,0.00323385,-0.202606,0.000332363,-6.69595e-05,0.420251,-0.246119,-0.00337828,0.000160703,-0.000362289,0.00303864,0.00401472,-0.00254066,-0.000886833,0.0085088,-0.000443416,0.00736311,0.00661913,0.00330765,0.00156993,0.00347543,0.00840094,-0.00981508,0.00663447,-0.00128087,-0.2,0,0,0.42,-0.23,0,-0.2,0,0,0.42,-0.23,0,0,0,0,0,0,0,0,0,0,0,0,0,0,0,0,0,0,0.0222841,0.00654498,0.010285,-0.0294524,0.00269958,-0.000906896,0.00857081,0.00109083,-0.0222841,-0.0119991,-0.00535975,-0.00365226,0,-0.00386636,0.00123112,0.0107379,0.0107379,0.00920388,-0.0076699,0.00613592,-0.000981748,-0.00785398,0.0076699,0,0.0184078,0,0,0.00490874,0.000981748,3.41175,0,-0.167791,-3.07617,8.61891,-3.41594,5.31339,-0.878906,0.223722,0.263672,11.7068,3.21676,-0.559304,0.549593,-6.13941,-2.5,0.375,0.1875,-2.6875,-0.125,-0.751953,-0.0976562,-1.8125,-0.4375,-0.0625,-2.375,0.0625,-0.615234,0.0683594,0.139697,0.00310205,-0.0393186,-0.0336233,0.521129,-0.12754,0.243457,-0.0354179,0.0512642,0.0103339,0.65546,0.142436,-0.0482108,0.120286,-0.915285,-0.422947,0.23259,0.0259339,-0.4101,0.0027324,-0.14628,-0.124529,-0.346104,-0.156993,-0.210587,-0.420047,0.196302,-0.137598,0.0246357
52.32,-0.201869,-0.00016192,0.000187487,0.421035,-0.243159,0.00324105,-0.202619,0.000332363,-4.01757e-05,0.420268,-0.246119,-0.00337828,0.000160703,-0.000362289,0.00303864,0.00399075,-0.00254066,-0.000874848,0.00852078,-0.000491353,0.00737078,0.00661913,0.00329566,0.00154597,0.00342749,0.00840094,-0.00976714,0.00663447,-0.00128854,-0.2,0,0,0.42,-0.23,0,-0.2,0,0,0.42,-0.23,0,0,0,0,0,0,0,0,0,0,0,0,0,0,0,0,0,0,-0.010285,-0.00654498,-0.00857081,0.00545415,0.0021563,-0.0018286,-0.0274266,0.00436332,0.0445682,0.0109083,-0.00214278,-0.0018286,-0.00171416,-0.00677659,-0.00432327,-0.0076699,0.00306796,0.0107379,-0.00460194,-0.0107379,0.0107992,-0.00490874,0,-0.0138058,-0.00153398,0.00153398,-0.00613592,0.00687223,-0.00785398,3.46768,0.0878906,-0.335582,-3.07617,8.61891,-3.41594,5.48118,-0.966797,0.335582,-0.878906,11.7068,3.21676,-0.447443,0.598887,-5.75098,-2.5,0.3125,0.1875,-2.6875,-0.0625,-0.751953,-0.107422,-1.8125,-0.4375,0,-2.375,0.0625,-0.615234,0.0488281,0.207512,0.029282,-0.00160703,-0.177085,0.522046,-0.125985,0.316792,-0.0419629,-0.0851189,-0.083853,0.649026,0.138788,-0.0430683,0.129016,-0.898622,-0.383735,0.24793,0.0222667,-0.416835,0.0205649,-0.158215,-0.127474,-0.329566,-0.126985,-0.168306,-0.423115,0.201479,-0.139562,0.0336249
52.36,-0.201883,-0.000127832,0.000187487,0.421027,-0.243151,0.00322671,-0.202593,0.000315318,-0.000107135,0.420234,-0.246119,-0.00337828,0.000160703,-0.000362289,0.00303864,0.00400273,-0.00256462,-0.000898817,0.00852078,-0.000443416,0.00736311,0.00663447,0.00330765,0.00156993,0.00342749,0.00841293,-0.00981508,0.00663447,-0.00128087,-0.2,0,0,0.42,-0.23,0,-0.2,0,0,0.42,-0.23,0,0,0,0,0,0,0,0,0,0,0,0,0,0,0,0,0,0,-0.0119991,-0.00654498,0,-0.00981748,-0.0049063,-0.0138107,-0.00171416,-0.00545415,0.0154275,-0.00109083,0.0010966,-0.00735879,-0.00171416,-0.00387234,-0.00247044,0,0.0168738,0.00153398,0.0122718,-0.00460194,-0.000981748,0.0127627,0.00306796,-0.00613592,0.00460194,0,-0.00460194,0.000981748,0.00294524,3.02024,0,-0.167791,-2.90039,8.7963,-3.41648,5.31339,-0.878906,-0.279652,-0.615234,11.6178,3.26863,-0.503374,0.549373,-5.8286,-2.5,0.3125,0.1875,-2.75,-0.0625,-0.751953,-0.107422,-1.8125,-0.4375,0,-2.375,0.0625,-0.615234,0.0683594,0.21228,0.0258731,-0.0187487,-0.11472,0.535834,-0.101447,0.262688,-0.0206235,-0.0201414,-0.0307423,0.642547,0.149849,-0.0430683,0.120304,-0.90418,-0.400273,0.222715,0.0418729,-0.450583,0.0134703,-0.14628,-0.145452,-0.336901,-0.144721,-0.180578,-0.420646,0.200904,-0.133671,0.0226722
52.42,-0.201869,-0.000136354,0.000174095,0.421035,-0.243155,0.00321951,-0.202593,0.000332363,-6.69595e-05,0.420217,-0.246127,-0.00337824,0.000160703,-0.000354737,0.00304346,0.00400273,-0.00254066,-0.000886833,0.00853277,-0.000467385,0.00736311,0.00661146,0.00329566,0.00156993,0.00342749,0.00841293,-0.0098031,0.00663447,-0.00128854,-0.2,0,0,0.42,-0.23,0,-0.2,0,0,0.42,-0.23,0,0,0,0,0,0,0,0,0,0,0,0,0,0,0,0,0,0,0.0239983,0.01309,0.00857081,0,0.00538795,-0.00549072,0.00514249,0.00109083,-0.00342833,0.00327249,-0.00104057,-0.0110258,-0.0154275,-0.00772874,-0.00246497,-0.00460194,-0.00613592,0.00153398,0,-0.0107379,0.00294524,-0.00687223,0,0.00460194,-0.0076699,-0.00306796,-0.00306796,0.00294524,0,3.24396,-0.175781,-0.279652,-3.51562,8.61938,-3.52024,5.03374,-0.791016,0.279652,-0.527344,11.7073,3.32106,0.0559304,0.496194,-5.91197,-2.4375,0.3125,0.1875,-2.6875,-0.0625,-0.751953,-0.0976562,-1.8125,-0.4375,-0.0625,-2.3125,0.0625,-0.634766,0.0683594,0.138946,-0.0125446,-0.0345511,-0.155269,0.515416,-0.117799,0.248974,-0.0354179,0.0135526,-0.0456386,0.647157,0.157181,-0.00192843,0.129607,-0.905642,-0.391069,0.266337,0.0412737,-0.426638,0.0200856,-0.150207,-0.125357,-0.329566,-0.166197,-0.156035,-0.41451,0.19913,-0.135635,0.0257709
52.46,-0.201869,-0.000127832,0.000187487,0.421069,-0.243163,0.00323385,-0.202606,0.000315318,4.01757e-05,0.420191,-0.246119,-0.00337828,0.000200878,-0.000362304,0.003029,0.00400273,-0.00254066,-0.000886833,0.00852078,-0.000443416,0.00736311,0.0066268,0.00329566,0.00155795,0.00342749,0.00840094,-0.00981508,0.00663447,-0.00128854,-0.2,0,0,0.42,-0.23,0,-0.2,0,0,0.42,-0.23,0,0,0,0,0,0,0,0,0,0,0,0,0,0,0,0,0,0,0.0154275,0.00436332,0.010285,0.00872665,0.00163543,0.00460356,-0.00514249,-0.0119991,0.0359974,-0.00545415,1.12052e-05,-0.00367693,0.0274266,-0.0125731,-0.000625817,-0.0076699,0,-0.00153398,-0.00153398,0.00920388,0.0019635,0.00294524,0,-0.00460194,0.00613592,0.00920388,-0.00153398,0.00294524,-0.00589049,3.29989,0,-0.391513,-3.25195,8.53045,-3.46782,5.36932,-0.791016,-0.223722,-0.703125,11.7068,3.21676,-0.559304,0.599107,-6.06179,-2.4375,0.375,0.1875,-2.6875,-0.125,-0.761719,-0.107422,-1.8125,-0.5,-0.0625,-2.375,0,-0.615234,0.0683594,0.156088,0.00405653,-0.0393186,-0.195289,0.523257,-0.138561,0.270884,-0.00753355,-0.0760124,-0.0069009,0.644718,0.142485,-0.142543,0.146411,-0.906822,-0.384933,0.254066,0.0474096,-0.422971,-0.000335558,-0.149226,-0.135481,-0.329566,-0.146591,-0.183646,-0.438455,0.197836,-0.135635,0.0316614
52.52,-0.201843,-0.00011931,0.000187487,0.421035,-0.243159,0.00324105,-0.202526,0.00032384,-4.01757e-05,0.420328,-0.246119,-0.0033639,0.000160703,-0.000362304,0.003029,0.00400273,-0.00254066,-0.000862864,0.00853277,-0.000467385,0.00736311,0.00661913,0.00329566,0.00156993,0.00345146,0.00840094,-0.00975516,0.0066268,-0.0012732,-0.2,0,0,0.42,-0.23,0,-0.2,0,0,0.42,-0.23,0,0,0,0,0,0,0,0,0,0,0,0,0,0,0,0,0,0,0.02057,0.00109083,0.00342833,-0.0152716,0.0021563,-0.0018286,-0.010285,-0.0185441,0.0154275,0.0163625,0.000539896,-0.000921699,-0.00857081,-0.00484042,-0.00308805,-0.00460194,-0.00306796,0.00920388,-0.00153398,0.00613592,-0.0019635,0,0.0122718,0.00613592,-0.0153398,0.0138058,0.0153398,0.00883573,0.011781,3.41175,-0.175781,-0.279652,-3.51562,8.61891,-3.41594,4.75408,-0.703125,0.223722,-0.791016,11.6173,3.16434,-0.223722,0.599107,-6.06179,-2.5,0.3125,0.1875,-2.6875,-0.125,-0.751953,-0.0976562,-1.875,-0.4375,0,-2.4375,0.0625,-0.634766,0.0488281,0.143125,0.0097493,-0.0256053,-0.0941821,0.522046,-0.125985,0.273134,0.00470421,-0.0268374,-0.114619,0.643662,0.136399,-0.0224984,0.123213,-0.899435,-0.391069,0.260201,0.0247354,-0.42357,0.00321177,-0.145299,-0.132383,-0.35411,-0.169265,-0.141893,-0.447659,0.179763,-0.141372,0.0136831
52.56,-0.201829,-0.000144876,0.000160703,0.421027,-0.243155,0.00324826,-0.202606,0.000332363,-8.03514e-05,0.420285,-0.246123,-0.00338544,0.000174095,-0.000362304,0.003029,0.00399075,-0.00256462,-0.000886833,0.00853277,-0.000443416,0.00736311,0.00661913,0.00329566,0.00158192,0.00349939,0.00840094,-0.0098031,0.0066268,-0.00128087,-0.2,0,0,0.42,-0.23,0,-0.2,0,0,0.42,-0.23,0,0,0,0,0,0,0,0,0,0,0,0,0,0,0,0,0,0,0.00342833,-0.0119991,-0.00171416,-0.00654498,0.000548879,0.00276016,-0.0239983,0.00436332,-0.010285,-0.0119991,0.00113022,-0.0183896,-0.0222841,-0.00967686,-0.00370839,0.0076699,-0.00920388,0.00460194,0.00306796,0.00153398,0,0,0.0122718,0.00613592,-0.00920388,-0.00460194,0.00306796,-0.011781,0.000981748,3.63548,0,-0.167791,-3.25195,8.70784,-3.46836,5.1456,-0.966797,0.503374,-0.527344,11.6178,3.26863,-0.447443,0.598997,-5.90639,-2.5,0.3125,0.1875,-2.6875,-0.125,-0.751953,-0.107422,-1.875,-0.4375,0,-2.375,0,-0.644531,0.0488281,0.176069,0.0384859,-0.0126419,-0.12781,0.52509,-0.135451,0.308596,-0.0419629,0.0286051,0.00521979,0.642647,0.172197,0.014624,0.137722,-0.897574,-0.414415,0.27487,0.0351377,-0.432774,0.00733435,-0.147262,-0.132383,-0.35411,-0.170464,-0.156562,-0.410843,0.192994,-0.120755,0.0246357
52.62,-0.201869,-0.000136354,0.000187487,0.421027,-0.243155,0.00324826,-0.202579,0.000315318,-6.69595e-05,0.420294,-0.246119,-0.00337828,0.000160703,-0.000369852,0.00303381,0.00400273,-0.00254066,-0.000910801,0.00852078,-0.000419448,0.00735544,0.0066268,0.00329566,0.00155795,0.00349939,0.00840094,-0.00977913,0.0066268,-0.00128087,-0.2,0,0,0.42,-0.23,0,-0.2,0,0,0.42,-0.23,0,0,0,0,0,0,0,0,0,0,0,0,0,0,0,0,0,0,0.0154275,0.0174533,-0.00857081,-0.0174533,0.00542716,0.00737852,0.00342833,-0.00872665,-0.0257124,0.0218166,0.00161969,-0.0027651,0.00685665,-0.00387035,-0.00123659,-0.0138058,0.00306796,-0.0138058,0.00460194,0,-0.0107992,0,-0.0076699,-0.0122718,0.0138058,0,0.0122718,-0.00687223,0.0019635,3.02024,-0.175781,-0.0559304,-1.8457,8.61891,-3.41594,5.1456,-0.966797,0.447443,-0.791016,11.7068,3.21676,-0.391513,0.49986,-5.90623,-2.5,0.4375,0.1875,-2.75,-0.0625,-0.751953,-0.0976562,-1.75,-0.4375,0,-2.4375,0,-0.615234,0.0488281,0.156088,-0.0212712,-0.00160703,-0.0841769,0.515334,-0.144688,0.251063,-0.0140785,0.0581208,-0.131322,0.641501,0.140661,-0.0687808,0.122567,-0.906434,-0.372662,0.24793,0.0731517,-0.435243,0.00838896,-0.13631,-0.132536,-0.314226,-0.131251,-0.202581,-0.420047,0.183311,-0.125664,0.023654
52.68,-0.201883,-0.000136354,0.000174095,0.421027,-0.243155,0.00324826,-0.202579,0.000306796,-6.69595e-05,0.420277,-0.246123,-0.00338544,0.000200878,-0.000362289,0.00303864,0.00400273,-0.00256462,-0.000886833,0.0085088,-0.000467385,0.00735544,0.0066268,0.00329566,0.00155795,0.00347543,0.00841293,-0.0098031,0.0066268,-0.00128087,-0.2,0,0,0.42,-0.23,0,-0.2,0,0,0.42,-0.23,0,0,0,0,0,0,0,0,0,0,0,0,0,0,0,0,0,0,0.0119991,0.00763582,-0.0119991,-0.0141808,0.00325966,0.00553019,-0.00171416,-0.0152716,0,-0.0283616,0.00749132,0.00915778,0.0119991,-0.010635,0.00184325,0.0153398,-0.0122718,0.00153398,0,-0.0138058,-0.0137445,0.0019635,0,-0.00460194,-0.00153398,0.00460194,-0.00920388,-0.00589049,0.000981748,3.46768,0.0878906,-0.167791,-3.16406,8.61891,-3.41594,5.31339,-0.878906,0.671165,-0.175781,11.6173,3.16434,-0.559304,0.599107,-6.06179,-2.5,0.3125,0.1875,-2.6875,-0.0625,-0.751953,-0.107422,-1.8125,-0.4375,0,-2.375,0.0625,-0.615234,0.0683594,0.164284,-0.00163625,0.00658881,-0.0972669,0.519669,-0.140991,0.261348,-0.000136355,0.00669595,0.0719482,0.629925,0.117102,-0.0962609,0.140592,-0.917121,-0.430953,0.281006,0.0412737,-0.42544,0.0231535,-0.133364,-0.134499,-0.329566,-0.146591,-0.170703,-0.42985,0.205266,-0.126645,0.0246357
52.72,-0.201869,-0.000136354,0.000187487,0.421027,-0.243163,0.00323385,-0.202593,0.000349407,-2.67838e-05,0.420268,-0.246123,-0.00338544,0.000160703,-0.000362289,0.00303864,0.00400273,-0.00256462,-0.000898817,0.00853277,-0.000455401,0.00736311,0.0066268,0.00329566,0.00156993,0.0034155,0.00841293,-0.00981508,0.0066268,-0.00128087,-0.2,0,0,0.42,-0.23,0,-0.2,0,0,0.42,-0.23,0,0,0,0,0,0,0,0,0,0,0,0,0,0,0,0,0,0,0.02057,-0.00763582,0.00685665,-0.0109083,0.00435182,0.00921205,0.0137133,0.00763582,0.0137133,0.0185441,-0.00159168,-0.00642722,-0.0171416,-0.00773272,0.00246223,-0.00153398,-0.00306796,0.0076699,-0.0122718,-0.00920388,-0.00981748,0,0.00153398,-0.00613592,-0.0107379,0.00460194,0.0184078,-0.00687223,-0.00883573,2.79652,0.0878906,-0.279652,-3.25195,8.53045,-3.46782,5.20153,-0.966797,0.223722,-0.966797,11.7068,3.21676,-0.391513,0.549483,-5.98401,-2.5,0.3125,0.1875,-2.625,-0.0625,-0.751953,-0.107422,-1.8125,-0.4375,0,-2.375,0,-0.615234,0.0488281,0.145803,0.028907,-0.032462,-0.110357,0.517824,-0.147778,0.231833,-0.0502123,-0.0247482,-0.114396,0.648091,0.148272,0.00321406,0.131885,-0.918978,-0.397205,0.262598,0.029601,-0.402095,0.0183119,-0.137445,-0.132536,-0.332634,-0.144721,-0.149299,-0.42985,0.177894,-0.125664,0.0344532
52.78,-0.201869,-0.000127832,0.000187487,0.421069,-0.243159,0.00322667,-0.202579,0.000315318,-5.35676e-05,0.420208,-0.246123,-0.00338544,0.000200878,-0.000369852,0.00303381,0.00397876,-0.00256462,-0.000886833,0.0085088,-0.000443416,0.00736311,0.0066268,0.00329566,0.00154597,0.00347543,0.00840094,-0.0098031,0.00664214,-0.00128087,-0.2,0,0,0.42,-0.23,0,-0.2,0,0,0.42,-0.23,0,0,0,0,0,0,0,0,0,0,0,0,0,0,0,0,0,0,0.00342833,0,0.00171416,0.0229074,-0.00434621,-0.00737359,0.00342833,-0.00436332,-0.00685665,0.00218166,-0.00693461,-0.0155949,0.0222841,-0.00677261,-0.00185557,0,0,-0.00920388,0,-0.00460194,-0.0019635,0.00294524,0.0122718,-0.00460194,0.0138058,0,-0.00613592,0.00883573,0.00392699,3.41175,-0.175781,-0.447443,-3.51562,8.7963,-3.41648,5.20153,-0.878906,0.503374,-0.615234,11.7068,3.21676,-1.00675,0.549483,-5.98401,-2.5,0.4375,0.1875,-2.75,-0.0625,-0.751953,-0.107422,-1.875,-0.4375,-0.0625,-2.375,0.0625,-0.615234,0.0683594,0.180086,0.0127832,-0.022177,-0.252012,0.535052,-0.11432,0.251063,-0.0228052,0.0190701,-0.0399967,0.658777,0.166607,-0.127116,0.131273,-0.904577,-0.397876,0.256462,0.0627494,-0.42544,0.0134703,-0.145299,-0.135481,-0.35411,-0.145393,-0.201383,-0.420047,0.202198,-0.141678,0.0216905
52.82,-0.201816,-0.000144876,0.000187487,0.421018,-0.243159,0.00324105,-0.202606,0.000332363,1.33919e-05,0.420268,-0.246119,-0.00337828,0.000160703,-0.000369852,0.00303381,0.00400273,-0.00255264,-0.000862864,0.00852078,-0.000443416,0.00737078,0.0066268,0.00327169,0.00156993,0.00352336,0.00841293,-0.00977913,0.00663447,-0.00128087,-0.2,0,0,0.42,-0.23,0,-0.2,0,0,0.42,-0.23,0,0,0,0,0,0,0,0,0,0,0,0,0,0,0,0,0,0,0.0325691,0.0152716,0.00342833,-0.0283616,0.0064801,-0.00180886,-0.00514249,0,0.0154275,0.0109083,3.36155e-05,-0.0110308,-0.00342833,-0.00097207,-0.00308531,0,-0.0230097,0.0168738,-0.00920388,-0.0184078,0.00883573,0,0,-0.00920388,-0.00460194,0.0107379,0.00153398,0,0.00294524,3.35582,-0.175781,-0.279652,-3.16406,8.61891,-3.41594,5.1456,-0.878906,0.223722,-0.966797,11.7068,3.21676,-0.559304,0.49986,-5.90623,-2.5,0.3125,0.1875,-2.6875,-0.0625,-0.751953,-0.107422,-1.875,-0.4375,0,-2.375,0.0625,-0.615234,0.0488281,0.116449,-0.0160557,-0.0256053,-0.0392652,0.513398,-0.126024,0.270884,-0.0332363,-0.0321941,-0.083853,0.644673,0.157193,-0.0379259,0.113872,-0.900888,-0.400273,0.301283,0.00939563,-0.407631,0.0272761,-0.156251,-0.132536,-0.327169,-0.138586,-0.166964,-0.442122,0.194049,-0.132689,0.0226722
52.88,-0.201883,-0.00011931,0.000174095,0.421001,-0.243167,0.00322665,-0.202593,0.000332363,-4.01757e-05,0.420226,-0.246119,-0.00337828,0.000187487,-0.000362304,0.003029,0.00399075,-0.00256462,-0.000898817,0.00852078,-0.000407464,0.00736311,0.00661146,0.00328368,0.00154597,0.00342749,0.00841293,-0.00976714,0.00663447,-0.00128854,-0.2,0,0,0.42,-0.23,0,-0.2,0,0,0.42,-0.23,0,0,0,0,0,0,0,0,0,0,0,0,0,0,0,0,0,0,0.0222841,0.00981748,-0.0171416,-0.0174533,0.00219552,0.0110406,0.0188558,-0.00545415,-0.00171416,0.00436332,0.00161969,-0.0027651,0.0377116,-0.00290425,-0.00185283,0.00460194,-0.0153398,0,-0.00920388,-0.0076699,-0.00883573,-0.00589049,0.00306796,-0.00153398,0.0138058,0,-0.00613592,0.00589049,0,3.18803,0.0878906,-0.0559304,-2.10938,8.61938,-3.52024,5.08967,-0.703125,-0.167791,-1.05469,11.7068,3.21676,0.223722,0.549593,-6.13941,-2.5,0.375,0.1875,-2.625,-0.0625,-0.732422,-0.107422,-1.8125,-0.4375,-0.0625,-2.375,0.0625,-0.615234,0.0488281,0.143714,-0.00770399,0.0168738,-0.0803414,0.522307,-0.151147,0.221548,-0.0223279,0.00744589,-0.0512804,0.641501,0.140661,-0.169381,0.117404,-0.903141,-0.408279,0.287142,0.0449408,-0.407631,0.0158192,-0.138426,-0.126339,-0.334504,-0.151529,-0.198986,-0.420646,0.201479,-0.13858,0.0257709
52.92,-0.201869,-0.000144876,0.000187487,0.421044,-0.243159,0.00324105,-0.202579,0.000349407,-8.03514e-05,0.420226,-0.246123,-0.00338544,0.000174095,-0.000347189,0.00303864,0.00400273,-0.00256462,-0.000862864,0.0085088,-0.000419448,0.00736311,0.00661913,0.00329566,0.00154597,0.00342749,0.00840094,-0.0098031,0.00663447,-0.00128854,-0.2,0,0,0.42,-0.23,0,-0.2,0,0,0.42,-0.23,0,0,0,0,0,0,0,0,0,0,0,0,0,0,0,0,0,0,0.00171416,-0.00872665,-0.00514249,-0.00436332,0.00704019,0.00462823,0.00514249,0.00218166,0.0154275,-0.00109083,-0.00427435,-0.00733412,-0.0171416,0.00289828,0.00184873,-0.00613592,-0.00306796,0,0.00460194,0,0,0.0019635,0.00306796,0,0.00153398,-0.0138058,-0.00460194,0.011781,0,3.29989,-0.175781,-0.223722,-3.95508,8.61891,-3.41594,5.25746,-0.966797,0.167791,0.263672,11.7068,3.21676,-0.279652,0.595433,-6.06755,-2.5,0.4375,0.1875,-2.75,-0.0625,-0.751953,-0.107422,-1.8125,-0.4375,-0.0625,-2.3125,0.0625,-0.634766,0.0488281,0.183514,0.0319409,-0.00846368,-0.139094,0.512278,-0.138898,0.247635,-0.039304,-0.0228198,-0.0294638,0.653456,0.150086,-0.000803512,0.095462,-0.917138,-0.388001,0.262598,0.0431432,-0.434644,0.00838896,-0.147262,-0.134346,-0.335702,-0.154597,-0.174442,-0.392435,0.200664,-0.14447,0.0257709
52.98,-0.201883,-0.000144876,0.000187487,0.421027,-0.243163,0.00323385,-0.202606,0.00032384,0,0.420251,-0.246119,-0.00337828,0.000147311,-0.000362289,0.00303864,0.00399075,-0.00252867,-0.000886833,0.00852078,-0.000419448,0.00736311,0.0066268,0.00328368,0.00156993,0.00347543,0.00841293,-0.00981508,0.0066268,-0.00128087,-0.2,0,0,0.42,-0.23,0,-0.2,0,0,0.42,-0.23,0,0,0,0,0,0,0,0,0,0,0,0,0,0,0,0,0,0,0,0.00872665,-0.0257124,-0.0141808,-0.000543277,-0.000921699,0,-0.00327249,0.0222841,-0.00981748,2.24103e-05,-0.00735385,0.010285,-0.00483445,0.000613506,0.0122718,0.00153398,0.0076699,-0.00306796,-0.0230097,0,-0.000981748,-0.0122718,-0.0076699,0.0107379,0.00920388,-0.0076699,-0.00294524,0,3.57955,-0.175781,-0.111861,-3.95508,8.61891,-3.41594,5.53711,-0.878906,0.279652,-0.263672,11.7068,3.21676,-0.167791,0.549483,-5.98401,-2.5,0.3125,0.1875,-2.6875,-0.0625,-0.751953,-0.0976562,-1.8125,-0.4375,-0.0625,-2.375,0.0625,-0.634766,0.0683594,0.188282,-0.0029657,0.0326762,-0.0972669,0.527614,-0.127511,0.260599,-0.0258391,-0.0445682,0.00160722,0.644696,0.149839,-0.0750482,0.12319,-0.913432,-0.423618,0.249799,0.0290018,-0.419903,0.0313987,-0.147262,-0.131554,-0.303824,-0.141654,-0.195247,-0.439054,0.203972,-0.129591,0.0256175
53.02,-0.201883,-0.000144876,0.000174095,0.421052,-0.243155,0.00321951,-0.202552,0.00032384,-2.67838e-05,0.420302,-0.246114,-0.0033711,0.000120527,-0.000369852,0.00303381,0.00399075,-0.00254066,-0.000886833,0.00853277,-0.000443416,0.00734777,0.0066268,0.00329566,0.00155795,0.00345146,0.00842491,-0.00976714,0.0066268,-0.00128854,-0.2,0,0,0.42,-0.23,0,-0.2,0,0,0.42,-0.23,0,0,0,0,0,0,0,0,0,0,0,0,0,0,0,0,0,0,-0.00514249,-0.00218166,0.00171416,0.0349066,0.00267156,-0.0100992,0.00685665,-0.01309,0.00171416,0.01309,-0.00267147,-0.00458382,-0.053139,-0.00967686,-0.00370839,0,0.0122718,0.0153398,-0.0107379,-0.00920388,-0.0107992,0.000981748,0.00613592,-0.00613592,0.00306796,0.00613592,0.0138058,-0.00294524,-0.00981748,3.18803,0.0878906,-0.335582,-3.95508,8.61891,-3.41594,5.25746,-0.966797,-0.0559304,-0.878906,11.7068,3.21676,-0.111861,0.599107,-6.06179,-2.5,0.375,0.1875,-2.625,-0.0625,-0.751953,-0.107422,-1.8125,-0.4375,0,-2.3125,0,-0.615234,0.0488281,0.198567,0.0188509,-0.0208378,-0.297452,0.520848,-0.108582,0.241529,-0.0062041,-0.000749946,-0.0976937,0.649916,0.144012,0.123259,0.139986,-0.899019,-0.399075,0.229522,0.013662,-0.405163,0.0180722,-0.136156,-0.133518,-0.341838,-0.143523,-0.178709,-0.433517,0.181537,-0.129591,0.0355884
53.08,-0.201896,-0.000127832,0.000174095,0.421018,-0.243167,0.00324101,-0.202593,0.00032384,-5.35676e-05,0.420285,-0.246123,-0.00337108,0.000147311,-0.000362304,0.003029,0.00399075,-0.00252867,-0.000898817,0.00853277,-0.000443416,0.00736311,0.0066268,0.00329566,0.00158192,0.00342749,0.00841293,-0.00983905,0.00663447,-0.00128087,-0.2,0,0,0.42,-0.23,0,-0.2,0,0,0.42,-0.23,0,0,0,0,0,0,0,0,0,0,0,0,0,0,0,0,0,0,0.0291408,-0.00545415,-0.00171416,0.0109083,0.000548879,0.00276016,-0.0188558,-0.00109083,0.0239983,-0.00327249,1.68077e-05,-0.00551539,-0.0119991,0,0,-0.00460194,0.00920388,0.0076699,-0.0107379,0.00460194,-0.0019635,-0.00589049,-0.00613592,0.0122718,0,-0.00306796,-0.0352816,0,0.00687223,2.96431,0.0878906,-0.167791,-3.25195,8.53045,-3.46782,5.25746,-0.791016,-0.279652,-0.791016,11.7068,3.21676,0.279652,0.49986,-5.90623,-2.5,0.3125,0.1875,-2.625,-0.125,-0.751953,-0.0976562,-1.8125,-0.4375,0,-2.375,0.0625,-0.615234,0.0488281,0.13134,0.0236915,-0.0139811,-0.196345,0.525598,-0.135161,0.296971,-0.0302024,-0.0426398,-0.0296868,0.644875,0.145874,-0.00819584,0.108691,-0.9087,-0.389871,0.234459,0.029601,-0.405163,0.00426638,-0.145299,-0.126645,-0.317294,-0.182735,-0.171374,-0.41451,0.232063,-0.132689,0.0187452
53.12,-0.201869,-0.000110787,0.000187487,0.421027,-0.243151,0.00322671,-0.202579,0.000332363,-4.01757e-05,0.420243,-0.246119,-0.00337828,0.000160703,-0.000347189,0.00303864,0.00399075,-0.00255264,-0.000874848,0.0085088,-0.000431432,0.00736311,0.00661146,0.00330765,0.00155795,0.00345146,0.00840094,-0.00977913,0.0066268,-0.00128854,-0.2,0,0,0.42,-0.23,0,-0.2,0,0,0.42,-0.23,0,0,0,0,0,0,0,0,0,0,0,0,0,0,0,0,0,0,0.00857081,0.00763582,-0.0119991,-0.0174533,-0.000548879,-0.00276016,-0.00171416,-0.00545415,0.0119991,-0.01309,0.00323938,-0.00553019,-0.00685665,-0.000966092,-0.00184873,0,-0.00153398,-0.00920388,-0.0076699,0.0076699,0.0019635,-0.00883573,0.0184078,-0.00153398,0.0168738,0.00306796,0.00306796,-0.00589049,0.00490874,3.52362,0.0878906,-0.335582,-3.07617,8.70784,-3.46836,5.53711,-0.703125,0.167791,-0.175781,11.6178,3.26863,-0.111861,0.496194,-5.91197,-2.5,0.375,0.1875,-2.75,-0.125,-0.761719,-0.107422,-1.875,-0.4375,-0.0625,-2.375,0,-0.605469,0.0488281,0.169801,-0.00419288,0.00524962,-0.0841769,0.527119,-0.123548,0.261348,-0.0223279,-0.0199807,0.0159757,0.638262,0.146192,-0.0276409,0.107055,-0.906046,-0.399075,0.258332,0.0621502,-0.4101,0.000958738,-0.149226,-0.123393,-0.36758,-0.152727,-0.20632,-0.426183,0.192515,-0.126645,0.0208621
53.18,-0.201883,-0.000136354,0.000187487,0.421001,-0.243163,0.00323385,-0.202579,0.000298274,-8.03514e-05,0.420251,-0.246123,-0.00337108,0.000174095,-0.000369852,0.00303381,0.00400273,-0.00256462,-0.000886833,0.00853277,-0.000443416,0.00736311,0.0066268,0.00329566,0.00156993,0.00340352,0.00840094,-0.0098031,0.00663447,-0.00128854,-0.2,0,0,0.42,-0.23,0,-0.2,0,0,0.42,-0.23,0,0,0,0,0,0,0,0,0,0,0,0,0,0,0,0,0,0,0.00857081,0.00218166,0.00342833,-0.0218166,-0.00436302,-0.012889,0.0257124,-0.00545415,0.0171416,0.0185441,0.00270508,-0.00644696,0.0119991,3.98546e-06,0.0024677,0,-0.0076699,0.00306796,-0.00153398,0.00153398,-0.00294524,-0.000981748,0.00460194,-0.00306796,0.00153398,-0.00613592,-0.0076699,0.00490874,-0.00785398,3.35582,-0.263672,-0.223722,-3.42773,8.70736,-3.36406,4.97781,-0.878906,0.279652,-0.527344,11.7068,3.21676,-0.223722,0.49997,-6.06163,-2.5,0.375,0.1875,-2.6875,-0.0625,-0.732422,-0.107422,-1.8125,-0.4375,0,-2.3125,0.0625,-0.615234,0.0488281,0.171141,0.00927206,-0.0256053,-0.0628881,0.535254,-0.103576,0.206495,-0.0189191,-0.0262481,-0.111839,0.639498,0.147737,-0.0882258,0.110944,-0.917547,-0.400273,0.271802,0.0382057,-0.42357,0.00733435,-0.144317,-0.131554,-0.33877,-0.150857,-0.173244,-0.407775,0.203732,-0.137598,0.0336249
53.22,-0.201816,-0.000127832,0.000187487,0.421035,-0.243159,0.00322667,-0.202593,0.000332363,-5.35676e-05,0.420268,-0.246123,-0.00337108,0.000160703,-0.000354737,0.00304346,0.00399075,-0.00254066,-0.000862864,0.00852078,-0.000443416,0.00736311,0.00661913,0.00329566,0.00156993,0.00342749,0.00840094,-0.00986302,0.00663447,-0.00128854,-0.2,0,0,0.42,-0.23,0,-0.2,0,0,0.42,-0.23,0,0,0,0,0,0,0,0,0,0,0,0,0,0,0,0,0,0,0.0222841,-0.00109083,0.0239983,-0.0207258,-0.00542156,-0.00554006,0.0222841,0.0109083,0.0154275,0.00654498,-0.00264906,-0.0119377,0.0137133,-0.00869483,0.000616242,-0.00460194,-0.00460194,0.0122718,-0.00306796,-0.00306796,-0.000981748,0.00687223,-0.00153398,0,0.0138058,-0.00153398,0.00153398,0.00490874,-0.00392699,3.24396,0.0878906,-0.447443,-3.16406,8.7963,-3.41648,5.08967,-1.05469,0.279652,-0.0878906,11.7073,3.32106,-0.279652,0.595433,-6.06755,-2.5,0.3125,0.1875,-2.6875,-0.0625,-0.751953,-0.117188,-1.8125,-0.4375,-0.0625,-2.375,0.0625,-0.615234,0.0683594,0.137019,0.0149648,-0.0667452,-0.0723655,0.537203,-0.117987,0.214691,-0.0550529,-0.0254982,-0.0663997,0.650207,0.158719,-0.0893507,0.132506,-0.914885,-0.389871,0.263269,0.0185995,-0.419903,0.0119363,-0.14628,-0.139255,-0.326498,-0.156993,-0.198986,-0.416979,0.195726,-0.137598,0.0296979
53.28,-0.201883,-0.00011931,0.000160703,0.421035,-0.243167,0.00322665,-0.202579,0.000332363,-0.000107135,0.420285,-0.246114,-0.0033711,0.000160703,-0.000369852,0.00303381,0.00399075,-0.00256462,-0.000886833,0.00853277,-0.000443416,0.00736311,0.00661913,0.00329566,0.00155795,0.00342749,0.00840094,-0.00979111,0.0066268,-0.00128854,-0.2,0,0,0.42,-0.23,0,-0.2,0,0,0.42,-0.23,0,0,0,0,0,0,0,0,0,0,0,0,0,0,0,0,0,0,0.010285,0.00545415,-0.00342833,-0.00763582,0.00218431,0.00736372,0.00857081,-0.0174533,0.00171416,-0.00981748,0.00267707,0.00274536,-0.0394257,-0.0038823,-0.0086397,0.00153398,0,-0.00613592,-0.0122718,-0.00920388,0.00490874,-0.00392699,0.0138058,-0.0199418,-0.00613592,-0.0122718,-0.0107379,-0.00981748,-0.0127627,3.57955,0.175781,0.111861,-2.8125,8.53045,-3.46782,5.36932,-0.878906,0.503374,-0.0878906,11.7068,3.21676,-0.503374,0.598887,-5.75098,-2.5,0.375,0.1875,-2.625,-0.0625,-0.761719,-0.0976562,-1.875,-0.4375,-0.0625,-2.3125,0.0625,-0.605469,0.0683594,0.167712,0.00102265,-0.00921362,-0.124725,0.522329,-0.143793,0.240778,0.00167033,0.00728519,-0.00350685,0.639219,0.129353,0.0700664,0.122603,-0.884225,-0.402143,0.256462,0.0566135,-0.402095,0.0180722,-0.152171,-0.128456,-0.357178,-0.115911,-0.159103,-0.395503,0.20656,-0.122718,0.0385336
53.32,-0.201896,-0.000110787,0.000174095,0.421018,-0.243163,0.00324821,-0.202579,0.000332363,-9.37433e-05,0.420217,-0.246127,-0.00337824,0.000160703,-0.000362304,0.003029,0.00399075,-0.00252867,-0.000886833,0.00853277,-0.000467385,0.00736311,0.00663447,0.00329566,0.00156993,0.00347543,0.00840094,-0.00982706,0.00663447,-0.00128854,-0.2,0,0,0.42,-0.23,0,-0.2,0,0,0.42,-0.23,0,0,0,0,0,0,0,0,0,0,0,0,0,0,0,0,0,0,-0.0445682,0,-0.00857081,-0.00327249,0.000532071,-0.00275523,0.0137133,-0.00981748,-0.00857081,-0.00436332,4.48206e-05,-0.0147077,0.0239983,-0.000968085,-0.00061761,0,0,0,-0.0076699,-0.00613592,0.00294524,0.0107992,0,-0.0245437,-0.00613592,0.00153398,0.0107379,0.0107992,-0.00687223,3.52362,0,-0.391513,-3.25195,8.61891,-3.41594,5.1456,-0.878906,-0.111861,-0.0878906,11.6178,3.26863,-0.671165,0.49997,-6.06163,-2.4375,0.3125,0.1875,-2.625,-0.0625,-0.761719,-0.107422,-1.875,-0.4375,0,-2.375,0,-0.634766,0.0488281,0.278758,0.0110787,-0.000267837,-0.139622,0.525462,-0.124418,0.230493,-0.0136013,0.026516,-0.0150953,0.644986,0.164545,-0.120206,0.111596,-0.906847,-0.399075,0.252867,0.0443416,-0.411299,0.0154836,-0.150207,-0.143489,-0.329566,-0.107906,-0.161499,-0.423115,0.185803,-0.143489,0.0326431
53.38,-0.201896,-0.000127832,0.000160703,0.421027,-0.243155,0.00324826,-0.202593,0.00032384,0,0.420268,-0.246114,-0.0033711,0.000160703,-0.000369852,0.00303381,0.00397876,-0.00252867,-0.000886833,0.00853277,-0.000491353,0.00736311,0.00661913,0.00329566,0.00158192,0.00345146,0.00841293,-0.00981508,0.0066268,-0.0012732,-0.2,0,0,0.42,-0.23,0,-0.2,0,0,0.42,-0.23,0,0,0,0,0,0,0,0,0,0,0,0,0,0,0,0,0,0,-0.00514249,0.0109083,0.00514249,-0.0250891,0.00160182,-0.00642722,-0.0137133,0,-0.0119991,0.0218166,-0.000511883,-0.00827062,-0.0222841,7.97092e-06,0.00493541,-0.0076699,0,0.00460194,0,-0.00306796,-0.00392699,-0.00294524,0.00306796,-0.00460194,-0.0076699,0.00613592,0.0122718,-0.00589049,0.00981748,3.41175,-0.439453,-0.279652,-3.42773,8.70736,-3.36406,5.36932,-0.878906,0.167791,-1.40625,11.7068,3.21676,-0.447443,0.49997,-6.06163,-2.5,0.375,0.1875,-2.6875,-0.125,-0.751953,-0.107422,-1.8125,-0.4375,0,-2.375,0.0625,-0.615234,0.0488281,0.199907,-0.00903344,-0.0263553,-0.0536337,0.522984,-0.117076,0.286686,-0.032384,0.0239983,-0.127486,0.645597,0.151385,0.0186415,0.110932,-0.92495,-0.382536,0.252867,0.0351377,-0.426638,0.012895,-0.143335,-0.129437,-0.335702,-0.148988,-0.157233,-0.432918,0.18403,-0.126645,0.0156466
53.42,-0.201883,-0.000136354,0.000187487,0.421018,-0.243159,0.00322667,-0.202619,0.000332363,-5.35676e-05,0.42026,-0.246123,-0.00338544,0.000160703,-0.000362289,0.00303864,0.00399075,-0.00254066,-0.000862864,0.00853277,-0.000443416,0.00734777,0.00661913,0.00330765,0.00158192,0.00342749,0.00841293,-0.00985103,0.00663447,-0.00128087,-0.2,0,0,0.42,-0.23,0,-0.2,0,0,0.42,-0.23,0,0,0,0,0,0,0,0,0,0,0,0,0,0,0,0,0,0,-0.00342833,0.00436332,-0.0171416,0.00109083,0.00267716,-0.00826075,-0.0359974,0.0119991,0.00342833,0,-0.00266026,-0.00826075,0.00171416,-0.00869682,0.00431232,-0.00460194,-0.00920388,-0.00460194,0,-0.0138058,-0.019635,-0.00687223,0.0122718,-0.00306796,0.00920388,0.00920388,0.00460194,0.00883573,0.000981748,3.35582,0,-0.111861,-3.33984,8.61891,-3.41594,5.36932,-0.966797,0.559304,-0.263672,11.7068,3.21676,-0.335582,0.549483,-5.98401,-2.4375,0.375,0.1875,-2.6875,-0.0625,-0.751953,-0.0976562,-1.8125,-0.4375,-0.0625,-2.375,0.0625,-0.634766,0.0683594,0.195139,0.00490874,0.0155346,-0.157075,0.521005,-0.112545,0.333933,-0.0572345,-0.00149989,-0.0389412,0.650228,0.151939,-0.0533533,0.134777,-0.924528,-0.389871,0.272473,0.0523471,-0.426638,0.0226742,-0.12732,-0.12551,-0.355308,-0.152056,-0.189782,-0.439054,0.192419,-0.141525,0.0246357
53.48,-0.201883,-0.000110787,0.000200878,0.421044,-0.243159,0.00324105,-0.202579,0.000332363,-6.69595e-05,0.420294,-0.246123,-0.00338544,0.00021427,-0.000362289,0.00303864,0.00397876,-0.00256462,-0.000862864,0.00852078,-0.000443416,0.00737078,0.00661913,0.00329566,0.00154597,0.00342749,0.00842491,-0.00979111,0.0066268,-0.00128854,-0.2,0,0,0.42,-0.23,0,-0.2,0,0,0.42,-0.23,0,0,0,0,0,0,0,0,0,0,0,0,0,0,0,0,0,0,0.0119991,0.00327249,0.00514249,-0.00436332,-0.000537674,0.000916765,-0.010285,0.00763582,-0.0274266,0,-0.00156927,-0.0137811,0,0,0,-0.0168738,-0.0153398,0.0153398,0,-0.0122718,0.00687223,-0.00589049,0.00153398,-0.00920388,-0.0107379,0.0122718,-0.00306796,-0.00883573,0.0019635,2.96431,0.175781,-0.167791,-3.86719,8.70784,-3.46836,5.20153,-0.878906,0.727095,-0.791016,11.6178,3.26863,-0.503374,0.49986,-5.90623,-2.5,0.375,0.1875,-2.6875,-0.0625,-0.751953,-0.107422,-1.8125,-0.4375,0,-2.375,0.0625,-0.615234,0.0488281,0.164284,0.00453376,-0.0303728,-0.139094,0.527434,-0.131475,0.27849,-0.0485079,0.0615491,-0.0440553,0.648046,0.16298,-0.0642811,0.108687,-0.911591,-0.364129,0.287142,0.0124636,-0.426039,0.0211402,-0.154288,-0.126492,-0.332634,-0.136189,-0.149899,-0.445789,0.19889,-0.1237,0.0238074
53.52,-0.201883,-0.000127832,0.000187487,0.421044,-0.243163,0.00323385,-0.202593,0.000306796,-5.35676e-05,0.420234,-0.246131,-0.00337104,0.000241054,-0.000369836,0.00304345,0.00400273,-0.00254066,-0.000862864,0.0085088,-0.000443416,0.00736311,0.0066268,0.00329566,0.00156993,0.00345146,0.00841293,-0.00979111,0.00663447,-0.00128087,-0.2,0,0,0.42,-0.23,0,-0.2,0,0,0.42,-0.23,0,0,0,0,0,0,0,0,0,0,0,0,0,0,0,0,0,0,-0.0274266,-0.00763582,0.00514249,0.0207258,-0.00271078,-0.00277003,0.00514249,-0.0185441,0,-0.00218166,-0.00158047,-0.0101041,0.0342833,-0.00579456,0.0049313,0,-0.00920388,-0.0076699,-0.0138058,-0.0168738,-0.000981748,-0.00589049,0.00153398,0.0107379,0.00613592,0.0076699,-0.0214757,0.011781,-0.00589049,3.69141,0.263672,-0.335582,-2.98828,8.70784,-3.46836,5.81676,-0.878906,0.167791,-0.175781,11.6178,3.26863,-1.06268,0.549593,-6.13941,-2.4375,0.375,0.1875,-2.6875,-0.0625,-0.751953,-0.107422,-1.8125,-0.4375,0,-2.375,0.0625,-0.634766,0.0683594,0.243135,0.0280548,-0.0290336,-0.23945,0.531949,-0.123814,0.248974,0.00640863,0.00535676,-0.026379,0.648405,0.15505,-0.175166,0.128335,-0.92783,-0.400273,0.272473,0.058483,-0.397828,0.0257421,-0.14628,-0.126645,-0.332634,-0.178469,-0.184845,-0.435986,0.217298,-0.14447,0.031508
53.58,-0.201843,-0.000144876,0.000187487,0.421035,-0.243163,0.00323385,-0.202552,0.000332363,-2.67838e-05,0.420268,-0.246119,-0.00337828,0.000174095,-0.000369852,0.00303381,0.00400273,-0.00254066,-0.000886833,0.00853277,-0.000455401,0.00736311,0.0066268,0.00329566,0.00156993,0.00345146,0.00841293,-0.0098031,0.00663447,-0.00128087,-0.2,0,0,0.42,-0.23,0,-0.2,0,0,0.42,-0.23,0,0,0,0,0,0,0,0,0,0,0,0,0,0,0,0,0,0,0.00171416,0.00109083,0.0171416,-0.0239983,-0.00651932,-0.0110604,0.0411399,0.00545415,0.053139,0.0109083,-0.00751373,-0.00180393,0.0188558,-0.00290027,0.000614874,-0.00613592,0.0076699,0,-0.00920388,-0.0138058,0,0,0.00306796,0.00613592,-0.00153398,0.00153398,0,0,0,2.85245,-0.175781,-0.335582,-3.25195,8.70736,-3.36406,4.19478,-1.05469,0.223722,-1.23047,11.7963,3.26918,-0.894886,0.549483,-5.98401,-2.4375,0.375,0.1875,-2.6875,-0.0625,-0.732422,-0.107422,-1.8125,-0.375,-0.0625,-2.375,0,-0.605469,0.0683594,0.180836,0.0123059,-0.0530319,-0.0592755,0.539566,-0.107233,0.172962,-0.0441446,-0.1036,-0.083853,0.659768,0.138739,-0.108796,0.119656,-0.911989,-0.388001,0.238726,0.0443416,-0.408231,0.0229138,-0.147262,-0.132536,-0.335702,-0.169265,-0.169505,-0.423714,0.196062,-0.132689,0.0256175
53.62,-0.201883,-0.00011931,0.000187487,0.421035,-0.243172,0.00323381,-0.202579,0.000332363,-2.67838e-05,0.420302,-0.246114,-0.0033711,0.000174095,-0.000369852,0.00303381,0.00399075,-0.00256462,-0.000862864,0.00852078,-0.000443416,0.00736311,0.0066268,0.00329566,0.00156993,0.00340352,0.00841293,-0.00979111,0.00663447,-0.0012732,-0.2,0,0,0.42,-0.23,0,-0.2,0,0,0.42,-0.23,0,0,0,0,0,0,0,0,0,0,0,0,0,0,0,0,0,0,0.02057,0.0174533,0.00171416,-0.0185441,-0.00273319,-0.0101239,0.00685665,-0.00218166,-0.0222841,0.0261799,0.0010966,-0.00735879,0.0188558,-0.00580253,-4.10394e-06,0.0122718,-0.0076699,0.0138058,-0.0153398,-0.0214757,-0.00294524,0.00589049,-0.00306796,0,-0.00460194,0.00306796,0.00920388,0,0.0107992,3.18803,0,-0.167791,-3.86719,8.70736,-3.36406,4.97781,-0.878906,0.447443,0,11.6178,3.26863,-0.223722,0.549483,-5.98401,-2.5,0.3125,0.1875,-2.625,-0.0625,-0.751953,-0.107422,-1.8125,-0.375,0,-2.375,0,-0.615234,0.0683594,0.147142,-0.0229756,-0.022177,-0.0810921,0.532332,-0.109105,0.244206,-0.0288729,0.0472466,-0.150054,0.64238,0.149562,-0.108796,0.128363,-0.910132,-0.423618,0.271802,0.0155316,-0.39536,0.0303441,-0.144317,-0.138426,-0.32343,-0.156993,-0.160972,-0.426782,0.186618,-0.132689,0.0146649
53.68,-0.201869,-0.00016192,0.00021427,0.421044,-0.243159,0.00324105,-0.202606,0.00032384,-2.67838e-05,0.42026,-0.246123,-0.00338544,0.000160703,-0.000369852,0.00303381,0.00401472,-0.00254066,-0.000886833,0.00853277,-0.000455401,0.00736311,0.0066268,0.00329566,0.00156993,0.00345146,0.00842491,-0.00976714,0.00661913,-0.00128854,-0.2,0,0,0.42,-0.23,0,-0.2,0,0,0.42,-0.23,0,0,0,0,0,0,0,0,0,0,0,0,0,0,0,0,0,0,0.0342833,-0.0141808,0.0257124,0.00109083,-0.00271638,-0.00460849,0.00685665,0.00545415,0.00857081,0.0141808,0.00376807,-0.00277496,0,-0.00676464,0.00307984,0.00306796,0,-0.00153398,-0.00920388,-0.0107379,-0.00589049,0.00490874,0,0.00460194,0.00153398,0.00613592,0.0107379,0,-0.00294524,3.63548,-0.175781,-0.503374,-3.16406,8.61891,-3.41594,5.20153,-0.878906,-0.0559304,-0.351562,11.6173,3.16434,-0.447443,0.49997,-6.06163,-2.5,0.4375,0.1875,-2.625,-0.0625,-0.761719,-0.107422,-1.8125,-0.4375,0,-2.375,0.0625,-0.634766,0.0683594,0.118376,0.0445536,-0.0728519,-0.16091,0.531791,-0.120425,0.246886,-0.0432923,-0.0144632,-0.0956644,0.637371,0.140967,-0.0482108,0.13125,-0.919383,-0.407607,0.254066,0.0474096,-0.408231,0.0198459,-0.141372,-0.137445,-0.329566,-0.166197,-0.175641,-0.433517,0.184605,-0.132383,0.0287161
53.74,-0.201843,-0.000136354,0.000187487,0.421061,-0.243159,0.00324105,-0.202593,0.000332363,-0.000107135,0.42026,-0.246123,-0.00338544,0.000254446,-0.000377399,0.00303863,0.00400273,-0.00256462,-0.000886833,0.00853277,-0.000443416,0.00736311,0.0066268,0.00329566,0.00158192,0.00343947,0.00841293,-0.0098031,0.00663447,-0.00129621,-0.2,0,0,0.42,-0.23,0,-0.2,0,0,0.42,-0.23,0,0,0,0,0,0,0,0,0,0,0,0,0,0,0,0,0,0,0.0154275,0.00436332,0.00342833,0.0261799,-0.00162423,-0.000926633,0.00342833,0.00436332,0,0.00872665,-0.00371765,-0.0137712,0.0359974,-0.0058105,-0.00493951,0.00460194,-0.0122718,-0.0138058,-0.00306796,-0.00920388,0,-0.00294524,0.00306796,0.0138058,0.00920388,0.0107379,-0.0076699,0.00392699,-0.015708,3.63548,-0.175781,-0.279652,-4.04297,8.61891,-3.41594,5.20153,-0.878906,0.447443,0.175781,11.7068,3.21676,-0.615234,0.49975,-5.75082,-2.5,0.375,0.1875,-2.6875,-0.125,-0.751953,-0.0976562,-1.8125,-0.5,-0.0625,-2.375,0,-0.634766,0.0683594,0.15341,0.00490874,-0.0256053,-0.263824,0.529607,-0.127789,0.252403,-0.0419629,0.0107135,-0.0738478,0.652343,0.16296,-0.184326,0.130651,-0.89677,-0.409477,0.281006,0.0719533,-0.420502,0.0180722,-0.147262,-0.129591,-0.335702,-0.185803,-0.190381,-0.442122,0.203732,-0.136616,0.0416322
53.78,-0.201869,-0.00011931,0.000187487,0.421052,-0.243155,0.00321951,-0.202579,0.000332363,1.33919e-05,0.420243,-0.246123,-0.00338544,0.000160703,-0.000362304,0.003029,0.00400273,-0.00256462,-0.000886833,0.00852078,-0.000467385,0.00737078,0.0066268,0.00329566,0.00155795,0.00346344,0.00841293,-0.00981508,0.00663447,-0.00128854,-0.2,0,0,0.42,-0.23,0,-0.2,0,0,0.42,-0.23,0,0,0,0,0,0,0,0,0,0,0,0,0,0,0,0,0,0,0.0188558,-0.00436332,-0.010285,0.0327249,0.00271638,0.00460849,-0.00857081,0.00327249,-0.00857081,-0.0119991,-0.000517486,-0.00643216,-0.02057,0,0,-0.00613592,-0.0076699,0,-0.00460194,-0.0076699,0.00785398,-0.00392699,0.00460194,0,0.00306796,-0.00306796,-0.0199418,0.00883573,-0.00294524,3.24396,0,0,-3.33984,8.70784,-3.46836,5.08967,-1.05469,-0.111861,0.263672,11.7068,3.21676,-0.391513,0.549593,-6.13941,-2.4375,0.3125,0.1875,-2.6875,-0.0625,-0.751953,-0.0976562,-1.8125,-0.4375,-0.0625,-2.375,0.0625,-0.615234,0.0683594,0.149231,0.0206576,0.0018213,-0.288725,0.520759,-0.137997,0.275061,-0.0397812,0.0158024,0.0116124,0.645942,0.148282,0.013499,0.108691,-0.9087,-0.388001,0.271802,0.0443416,-0.416835,0.0170176,-0.15527,-0.128609,-0.33877,-0.155795,-0.179308,-0.41451,0.216243,-0.141525,0.0287161
53.84,-0.201883,-0.000144876,0.000187487,0.421018,-0.243155,0.00324826,-0.202579,0.00032384,-9.37433e-05,0.42026,-0.246131,-0.00337104,0.000187487,-0.000354741,0.00303382,0.00399075,-0.00256462,-0.000862864,0.00853277,-0.000503337,0.00736311,0.0066268,0.00328368,0.00154597,0.00342749,0.00840094,-0.00977913,0.0066268,-0.00128854,-0.2,0,0,0.42,-0.23,0,-0.2,0,0,0.42,-0.23,0,0,0,0,0,0,0,0,0,0,0,0,0,0,0,0,0,0,-0.0291408,0.00218166,-0.00685665,-0.00545415,-0.00107535,0.00183353,-0.00171416,-0.00218166,0.0137133,-0.00218166,-0.00160288,-0.00275029,0.0291408,-3.98546e-06,-0.0024677,-0.00306796,-0.0138058,-0.00920388,-0.0138058,-0.0107379,-0.00490874,0.00785398,-0.00153398,0.00460194,-0.0107379,0,-0.0138058,-0.00490874,-0.0107992,3.63548,0,-0.223722,-2.54883,8.70736,-3.36406,4.97781,-0.878906,0.391513,-0.878906,11.6178,3.26863,-0.503374,0.549483,-5.98401,-2.5,0.4375,0.1875,-2.625,-0.125,-0.732422,-0.107422,-1.8125,-0.4375,0,-2.375,0.0625,-0.634766,0.0488281,0.246564,0.0101243,-0.00503535,-0.130895,0.528339,-0.133598,0.261348,-0.0280207,-0.0180523,-0.0302146,0.64845,0.140342,-0.143668,0.106434,-0.902744,-0.392939,0.284074,0.061551,-0.399027,0.0208046,-0.142353,-0.14039,-0.3253,-0.1638,-0.149899,-0.420047,0.209388,-0.127627,0.0365701
53.88,-0.201869,-0.000144876,0.000187487,0.421001,-0.243159,0.00321231,-0.202606,0.000332363,-2.67838e-05,0.420268,-0.246123,-0.00338544,0.000147311,-0.000377415,0.00302899,0.00399075,-0.00256462,-0.000886833,0.00854475,-0.000491353,0.00736311,0.00663447,0.00329566,0.00155795,0.00347543,0.00841293,-0.00976714,0.00663447,-0.00129621,-0.2,0,0,0.42,-0.23,0,-0.2,0,0,0.42,-0.23,0,0,0,0,0,0,0,0,0,0,0,0,0,0,0,0,0,0,0.00857081,0.00436332,-0.00342833,-0.0261799,-0.00218431,-0.00736372,-0.0257124,-0.00109083,0,-0.0338158,0.00323938,-0.00553019,-0.0188558,-0.00774468,-0.00494088,0.0076699,-0.0107379,0,-0.00460194,0.00460194,-0.000981748,0.00687223,0.00306796,-0.00460194,0.00153398,0.00920388,-0.0107379,0.00785398,-0.00981748,3.35582,0,-0.279652,-2.37305,8.61891,-3.41594,5.36932,-0.791016,0.559304,-0.439453,11.5283,3.21621,-0.838956,0.49997,-6.06163,-2.5,0.375,0.1875,-2.625,-0.125,-0.751953,-0.107422,-1.8125,-0.4375,0,-2.375,0.0625,-0.634766,0.0683594,0.169801,0.00576095,-0.011892,-0.0454348,0.53073,-0.113765,0.312024,-0.0310546,0.00267838,0.0950433,0.638429,0.146478,0.0123741,0.136459,-0.893874,-0.414415,0.277938,0.0443416,-0.418034,0.00522512,-0.14628,-0.139562,-0.335702,-0.146591,-0.176839,-0.439054,0.206081,-0.140543,0.0357418
53.94,-0.201843,-0.00016192,0.000174095,0.421027,-0.243167,0.00322665,-0.202552,0.00032384,-6.69595e-05,0.420234,-0.246127,-0.00337824,0.000133919,-0.000332094,0.00302901,0.00399075,-0.00254066,-0.000886833,0.00852078,-0.000455401,0.00737078,0.00661913,0.00328368,0.00156993,0.00349939,0.00841293,-0.00979111,0.00663447,-0.00128087,-0.2,0,0,0.42,-0.23,0,-0.2,0,0,0.42,-0.23,0,0,0,0,0,0,0,0,0,0,0,0,0,0,0,0,0,0,0.00685665,-0.0163625,-0.0137133,-0.00981748,-0.00108095,-4.93417e-06,0.0239983,-0.0119991,-0.0119991,0.00327249,-0.007992,-0.0211053,0,-6.91355e-17,0.00123248,0,0,-0.00153398,-0.00306796,-0.00460194,0.00981748,-0.00490874,0.0122718,0,0.00306796,0.0122718,-0.0276117,0.0019635,0.0137445,3.24396,-0.175781,-0.223722,-2.8125,8.70784,-3.46836,4.75408,-0.878906,0.391513,-1.23047,11.7963,3.26918,-0.615234,0.645052,-6.14534,-2.5,0.375,0.1875,-2.6875,-0.0625,-0.751953,-0.107422,-1.875,-0.5,0,-2.375,0.0625,-0.615234,0.0488281,0.170551,0.0489169,0.0100171,-0.11472,0.52886,-0.129056,0.207245,-0.00838576,0.0306942,-0.0481956,0.66106,0.17734,-0.0401757,0.0996283,-0.912401,-0.399075,0.254066,0.0474096,-0.419903,0.01371,-0.157233,-0.127474,-0.352911,-0.156993,-0.181106,-0.44519,0.223434,-0.134653,0.011873
53.98,-0.201896,-0.000153398,0.000187487,0.421027,-0.243155,0.00323387,-0.202606,0.00032384,-2.67838e-05,0.420285,-0.246123,-0.00338544,0.000120527,-0.000354737,0.00304346,0.00399075,-0.00256462,-0.000862864,0.00852078,-0.000419448,0.00736311,0.00661913,0.00328368,0.00156993,0.00340352,0.00840094,-0.00979111,0.00664214,-0.0012732,-0.2,0,0,0.42,-0.23,0,-0.2,0,0,0.42,-0.23,0,0,0,0,0,0,0,0,0,0,0,0,0,0,0,0,0,0,0.00857081,-0.00872665,0.0222841,0,-0.00651372,-0.00922192,-0.02057,-0.00218166,0.0239983,-0.00654498,-0.00155246,-0.0192965,-0.0239983,-0.00772874,0.00246497,-0.00460194,-0.00613592,0.00613592,0.00460194,0.00613592,0.000981748,-0.00785398,0.0076699,-0.0122718,0,0,0.0138058,0.00589049,0,3.35582,0,-0.503374,-2.72461,8.7963,-3.41648,5.25746,-0.791016,-0.223722,-0.351562,11.6178,3.26863,-0.223722,0.645052,-5.98976,-2.5,0.375,0.1875,-2.6875,-0.0625,-0.751953,-0.0976562,-1.875,-0.4375,-0.0625,-2.375,0,-0.634766,0.0683594,0.17248,0.0327931,-0.0633169,-0.15399,0.539217,-0.110911,0.301739,-0.0280207,-0.0453182,-0.0165968,0.648012,0.17401,0.0358367,0.129607,-0.920432,-0.389871,0.268734,0.0308714,-0.435243,0.00225303,-0.148244,-0.124529,-0.343708,-0.13245,-0.170176,-0.420047,0.182016,-0.138733,0.0254641
54.04,-0.201869,-0.000127832,0.000187487,0.421044,-0.243163,0.00323385,-0.202579,0.000306796,-6.69595e-05,0.420208,-0.246119,-0.00337828,0.000147311,-0.000369852,0.00303381,0.00396678,-0.00256462,-0.000862864,0.00853277,-0.000419448,0.00734777,0.0066268,0.00329566,0.00156993,0.00347543,0.00841293,-0.00976714,0.00663447,-0.00126553,-0.2,0,0,0.42,-0.23,0,-0.2,0,0,0.42,-0.23,0,0,0,0,0,0,0,0,0,0,0,0,0,0,0,0,0,0,0.00514249,-0.00872665,0.0119991,-0.0163625,0.00271078,0.00277003,-0.00685665,-0.00872665,-0.00685665,-0.0163625,-0.00105738,-0.00551046,-0.00342833,-0.0115991,0.00369335,0.0076699,-0.00460194,0.0230097,-0.00306796,0,-0.0225802,0.00490874,-0.00306796,0.0138058,-0.00153398,0.00306796,0,0.00294524,0.0225802,3.52362,0.0878906,-0.447443,-3.07617,8.61891,-3.41594,5.20153,-0.966797,0.391513,-0.878906,11.7068,3.21676,-0.671165,0.49997,-6.06163,-2.5,0.4375,0.1875,-2.6875,-0.0625,-0.751953,-0.107422,-1.8125,-0.4375,0,-2.375,0.0625,-0.634766,0.0488281,0.176658,0.0302365,-0.0427469,-0.0910973,0.521106,-0.134894,0.271633,-0.0132263,0.0204092,0.0341798,0.646855,0.146152,-0.0339083,0.145753,-0.921224,-0.412018,0.265666,-0.00287621,-0.420502,0.00838896,-0.124375,-0.137445,-0.32343,-0.184605,-0.170703,-0.426782,0.195343,-0.135635,0.00273049
54.08,-0.201843,-0.000127832,0.00021427,0.421018,-0.243151,0.00324108,-0.202606,0.00032384,-2.67838e-05,0.420285,-0.246119,-0.0033639,0.000160703,-0.000362289,0.00303864,0.00400273,-0.00256462,-0.000886833,0.00852078,-0.000419448,0.00736311,0.00661913,0.00328368,0.00158192,0.00342749,0.00842491,-0.00979111,0.00663447,-0.00128854,-0.2,0,0,0.42,-0.23,0,-0.2,0,0,0.42,-0.23,0,0,0,0,0,0,0,0,0,0,0,0,0,0,0,0,0,0,-0.00171416,0,0.010285,0.00327249,-0.00109776,-0.00552032,-0.0154275,-0.00545415,-0.0257124,-0.0185441,0.00858792,0.00179899,-0.00514249,-0.00676065,0.00554754,-0.0122718,-0.00460194,-0.00306796,-0.00613592,-0.00306796,0,-0.00294524,0.00460194,-0.0184078,0,0.0107379,-0.0199418,0.00785398,0,3.1321,0,-0.223722,-2.54883,8.7963,-3.41648,5.31339,-0.966797,-0.111861,-0.263672,11.6178,3.26863,-0.447443,0.549593,-6.13941,-2.5,0.3125,0.1875,-2.6875,-0.125,-0.761719,-0.107422,-1.875,-0.375,-0.0625,-2.375,0.0625,-0.634766,0.0683594,0.187693,0.0127832,-0.041997,-0.165802,0.528215,-0.118603,0.291454,-0.0214757,0.0541033,0.0313997,0.627566,0.130958,-0.0327834,0.128969,-0.928234,-0.375729,0.265666,0.0504776,-0.413767,0.0114569,-0.147262,-0.129437,-0.337572,-0.121376,-0.171374,-0.442721,0.215764,-0.140543,0.0257709
54.14,-0.201856,-0.000127832,0.000200878,0.421035,-0.24315,0.00325546,-0.202579,0.00032384,-6.69595e-05,0.420243,-0.246119,-0.00337828,0.00021427,-0.000354737,0.00304346,0.00399075,-0.00256462,-0.000862864,0.00853277,-0.000467385,0.00736311,0.0066268,0.00328368,0.00156993,0.00340352,0.00840094,-0.00981508,0.0066268,-0.00128854,-0.2,0,0,0.42,-0.23,0,-0.2,0,0,0.42,-0.23,0,0,0,0,0,0,0,0,0,0,0,0,0,0,0,0,0,0,0.0342833,-0.00545415,0.010285,0.00872665,0.00264915,-0.0174531,0.00342833,0.00545415,-0.0137133,-0.00981748,-0.00209796,-0.0165363,-0.0188558,-0.00772874,1.75562e-16,0.00153398,0.00460194,0.0138058,0,0,-0.000981748,0.00490874,-0.00920388,0.00153398,-0.00460194,-0.0107379,-0.0107379,0.0137445,-0.00490874,2.96431,0.175781,-0.223722,-2.90039,8.61843,-3.31164,5.20153,-0.966797,0.447443,-0.791016,11.6178,3.26863,-1.00675,0.694672,-5.91197,-2.5,0.4375,0.1875,-2.6875,-0.0625,-0.751953,-0.107422,-1.75,-0.4375,0,-2.375,0.0625,-0.634766,0.0683594,0.117038,0.0236915,-0.0406578,-0.190175,0.52072,-0.0953123,0.251063,-0.0432923,0.0341225,0.00288574,0.648936,0.168204,-0.00771373,0.129607,-0.913037,-0.402143,0.247259,0.0155316,-0.426638,0.0093477,-0.14628,-0.137445,-0.30996,-0.160061,-0.160972,-0.398571,0.207039,-0.14628,0.0306796
54.18,-0.201883,-0.00011931,0.00021427,0.421061,-0.243159,0.00324105,-0.202606,0.000332363,4.01757e-05,0.420302,-0.246123,-0.00338544,0.000174095,-0.000362304,0.003029,0.00400273,-0.00254066,-0.000862864,0.00853277,-0.000467385,0.00736311,0.0066268,0.00328368,0.0015939,0.00346344,0.00840094,-0.00976714,0.00663447,-0.0012732,-0.2,0,0,0.42,-0.23,0,-0.2,0,0,0.42,-0.23,0,0,0,0,0,0,0,0,0,0,0,0,0,0,0,0,0,0,-0.0342833,0.0229074,0.0171416,0.00327249,-0.00217311,-0.0036868,-0.0291408,0.00218166,0.0274266,-0.00218166,0.000567909,-0.010114,0.00685665,0.00192421,-0.00616789,0.0260777,-0.0076699,-0.0076699,-0.00153398,0.00306796,0,0.00490874,0.00306796,0.0107379,0,0.00153398,-0.0138058,0,0.00589049,3.35582,-0.175781,-0.223722,-3.07617,8.61891,-3.41594,5.1456,-0.966797,0,-0.703125,11.6178,3.26863,-0.671165,0.49997,-6.06163,-2.5625,0.3125,0.1875,-2.625,-0.125,-0.751953,-0.107422,-1.875,-0.4375,0,-2.375,0.0625,-0.615234,0.0683594,0.256849,-0.0338839,-0.0557103,-0.172194,0.530705,-0.122268,0.31888,-0.0375996,-0.0588708,-0.0366072,0.643772,0.155646,-0.0727983,0.102919,-0.890196,-0.452428,0.269405,0.058483,-0.42357,0.00627973,-0.147262,-0.137445,-0.334504,-0.180866,-0.173172,-0.423115,0.209149,-0.132689,0.0195736
54.24,-0.201896,-0.000127832,0.00021427,0.421001,-0.243159,0.00322667,-0.202606,0.00032384,-8.03514e-05,0.420234,-0.246127,-0.0033926,0.000200878,-0.000369852,0.00303381,0.00399075,-0.00255264,-0.000862864,0.00852078,-0.000419448,0.00736311,0.0066268,0.00329566,0.00156993,0.00342749,0.00840094,-0.0098031,0.00663447,-0.00128087,-0.2,0,0,0.42,-0.23,0,-0.2,0,0,0.42,-0.23,0,0,0,0,0,0,0,0,0,0,0,0,0,0,0,0,0,0,0.0137133,-0.00545415,0.0222841,-0.0283616,0.00273879,0.0119623,0.0154275,-0.00654498,0.0154275,0,-0.00209235,-0.0183748,0.00342833,0.00386835,2.73596e-06,-0.00153398,-0.00920388,0.0230097,-0.00920388,0.0107379,-0.00294524,0.00687223,0.00920388,-0.00306796,0.00460194,0,-0.00920388,-0.000981748,0,2.96431,-0.175781,-0.223722,-2.8125,8.70784,-3.46836,5.36932,-0.878906,0.111861,-0.615234,11.6178,3.26863,-0.447443,0.49997,-6.06163,-2.5,0.4375,0.1875,-2.6875,-0.125,-0.751953,-0.0976562,-1.8125,-0.4375,0,-2.375,0.0625,-0.615234,0.0488281,0.162195,0.0236915,-0.0659953,-0.0367081,0.520882,-0.152991,0.229744,-0.0192941,-0.0228198,-0.0351056,0.649259,0.172453,-0.0705485,0.0993505,-0.910152,-0.396007,0.273672,-0.00287621,-0.407631,-0.00234891,-0.144317,-0.139408,-0.347974,-0.150857,-0.180578,-0.420047,0.205266,-0.131708,0.0256175
54.28,-0.201869,-0.000127832,0.000174095,0.421061,-0.243155,0.00321951,-0.202593,0.000315318,-6.69595e-05,0.420234,-0.246119,-0.00337828,0.000200878,-0.000354737,0.00304346,0.00399075,-0.00256462,-0.000922785,0.00852078,-0.000419448,0.00737078,0.00661913,0.00329566,0.00154597,0.00345146,0.00842491,-0.00977913,0.0066268,-0.00128854,-0.2,0,0,0.42,-0.23,0,-0.2,0,0,0.42,-0.23,0,0,0,0,0,0,0,0,0,0,0,0,0,0,0,0,0,0,0.0239983,-0.00763582,0.0119991,0.0152716,0.00322604,-0.00550059,0.010285,-0.00654498,0.00342833,-0.00109083,-0.00533173,-0.0128446,0.0137133,-0.00289828,0.00184873,0.0122718,-0.00153398,0,0,0,0.00981748,-0.00981748,0.0122718,0.00153398,0,0.00153398,-0.00613592,0.00687223,-0.00589049,3.69141,0.175781,-0.167791,-4.13086,8.61891,-3.41594,5.25746,-0.878906,0,-0.878906,11.7068,3.21676,-0.503374,0.545813,-5.98976,-2.5,0.375,0.1875,-2.6875,-0.0625,-0.751953,-0.107422,-1.8125,-0.4375,-0.0625,-2.375,0.0625,-0.644531,0.0683594,0.138946,0.0280548,-0.0414077,-0.220191,0.51974,-0.117779,0.238689,-0.0184419,-0.000160702,-0.0307423,0.655404,0.16082,-0.101403,0.115116,-0.918583,-0.423618,0.25953,0.0461393,-0.426039,0.00838896,-0.157233,-0.122565,-0.35411,-0.157664,-0.172573,-0.424314,0.201718,-0.139408,0.0316614
54.34,-0.201869,-0.000144876,0.000187487,0.42101,-0.243155,0.00324826,-0.202606,0.000332363,-6.69595e-05,0.42026,-0.246119,-0.00337828,0.000147311,-0.000369852,0.00303381,0.00399075,-0.00254066,-0.000886833,0.00853277,-0.000443416,0.00736311,0.0066268,0.00330765,0.00158192,0.00347543,0.00842491,-0.0098031,0.0066268,-0.00129621,-0.2,0,0,0.42,-0.23,0,-0.2,0,0,0.42,-0.23,0,0,0,0,0,0,0,0,0,0,0,0,0,0,0,0,0,0,-0.00685665,0.00436332,-0.00514249,-0.0119991,-0.00976217,-0.0110752,0.00342833,0,-0.00342833,-0.00872665,0.0016365,-0.00828049,-0.010285,-0.00774069,-0.00247317,-0.0168738,0.00153398,0,0.0138058,-0.00613592,0,0.00490874,0.00460194,-0.00153398,0.0107379,-0.00920388,0,-0.00687223,-0.00785398,3.24396,0,-0.335582,-3.33984,8.7963,-3.41648,5.03374,-0.966797,0.279652,0,11.6178,3.26863,-0.223722,0.549483,-5.98401,-2.5,0.4375,0.1875,-2.6875,-0.0625,-0.751953,-0.0976562,-1.8125,-0.4375,0,-2.3125,0,-0.615234,0.0488281,0.200656,0.00576095,-0.00846368,-0.103436,0.545712,-0.10778,0.253742,-0.0332363,0.0135526,-0.00403462,0.641467,0.151692,-0.0133383,0.134178,-0.902724,-0.365327,0.250998,0.0443416,-0.45425,0.0150042,-0.147262,-0.137445,-0.339969,-0.155124,-0.195247,-0.402838,0.196062,-0.125664,0.0337783
54.38,-0.201869,-0.000144876,0.000187487,0.421044,-0.243163,0.00323385,-0.202579,0.000332363,-8.03514e-05,0.420294,-0.246119,-0.00337828,0.000160703,-0.000354737,0.00304346,0.00397876,-0.00256462,-0.000862864,0.00852078,-0.000467385,0.00736311,0.00661913,0.00329566,0.00158192,0.00345146,0.00841293,-0.00981508,0.00663447,-0.00128854,-0.2,0,0,0.42,-0.23,0,-0.2,0,0,0.42,-0.23,0,0,0,0,0,0,0,0,0,0,0,0,0,0,0,0,0,0,0.0188558,-0.00327249,-0.00514249,0.0141808,0.00376932,-0.00457889,-0.00514249,-0.0141808,-0.0119991,0.0272708,0.00271629,-0.0101239,-0.0308549,-0.00193218,-0.00123248,0,-0.0107379,-0.00306796,0,-0.0138058,0,-0.0019635,0,-0.00306796,0.0214757,0.0107379,0.0153398,0.00392699,0.00294524,3.29989,-0.175781,-0.335582,-3.7793,8.61891,-3.41594,5.20153,-0.966797,0.223722,0.175781,11.6178,3.26863,0,0.496194,-5.91197,-2.5,0.375,0.1875,-2.75,-0.0625,-0.751953,-0.0976562,-1.8125,-0.375,-0.0625,-2.4375,0,-0.605469,0.0488281,0.149231,0.0210326,-0.00846368,-0.21327,0.518989,-0.120196,0.268205,-0.00487465,0.0320334,-0.153138,0.639308,0.155379,0.044354,0.112218,-0.909339,-0.397876,0.277938,0.0492791,-0.426039,0.0231535,-0.147262,-0.130419,-0.329566,-0.152056,-0.215524,-0.442122,0.180962,-0.136616,0.0228256
54.44,-0.201869,-0.000144876,0.000160703,0.421044,-0.243163,0.00323385,-0.202593,0.000315318,0,0.420217,-0.246119,-0.00337828,0.000174095,-0.000369852,0.00303381,0.00399075,-0.00256462,-0.000886833,0.00853277,-0.000467385,0.00736311,0.0066268,0.00329566,0.00155795,0.00347543,0.00840094,-0.00982706,0.00661146,-0.00128854,-0.2,0,0,0.42,-0.23,0,-0.2,0,0,0.42,-0.23,0,0,0,0,0,0,0,0,0,0,0,0,0,0,0,0,0,0,0.0274266,-0.0119991,-0.0119991,0.00763582,-0.00108655,-0.0018434,-0.00514249,-0.01309,0.0154275,-0.0141808,0.000545499,-0.00276016,-0.0325691,-0.0116051,-8.20787e-06,0.00153398,-0.0122718,0.00920388,0.00306796,0,0,0.000981748,0.00920388,0.00153398,0.0122718,0.00460194,0.0107379,-0.019635,-0.0019635,2.90838,-0.175781,-0.279652,-3.86719,8.61891,-3.41594,5.20153,-0.966797,0.279652,-0.878906,11.7068,3.21676,-0.447443,0.549593,-6.13941,-2.5,0.375,0.1875,-2.6875,-0.125,-0.751953,-0.107422,-1.875,-0.4375,-0.0625,-2.375,0,-0.615234,0.0683594,0.132089,0.0384859,0.007928,-0.18709,0.528701,-0.125667,0.269544,-0.00535189,-0.0308549,0.0241746,0.643649,0.140651,0.0454789,0.145771,-0.910119,-0.402143,0.281006,0.0259339,-0.432774,0.0093477,-0.147262,-0.133518,-0.347974,-0.158863,-0.198315,-0.429251,0.185803,-0.112594,0.0277344
54.48,-0.201883,-0.000136354,0.000187487,0.421044,-0.243167,0.00322665,-0.202579,0.000332363,-9.37433e-05,0.420285,-0.246123,-0.00337108,0.000200878,-0.000369852,0.00303381,0.00400273,-0.00255264,-0.000862864,0.00853277,-0.000467385,0.00736311,0.0066268,0.00330765,0.00156993,0.00342749,0.00840094,-0.00981508,0.0066268,-0.00128854,-0.2,0,0,0.42,-0.23,0,-0.2,0,0,0.42,-0.23,0,0,0,0,0,0,0,0,0,0,0,0,0,0,0,0,0,0,-0.00857081,-0.00872665,-0.00857081,0,-0.00377492,0.00274043,0.00342833,-0.00763582,-0.0239983,0.00327249,0.000562307,-0.00827555,0.00342833,-0.00484042,-0.00308805,0.00920388,0,0.00306796,0.0122718,-0.00613592,0,0.00392699,0.0138058,0.0214757,-0.0107379,-0.00460194,0.00920388,-0.00589049,-0.00589049,3.52362,0.0878906,-0.335582,-3.60352,8.79677,-3.52078,5.20153,-0.878906,0.391513,-0.175781,11.6178,3.26863,-0.279652,0.549483,-5.98401,-2.5,0.4375,0.1875,-2.6875,-0.0625,-0.751953,-0.107422,-1.8125,-0.4375,0,-2.375,0.0625,-0.615234,0.0683594,0.205424,0.0310887,-0.00160703,-0.156547,0.534247,-0.134547,0.251063,-0.0179646,0.0573709,-0.0558667,0.643784,0.151394,-0.0705485,0.125477,-0.90088,-0.418681,0.255264,0.0370073,-0.451182,0.0154836,-0.147262,-0.136463,-0.358376,-0.199945,-0.149899,-0.410843,0.187098,-0.126645,0.0316614
54.54,-0.201869,-0.00016192,0.000187487,0.421069,-0.243163,0.00324821,-0.202606,0.000306796,1.33919e-05,0.420285,-0.246127,-0.00336388,0.000187487,-0.000354741,0.00303382,0.00400273,-0.00256462,-0.000886833,0.00853277,-0.000431432,0.00736311,0.00661913,0.00328368,0.00156993,0.00345146,0.00841293,-0.00979111,0.00661913,-0.00128854,-0.2,0,0,0.42,-0.23,0,-0.2,0,0,0.42,-0.23,0,0,0,0,0,0,0,0,0,0,0,0,0,0,0,0,0,0,0.0291408,-0.00872665,0,0.0152716,0.00107535,-0.00183353,0.00342833,-0.01309,0,-0.0141808,0.00859912,-0.00187793,0.0119991,-0.00580054,0.00122975,0,-0.00613592,0,-0.00153398,-0.0184078,-0.00981748,0,0.00153398,0.0168738,0.00306796,0.00460194,-0.0122718,-0.011781,-0.00981748,3.02024,0.0878906,-0.223722,-4.13086,8.61891,-3.41594,4.92188,-0.791016,0,-0.439453,11.5283,3.21621,-0.391513,0.599107,-6.06179,-2.5,0.375,0.1875,-2.6875,-0.0625,-0.751953,-0.107422,-1.8125,-0.4375,0,-2.375,0.0625,-0.634766,0.0488281,0.128661,0.0336453,-0.0187487,-0.221469,0.524375,-0.126261,0.253742,-0.00449968,-0.00133919,0.0139464,0.627879,0.138311,-0.0922434,0.123824,-0.913836,-0.400273,0.268734,0.0443416,-0.42357,0.0270364,-0.137445,-0.132383,-0.331436,-0.190741,-0.178709,-0.42985,0.208094,-0.120602,0.0355884
54.58,-0.201883,-0.000153398,0.00021427,0.421027,-0.243163,0.00321947,-0.202579,0.000315318,-2.67838e-05,0.420311,-0.246123,-0.00337108,0.000227662,-0.000377399,0.00303863,0.00400273,-0.00256462,-0.00085088,0.00853277,-0.000419448,0.00736311,0.00661913,0.00330765,0.00154597,0.00345146,0.00841293,-0.00977913,0.0066268,-0.00128087,-0.2,0,0,0.42,-0.23,0,-0.2,0,0,0.42,-0.23,0,0,0,0,0,0,0,0,0,0,0,0,0,0,0,0,0,0,0.00171416,-0.00436332,-0.00857081,0.00218166,0.00594803,0.00094637,0.00685665,-0.00327249,0.0308549,0.0185441,0.00160288,0.00275029,0.0137133,-0.00967088,-6.83989e-06,-0.0138058,0,0.0138058,-0.00153398,0.00306796,0,0.00294524,0.0168738,-0.0214757,0,0.00153398,-0.0138058,-0.00294524,0.0019635,3.29989,-0.175781,-0.111861,-2.63672,8.53045,-3.46782,4.86594,-0.966797,0.223722,-0.791016,11.7068,3.21676,-0.615234,0.49986,-5.90623,-2.5,0.4375,0.1875,-2.6875,-0.0625,-0.751953,-0.107422,-1.8125,-0.4375,-0.0625,-2.375,0.0625,-0.615234,0.0683594,0.184854,0.0240665,-0.00428541,-0.162717,0.514633,-0.130672,0.244206,-0.0249868,-0.0590315,-0.120789,0.641703,0.129343,-0.109439,0.142232,-0.911568,-0.372662,0.256462,0.0149323,-0.42357,0.005321,-0.147262,-0.135328,-0.364512,-0.111645,-0.172573,-0.423714,0.209388,-0.129591,0.023654
54.64,-0.201896,-0.000170442,0.000187487,0.421027,-0.243159,0.00322667,-0.202593,0.000315318,-1.33919e-05,0.42026,-0.246119,-0.00337828,0.000160703,-0.000369852,0.00303381,0.00399075,-0.00256462,-0.000862864,0.00852078,-0.000467385,0.00736311,0.00661146,0.00329566,0.00156993,0.00345146,0.00841293,-0.00977913,0.00663447,-0.00128087,-0.2,0,0,0.42,-0.23,0,-0.2,0,0,0.42,-0.23,0,0,0,0,0,0,0,0,0,0,0,0,0,0,0,0,0,0,0.02057,0.00327249,-0.00514249,0.00109083,-0.00113698,-0.0183896,0.0188558,-0.00545415,0.0239983,0.0294524,-0.00535414,-0.00549072,-0.00171416,-0.00967288,-0.00124069,0.00306796,-0.0107379,0.00920388,-0.0168738,-0.0107379,0,-0.0137445,0.00153398,0.00306796,0.00306796,-0.00306796,0.0199418,0.00490874,-0.00589049,3.35582,0,-0.335582,-2.90039,8.70736,-3.36406,5.25746,-0.791016,0.167791,-1.40625,11.7958,3.16488,0.0559304,0.549593,-6.13941,-2.5,0.4375,0.1875,-2.625,-0.0625,-0.751953,-0.0976562,-1.8125,-0.4375,0,-2.3125,0,-0.634766,0.0683594,0.148482,0.0104992,-0.00846368,-0.158353,0.528634,-0.0922877,0.221548,-0.0206235,-0.0466574,-0.156751,0.655449,0.146113,-0.0430683,0.139974,-0.906422,-0.405211,0.277938,0.0247354,-0.392292,0.0200856,-0.147262,-0.118485,-0.332634,-0.163129,-0.178709,-0.41451,0.175641,-0.137598,0.031508
54.68,-0.201896,-0.000136354,0.00021427,0.421018,-0.24315,0.00325546,-0.202619,0.000298274,-1.33919e-05,0.420226,-0.246131,-0.0033854,0.000160703,-0.000362289,0.00303864,0.00399075,-0.00256462,-0.000862864,0.00853277,-0.000443416,0.00735544,0.00661913,0.00327169,0.00155795,0.00345146,0.00840094,-0.00979111,0.00663447,-0.00128087,-0.2,0,0,0.42,-0.23,0,-0.2,0,0,0.42,-0.23,0,0,0,0,0,0,0,0,0,0,0,0,0,0,0,0,0,0,-0.0154275,-0.00763582,-0.00342833,-0.00763582,0.00218991,0.00920219,-0.0188558,-0.00545415,0.0497107,-0.00763582,-0.00373445,-0.00825582,-0.00342833,0.000960114,-0.0043178,0.00613592,-0.00613592,0.0199418,0,0,0,0,-0.00153398,-0.00153398,0.00460194,-0.00153398,-0.00153398,0.00883573,-0.0019635,3.46768,0.175781,-0.223722,-2.63672,8.61891,-3.41594,6.04048,-1.14258,0.279652,-0.527344,11.7068,3.21676,-0.950817,0.450347,-5.98385,-2.5,0.4375,0.1875,-2.6875,-0.0625,-0.751953,-0.0976562,-1.875,-0.4375,-0.0625,-2.375,0,-0.634766,0.0683594,0.220477,0.028907,-0.0145704,-0.122168,0.521638,-0.148623,0.29965,-0.0189191,-0.0980822,-0.00328386,0.652712,0.151928,-0.0379259,0.105806,-0.898638,-0.411347,0.268734,0.00325971,-0.426638,0.00886833,-0.147109,-0.132383,-0.324101,-0.152727,-0.181777,-0.416979,0.197356,-0.141525,0.027581
54.74,-0.201869,-0.000127832,0.000187487,0.421035,-0.243159,0.00324105,-0.202606,0.000315318,-2.67838e-05,0.420285,-0.246119,-0.00337828,0.000187487,-0.000347189,0.00303864,0.00400273,-0.00256462,-0.000862864,0.00852078,-0.000467385,0.00736311,0.00663447,0.00329566,0.00156993,0.00345146,0.00841293,-0.00981508,0.0066268,-0.00128854,-0.2,0,0,0.42,-0.23,0,-0.2,0,0,0.42,-0.23,0,0,0,0,0,0,0,0,0,0,0,0,0,0,0,0,0,0,0.0239983,0.00872665,0.0154275,0.00436332,0.00213389,-0.00918245,-0.00171416,-0.00436332,0.0119991,0.00436332,-0.000500678,-0.0119475,0.0257124,0.00483046,-0.00308121,0,-0.0199418,0.0107379,0.00613592,0.00613592,0.00589049,0.0137445,0.00153398,0.00153398,0,0.00460194,0.0122718,-0.00490874,-0.00687223,3.52362,0,-0.335582,-2.90039,8.61891,-3.41594,5.08967,-0.966797,0.335582,-1.40625,11.6178,3.26863,-0.727095,0.496194,-5.91197,-2.5,0.375,0.1875,-2.75,-0.0625,-0.761719,-0.107422,-1.8125,-0.4375,-0.0625,-2.4375,0,-0.615234,0.0683594,0.138946,-0.00467012,-0.0496036,-0.172722,0.522091,-0.111277,0.264027,-0.0228052,-0.0213199,-0.0602301,0.645742,0.159026,-0.133383,0.0896654,-0.902349,-0.400273,0.296346,0.0216675,-0.438311,0.00321177,-0.153153,-0.146434,-0.332634,-0.160061,-0.172573,-0.42985,0.18403,-0.127627,0.0326431
54.78,-0.201869,-0.000144876,0.000187487,0.42101,-0.243163,0.00323385,-0.202606,0.000332363,-9.37433e-05,0.420285,-0.246123,-0.0033567,0.000187487,-0.000369852,0.00303381,0.00397876,-0.00254066,-0.00085088,0.00852078,-0.000431432,0.00736311,0.0066268,0.00329566,0.00155795,0.00345146,0.00840094,-0.00976714,0.00663447,-0.00128087,-0.2,0,0,0.42,-0.23,0,-0.2,0,0,0.42,-0.23,0,0,0,0,0,0,0,0,0,0,0,0,0,0,0,0,0,0,0.0119991,-0.00327249,0.0137133,-0.0305433,-0.00322604,0.00550059,-0.0462824,0.00872665,0.0239983,-0.00436332,-0.00589964,-0.00273056,-0.00342833,-0.00290425,-0.00185283,0,-0.0076699,0.0230097,0.00306796,-0.00920388,0.0019635,0,0.00153398,0.00153398,-0.00153398,-0.0107379,-0.00920388,0.00490874,0.000981748,3.29989,-0.175781,-0.279652,-2.28516,8.61891,-3.41594,5.20153,-0.966797,0.167791,-1.49414,11.7068,3.21676,-0.615234,0.549593,-6.13941,-2.5,0.3125,0.1875,-2.6875,-0.0625,-0.732422,-0.107422,-1.8125,-0.4375,-0.0625,-2.3125,0.0625,-0.615234,0.0683594,0.162944,0.0210326,-0.0461753,-0.02926,0.53298,-0.140355,0.353164,-0.0506895,-0.0386222,-0.0253235,0.65671,0.139729,-0.045961,0.119668,-0.904585,-0.397876,0.269405,-0.00347542,-0.432175,0.0178325,-0.149226,-0.132536,-0.332634,-0.158863,-0.169505,-0.398571,0.204547,-0.137598,0.0246357
54.84,-0.201869,-0.00011931,0.000187487,0.421044,-0.243167,0.00322665,-0.202606,0.000315318,-1.33919e-05,0.420277,-0.246127,-0.00337824,0.000133919,-0.000354737,0.00304346,0.00399075,-0.00256462,-0.00085088,0.0085088,-0.000479369,0.00737078,0.00663447,0.00329566,0.00156993,0.00342749,0.00841293,-0.00974318,0.00663447,-0.00128087,-0.2,0,0,0.42,-0.23,0,-0.2,0,0,0.42,-0.23,0,0,0,0,0,0,0,0,0,0,0,0,0,0,0,0,0,0,-0.0257124,-0.0109083,-0.00514249,0,0,0,-0.010285,0,-0.00685665,0,-0.00534294,-0.00916765,0.0137133,-0.00193218,4.38904e-17,0.00920388,-0.0199418,0.0153398,0.00460194,-0.0138058,0.0107992,0.0166897,0.0076699,-0.00613592,0.00613592,0.0076699,0,-0.00589049,0,3.35582,0,0,-4.30664,8.61891,-3.41594,5.53711,-1.14258,0.111861,-0.351562,11.7068,3.21676,-0.671165,0.496194,-6.06755,-2.5,0.375,0.1875,-2.75,-0.0625,-0.751953,-0.107422,-1.8125,-0.4375,-0.0625,-2.375,0.0625,-0.615234,0.0683594,0.238367,0.0337476,-0.00846368,-0.156547,0.526698,-0.129066,0.281169,-0.0315318,0.0150525,-0.0414982,0.655762,0.153465,-0.0813156,0.112218,-0.913037,-0.417482,0.296346,0.0118644,-0.434644,0.0233932,-0.158215,-0.149379,-0.344906,-0.144721,-0.183646,-0.435986,0.194864,-0.126799,0.0256175
54.88,-0.201896,-0.000127832,0.000160703,0.421044,-0.243163,0.00323385,-0.202593,0.000306796,-2.67838e-05,0.420277,-0.246123,-0.00337108,0.000147311,-0.000369852,0.00303381,0.00397876,-0.00254066,-0.000862864,0.00853277,-0.000443416,0.00736311,0.00661913,0.00329566,0.00158192,0.00345146,0.00841293,-0.00981508,0.0066268,-0.00128854,-0.2,0,0,0.42,-0.23,0,-0.2,0,0,0.42,-0.23,0,0,0,0,0,0,0,0,0,0,0,0,0,0,0,0,0,0,0.0188558,0.019635,-0.00342833,-0.0185441,-0.00271638,-0.00460849,0,-0.00763582,0,-0.01309,0.00215959,-0.00368679,0.0119991,-0.00386237,0.00369882,0.00920388,-0.00306796,0.00920388,-0.00306796,-0.00613592,0.00687223,0.00392699,0.0076699,0,0.00613592,-0.00153398,-0.00613592,0,-0.00589049,3.02024,-0.175781,-0.335582,-3.33984,8.70736,-3.36406,5.7049,-0.966797,0.335582,-0.791016,11.6178,3.26863,-0.279652,0.49997,-6.06163,-2.5,0.375,0.1875,-2.625,-0.0625,-0.751953,-0.0976562,-1.8125,-0.4375,-0.0625,-2.375,0.0625,-0.644531,0.0683594,0.15191,-0.0264867,-0.00921362,-0.0823706,0.531961,-0.120137,0.259259,-0.015408,0.00267838,0.0108616,0.640589,0.142217,-0.0801907,0.122543,-0.92124,-0.416284,0.260201,0.0247354,-0.420502,0.0150042,-0.154134,-0.13631,-0.344906,-0.158192,-0.184845,-0.417578,0.202438,-0.132536,0.0316614
54.94,-0.201896,-0.00016192,0.000187487,0.421044,-0.243163,0.00321947,-0.202606,0.000315318,-0.000107135,0.420251,-0.246119,-0.00337828,0.000160703,-0.000369852,0.00303381,0.00400273,-0.00254066,-0.000862864,0.00853277,-0.000407464,0.00736311,0.00661913,0.00329566,0.00154597,0.00342749,0.00841293,-0.00976714,0.0066268,-0.00128854,-0.2,0,0,0.42,-0.23,0,-0.2,0,0,0.42,-0.23,0,0,0,0,0,0,0,0,0,0,0,0,0,0,0,0,0,0,0.0171416,0.00218166,-0.0154275,-0.00327249,-0.0021507,0.00366706,0.00342833,-0.00763582,0.0274266,-0.0141808,0.00216519,-0.00552526,0.00685665,-0.0144974,0.00554207,0.00153398,0,0.00613592,0.00306796,0.00460194,0,-0.00392699,0.0122718,0.0076699,0.00920388,0.00920388,-0.0076699,0.0019635,-0.000981748,3.35582,0,-0.167791,-2.63672,8.53045,-3.46782,5.48118,-0.878906,0.335582,-0.527344,11.7068,3.21676,-0.335582,0.599107,-6.06179,-2.5,0.4375,0.1875,-2.6875,-0.125,-0.751953,-0.107422,-1.875,-0.4375,-0.0625,-2.375,0.0625,-0.634766,0.0488281,0.155338,0.0118287,0.0121063,-0.143457,0.530831,-0.136113,0.253742,-0.0162602,-0.0441397,0.0190605,0.64041,0.146182,-0.0687808,0.154448,-0.92677,-0.403341,0.254066,0.0308714,-0.432774,0.00354733,-0.147262,-0.128456,-0.35411,-0.169936,-0.189782,-0.439054,0.203013,-0.134499,0.0267526
54.98,-0.201843,-0.000110787,0.000187487,0.42101,-0.243159,0.00324105,-0.202606,0.00032384,4.01757e-05,0.420302,-0.246123,-0.00337108,0.000120527,-0.000347189,0.00303864,0.00400273,-0.00254066,-0.000886833,0.00853277,-0.000491353,0.00736311,0.00663447,0.00327169,0.00158192,0.00342749,0.00840094,-0.00976714,0.00663447,-0.00128854,-0.2,0,0,0.42,-0.23,0,-0.2,0,0,0.42,-0.23,0,0,0,0,0,0,0,0,0,0,0,0,0,0,0,0,0,0,0.0171416,0.00327249,0.0119991,-0.0163625,0.00325406,0.00369173,-0.00342833,-0.0185441,0.0514249,0.0119991,-0.00480304,-0.0100893,-0.00171416,0.00193218,-0.00246497,0.00613592,-0.0076699,-0.0138058,-0.0107379,-0.0230097,0,-0.0019635,0.00306796,-0.00613592,0.00920388,0.0076699,0.00153398,0.00687223,-0.00294524,3.52362,0.0878906,-0.167791,-3.25195,8.61891,-3.41594,5.31339,-0.966797,-0.279652,-0.878906,11.6178,3.26863,-0.335582,0.446575,-5.98976,-2.5,0.375,0.1875,-2.6875,-0.0625,-0.732422,-0.0976562,-1.875,-0.4375,-0.0625,-2.375,0,-0.644531,0.0488281,0.149982,0.00453376,-0.0427469,-0.0859832,0.51985,-0.137025,0.267456,0.00470421,-0.106867,-0.0933304,0.654515,0.155022,-0.0310156,0.0983603,-0.904197,-0.412545,0.269405,0.0719533,-0.405163,0.0328368,-0.147262,-0.130726,-0.333305,-0.14592,-0.189782,-0.435387,0.193809,-0.139562,0.0287161
55.04,-0.201869,-0.000170442,0.000187487,0.421044,-0.243167,0.00322665,-0.202619,0.000340885,-9.37433e-05,0.420311,-0.246119,-0.0033639,0.000160703,-0.000362289,0.00303864,0.00399075,-0.00254066,-0.000862864,0.00853277,-0.000467385,0.00736311,0.00663447,0.00329566,0.00154597,0.00342749,0.00841293,-0.00981508,0.00663447,-0.00128087,-0.2,0,0,0.42,-0.23,0,-0.2,0,0,0.42,-0.23,0,0,0,0,0,0,0,0,0,0,0,0,0,0,0,0,0,0,0.02057,-0.00436332,-0.00514249,0.00654498,-0.00325966,-0.00553019,-0.00342833,-0.00436332,-0.0239983,0.00981748,-0.00429116,-0.00181873,0.00171416,-0.00193019,0.00246633,-0.00613592,-0.0122718,0.00306796,0,0.00153398,0,0.011781,0.0076699,-0.0076699,0,0.00613592,0.0076699,0.00294524,0.0019635,3.41175,0.175781,-0.335582,-4.39453,8.61891,-3.41594,5.48118,-0.878906,0.615234,-0.791016,11.6178,3.26863,-0.503374,0.599107,-6.06179,-2.5,0.375,0.1875,-2.6875,-0.125,-0.751953,-0.107422,-1.875,-0.4375,0,-2.375,0,-0.615234,0.0683594,0.145803,0.0257709,-0.00846368,-0.182727,0.533217,-0.118006,0.268795,-0.0253618,0.0573709,-0.0858822,0.653324,0.138194,-0.0533533,0.114477,-0.91899,-0.386803,0.278609,0.0370073,-0.426638,0.00781372,-0.147262,-0.14447,-0.344906,-0.139257,-0.171374,-0.432918,0.188632,-0.135635,0.023654
55.1,-0.201869,-0.000102265,0.00021427,0.421035,-0.24315,0.00325546,-0.202606,0.000332363,-4.01757e-05,0.420285,-0.246114,-0.0033711,0.000120527,-0.000354737,0.00304346,0.00400273,-0.00256462,-0.00085088,0.00853277,-0.000419448,0.00736311,0.0066268,0.00328368,0.00156993,0.00345146,0.00840094,-0.00979111,0.0066268,-0.00128087,-0.2,0,0,0.42,-0.23,0,-0.2,0,0,0.42,-0.23,0,0,0,0,0,0,0,0,0,0,0,0,0,0,0,0,0,0,0,0.00218166,0.0171416,-0.00109083,0.0086364,-0.00363745,0.0154275,-0.00763582,-0.0188558,0.00109083,-0.00105738,-0.00551046,-0.0445682,-0.00966092,0.00616242,0.0076699,0.00306796,-0.0076699,0.0107379,0,0,0.00785398,0.00613592,0.00920388,-0.00460194,-0.00920388,0,0,0,3.24396,-0.175781,-0.391513,-4.04297,8.52997,-3.36352,5.1456,-0.878906,0.447443,-0.175781,11.6178,3.26863,-0.391513,0.595433,-6.06755,-2.5,0.375,0.1875,-2.6875,-0.0625,-0.751953,-0.107422,-1.875,-0.4375,0,-2.3125,0.0625,-0.615234,0.0488281,0.186943,0.00586322,-0.0557103,-0.150905,0.508745,-0.122944,0.229744,-0.0179646,0.0417291,-0.0471401,0.646688,0.145865,0.0975466,0.135404,-0.931524,-0.415613,0.250327,0.0578838,-0.448114,0.00838896,-0.147262,-0.14039,-0.34064,-0.175401,-0.163369,-0.401639,0.195822,-0.132536,0.0256175
55.14,-0.201869,-0.00016192,0.000200878,0.421061,-0.243146,0.00323392,-0.202593,0.000332363,-8.03514e-05,0.420294,-0.246123,-0.00337108,0.00021427,-0.000369852,0.00303381,0.00400273,-0.00256462,-0.00085088,0.00853277,-0.000491353,0.00735544,0.00661913,0.00329566,0.00156993,0.00342749,0.00841293,-0.00981508,0.00664214,-0.00128087,-0.2,0,0,0.42,-0.23,0,-0.2,0,0,0.42,-0.23,0,0,0,0,0,0,0,0,0,0,0,0,0,0,0,0,0,0,0.0137133,-0.0119991,0.0257124,0.0327249,-0.00221232,-0.016556,0.0171416,-0.00218166,0.00514249,0.0185441,0.00697944,0.000887163,-0.00685665,-0.00290425,-0.00185283,-0.00153398,-0.00306796,-0.0122718,-0.00306796,-0.0076699,-0.0176715,-0.0186532,0.00153398,0,-0.0076699,-0.0076699,-0.0168738,0.0176715,0.00785398,3.46768,-0.175781,-0.279652,-3.60352,8.70736,-3.36406,4.97781,-1.05469,0.279652,-0.439453,11.6173,3.16434,-0.111861,0.49986,-5.90623,-2.5,0.375,0.1875,-2.6875,-0.125,-0.751953,-0.107422,-1.8125,-0.4375,0,-2.375,0.0625,-0.634766,0.0488281,0.159516,0.0401903,-0.0715127,-0.290004,0.530276,-0.0962449,0.224976,-0.0288729,-0.00224984,-0.118232,0.63095,0.133069,-0.0437111,0.119668,-0.904585,-0.397205,0.262598,0.0670877,-0.420502,0.017497,-0.129437,-0.113729,-0.332634,-0.156993,-0.156035,-0.405306,0.213175,-0.150514,0.0177635
55.2,-0.201883,-0.000136354,0.000187487,0.421069,-0.243167,0.00324101,-0.202593,0.000315318,-9.37433e-05,0.420311,-0.246123,-0.00338544,0.000200878,-0.000347189,0.00303864,0.00397876,-0.00256462,-0.000862864,0.00852078,-0.000431432,0.00736311,0.00661913,0.00329566,0.0015939,0.00340352,0.00842491,-0.00975516,0.0066268,-0.00128854,-0.2,0,0,0.42,-0.23,0,-0.2,0,0,0.42,-0.23,0,0,0,0,0,0,0,0,0,0,0,0,0,0,0,0,0,0,-0.0137133,-0.0141808,-0.0137133,0.0152716,0.00106975,-0.00367199,-0.0119991,0.00218166,-0.0188558,0.0425424,-0.00212037,-0.00918245,0.010285,-0.010627,0.000616242,-0.00460194,0.00613592,-0.0076699,-0.0153398,-0.00153398,-0.000981748,-0.00785398,-0.00306796,0.0107379,0,0.00920388,-0.00920388,-0.00392699,-0.0147262,3.41175,0,-0.335582,-4.04297,8.61891,-3.41594,5.36932,-0.966797,0.279652,-0.351562,11.7068,3.21676,-0.727095,0.645052,-5.98976,-2.5,0.3125,0.1875,-2.6875,-0.0625,-0.751953,-0.107422,-1.8125,-0.4375,-0.0625,-2.375,0.0625,-0.634766,0.0683594,0.215709,0.041997,0.00867795,-0.221469,0.524556,-0.122296,0.283258,-0.0358952,0.0470859,-0.216782,0.649148,0.153782,-0.0911185,0.136038,-0.913441,-0.388672,0.244191,0.058483,-0.39536,0.0101626,-0.14628,-0.124529,-0.32343,-0.180866,-0.170176,-0.439653,0.204307,-0.128609,0.0404971
55.24,-0.201883,-0.000127832,0.000187487,0.421061,-0.243155,0.00324826,-0.202579,0.00032384,-4.01757e-05,0.420277,-0.246123,-0.00337108,0.000200878,-0.000362284,0.00304827,0.00399075,-0.00256462,-0.000862864,0.00853277,-0.000443416,0.00736311,0.00661913,0.00329566,0.00156993,0.00347543,0.00841293,-0.00979111,0.00663447,-0.00128087,-0.2,0,0,0.42,-0.23,0,-0.2,0,0,0.42,-0.23,0,0,0,0,0,0,0,0,0,0,0,0,0,0,0,0,0,0,0.0377116,-0.00327249,-0.00514249,0.0327249,-0.00595924,-0.0046233,-0.00685665,0.00545415,0.02057,0,-0.00588284,-0.00824595,-0.0171416,-0.00772874,0.00123248,0.00613592,-0.0076699,-0.00306796,0,-0.00153398,0,-0.00589049,0.00306796,-0.00920388,0.0184078,0.00460194,0.0138058,0.00589049,0.000981748,3.35582,0.0878906,-0.167791,-3.95508,8.61891,-3.41594,5.36932,-1.14258,0.111861,-0.527344,11.7068,3.21676,-0.727095,0.545813,-5.83418,-2.5625,0.4375,0.1875,-2.6875,-0.125,-0.751953,-0.107422,-1.8125,-0.4375,0,-2.4375,0,-0.615234,0.0488281,0.112859,0.0193282,-0.00846368,-0.290004,0.538107,-0.120684,0.271633,-0.0432923,-0.0371223,-0.0414982,0.656674,0.151335,-0.00883865,0.131872,-0.918178,-0.411347,0.271802,0.0492791,-0.426638,0.0104023,-0.147262,-0.126492,-0.335702,-0.138586,-0.210587,-0.42985,0.182016,-0.13858,0.0246357
55.3,-0.201843,-0.000136354,0.00021427,0.421001,-0.243159,0.00324105,-0.202593,0.00032384,-8.03514e-05,0.420311,-0.246123,-0.00337108,0.000187487,-0.000354737,0.00304346,0.00399075,-0.00256462,-0.000886833,0.00853277,-0.000443416,0.00736311,0.0066268,0.00329566,0.00158192,0.0034155,0.00840094,-0.00973119,0.00663447,-0.00128087,-0.2,0,0,0.42,-0.23,0,-0.2,0,0,0.42,-0.23,0,0,0,0,0,0,0,0,0,0,0,0,0,0,0,0,0,0,0.0171416,-0.00327249,0.00342833,-0.00436332,0.0102326,-0.0119031,-0.0137133,-0.00218166,-0.0342833,0.0207258,0.000534294,0.000916765,0,-0.00193218,-0.00123248,-0.00920388,0.0107379,0.00306796,-0.00613592,-0.00153398,-0.0019635,0.000981748,0.00460194,-0.0153398,0.00920388,0,-0.0076699,0.00589049,0.00294524,3.46768,-0.175781,-0.335582,-2.8125,8.52997,-3.36352,5.31339,-0.966797,1.06268,-1.23047,11.6178,3.26863,-0.335582,0.496194,-5.91197,-2.5,0.3125,0.1875,-2.6875,-0.0625,-0.751953,-0.107422,-1.8125,-0.375,-0.0625,-2.375,0.0625,-0.634766,0.0683594,0.149982,0.0201804,-0.0282837,-0.132701,0.505893,-0.105836,0.286686,-0.0280207,0.0766016,-0.129515,0.64384,0.13301,-0.056246,0.112218,-0.909339,-0.380667,0.234987,0.0382057,-0.414367,0.0104023,-0.145299,-0.133518,-0.33877,-0.127512,-0.189183,-0.420047,0.202294,-0.13858,0.0226722
55.34,-0.201883,-0.000136354,0.000187487,0.421027,-0.243167,0.00322665,-0.202593,0.000332363,2.67838e-05,0.420302,-0.246123,-0.00338544,0.000200878,-0.000362289,0.00303864,0.00399075,-0.00255264,-0.00085088,0.00853277,-0.000419448,0.00736311,0.0066268,0.00329566,0.00156993,0.00351138,0.00841293,-0.00977913,0.0066268,-0.00128087,-0.2,0,0,0.42,-0.23,0,-0.2,0,0,0.42,-0.23,0,0,0,0,0,0,0,0,0,0,0,0,0,0,0,0,0,0,0.00342833,-0.00218166,0.00685665,-0.00436332,0.00273879,0.0119623,0,0.00436332,0.0239983,0.0141808,0.00538216,-0.00370159,0,0,0,-0.0138058,-0.0122718,-0.00153398,0.00306796,0,0,0.000981748,0.00306796,-0.0184078,-0.0122718,0.0076699,0,0.00883573,-0.0107992,3.29989,-0.175781,-0.167791,-3.33984,8.53045,-3.46782,5.59304,-0.966797,0.391513,-1.93359,11.6173,3.16434,-0.391513,0.49986,-5.90623,-2.4375,0.3125,0.1875,-2.6875,-0.0625,-0.751953,-0.107422,-1.875,-0.4375,0,-2.4375,0.0625,-0.634766,0.0488281,0.181425,0.0179987,-0.032462,-0.136537,0.52122,-0.152991,0.259259,-0.0419629,-0.0506749,-0.102057,0.634143,0.142821,-0.0602635,0.108687,-0.911591,-0.371463,0.279808,0.045612,-0.432774,0.00838896,-0.147262,-0.133518,-0.335702,-0.120178,-0.151025,-0.435986,0.195583,-0.141372,0.0364167
55.4,-0.201843,-0.000127832,0.00021427,0.421044,-0.243163,0.00323385,-0.202593,0.00032384,-9.37433e-05,0.420268,-0.246123,-0.00337108,0.000187487,-0.000369852,0.00303381,0.00401472,-0.00252867,-0.000886833,0.00854475,-0.000419448,0.00736311,0.00661146,0.00329566,0.00158192,0.00345146,0.00841293,-0.0098031,0.00663447,-0.0012732,-0.2,0,0,0.42,-0.23,0,-0.2,0,0,0.42,-0.23,0,0,0,0,0,0,0,0,0,0,0,0,0,0,0,0,0,0,0.0171416,0.00763582,0.00857081,0.0141808,0.00376932,-0.00457889,0.00514249,-0.0109083,0.00685665,0.0283616,-0.00481425,-0.00641242,0.0188558,5.97819e-06,0.00370155,-0.00460194,0.00306796,0.00460194,0.00613592,-0.00920388,0,-0.0166897,0.00613592,0,-0.0076699,0,-0.00920388,0.00294524,0.0127627,3.63548,-0.263672,-0.223722,-4.13086,8.61891,-3.41594,5.20153,-0.878906,0.111861,-0.966797,11.7068,3.21676,-0.503374,0.450347,-5.98385,-2.4375,0.3125,0.1875,-2.6875,-0.0625,-0.751953,-0.0976562,-1.8125,-0.4375,0,-2.375,0.0625,-0.615234,0.0683594,0.149982,-0.00248846,-0.0385687,-0.21327,0.518989,-0.120196,0.248974,-0.0105674,-0.00433897,-0.153666,0.654537,0.147668,-0.112813,0.110938,-0.921249,-0.392268,0.246731,0.0351377,-0.439509,0.0175928,-0.147262,-0.115539,-0.341838,-0.158192,-0.157233,-0.420646,0.205266,-0.135635,0.0127014
55.44,-0.201843,-0.00011931,0.000187487,0.421027,-0.243167,0.00322665,-0.202552,0.000306796,-5.35676e-05,0.42026,-0.246123,-0.00337108,0.000120527,-0.000362304,0.003029,0.00399075,-0.00256462,-0.000826912,0.00853277,-0.000431432,0.00736311,0.00661913,0.00329566,0.00158192,0.00342749,0.00841293,-0.0098031,0.0066268,-0.00128087,-0.2,0,0,0.42,-0.23,0,-0.2,0,0,0.42,-0.23,0,0,0,0,0,0,0,0,0,0,0,0,0,0,0,0,0,0,0.0377116,-0.00872665,0.00171416,-0.00981748,0.00489509,0.0101338,0.0308549,-0.0185441,0.0222841,0,-0.00214278,-0.0018286,-0.010285,0.000962106,-0.00308394,0.00306796,-0.00460194,0.0153398,-0.0107379,-0.0076699,-0.000981748,-0.00392699,0.00920388,-0.00153398,0.0153398,0.00306796,-0.00460194,-0.00785398,0.00589049,3.18803,0.263672,-0.223722,-2.63672,8.61938,-3.52024,5.20153,-0.878906,0.503374,-1.93359,11.7068,3.21676,-0.447443,0.450347,-5.98385,-2.5625,0.3125,0.1875,-2.625,-0.0625,-0.751953,-0.0976562,-1.8125,-0.375,-0.0625,-2.375,0.0625,-0.615234,0.0488281,0.108842,0.0293843,-0.022177,-0.11472,0.516907,-0.149333,0.193532,0.00640863,-0.0392115,-0.0389412,0.649194,0.1385,-0.00530319,0.105805,-0.899448,-0.405211,0.265666,0.010666,-0.405163,0.0162985,-0.14628,-0.128456,-0.347974,-0.155124,-0.202054,-0.426782,0.200664,-0.124682,0.019727
55.5,-0.201869,-0.000127832,0.000187487,0.421035,-0.243163,0.00324821,-0.202593,0.00032384,-6.69595e-05,0.420285,-0.246119,-0.00337828,0.00021427,-0.000369852,0.00303381,0.00400273,-0.00254066,-0.00085088,0.00853277,-0.000419448,0.00737078,0.0066268,0.00329566,0.00156993,0.00343947,0.00841293,-0.0098031,0.00663447,-0.00128087,-0.2,0,0,0.42,-0.23,0,-0.2,0,0,0.42,-0.23,0,0,0,0,0,0,0,0,0,0,0,0,0,0,0,0,0,0,0.0154275,0.00654498,-0.0154275,-0.0119991,-0.000532071,0.00275523,0.00171416,-0.00763582,-0.00685665,-0.00327249,0.00213157,0.00550552,0.0428541,-0.00870081,0.00184462,0.00306796,-0.0122718,0.00920388,0,-0.00613592,0.00981748,0.00687223,0.0076699,0.0107379,-0.0107379,0.0107379,0,0.00392699,0,3.1321,0,-0.111861,-4.04297,8.61891,-3.41594,5.36932,-0.791016,0.111861,-0.175781,11.6173,3.16434,-1.17454,0.549483,-5.98401,-2.5,0.3125,0.1875,-2.75,-0.0625,-0.751953,-0.0976562,-1.8125,-0.4375,-0.0625,-2.375,0.0625,-0.615234,0.0683594,0.156088,-0.000306796,0.0121063,-0.107272,0.52759,-0.135439,0.255831,-0.0171124,0.0204092,-0.0296868,0.640477,0.12412,-0.192843,0.137058,-0.915678,-0.406409,0.278609,0.0241362,-0.426638,0.0145249,-0.157233,-0.139408,-0.344906,-0.178469,-0.150498,-0.442122,0.196062,-0.136616,0.0256175
55.54,-0.201869,-0.000136354,0.000187487,0.421052,-0.243163,0.00323385,-0.202593,0.000315318,-6.69595e-05,0.420294,-0.246119,-0.0033639,0.000187487,-0.000369852,0.00303381,0.00399075,-0.00254066,-0.000862864,0.00853277,-0.000467385,0.00736311,0.00661913,0.00329566,0.00158192,0.00342749,0.00841293,-0.00976714,0.00663447,-0.00128854,-0.2,0,0,0.42,-0.23,0,-0.2,0,0,0.42,-0.23,0,0,0,0,0,0,0,0,0,0,0,0,0,0,0,0,0,0,0.0137133,-0.00981748,-0.0119991,-0.00327249,-5.60258e-06,-0.00183846,-0.0119991,-0.00872665,-0.0171416,0.00763582,-0.00213718,-0.00366706,0.0394257,0.00386636,-0.00123112,-0.00460194,-0.00920388,0,-0.00306796,0,0.000981748,-0.00392699,0.00920388,-0.00920388,0.00460194,0.00153398,-0.00920388,0.0019635,-0.011781,2.90838,-0.263672,-0.223722,-3.86719,8.61891,-3.41594,5.81676,-0.966797,0.223722,-0.439453,11.6178,3.26863,-0.727095,0.450347,-5.98385,-2.5,0.375,0.1875,-2.6875,-0.0625,-0.761719,-0.0976562,-1.8125,-0.375,-0.0625,-2.375,0.0625,-0.605469,0.0683594,0.159516,0.0332703,0.00524962,-0.144736,0.526539,-0.125677,0.283258,-0.0140785,0.0409792,-0.0745985,0.649016,0.14189,-0.174523,0.0993565,-0.906451,-0.389871,0.272473,0.0431432,-0.420502,0.0093477,-0.148244,-0.128456,-0.347974,-0.139784,-0.180578,-0.423714,0.204547,-0.134653,0.0375519
55.6,-0.201816,-0.000144876,0.00021427,0.421061,-0.243163,0.00323385,-0.202552,0.000315318,-4.01757e-05,0.420285,-0.24611,-0.00336394,0.000107135,-0.000369852,0.00303381,0.00397876,-0.00256462,-0.00085088,0.00852078,-0.000419448,0.00736311,0.00661913,0.00329566,0.00155795,0.00347543,0.00842491,-0.00981508,0.00661913,-0.0012732,-0.2,0,0,0.42,-0.23,0,-0.2,0,0,0.42,-0.23,0,0,0,0,0,0,0,0,0,0,0,0,0,0,0,0,0,0,0.010285,-0.00436332,0.0274266,0.0152716,0.00322604,-0.00550059,0.010285,-0.00327249,0.0411399,-0.00654498,2.24103e-05,-0.00735385,-0.0325691,-0.00193617,-0.00123522,-0.00613592,0.00306796,0.0184078,-0.00460194,-0.00613592,-0.0019635,0,-0.00153398,-0.0168738,0.0153398,0.00306796,0.00460194,-0.0166897,0.00785398,3.8592,-0.175781,-0.279652,-3.07617,8.61891,-3.41594,5.25746,-0.966797,-0.335582,-0.527344,11.6178,3.26863,0.447443,0.49986,-5.90623,-2.5,0.3125,0.1875,-2.6875,0,-0.751953,-0.0976562,-1.75,-0.4375,-0.0625,-2.375,0.0625,-0.615234,0.0683594,0.161017,0.0232142,-0.0762802,-0.220191,0.520076,-0.118353,0.234672,-0.0249868,-0.0782622,-0.0165968,0.644361,0.149265,0.0655667,0.116764,-0.906438,-0.385604,0.250327,0.00572846,-0.416835,0.0145249,-0.145299,-0.132383,-0.326498,-0.122047,-0.204451,-0.427381,0.1917,-0.115693,0.0176101
55.64,-0.201843,-0.00011931,0.000174095,0.421027,-0.243159,0.00324105,-0.202606,0.000332363,-1.33919e-05,0.420226,-0.246123,-0.00338544,0.000187487,-0.000347189,0.00303864,0.00399075,-0.00255264,-0.000862864,0.00853277,-0.000467385,0.00736311,0.00661913,0.00329566,0.00154597,0.00345146,0.00841293,-0.00976714,0.00663447,-0.00128854,-0.2,0,0,0.42,-0.23,0,-0.2,0,0,0.42,-0.23,0,0,0,0,0,0,0,0,0,0,0,0,0,0,0,0,0,0,0.0119991,0.00109083,-0.00171416,0.0174533,-0.00484467,0.00641242,0,-0.00763582,0.00171416,-0.00218166,-0.00534294,-0.00916765,0.0257124,-0.000966092,0.00554618,-0.00306796,-0.0199418,0.00153398,0.0076699,-0.00306796,-0.000981748,-0.00490874,0.0076699,-0.0122718,0.0122718,0,0.0138058,0,0.0019635,3.24396,-0.175781,-0.223722,-3.07617,8.70784,-3.46836,5.20153,-0.791016,0.335582,-0.703125,11.7068,3.21676,-0.615234,0.595433,-6.22313,-2.5,0.375,0.1875,-2.6875,-0.125,-0.751953,-0.107422,-1.8125,-0.4375,-0.0625,-2.375,0,-0.615234,0.0488281,0.160267,0.0097493,-0.0139811,-0.223803,0.536048,-0.142467,0.260599,-0.0179646,-0.00208914,-0.0251005,0.655593,0.153753,-0.133383,0.107055,-0.928231,-0.392939,0.295147,0.0400752,-0.441978,0.0124157,-0.14628,-0.127474,-0.344906,-0.130053,-0.197117,-0.420646,0.181537,-0.132689,0.0238074
55.7,-0.201883,-0.000110787,0.000174095,0.421027,-0.243163,0.00323385,-0.202579,0.00032384,0,0.420268,-0.246123,-0.00338544,0.000147311,-0.000369852,0.00303381,0.00399075,-0.00254066,-0.000862864,0.00853277,-0.000491353,0.00736311,0.0066268,0.00329566,0.00154597,0.00340352,0.00841293,-0.00979111,0.00663447,-0.00128087,-0.2,0,0,0.42,-0.23,0,-0.2,0,0,0.42,-0.23,0,0,0,0,0,0,0,0,0,0,0,0,0,0,0,0,0,0,0.00342833,-0.00545415,0.00514249,0,-0.0021619,-9.86834e-06,0.00857081,-0.00109083,-0.02057,0.0327249,0.00374566,0.00457889,-0.0257124,0.00676464,-0.00307984,0.00613592,0.00613592,0.0107379,-0.00306796,-0.0122718,0.0019635,-0.00687223,0,-0.0107379,-0.0184078,0.0076699,0.00153398,0.00687223,0,2.85245,0,-0.223722,-2.63672,8.61891,-3.41594,5.08967,-0.878906,0.223722,-0.615234,11.6173,3.16434,-0.167791,0.450347,-5.98385,-2.5,0.375,0.1875,-2.6875,-0.0625,-0.761719,-0.0976562,-1.8125,-0.4375,0,-2.375,0,-0.634766,0.0488281,0.181425,0.0219871,-0.0276944,-0.15399,0.530852,-0.129334,0.240778,-0.0302024,0.0411399,-0.171119,0.637416,0.12626,0.0329441,0.0906617,-0.900904,-0.411347,0.241794,0.0216675,-0.420502,0.0220989,-0.149226,-0.125664,-0.329566,-0.133121,-0.13336,-0.435986,0.194288,-0.139562,0.0256175
55.74,-0.201896,-0.00011931,0.000174095,0.421027,-0.243155,0.00324826,-0.202606,0.00032384,-9.37433e-05,0.420277,-0.246127,-0.00337824,0.000147311,-0.000362304,0.003029,0.00399075,-0.00256462,-0.000862864,0.00854475,-0.000443416,0.00736311,0.0066268,0.00329566,0.00154597,0.00346344,0.00841293,-0.00977913,0.00663447,-0.00128087,-0.2,0,0,0.42,-0.23,0,-0.2,0,0,0.42,-0.23,0,0,0,0,0,0,0,0,0,0,0,0,0,0,0,0,0,0,0,-0.00436332,0.00342833,-0.00654498,0.00380294,0.00645189,0.00342833,-0.01309,-0.0325691,-0.00436332,-0.00695703,-0.00824102,-0.0154275,0.00483046,-0.00308121,0.00306796,-0.0076699,0,0.00306796,-0.00306796,0,0,-0.00460194,0.00920388,0.00613592,0,0.00306796,0.00981748,0.000981748,2.96431,0.0878906,-0.279652,-3.42773,8.61891,-3.41594,5.03374,-0.878906,0.223722,-1.05469,11.7068,3.21676,-0.671165,0.49986,-5.90623,-2.5,0.4375,0.1875,-2.6875,-0.0625,-0.751953,-0.107422,-1.8125,-0.4375,-0.0625,-2.375,0.0625,-0.615234,0.0488281,0.189622,0.0206576,-0.0242661,-0.12781,0.518582,-0.142834,0.253742,-0.0062041,0.0745125,-0.024045,0.65899,0.151612,0.00208914,0.0941999,-0.899456,-0.405211,0.271802,0.0431432,-0.433374,0.0119363,-0.147262,-0.132536,-0.320362,-0.173004,-0.185444,-0.420646,0.192515,-0.142507,0.0246357
55.8,-0.201843,-0.000102265,0.000160703,0.421027,-0.243151,0.00322671,-0.202606,0.000332363,-4.01757e-05,0.420234,-0.246123,-0.00338544,0.000160703,-0.000369852,0.00303381,0.00400273,-0.00255264,-0.000886833,0.00852078,-0.000467385,0.00736311,0.00663447,0.00328368,0.00154597,0.00342749,0.00841293,-0.0098031,0.00661913,-0.0012732,-0.2,0,0,0.42,-0.23,0,-0.2,0,0,0.42,-0.23,0,0,0,0,0,0,0,0,0,0,0,0,0,0,0,0,0,0,0.00857081,0.00545415,0.00171416,-0.00545415,0.00324845,0.00185327,-0.02057,0.00545415,-0.00685665,-0.00872665,0.000534294,0.000916765,0,-0.0174076,-1.23118e-05,-0.0168738,-0.0153398,0.00306796,-0.00460194,0.00613592,0,0,0,-0.00920388,-0.00306796,0.00460194,0.0076699,-0.0137445,0.00981748,3.46768,-0.175781,-0.223722,-3.42773,8.61891,-3.41594,5.25746,-0.966797,0.615234,-0.263672,11.7068,3.21676,-0.559304,0.64873,-6.13957,-2.4375,0.375,0.1875,-2.6875,-0.125,-0.751953,-0.107422,-1.8125,-0.4375,-0.0625,-2.375,0,-0.634766,0.0488281,0.167123,-0.000681769,-0.0194986,-0.132173,0.519525,-0.132775,0.301739,-0.0441446,0.0177309,-0.000199061,0.643839,0.133584,-0.0482108,0.163178,-0.910107,-0.366526,0.285944,0.0382057,-0.416835,0.00321177,-0.147262,-0.132689,-0.328368,-0.136189,-0.165238,-0.42985,0.188392,-0.118638,0.0156466
55.84,-0.201883,-0.000136354,0.000187487,0.421044,-0.243163,0.00324821,-0.202526,0.000332363,-9.37433e-05,0.420285,-0.246123,-0.00337108,0.000187487,-0.000354737,0.00304346,0.00399075,-0.00256462,-0.000886833,0.00853277,-0.000443416,0.00736311,0.0066268,0.00329566,0.00154597,0.00345146,0.00840094,-0.00975516,0.00663447,-0.00128087,-0.2,0,0,0.42,-0.23,0,-0.2,0,0,0.42,-0.23,0,0,0,0,0,0,0,0,0,0,0,0,0,0,0,0,0,0,0.0222841,-0.00327249,0.00342833,-0.00654498,-0.00109776,-0.00552032,0.0257124,0.0207258,-0.00171416,0.0152716,0.00158607,0.00826569,0.00342833,-0.00289828,0.000616242,0.00306796,0,0.00153398,-0.0122718,0.00920388,0.0019635,0.00392699,0.00306796,-0.00613592,0.0107379,0.0138058,-0.00306796,0.00490874,0.0107992,3.02024,0.263672,-0.167791,-3.60352,8.61891,-3.41594,5.08967,-0.966797,0.727095,-0.527344,11.6173,3.16434,-0.615234,0.545813,-5.98976,-2.5,0.375,0.1875,-2.625,-0.125,-0.761719,-0.0976562,-1.8125,-0.4375,-0.0625,-2.4375,0.0625,-0.634766,0.0683594,0.143714,0.0201804,-0.0256053,-0.130367,0.528722,-0.118888,0.201139,-0.0746878,0.0128027,-0.103863,0.641736,0.118312,-0.0665309,0.115116,-0.914885,-0.405211,0.256462,0.0412737,-0.402095,-0.000335558,-0.149226,-0.136463,-0.335702,-0.142325,-0.194049,-0.447659,0.198171,-0.137598,0.0148183
55.9,-0.201869,-0.000127832,0.000187487,0.421044,-0.243159,0.00324105,-0.202606,0.000315318,-5.35676e-05,0.420302,-0.246123,-0.00337108,0.000147311,-0.000347194,0.00302901,0.00400273,-0.00256462,-0.000862864,0.00855674,-0.000443416,0.00737078,0.00661913,0.00328368,0.00156993,0.00343947,0.00842491,-0.00974318,0.0066268,-0.00128087,-0.2,0,0,0.42,-0.23,0,-0.2,0,0,0.42,-0.23,0,0,0,0,0,0,0,0,0,0,0,0,0,0,0,0,0,0,0.00685665,0,-0.00857081,0.0109083,0.00326526,0.00736866,-0.02057,-0.00981748,0.0119991,-0.00763582,-0.00213718,-0.00366706,-0.00342833,0.0038564,-0.00740037,0,-0.0122718,0.0153398,-0.00920388,-0.0107379,0.000981748,-0.00687223,0.00460194,-0.00460194,0.00153398,0.0122718,0.0107379,-0.00687223,-0.0019635,3.57955,0,-0.111861,-2.63672,8.70784,-3.46836,5.20153,-0.966797,-0.167791,-0.439453,11.7068,3.21676,0,0.49986,-5.90623,-2.5,0.375,0.1875,-2.5625,-0.0625,-0.722656,-0.0976562,-1.875,-0.5,0,-2.375,0.0625,-0.615234,0.0683594,0.173229,0.0127832,-0.00160703,-0.20018,0.519828,-0.144379,0.301739,-0.0118969,-0.0186415,-0.0147905,0.649183,0.142177,-0.0339083,0.0925889,-0.886502,-0.400273,0.281006,0.0124636,-0.409429,0.0196062,-0.148397,-0.12551,-0.337572,-0.147789,-0.175042,-0.445789,0.184126,-0.125664,0.027581
55.94,-0.201869,-0.000144876,0.000147311,0.421044,-0.243155,0.00324826,-0.202606,0.000315318,-1.33919e-05,0.420208,-0.246119,-0.00337828,0.000147311,-0.000354737,0.00304346,0.00400273,-0.00256462,-0.000862864,0.00853277,-0.000455401,0.00736311,0.00661913,0.00329566,0.00156993,0.00345146,0.00841293,-0.00979111,0.0066268,-0.00128087,-0.2,0,0,0.42,-0.23,0,-0.2,0,0,0.42,-0.23,0,0,0,0,0,0,0,0,0,0,0,0,0,0,0,0,0,0,0.00857081,0.0109083,0.00171416,0.0119991,0.00109776,0.00552032,0.00342833,-0.00872665,-0.010285,-0.00981748,-0.00266587,-0.00642229,0,-0.010627,0.000616242,0,0.00306796,-0.00460194,-0.00153398,-0.00460194,0,0,0.00153398,-0.00920388,-0.0153398,0.00460194,0.0122718,-0.0019635,0,3.35582,-0.175781,-0.391513,-5.00977,8.61891,-3.41594,5.7049,-0.966797,0.335582,-0.966797,11.7068,3.21676,-0.559304,0.645052,-5.98976,-2.5,0.3125,0.1875,-2.6875,-0.0625,-0.751953,-0.107422,-1.8125,-0.375,0,-2.3125,0,-0.634766,0.0683594,0.169801,-0.00732902,-0.0181594,-0.204544,0.523992,-0.140971,0.253742,-0.0140785,0.0219091,0.00799982,0.650072,0.147976,-0.0441933,0.138302,-0.914885,-0.400273,0.250327,0.0523471,-0.42357,0.01371,-0.147262,-0.132383,-0.332634,-0.138586,-0.141893,-0.42985,0.18355,-0.130572,0.0256175
56,-0.201883,-0.00011931,0.000160703,0.421035,-0.243167,0.00322665,-0.202606,0.000315318,-1.33919e-05,0.420294,-0.246127,-0.00337824,0.000174095,-0.000362289,0.00303864,0.00400273,-0.00255264,-0.000886833,0.00853277,-0.000419448,0.00736311,0.00661913,0.00329566,0.00156993,0.00340352,0.00842491,-0.00976714,0.00663447,-0.00128854,-0.2,0,0,0.42,-0.23,0,-0.2,0,0,0.42,-0.23,0,0,0,0,0,0,0,0,0,0,0,0,0,0,0,0,0,0,-0.010285,0,0.00342833,-0.0119991,0.00809873,-0.00272069,-0.00514249,-0.0207258,-0.0239983,-0.00218166,-0.000517486,-0.00643216,0.0222841,-0.00289828,0.00184873,-0.00306796,-0.00920388,0,-0.00153398,-0.00460194,-0.00294524,0.0019635,0.00920388,0.00920388,-0.00153398,0.00613592,0.00920388,0.00687223,0.000981748,3.46768,-0.175781,-0.111861,-3.07617,8.52997,-3.36352,4.97781,-0.703125,0.223722,-0.878906,11.6178,3.26863,-0.559304,0.49997,-6.06163,-2.5,0.375,0.1875,-2.6875,-0.0625,-0.761719,-0.0976562,-1.8125,-0.5,-0.0625,-2.375,0,-0.634766,0.0488281,0.208852,0.011931,-0.0229269,-0.107272,0.5105,-0.123625,0.270884,0.00991974,0.0493357,-0.0353286,0.646111,0.147994,-0.119081,0.117381,-0.917138,-0.394137,0.273672,0.0443416,-0.42357,0.0129909,-0.144317,-0.134346,-0.347974,-0.175401,-0.167108,-0.433517,0.186139,-0.139562,0.0247891
56.04,-0.201869,-0.000136354,0.000187487,0.421052,-0.243159,0.00324105,-0.202606,0.000349407,-6.69595e-05,0.420294,-0.246119,-0.00337828,0.000160703,-0.000354737,0.00304346,0.00399075,-0.00255264,-0.000862864,0.00854475,-0.000431432,0.00736311,0.00661913,0.00329566,0.00156993,0.00345146,0.00841293,-0.00981508,0.0066268,-0.00128854,-0.2,0,0,0.42,-0.23,0,-0.2,0,0,0.42,-0.23,0,0,0,0,0,0,0,0,0,0,0,0,0,0,0,0,0,0,0,-0.00545415,-0.00685665,0.0283616,0.00268277,-0.00642229,-0.0411399,0,0.00171416,-0.00436332,0.000534294,0.000916765,0,-0.0135253,0.00492993,0.00306796,-0.0153398,0.0122718,0.00153398,-0.00613592,-0.00294524,-0.00883573,0.00460194,-0.0122718,-0.00460194,0.00306796,0.00306796,-0.00490874,-0.00589049,3.41175,0,-0.223722,-3.42773,8.70736,-3.36406,5.25746,-1.05469,0.894886,-0.703125,11.7068,3.21676,-1.23047,0.694672,-6.06755,-2.5,0.375,0.1875,-2.6875,-0.0625,-0.751953,-0.107422,-1.8125,-0.375,0,-2.3125,0,-0.634766,0.0488281,0.186943,0.0245437,-0.00503535,-0.271272,0.520993,-0.116797,0.342879,-0.0349407,0.00326762,-0.026602,0.643672,0.133298,-0.0482108,0.146997,-0.927826,-0.405211,0.285944,0.0185995,-0.430306,0.0147646,-0.144317,-0.123547,-0.33877,-0.13245,-0.163369,-0.426782,0.193234,-0.127627,0.0316614
56.1,-0.201883,-0.000127832,0.00021427,0.421035,-0.243159,0.00324105,-0.202579,0.000332363,-2.67838e-05,0.420311,-0.246119,-0.00337828,0.000160703,-0.000377415,0.00302899,0.00400273,-0.00254066,-0.000886833,0.00852078,-0.000443416,0.00736311,0.0066268,0.00329566,0.00155795,0.00342749,0.00840094,-0.00979111,0.00663447,-0.00128854,-0.2,0,0,0.42,-0.23,0,-0.2,0,0,0.42,-0.23,0,0,0,0,0,0,0,0,0,0,0,0,0,0,0,0,0,0,-0.00171416,0.00109083,0,0.00545415,-0.00701217,0.00456409,0.0291408,-0.00109083,0.0137133,0.0174533,0.00107979,-0.0018434,-0.0257124,-0.00580652,-0.00247181,-0.00306796,0.00613592,-0.00153398,0,-0.00306796,0.00589049,0.00785398,0,-0.00153398,0.0107379,0.00153398,-0.00613592,0.00687223,-0.00687223,3.24396,0,-0.223722,-3.42773,8.70784,-3.46836,5.20153,-0.878906,0.335582,-1.05469,11.7068,3.21676,-0.447443,0.549593,-6.13941,-2.5,0.3125,0.1875,-2.6875,-0.0625,-0.761719,-0.0976562,-1.8125,-0.4375,-0.0625,-2.375,0,-0.634766,0.0683594,0.19171,0.0106015,-0.021427,-0.177085,0.540383,-0.13877,0.199638,-0.0310546,-0.0247482,-0.116425,0.642581,0.138818,0.0289265,0.130644,-0.901281,-0.394137,0.241794,0.0474096,-0.426039,0.0119363,-0.153153,-0.14039,-0.329566,-0.152727,-0.19285,-0.423115,0.201958,-0.139562,0.0326431
56.14,-0.201896,-0.000127832,0.000200878,0.421018,-0.243155,0.00324826,-0.202593,0.000332363,1.33919e-05,0.420294,-0.246119,-0.00337828,0.000120527,-0.000369852,0.00303381,0.00400273,-0.00256462,-0.000910801,0.00853277,-0.000443416,0.00736311,0.0066268,0.00328368,0.00155795,0.0034155,0.00841293,-0.00979111,0.00661913,-0.00128854,-0.2,0,0,0.42,-0.23,0,-0.2,0,0,0.42,-0.23,0,0,0,0,0,0,0,0,0,0,0,0,0,0,0,0,0,0,0,0.01309,0.0171416,-0.00654498,0.00325966,0.00553019,0.0222841,0,-0.00685665,0.019635,-0.00586603,-0.0137613,-0.0137133,-0.000968085,-0.00061761,-0.0122718,-0.0076699,0,-0.0122718,-0.00920388,0,0.00589049,-0.00153398,-0.00613592,0,0.00306796,0.00920388,-0.015708,-0.00687223,3.57955,-0.175781,-0.559304,-3.42773,8.61891,-3.41594,5.1456,-0.878906,0.559304,-0.351562,11.6178,3.26863,-0.447443,0.49997,-6.06163,-2.4375,0.375,0.1875,-2.625,-0.0625,-0.751953,-0.107422,-1.8125,-0.4375,-0.0625,-2.375,0,-0.634766,0.0488281,0.189622,-0.0133968,-0.0543711,-0.126532,0.519669,-0.140991,0.214691,-0.0332363,0.0123741,-0.122595,0.656473,0.162654,0.00498178,0.11386,-0.908291,-0.375729,0.271802,0.0455401,-0.402095,0.0180722,-0.147262,-0.138426,-0.3253,-0.143523,-0.170775,-0.426782,0.186618,-0.116675,0.0326431
56.2,-0.201883,-0.000136354,0.000187487,0.421061,-0.243159,0.00325542,-0.202552,0.000332363,-2.67838e-05,0.42026,-0.246114,-0.0033711,0.000133919,-0.000369852,0.00303381,0.00400273,-0.00252867,-0.000886833,0.00853277,-0.000443416,0.00736311,0.0066268,0.00329566,0.00155795,0.00345146,0.00840094,-0.00982706,0.00661913,-0.00128087,-0.2,0,0,0.42,-0.23,0,-0.2,0,0,0.42,-0.23,0,0,0,0,0,0,0,0,0,0,0,0,0,0,0,0,0,0,0.0342833,0.00109083,0.00514249,0.0250891,-0.0021619,-9.86834e-06,0.0325691,0.01309,0,0.01309,-0.00319456,-0.00917752,-0.00857081,-0.00386437,0.00246497,0.00460194,-0.00306796,0.0076699,-0.00460194,-0.00153398,0.00294524,0.00490874,0,-0.0107379,0.00306796,0.0199418,-0.0168738,-0.0137445,0.00785398,3.1321,0,-0.223722,-3.95508,8.61891,-3.41594,5.03374,-0.966797,0.167791,-0.703125,11.7068,3.21676,-0.111861,0.64873,-6.13957,-2.5,0.375,0.1875,-2.6875,-0.0625,-0.732422,-0.107422,-1.8125,-0.4375,-0.0625,-2.4375,0.0625,-0.615234,0.0488281,0.119716,0.0114537,-0.0290336,-0.259461,0.53068,-0.130197,0.190104,-0.0594162,0.00267838,-0.0913011,0.650962,0.153199,-0.0144632,0.122549,-0.917539,-0.409477,0.259003,0.0290018,-0.417435,0.0104023,-0.150207,-0.137445,-0.329566,-0.134319,-0.178709,-0.459931,0.213415,-0.118638,0.0177635
56.24,-0.201896,-0.00011931,0.000160703,0.421035,-0.243159,0.00324105,-0.202579,0.000332363,-1.33919e-05,0.420311,-0.246123,-0.00338544,0.000120527,-0.000354741,0.00303382,0.00399075,-0.00256462,-0.000886833,0.00853277,-0.000431432,0.00736311,0.00661913,0.00328368,0.00155795,0.0034155,0.00841293,-0.00981508,0.00663447,-0.00128087,-0.2,0,0,0.42,-0.23,0,-0.2,0,0,0.42,-0.23,0,0,0,0,0,0,0,0,0,0,0,0,0,0,0,0,0,0,-0.00685665,-0.00436332,-0.0137133,0.00545415,-0.00057129,-0.010114,0.0222841,-0.00981748,-0.0291408,-0.00218166,0.00647876,-0.0110604,-0.02057,-0.00193218,0.00123248,0,-0.00920388,0.00153398,-0.00153398,-0.00920388,0,-0.00490874,-0.00153398,0.00460194,0.0245437,0.00460194,0.0199418,0.00294524,0.00883573,3.29989,-0.175781,-0.223722,-3.42773,8.61891,-3.41594,4.69815,-0.966797,0.391513,-0.0878906,11.6178,3.26863,-0.223722,0.49997,-6.06163,-2.5,0.375,0.1875,-2.6875,-0.0625,-0.751953,-0.0976562,-1.8125,-0.4375,-0.0625,-2.375,0,-0.615234,0.0488281,0.203335,0.0206576,0.0113563,-0.177085,0.527501,-0.109414,0.213352,-0.0136013,0.0596207,-0.0378857,0.63195,0.157538,0.0255517,0.112219,-0.913845,-0.399075,0.27487,0.0412737,-0.42357,0.0178325,-0.147262,-0.127474,-0.3253,-0.164999,-0.219863,-0.42985,0.17636,-0.135635,0.0167818
56.3,-0.201869,-0.000110787,0.000187487,0.421052,-0.243167,0.00324101,-0.202593,0.00032384,-8.03514e-05,0.420226,-0.246119,-0.0033639,0.000147311,-0.000369852,0.00303381,0.00397876,-0.00256462,-0.000886833,0.00853277,-0.000419448,0.00737845,0.00661913,0.00328368,0.00155795,0.00349939,0.00840094,-0.00981508,0.00663447,-0.00128087,-0.2,0,0,0.42,-0.23,0,-0.2,0,0,0.42,-0.23,0,0,0,0,0,0,0,0,0,0,0,0,0,0,0,0,0,0,0.0137133,-0.0174533,-0.00857081,0.0119991,0.000548879,0.00276016,-0.00514249,-0.00654498,-0.00514249,-0.00327249,0.000539896,-0.000921699,-0.0154275,-0.00967686,-0.00370839,0.00153398,0,0.0076699,0,0.00153398,0.0107992,-0.000981748,-0.00153398,-0.0076699,0.0107379,0.00920388,0.0138058,0.00294524,0.00589049,3.41175,0.0878906,-0.167791,-3.60352,8.61891,-3.41594,5.25746,-0.878906,0.111861,-0.878906,11.6178,3.26863,-0.615234,0.549483,-5.98401,-2.5,0.3125,0.1875,-2.6875,-0.0625,-0.761719,-0.0976562,-1.8125,-0.4375,-0.0625,-2.4375,0,-0.615234,0.0488281,0.159516,0.0459853,-0.00160703,-0.205822,0.525598,-0.135161,0.269544,-0.0192941,0.0183201,-0.0207372,0.643662,0.136399,0.00208914,0.139986,-0.899019,-0.400944,0.256462,0.0290018,-0.426638,0.00685498,-0.158368,-0.131401,-0.3253,-0.140455,-0.196445,-0.438455,0.182496,-0.135635,0.019727
56.34,-0.201883,-0.000110787,0.00021427,0.421044,-0.243163,0.00323385,-0.202606,0.00032384,-2.67838e-05,0.420277,-0.246119,-0.00337828,0.000187487,-0.000362289,0.00303864,0.00401472,-0.00256462,-0.000886833,0.00853277,-0.000419448,0.00735544,0.00661913,0.00329566,0.00156993,0.00347543,0.00840094,-0.00977913,0.00663447,-0.00128854,-0.2,0,0,0.42,-0.23,0,-0.2,0,0,0.42,-0.23,0,0,0,0,0,0,0,0,0,0,0,0,0,0,0,0,0,0,0.00685665,0.0185441,0.00514249,-0.00109083,0.00104173,-0.0128643,-0.0274266,-0.00327249,-0.00171416,0.00981748,-0.00159168,-0.00642722,-0.00171416,0,0,0.00306796,0.00460194,0.00920388,-0.00460194,0.00460194,0,-0.00294524,-0.00306796,-0.0122718,0.00613592,0.0138058,0.0107379,0.00785398,-0.00490874,3.1321,0.0878906,-0.111861,-3.7793,8.61891,-3.41594,5.7049,-0.966797,-0.111861,-0.527344,11.7963,3.26918,-0.335582,0.549483,-5.98401,-2.4375,0.4375,0.1875,-2.6875,-0.0625,-0.732422,-0.0976562,-1.8125,-0.375,-0.0625,-2.4375,0,-0.634766,0.0683594,0.174569,-0.0260095,-0.031712,-0.152184,0.524444,-0.103625,0.315452,-0.0258391,0.0061067,-0.0807682,0.647924,0.147986,-0.0511035,0.108687,-0.911591,-0.407607,0.247259,0.0259339,-0.417435,0.00378702,-0.147109,-0.129437,-0.32343,-0.13245,-0.186043,-0.447659,0.184845,-0.140543,0.0306796
56.4,-0.201843,-0.000110787,0.000160703,0.421069,-0.243151,0.00324108,-0.202552,0.00032384,-9.37433e-05,0.420234,-0.246127,-0.00337824,0.000187487,-0.000362289,0.00303864,0.00399075,-0.00255264,-0.000886833,0.00853277,-0.000443416,0.00736311,0.00661913,0.00329566,0.00156993,0.00345146,0.00841293,-0.00977913,0.00663447,-0.0012732,-0.2,0,0,0.42,-0.23,0,-0.2,0,0,0.42,-0.23,0,0,0,0,0,0,0,0,0,0,0,0,0,0,0,0,0,0,0.010285,0,0.0119991,0.0119991,0.00109776,0.00552032,0.00514249,0.00218166,-0.00514249,0.0141808,2.24103e-05,-0.00735385,0.010285,-0.0077387,-0.00123932,-0.00153398,-0.00306796,-0.0168738,-0.0076699,-0.0107379,0,0.000981748,-0.00153398,-0.0122718,0.0153398,-0.00153398,0.0122718,-0.00392699,0.00392699,3.52362,0,-0.223722,-4.57031,8.61891,-3.41594,5.25746,-0.878906,0.503374,-1.05469,11.6178,3.26863,-0.167791,0.549483,-5.98401,-2.5,0.375,0.1875,-2.6875,-0.0625,-0.751953,-0.107422,-1.8125,-0.4375,-0.0625,-2.3125,0,-0.615234,0.0488281,0.163695,0.0110787,-0.0400686,-0.208379,0.523824,-0.140684,0.244957,-0.0367474,0.0196593,-0.0918289,0.645031,0.149837,-0.0871009,0.131903,-0.907873,-0.396007,0.2614,0.0780892,-0.411299,0.0196062,-0.147262,-0.133364,-0.326498,-0.13245,-0.203252,-0.417578,0.183311,-0.128762,0.0215371
56.46,-0.201896,-0.000136354,0.000187487,0.421027,-0.243159,0.00324105,-0.202593,0.000332363,-9.37433e-05,0.420217,-0.246127,-0.00337824,0.000174095,-0.000362304,0.003029,0.00399075,-0.00254066,-0.000886833,0.00852078,-0.000455401,0.00736311,0.00663447,0.00329566,0.00154597,0.00347543,0.00840094,-0.00981508,0.00663447,-0.0012732,-0.2,0,0,0.42,-0.23,0,-0.2,0,0,0.42,-0.23,0,0,0,0,0,0,0,0,0,0,0,0,0,0,0,0,0,0,0.0154275,-0.0174533,0.00685665,0.0163625,0.00699537,-0.0100795,-0.00514249,-0.00327249,0.00171416,0.00109083,-0.00534294,-0.00916765,0,-0.00677659,-0.00432327,0.00153398,-0.00153398,-0.00153398,0.00460194,-0.00920388,0.00294524,-0.00981748,0.0076699,-0.0076699,-0.00920388,0.00153398,-0.00460194,0.00294524,0.00981748,3.29989,0.0878906,-0.111861,-2.98828,8.52997,-3.36352,5.20153,-0.966797,0.391513,-1.05469,11.7068,3.21676,-0.559304,0.49986,-5.90623,-2.5,0.375,0.1875,-2.6875,-0.125,-0.751953,-0.107422,-1.8125,-0.4375,0,-2.375,0.0625,-0.605469,0.0488281,0.158767,0.048542,-0.032462,-0.21944,0.512368,-0.109483,0.269544,-0.0266913,0.005946,-0.0369119,0.655762,0.153465,-0.0522284,0.129021,-0.89573,-0.402143,0.257134,0.0474096,-0.435243,0.0183119,-0.150207,-0.122872,-0.344906,-0.139257,-0.155364,-0.423115,0.200904,-0.135635,0.0156466
56.5,-0.201869,-0.000144876,0.000187487,0.421027,-0.243159,0.00325542,-0.202566,0.000315318,-8.03514e-05,0.42026,-0.246119,-0.0033639,0.00021427,-0.000369836,0.00304345,0.00400273,-0.00256462,-0.000886833,0.00853277,-0.000479369,0.00736311,0.00661913,0.00329566,0.00155795,0.00345146,0.00843689,-0.00981508,0.00663447,-0.00128087,-0.2,0,0,0.42,-0.23,0,-0.2,0,0,0.42,-0.23,0,0,0,0,0,0,0,0,0,0,0,0,0,0,0,0,0,0,0.00857081,0,-0.0137133,0.00109083,0.00112017,0.0128742,0.0154275,-0.00545415,0.0274266,0.00872665,-0.00107419,4.93358e-06,0.00857081,-0.000966092,0.000616242,-0.0076699,-0.00153398,0.00153398,0.0076699,0.00306796,0.000981748,0.00883573,0.0107379,0,0.00613592,0,-0.0076699,0.00392699,0,2.96431,0.0878906,-0.279652,-3.42773,8.61891,-3.41594,5.31339,-0.791016,0.167791,-0.791016,11.7068,3.21676,-0.727095,0.49986,-5.90623,-2.5,0.375,0.1875,-2.75,-0.125,-0.751953,-0.0976562,-1.875,-0.4375,-0.0625,-2.375,0.0625,-0.605469,0.0488281,0.169801,0.0144876,0.00867795,-0.158353,0.524116,-0.155965,0.225727,-0.0206235,-0.0468181,-0.0738478,0.64689,0.134546,-0.0899935,0.113849,-0.914884,-0.384933,0.25953,0.0412737,-0.441978,0.00651942,-0.148244,-0.141218,-0.351042,-0.155795,-0.184845,-0.421845,0.203972,-0.136616,0.0256175
56.56,-0.201829,-0.00011931,0.000187487,0.421018,-0.243163,0.00323385,-0.202579,0.000315318,-8.03514e-05,0.420251,-0.246119,-0.00337828,0.000160703,-0.000369836,0.00304345,0.00399075,-0.00254066,-0.000886833,0.00853277,-0.000443416,0.00736311,0.00661913,0.00329566,0.00154597,0.00342749,0.00841293,-0.00976714,0.0066268,-0.00128087,-0.2,0,0,0.42,-0.23,0,-0.2,0,0,0.42,-0.23,0,0,0,0,0,0,0,0,0,0,0,0,0,0,0,0,0,0,0.0119991,-0.00327249,0.00857081,0.00872665,-0.00699537,0.0100795,0.0119991,-0.0109083,-0.00342833,0.0250891,0.00537655,-0.00186313,0.00342833,-0.00291023,-0.00555438,0.00306796,-0.00306796,0,0.0076699,0,0,0.0137445,0.00306796,0.0107379,0.0076699,0.0076699,0.0122718,-0.00589049,-0.0019635,3.29989,0.175781,-0.279652,-2.10938,8.79677,-3.52078,5.25746,-0.878906,0.111861,-0.966797,11.6173,3.16434,-0.503374,0.549263,-5.6732,-2.5,0.375,0.1875,-2.6875,-0.125,-0.751953,-0.107422,-1.8125,-0.4375,-0.0625,-2.375,0.0625,-0.634766,0.0683594,0.158927,0.0184759,-0.0358903,-0.187618,0.540519,-0.149513,0.233921,-0.00971521,0.0148918,-0.138019,0.633987,0.138857,-0.0584958,0.119682,-0.896373,-0.405211,0.260201,0.0443416,-0.441978,0.00886833,-0.147262,-0.146127,-0.335702,-0.176072,-0.186714,-0.435986,0.183071,-0.126645,0.027581
56.6,-0.201869,-0.000136354,0.00021427,0.421044,-0.243155,0.00324826,-0.202633,0.000332363,0,0.420217,-0.246119,-0.00337828,0.000187487,-0.000354741,0.00303382,0.00397876,-0.00254066,-0.000886833,0.00853277,-0.000455401,0.00737078,0.00661913,0.00328368,0.00156993,0.00342749,0.00840094,-0.0098031,0.0066268,-0.00128087,-0.2,0,0,0.42,-0.23,0,-0.2,0,0,0.42,-0.23,0,0,0,0,0,0,0,0,0,0,0,0,0,0,0,0,0,0,0.0222841,0.00763582,0.0154275,0.0185441,-0.00430699,0.00549565,-0.0308549,0.00109083,0.0137133,0.00218166,1.68077e-05,-0.00551539,0.00514249,0.000956128,-0.0067855,-0.0076699,-0.0153398,0.00613592,0.00613592,-0.00920388,0.0166897,0.0019635,-0.00153398,-0.00920388,0.00153398,-0.00153398,0.00613592,0.0019635,0,3.35582,0.0878906,-0.391513,-3.95508,8.7963,-3.41648,5.36932,-0.878906,0.279652,-0.878906,11.7068,3.21676,-0.335582,0.49986,-5.90623,-2.4375,0.375,0.1875,-2.6875,-0.0625,-0.761719,-0.0976562,-1.8125,-0.4375,-0.0625,-2.375,0,-0.644531,0.0488281,0.142374,-0.00163625,-0.052282,-0.230724,0.534802,-0.140922,0.324987,-0.0354179,-0.0274266,-0.0412753,0.644707,0.146162,-0.0716734,0.103554,-0.889791,-0.382536,0.284745,0.0320698,-0.43891,0.0183119,-0.164105,-0.134346,-0.3253,-0.138586,-0.174442,-0.416979,0.189926,-0.134499,0.0256175
56.66,-0.201883,-0.000110787,0.000200878,0.421018,-0.243159,0.00324105,-0.202579,0.000306796,-6.69595e-05,0.420328,-0.246123,-0.00338544,0.000133919,-0.000369836,0.00304345,0.00399075,-0.00256462,-0.000874848,0.00855674,-0.000443416,0.00736311,0.00661913,0.00329566,0.00154597,0.00342749,0.00841293,-0.00977913,0.00663447,-0.00128854,-0.2,0,0,0.42,-0.23,0,-0.2,0,0,0.42,-0.23,0,0,0,0,0,0,0,0,0,0,0,0,0,0,0,0,0,0,-0.0222841,0.00763582,-0.00514249,-0.0261799,0.0021563,-0.0018286,-0.00342833,-0.00872665,-0.0188558,0.0109083,-0.00427435,-0.00733412,-0.00857081,-0.00191226,0.013571,0.00153398,0,-0.00920388,0.00613592,0.00613592,0,-0.00392699,0,0.0107379,-0.00306796,0,-0.00613592,0.00392699,-0.00294524,3.52362,0,-0.167791,-3.25195,8.61891,-3.41594,5.08967,-0.966797,0.335582,-1.49414,11.7068,3.21676,-0.391513,0.50008,-6.21704,-2.5,0.3125,0.1875,-2.6875,-0.125,-0.751953,-0.107422,-1.8125,-0.4375,-0.0625,-2.375,0.0625,-0.605469,0.0390625,0.23285,-0.00419288,-0.00980287,-0.0479918,0.522046,-0.125985,0.264776,-0.0132263,0.0444075,-0.0928026,0.653456,0.150086,-0.0144632,0.116688,-0.953749,-0.402143,0.256462,0.0621502,-0.440109,0.0027324,-0.147262,-0.128456,-0.329566,-0.176072,-0.165238,-0.420646,0.201718,-0.136616,0.0287161
56.7,-0.201896,-0.000136354,0.000187487,0.421035,-0.243159,0.00324105,-0.202593,0.000349407,0,0.420302,-0.246123,-0.00337108,0.00021427,-0.000369852,0.00303381,0.00400273,-0.00254066,-0.000862864,0.00854475,-0.000443416,0.00736311,0.0066268,0.00329566,0.00158192,0.00347543,0.00842491,-0.0098031,0.00663447,-0.00128087,-0.2,0,0,0.42,-0.23,0,-0.2,0,0,0.42,-0.23,0,0,0,0,0,0,0,0,0,0,0,0,0,0,0,0,0,0,0.0171416,-0.01309,-0.010285,0.00327249,0.00323725,-0.00182366,0.0137133,0.0141808,0.0239983,0.0239983,0.00107979,-0.0018434,0.0291408,-0.000974063,-0.00431916,0.0107379,-0.0076699,0.0138058,-0.00460194,-0.00306796,0,0.00687223,0.00613592,-0.00613592,-0.00613592,0.00306796,-0.0138058,0.0107992,-0.0019635,3.46768,0.0878906,-0.279652,-3.16406,8.70784,-3.46836,5.31339,-1.05469,0.223722,-0.966797,11.6178,3.26863,-0.559304,0.400723,-5.90607,-2.5,0.375,0.1875,-2.625,-0.0625,-0.751953,-0.107422,-1.8125,-0.4375,0,-2.3125,0.0625,-0.644531,0.0683594,0.155338,0.0398153,0.0018213,-0.168359,0.519884,-0.125995,0.231833,-0.0633023,-0.0479966,-0.141327,0.642749,0.13853,-0.151703,0.113878,-0.897186,-0.421749,0.269405,0.0155316,-0.418034,0.0119363,-0.147262,-0.139408,-0.341838,-0.14592,-0.161499,-0.427381,0.209868,-0.143489,0.027581
56.76,-0.201843,-0.000110787,0.000187487,0.42101,-0.243142,0.00324112,-0.202579,0.000332363,-5.35676e-05,0.420234,-0.246127,-0.00337824,0.000147311,-0.000354737,0.00304346,0.00399075,-0.00256462,-0.000898817,0.00853277,-0.000419448,0.00736311,0.00664214,0.00329566,0.00156993,0.00342749,0.00841293,-0.00976714,0.00663447,-0.00128087,-0.2,0,0,0.42,-0.23,0,-0.2,0,0,0.42,-0.23,0,0,0,0,0,0,0,0,0,0,0,0,0,0,0,0,0,0,0.00514249,0.00654498,0.00514249,-0.0119991,-0.00487828,-0.00461836,0.00685665,0.00327249,0.0188558,0.0174533,-0.00267147,-0.00458382,0.00514249,-0.00289828,0.000616242,0.00613592,-0.0107379,-0.00920388,0.00460194,-0.00153398,-0.00687223,0.00687223,0,-0.00153398,0,0,-0.0168738,0.0166897,-0.00294524,3.41175,0,-0.279652,-2.8125,8.7963,-3.41648,5.25746,-1.05469,0,-1.23047,11.7068,3.21676,-0.391513,0.545813,-5.98976,-2.5,0.375,0.1875,-2.6875,-0.0625,-0.751953,-0.0976562,-1.8125,-0.4375,-0.0625,-2.3125,0.0625,-0.644531,0.0488281,0.17398,-0.00201122,-0.0290336,-0.103436,0.535439,-0.120408,0.244206,-0.0397812,-0.0323548,-0.104919,0.650419,0.144297,-0.0596207,0.115116,-0.914885,-0.411347,0.277938,0.0633486,-0.435842,0.00992294,-0.14039,-0.139715,-0.329566,-0.153925,-0.171374,-0.420646,0.212217,-0.149379,0.0285627
56.8,-0.201816,-0.000110787,0.000160703,0.421001,-0.243159,0.00324105,-0.202566,0.00032384,-0.000107135,0.420226,-0.246123,-0.00337108,0.000133919,-0.000369852,0.00303381,0.00400273,-0.00255264,-0.000898817,0.00853277,-0.000443416,0.00736311,0.00661913,0.00329566,0.00155795,0.00345146,0.00840094,-0.00975516,0.0066268,-0.00128087,-0.2,0,0,0.42,-0.23,0,-0.2,0,0,0.42,-0.23,0,0,0,0,0,0,0,0,0,0,0,0,0,0,0,0,0,0,0.00171416,-0.00109083,-0.0257124,-0.0119991,-0.00162423,-0.000926633,-0.00342833,-0.00545415,0,0,-0.00160848,-0.000911831,-0.00685665,-0.010639,-0.00062445,0.0122718,0,0.00306796,-0.0076699,-0.00153398,0.0019635,0,0.00306796,0,0.0076699,0,0.0138058,-0.000981748,0.00392699,3.1321,0.0878906,-0.223722,-2.54883,8.70784,-3.46836,5.53711,-0.966797,0.391513,-0.703125,11.7068,3.21676,-0.391513,0.599107,-6.06179,-2.5,0.3125,0.1875,-2.625,-0.125,-0.751953,-0.107422,-1.8125,-0.4375,-0.0625,-2.375,0.0625,-0.644531,0.0683594,0.178159,0.0132604,0.0353546,-0.102158,0.529607,-0.127789,0.263438,-0.0214757,0.0107135,-0.0338271,0.648126,0.136667,-0.0196057,0.142873,-0.908271,-0.424817,0.255264,0.0388049,-0.411299,0.0104023,-0.149226,-0.132383,-0.335702,-0.155795,-0.187913,-0.420047,0.181297,-0.131554,0.0216905
56.86,-0.201883,-0.000127832,0.000160703,0.421027,-0.243163,0.00321947,-0.202552,0.000332363,-5.35676e-05,0.420268,-0.246123,-0.00337108,0.000120527,-0.000362289,0.00303864,0.00397876,-0.00256462,-0.000874848,0.00853277,-0.000431432,0.00736311,0.00661913,0.00329566,0.00156993,0.00345146,0.00840094,-0.0098031,0.00663447,-0.00128087,-0.2,0,0,0.42,-0.23,0,-0.2,0,0,0.42,-0.23,0,0,0,0,0,0,0,0,0,0,0,0,0,0,0,0,0,0,-0.00857081,0.00109083,-0.00857081,0.00545415,0.00376372,-0.00641735,0.0222841,0.0109083,0.00514249,0.00436332,0.00213718,0.00366706,-0.00171416,-0.0077387,-0.00123932,0,-0.00613592,0.0214757,0,0.00460194,-0.000981748,-0.00294524,-0.00613592,-0.00460194,-0.0153398,0,0.0138058,0.0107992,0,3.63548,0,-0.279652,-2.8125,8.53045,-3.46782,5.20153,-0.791016,0,-0.175781,11.5283,3.21621,-0.335582,0.549483,-5.98401,-2.5,0.4375,0.1875,-2.6875,-0.0625,-0.751953,-0.0976562,-1.75,-0.375,0,-2.375,0,-0.634766,0.0488281,0.205424,0.0106015,0.00107135,-0.175807,0.519002,-0.115944,0.210674,-0.0550529,-0.00492822,-0.057673,0.640634,0.127509,-0.0310156,0.131903,-0.907873,-0.397876,0.268734,0.000790961,-0.426638,0.0040267,-0.14628,-0.129437,-0.317294,-0.147789,-0.141893,-0.420047,0.182256,-0.143489,0.0256175
56.9,-0.201856,-0.000127832,0.000187487,0.421044,-0.243159,0.00324105,-0.202566,0.000306796,0,0.420302,-0.246123,-0.00337108,0.000147311,-0.000377415,0.00302899,0.00399075,-0.00254066,-0.000886833,0.00852078,-0.000491353,0.00736311,0.00661913,0.00329566,0.00156993,0.00340352,0.00841293,-0.00981508,0.00663447,-0.00128087,-0.2,0,0,0.42,-0.23,0,-0.2,0,0,0.42,-0.23,0,0,0,0,0,0,0,0,0,0,0,0,0,0,0,0,0,0,0.00514249,-0.019635,0.00685665,0.0109083,-0.000543277,-0.000921699,0.0274266,-0.0207258,0.0291408,0.00872665,0.00267707,0.00274536,0.00514249,-0.00193218,0.00123248,-0.00460194,0,0.0122718,-0.0076699,0.00460194,-0.00589049,0,-0.0076699,0.00613592,0.00306796,0,0.0107379,0.00981748,-0.00981748,3.63548,0.263672,-0.447443,-3.7793,8.61891,-3.41594,5.03374,-0.791016,-0.111861,-0.791016,11.6178,3.26863,-0.503374,0.549593,-6.13941,-2.5,0.375,0.1875,-2.6875,-0.125,-0.732422,-0.107422,-1.8125,-0.5,0,-2.375,0,-0.634766,0.0683594,0.175319,0.0520531,-0.032462,-0.20018,0.527445,-0.127798,0.201728,0.010772,-0.0582815,-0.0802404,0.639554,0.129352,-0.0596207,0.119021,-0.912394,-0.389871,0.254066,0.0197979,-0.410699,0.00522512,-0.141372,-0.132383,-0.314226,-0.169265,-0.176312,-0.420646,0.185564,-0.142507,0.035435
56.96,-0.201869,-0.000127832,0.000160703,0.421052,-0.243167,0.00322665,-0.202552,0.000315318,-5.35676e-05,0.420302,-0.246119,-0.00337828,0.000147311,-0.000369852,0.00303381,0.00399075,-0.00256462,-0.000898817,0.00854475,-0.000443416,0.00736311,0.00661913,0.00329566,0.00155795,0.00342749,0.00840094,-0.00983905,0.00663447,-0.00128087,-0.2,0,0,0.42,-0.23,0,-0.2,0,0,0.42,-0.23,0,0,0,0,0,0,0,0,0,0,0,0,0,0,0,0,0,0,-0.0188558,0.00981748,0.00342833,0.0218166,0.00323165,-0.00366212,0.0222841,-0.01309,0.00857081,0.00545415,0.000567909,-0.010114,-0.0119991,-0.0135392,-9.57585e-06,-0.0153398,-0.00920388,-0.00613592,-0.0076699,-0.0153398,0.000981748,0.00294524,0.00153398,-0.00306796,0.0168738,0,0.0076699,0.00490874,-0.0019635,3.52362,-0.263672,-0.279652,-4.39453,8.61891,-3.41594,5.31339,-0.878906,0.223722,-0.615234,11.6178,3.26863,-0.391513,0.64873,-6.13957,-2.5,0.3125,0.1875,-2.6875,-0.0625,-0.761719,-0.107422,-1.8125,-0.4375,-0.0625,-2.375,0,-0.615234,0.0683594,0.224654,-0.00685178,-0.0229269,-0.245092,0.520234,-0.121742,0.210674,-0.00535189,-0.0117849,-0.0671504,0.643605,0.155359,-0.00819584,0.151573,-0.910115,-0.368395,0.27487,0.0572127,-0.411898,0.0242081,-0.148244,-0.135328,-0.332634,-0.149659,-0.205122,-0.420047,0.189111,-0.137598,0.027581
57,-0.201869,-0.000153398,0.000187487,0.421035,-0.243159,0.00324105,-0.202552,0.000332363,-8.03514e-05,0.420302,-0.246114,-0.00335674,0.000160703,-0.000354757,0.00302418,0.00399075,-0.00256462,-0.000922785,0.00853277,-0.000419448,0.00737078,0.0066268,0.00328368,0.00154597,0.00342749,0.00840094,-0.00981508,0.00663447,-0.00128854,-0.2,0,0,0.42,-0.23,0,-0.2,0,0,0.42,-0.23,0,0,0,0,0,0,0,0,0,0,0,0,0,0,0,0,0,0,0.0188558,-0.00545415,-0.00171416,-0.00327249,-0.00057129,-0.010114,0.0137133,0.00327249,-0.0257124,0,0.00268267,0.000906898,-0.00685665,-0.00676862,0.000612138,0.00920388,0,-0.0138058,-0.0168738,0.0076699,-0.0019635,0.00981748,0.00460194,0.0168738,-0.00613592,-0.00306796,-0.0276117,0.00392699,-0.0107992,3.02024,0,-0.223722,-2.72461,8.70736,-3.36406,4.97781,-0.966797,-0.335582,-0.263672,11.6178,3.26863,-0.279652,0.64873,-6.13957,-2.5,0.375,0.1875,-2.5625,-0.125,-0.732422,-0.0976562,-1.8125,-0.5,0,-2.375,0.0625,-0.615234,0.0683594,0.149231,0.0262481,-0.0153203,-0.142179,0.527501,-0.109414,0.227815,-0.0397812,0.05946,-0.0453338,0.639209,0.132456,-0.0276409,0.126733,-0.909092,-0.417482,0.256462,0.0737509,-0.392891,0.000719054,-0.145452,-0.142353,-0.337572,-0.188344,-0.159103,-0.413911,0.223913,-0.136616,0.0365701
57.06,-0.201869,-0.000127832,0.000187487,0.421052,-0.243167,0.00321227,-0.202593,0.000332363,1.33919e-05,0.420251,-0.246127,-0.0033926,0.000200878,-0.000369852,0.00303381,0.00399075,-0.00256462,-0.000886833,0.0085088,-0.000443416,0.00736311,0.00661146,0.00330765,0.00158192,0.00345146,0.00840094,-0.00982706,0.00663447,-0.00128087,-0.2,0,0,0.42,-0.23,0,-0.2,0,0,0.42,-0.23,0,0,0,0,0,0,0,0,0,0,0,0,0,0,0,0,0,0,0.0222841,0.0152716,0.0119991,-0.00981748,-0.00164103,-0.00644202,0.00171416,-0.00109083,-0.0119991,-0.0250891,0,0,-0.0137133,-0.0125731,-0.000625817,0.00613592,-0.00920388,0.00613592,-0.00920388,0.00920388,0.000981748,-0.0127627,0.0076699,0,0.00460194,0,-0.0122718,0.011781,0.00392699,2.90838,-0.263672,-0.391513,-2.63672,8.61891,-3.41594,5.53711,-1.05469,0.447443,-0.0878906,11.6173,3.16434,-0.671165,0.549483,-5.98401,-2.5,0.3125,0.1875,-2.625,-0.125,-0.732422,-0.0976562,-1.8125,-0.4375,-0.0625,-2.375,0.0625,-0.634766,0.0683594,0.142374,-0.0177601,-0.0427469,-0.118556,0.529981,-0.115607,0.255831,-0.0310546,0.0226591,0.0626938,0.645074,0.135704,-0.0191236,0.148675,-0.908266,-0.411347,0.27487,0.0320698,-0.407032,-0.000335558,-0.148244,-0.119466,-0.346104,-0.158192,-0.181777,-0.420047,0.208813,-0.14447,0.0216905
57.1,-0.201856,-0.000144876,0.000160703,0.421044,-0.243159,0.00324105,-0.202606,0.00032384,-1.33919e-05,0.42026,-0.246123,-0.00337108,0.000133919,-0.000362304,0.003029,0.00399075,-0.00254066,-0.000886833,0.00853277,-0.000479369,0.00736311,0.00661913,0.00328368,0.00158192,0.00343947,0.00841293,-0.00979111,0.00661913,-0.00128087,-0.2,0,0,0.42,-0.23,0,-0.2,0,0,0.42,-0.23,0,0,0,0,0,0,0,0,0,0,0,0,0,0,0,0,0,0,-0.0137133,-0.01309,-0.00171416,-0.0152716,0.000560084,0.00643709,-0.02057,0.00218166,0.0377116,-0.00545415,-0.00214278,-0.0018286,-0.00171416,-0.00676862,0.000612138,0,-0.00306796,0.0138058,-0.00153398,0.0260777,-0.000981748,0.000981748,-0.00153398,0.0168738,-0.00153398,0,0.00306796,-0.0147262,0.00785398,3.63548,0.0878906,-0.391513,-3.60352,8.70784,-3.46836,5.1456,-0.966797,-0.111861,-0.878906,11.7068,3.21676,0,0.549483,-5.98401,-2.5,0.375,0.1875,-2.6875,-0.125,-0.751953,-0.107422,-1.8125,-0.4375,-0.0625,-2.375,0.0625,-0.615234,0.0488281,0.213031,0.0406675,-0.0126419,-0.0954606,0.525238,-0.142516,0.301739,-0.0367474,-0.074084,-0.0171246,0.649194,0.1385,-0.0350332,0.128997,-0.910536,-0.399075,0.260201,0.01673,-0.42357,-0.0164903,-0.14628,-0.133364,-0.3253,-0.191939,-0.168906,-0.420646,0.192754,-0.117656,0.0177635
57.16,-0.201843,-0.000127832,0.000187487,0.421001,-0.243155,0.00324826,-0.202619,0.000332363,-4.01757e-05,0.420268,-0.246114,-0.0033711,0.000147311,-0.000362289,0.00303864,0.00399075,-0.00254066,-0.000898817,0.00853277,-0.000467385,0.00735544,0.0066268,0.00329566,0.00156993,0.00342749,0.00840094,-0.00982706,0.0066268,-0.00128087,-0.2,0,0,0.42,-0.23,0,-0.2,0,0,0.42,-0.23,0,0,0,0,0,0,0,0,0,0,0,0,0,0,0,0,0,0,0.0257124,-0.00981748,0.0154275,-0.0218166,0.0021619,9.86834e-06,-0.0274266,0,0.0394257,-0.0119991,-0.00318896,-0.011016,0.00342833,-0.00483046,0.00308121,-0.00153398,-0.0153398,-0.0153398,-0.00153398,-0.0214757,-0.0107992,0.00981748,-0.00613592,-0.00920388,0.00306796,-0.00460194,0.00460194,-0.0127627,0.00687223,3.24396,0,-0.111861,-2.37305,8.61891,-3.41594,5.48118,-0.966797,0.223722,-0.703125,11.7068,3.21676,-0.167791,0.549483,-5.98401,-2.5,0.375,0.1875,-2.6875,-0.0625,-0.751953,-0.0976562,-1.8125,-0.4375,-0.0625,-2.3125,0,-0.605469,0.0488281,0.13284,0.0324181,-0.0496036,-0.0628881,0.521864,-0.12995,0.316792,-0.0332363,-0.0748339,0.00777683,0.650951,0.156876,-0.0544782,0.123178,-0.920835,-0.396007,0.284745,0.0756205,-0.42357,0.0308234,-0.13631,-0.142353,-0.317294,-0.138586,-0.17751,-0.410843,0.191939,-0.119773,0.0187452
57.2,-0.201856,-0.000144876,0.000187487,0.421061,-0.243167,0.00322665,-0.202579,0.00032384,-4.01757e-05,0.420243,-0.246119,-0.00337828,0.000147311,-0.000369852,0.00303381,0.00399075,-0.00252867,-0.000862864,0.00853277,-0.000443416,0.00735544,0.00661913,0.00329566,0.00156993,0.00345146,0.00841293,-0.00977913,0.00663447,-0.00128854,-0.2,0,0,0.42,-0.23,0,-0.2,0,0,0.42,-0.23,0,0,0,0,0,0,0,0,0,0,0,0,0,0,0,0,0,0,0.0359974,0.019635,0.00171416,0.00218166,-0.00109216,-0.00368186,-0.00685665,0.00218166,0.00857081,-0.0141808,-0.00105178,-0.00734892,-0.0239983,-0.00289828,0.00184873,-0.0184078,0.0122718,0.0076699,-0.00613592,-0.00153398,-0.00589049,-0.000981748,0.00460194,-0.00153398,0.0076699,0,0.00153398,0.00589049,-0.00883573,3.41175,0,-0.279652,-2.98828,8.53045,-3.46782,5.31339,-0.966797,0,0.175781,11.7068,3.21676,-0.167791,0.49997,-6.06163,-2.5,0.3125,0.1875,-2.6875,-0.0625,-0.761719,-0.107422,-1.875,-0.4375,-0.0625,-2.375,0,-0.615234,0.0683594,0.11361,-0.0247823,-0.022177,-0.167831,0.528882,-0.121702,0.271633,-0.0367474,-0.0131241,0.020339,0.646844,0.149829,0.0278016,0.11965,-0.91569,-0.362259,0.228323,0.0278034,-0.414367,0.0104023,-0.141218,-0.131401,-0.33877,-0.153925,-0.187913,-0.420646,0.194049,-0.13858,0.0346066
57.26,-0.201829,-0.000144876,0.000187487,0.421069,-0.243163,0.00323385,-0.202606,0.000332363,-5.35676e-05,0.420243,-0.246114,-0.0033711,0.000160703,-0.000369852,0.00303381,0.00400273,-0.00254066,-0.000862864,0.00853277,-0.000419448,0.00736311,0.00661913,0.00328368,0.00158192,0.00342749,0.00841293,-0.0098031,0.00663447,-0.00128854,-0.2,0,0,0.42,-0.23,0,-0.2,0,0,0.42,-0.23,0,0,0,0,0,0,0,0,0,0,0,0,0,0,0,0,0,0,0.00857081,0.00109083,-0.010285,0.0119991,-0.0043182,0.00181873,-0.00171416,0.00763582,0.0171416,-0.00981748,-0.00158047,-0.0101041,-0.0188558,-0.0087028,0.00061077,0.00460194,-0.00613592,0,-0.0138058,-0.00153398,0,0.00687223,-0.00460194,0,0.00153398,0.00306796,-0.0153398,0,-0.00490874,3.24396,-0.175781,-0.111861,-3.95508,8.61891,-3.41594,5.48118,-1.05469,0.111861,-0.0878906,11.6178,3.26863,-0.559304,0.598997,-5.90639,-2.5,0.375,0.1875,-2.625,-0.0625,-0.751953,-0.107422,-1.8125,-0.4375,0,-2.375,0.0625,-0.615234,0.0488281,0.165784,0.0123059,0.0018213,-0.208379,0.535164,-0.132991,0.264027,-0.0485079,-0.0289265,0.00288574,0.647734,0.155052,0.00835655,0.137064,-0.911976,-0.409477,0.266337,0.0431432,-0.399027,0.00992294,-0.147262,-0.139255,-0.319164,-0.158192,-0.174442,-0.426782,0.211402,-0.132689,0.0306796
57.3,-0.201869,-0.000136354,0.000187487,0.421044,-0.243146,0.00323392,-0.202593,0.000332363,1.33919e-05,0.420268,-0.24611,-0.00336394,0.000107135,-0.000369852,0.00303381,0.00399075,-0.00256462,-0.000886833,0.00853277,-0.000419448,0.00737078,0.00661913,0.00327169,0.00158192,0.00345146,0.00841293,-0.0098031,0.0066268,-0.00128854,-0.2,0,0,0.42,-0.23,0,-0.2,0,0,0.42,-0.23,0,0,0,0,0,0,0,0,0,0,0,0,0,0,0,0,0,0,0.00171416,-0.00327249,-0.010285,0.00327249,0.0021563,-0.0018286,0.0137133,-0.00327249,0.053139,0.00763582,-0.00319456,-0.00917752,-0.0445682,-0.0183777,-0.00186377,0.00460194,-0.00613592,0.00920388,0,0.00306796,0.00883573,-0.000981748,0.00306796,0.00306796,0.0199418,-0.00613592,0.00153398,-0.00392699,0.00981748,3.35582,-0.175781,-0.391513,-4.13086,8.61891,-3.41594,5.25746,-0.878906,-0.0559304,-0.263672,11.7068,3.21676,-0.279652,0.599107,-6.06179,-2.5,0.4375,0.1875,-2.6875,-0.125,-0.732422,-0.107422,-1.875,-0.4375,-0.0625,-2.3125,0.0625,-0.634766,0.0488281,0.183514,0.0201804,0.0018213,-0.169637,0.521539,-0.1257,0.231833,-0.0266913,-0.107617,-0.070763,0.650795,0.152913,0.101564,0.166089,-0.904553,-0.408279,0.268734,0.0259339,-0.426638,0.005321,-0.156251,-0.131401,-0.333305,-0.164328,-0.212456,-0.408374,0.194528,-0.128609,0.0159534
57.36,-0.201869,-0.000127832,0.00021427,0.421044,-0.243163,0.00324821,-0.202593,0.000315318,-5.35676e-05,0.420302,-0.246127,-0.00337824,0.000147311,-0.000354737,0.00304346,0.00400273,-0.00255264,-0.000898817,0.00854475,-0.000467385,0.0073401,0.00661913,0.00329566,0.00156993,0.00345146,0.00841293,-0.00983905,0.0066268,-0.00128087,-0.2,0,0,0.42,-0.23,0,-0.2,0,0,0.42,-0.23,0,0,0,0,0,0,0,0,0,0,0,0,0,0,0,0,0,0,0.0171416,-0.00981748,-0.00685665,0,0.000548879,0.00276016,0,-0.00872665,-0.010285,0.00763582,-0.00857671,-0.00547592,0,0,0,-0.0122718,-0.0138058,0.0199418,0,-0.0153398,-0.0137445,-0.0019635,0.00460194,-0.0153398,-0.00153398,0.00920388,-0.00306796,-0.00589049,0.00294524,3.1321,0.0878906,-0.167791,-2.72461,8.61891,-3.41594,5.1456,-0.966797,0.727095,-0.527344,11.7068,3.21676,-0.671165,0.545813,-5.83418,-2.4375,0.375,0.1875,-2.625,-0.0625,-0.761719,-0.0976562,-1.875,-0.4375,0,-2.375,0.0625,-0.615234,0.0683594,0.152659,0.0324181,-0.00771373,-0.156547,0.525428,-0.135449,0.259259,-0.0140785,0.0259267,-0.0758771,0.662229,0.146081,-0.0441933,0.106421,-0.913037,-0.375729,0.282876,0.00505734,-0.427238,0.0246875,-0.133057,-0.130419,-0.33877,-0.126314,-0.169505,-0.439054,0.199849,-0.126645,0.0226722
57.4,-0.201896,-0.000127832,0.000187487,0.421061,-0.243159,0.00322667,-0.202593,0.000332363,-6.69595e-05,0.420268,-0.246123,-0.00337108,0.000147311,-0.000362289,0.00303864,0.00399075,-0.00254066,-0.000886833,0.00854475,-0.000491353,0.00735544,0.0066268,0.00330765,0.00156993,0.00342749,0.00841293,-0.0098031,0.00663447,-0.00128087,-0.2,0,0,0.42,-0.23,0,-0.2,0,0,0.42,-0.23,0,0,0,0,0,0,0,0,0,0,0,0,0,0,0,0,0,0,-0.0137133,-0.00327249,0.0171416,0.00872665,0.000548879,0.00276016,0.00685665,0.0163625,-0.0137133,0.0294524,0.000534294,0.000916765,-0.010285,-0.00290425,-0.00185283,-0.00306796,-0.0076699,-0.00306796,0.00460194,-0.00920388,0.000981748,0.0176715,0.0122718,-0.0122718,0,0.0076699,-0.00153398,0.00589049,-0.00589049,3.52362,0.0878906,-0.503374,-2.98828,8.70784,-3.46836,5.31339,-0.966797,-0.167791,-1.58203,11.7068,3.21676,-0.447443,0.450237,-5.82844,-2.5,0.375,0.1875,-2.75,-0.125,-0.732422,-0.107422,-1.875,-0.375,0,-2.375,0.0625,-0.634766,0.0683594,0.217048,0.0193282,-0.0530319,-0.194011,0.525262,-0.134587,0.245546,-0.0659612,0.0341225,-0.158029,0.64384,0.13301,-0.0133383,0.117399,-0.906033,-0.392939,0.269405,0.0504776,-0.436442,0.0190309,-0.148091,-0.150207,-0.355308,-0.13245,-0.171374,-0.435986,0.197596,-0.13858,0.031508
57.46,-0.201816,-0.000136354,0.000187487,0.421044,-0.243163,0.00323385,-0.202606,0.00032384,-0.000107135,0.420234,-0.246123,-0.00338544,0.000160703,-0.000369852,0.00303381,0.00400273,-0.00254066,-0.000898817,0.00855674,-0.000443416,0.00736311,0.00661913,0.00328368,0.00156993,0.00340352,0.00841293,-0.00979111,0.0066268,-0.00128854,-0.2,0,0,0.42,-0.23,0,-0.2,0,0,0.42,-0.23,0,0,0,0,0,0,0,0,0,0,0,0,0,0,0,0,0,0,0.0685665,0.00654498,-0.00857081,0.00436332,0.0107815,-0.00914298,-0.0188558,-0.00327249,-0.00171416,0.0316341,-0.00801441,-0.0137515,-0.0445682,-0.00193418,-1.36798e-06,0.00306796,-0.0076699,0.0076699,0,0,-0.000981748,-0.0019635,-0.0122718,0.00153398,0.00460194,0.0107379,-0.00613592,-0.00490874,-0.0019635,2.96431,-0.175781,-0.223722,-3.07617,8.35258,-3.36298,5.64897,-0.878906,0.727095,-0.966797,11.8853,3.2173,-0.615234,0.49986,-5.90623,-2.5,0.375,0.1875,-2.625,-0.125,-0.732422,-0.0976562,-1.75,-0.4375,-0.0625,-2.375,0.0625,-0.615234,0.0488281,0.044454,0.000545415,-0.00160703,-0.174,0.504965,-0.111068,0.298311,-0.0258391,0.0141418,-0.161642,0.660936,0.16292,0.0854939,0.116758,-0.91014,-0.406409,0.269405,0.029601,-0.427837,0.00886833,-0.14628,-0.130419,-0.303824,-0.160061,-0.17938,-0.442122,0.201958,-0.127627,0.0277344
57.5,-0.201883,-0.000127832,0.000187487,0.421044,-0.243163,0.00321947,-0.202593,0.000340885,0,0.420226,-0.246114,-0.0033711,0.000200878,-0.000362289,0.00303864,0.00400273,-0.00256462,-0.000862864,0.00853277,-0.000419448,0.00736311,0.00661913,0.00329566,0.0015939,0.00343947,0.00841293,-0.00979111,0.0066268,-0.00128087,-0.2,0,0,0.42,-0.23,0,-0.2,0,0,0.42,-0.23,0,0,0,0,0,0,0,0,0,0,0,0,0,0,0,0,0,0,0.00171416,-0.00763582,0.00342833,-0.01309,-0.00430139,0.00733412,0.0222841,0.00654498,-0.0171416,-0.00109083,-0.00210916,-0.0128594,-0.0291408,-0.0135372,0.00122428,0.0107379,0,0.0122718,-0.00306796,-0.00613592,-0.00392699,0,0.0122718,-0.00920388,0.00613592,-0.00460194,-0.0107379,-0.000981748,0.00392699,3.35582,0.175781,-0.223722,-3.60352,8.61938,-3.52024,5.31339,-1.05469,0.111861,-0.703125,11.7068,3.21676,0,0.599217,-6.2172,-2.5,0.375,0.1875,-2.6875,-0.0625,-0.732422,-0.0976562,-1.875,-0.4375,-0.0625,-2.375,0.0625,-0.634766,0.0683594,0.184854,0.0280548,-0.0256053,-0.104187,0.535132,-0.143447,0.214691,-0.0471784,0.0342833,-0.0294638,0.648791,0.160563,0.0271588,0.149298,-0.915264,-0.421749,0.256462,0.0185995,-0.420502,0.0145249,-0.143335,-0.132383,-0.35411,-0.140982,-0.184245,-0.411442,0.20656,-0.131554,0.0216905
57.56,-0.201816,-0.000127832,0.000187487,0.421052,-0.243163,0.00324821,-0.202606,0.000332363,1.33919e-05,0.420302,-0.246123,-0.00338544,0.000174095,-0.000354737,0.00304346,0.00400273,-0.00254066,-0.000898817,0.00853277,-0.000443416,0.00737078,0.00661913,0.00329566,0.00156993,0.00342749,0.00840094,-0.00983905,0.00663447,-0.00128087,-0.2,0,0,0.42,-0.23,0,-0.2,0,0,0.42,-0.23,0,0,0,0,0,0,0,0,0,0,0,0,0,0,0,0,0,0,0.010285,0.00872665,0.00514249,0.00654498,-0.00269958,0.000906896,0.00171416,-0.00545415,0.0274266,0.00327249,-0.00481425,-0.00641242,-0.00171416,0.00386437,-0.00246497,-0.00306796,0.0184078,0.0138058,-0.00306796,0.00613592,0.0107992,0.00392699,-0.00613592,0.0245437,-0.00306796,0,-0.0107379,-0.000981748,0.00687223,3.74734,-0.263672,-0.223722,-3.07617,8.70784,-3.46836,4.97781,-0.966797,-0.279652,-0.527344,11.7958,3.16488,-0.559304,0.496194,-5.91197,-2.5,0.3125,0.1875,-2.6875,-0.0625,-0.751953,-0.107422,-1.75,-0.4375,-0.0625,-2.375,0.0625,-0.605469,0.0488281,0.161017,-0.00467012,-0.0290336,-0.184006,0.531925,-0.131742,0.257171,-0.0223279,-0.0561924,-0.0584238,0.654536,0.148242,-0.0470859,0.094828,-0.905642,-0.394137,0.21725,0.0173292,-0.420502,0.0027324,-0.158215,-0.13631,-0.317294,-0.206081,-0.165238,-0.420047,0.207519,-0.131708,0.0187452
57.6,-0.201896,-0.000136354,0.000187487,0.421044,-0.243163,0.00324821,-0.202579,0.000332363,-0.000120527,0.42026,-0.246119,-0.00337828,0.000174095,-0.000362289,0.00303864,0.00400273,-0.00252867,-0.000886833,0.00852078,-0.000419448,0.00736311,0.0066268,0.00329566,0.00156993,0.00342749,0.00840094,-0.0098031,0.0066268,-0.00128087,-0.2,0,0,0.42,-0.23,0,-0.2,0,0,0.42,-0.23,0,0,0,0,0,0,0,0,0,0,0,0,0,0,0,0,0,0,-0.0154275,-0.00327249,0.0137133,0.00872665,-0.00269397,0.00274536,0.00342833,0.0119991,-0.0154275,-0.0185441,0.00431357,-0.00553512,-0.0154275,-0.00192023,0.00863559,-0.0122718,-0.00306796,0.00306796,-0.0076699,-0.00460194,0.00687223,0.00392699,-0.00306796,-0.0122718,0.00306796,0.0107379,-0.0122718,-0.00392699,0,3.41175,-0.263672,-0.447443,-3.16406,8.61891,-3.41594,5.25746,-1.05469,0.447443,-0.263672,11.6178,3.26863,-0.391513,0.450566,-6.29466,-2.5,0.3125,0.1875,-2.6875,-0.0625,-0.751953,-0.0976562,-1.8125,-0.4375,-0.0625,-2.4375,0.0625,-0.615234,0.0683594,0.220477,0.0201804,-0.0461753,-0.191454,0.531914,-0.135419,0.251063,-0.0572345,0.0429076,0.0352353,0.636113,0.146201,-0.005946,0.114447,-0.937498,-0.375729,0.259003,0.0382057,-0.410699,0.0129909,-0.154134,-0.136463,-0.32343,-0.13245,-0.17751,-0.441523,0.208334,-0.128609,0.0256175
57.66,-0.201816,-0.00011931,0.00021427,0.421018,-0.243155,0.00321951,-0.202579,0.000315318,-0.000107135,0.420234,-0.246119,-0.00337828,0.000254446,-0.000362284,0.00304827,0.00401472,-0.00255264,-0.000886833,0.0085088,-0.000443416,0.00737078,0.00661146,0.00327169,0.00158192,0.00337955,0.00841293,-0.0098031,0.00663447,-0.00128087,-0.2,0,0,0.42,-0.23,0,-0.2,0,0,0.42,-0.23,0,0,0,0,0,0,0,0,0,0,0,0,0,0,0,0,0,0,0.0188558,0.00545415,0.0188558,-0.0141808,0.00161862,-0.000911831,0.0137133,-0.0239983,0.00342833,0.0185441,0.00376247,-0.000936499,0.0119991,-0.000966092,0.000616242,0,-0.00460194,0,-0.0260777,-0.0214757,0.0107992,-0.00785398,-0.00613592,0.00306796,0.0153398,0.00153398,-0.0260777,0.000981748,0.000981748,3.52362,0,-0.111861,-2.72461,8.61891,-3.41594,5.1456,-0.878906,0.279652,-0.791016,11.7068,3.21676,-1.73384,0.446575,-5.83418,-2.5,0.3125,0.1875,-2.625,-0.0625,-0.751953,-0.107422,-1.8125,-0.4375,-0.0625,-2.375,0.0625,-0.605469,0.0488281,0.143875,0.00102265,-0.0591386,-0.0959884,0.522954,-0.126957,0.230493,0.0164647,0.00385687,-0.109282,0.637216,0.137004,-0.112331,0.111584,-0.91633,-0.401472,0.264468,0.0443416,-0.373285,0.0303441,-0.158215,-0.124375,-0.314898,-0.164328,-0.199657,-0.423714,0.22214,-0.133671,0.0246357
57.7,-0.201883,-0.000110787,0.000187487,0.421027,-0.243159,0.00324105,-0.202593,0.000340885,-8.03514e-05,0.420217,-0.246114,-0.0033711,0.000160703,-0.000354737,0.00304346,0.00400273,-0.00254066,-0.000898817,0.00853277,-0.000455401,0.00737078,0.0066268,0.00329566,0.00156993,0.00342749,0.00841293,-0.00975516,0.00663447,-0.00128087,-0.2,0,0,0.42,-0.23,0,-0.2,0,0,0.42,-0.23,0,0,0,0,0,0,0,0,0,0,0,0,0,0,0,0,0,0,-0.0137133,-0.00981748,-0.0171416,-0.00872665,0.00486148,-0.000897028,0.0257124,0.00218166,0.0137133,-0.00654498,0.00161969,-0.0027651,-0.0274266,0.00289828,0.00308121,0.00306796,0,0,-0.0076699,-0.0076699,0.00883573,0.015708,0.00920388,-0.0138058,-0.00460194,-0.00306796,0.00460194,0.00490874,-0.000981748,3.46768,0,-0.111861,-2.10938,8.61891,-3.41594,4.97781,-0.966797,0.223722,-0.703125,11.7068,3.21676,-0.559304,0.496194,-5.91197,-2.5,0.3125,0.1875,-2.6875,-0.125,-0.751953,-0.117188,-1.8125,-0.4375,-0.0625,-2.25,0.0625,-0.615234,0.0488281,0.215709,0.0307137,0.0155346,-0.119084,0.516636,-0.127848,0.207834,-0.0384518,-0.0193915,-0.00636867,0.641334,0.140374,0.034069,0.0977263,-0.92228,-0.406409,0.254066,0.0449408,-0.411299,0.0167779,-0.156251,-0.148244,-0.347974,-0.129382,-0.162171,-0.41451,0.190501,-0.137598,0.0265992
57.76,-0.201869,-0.00016192,0.000187487,0.421061,-0.243163,0.00321947,-0.202606,0.00032384,-5.35676e-05,0.420234,-0.246119,-0.0033639,0.000147311,-0.000369852,0.00303381,0.00401472,-0.00256462,-0.000898817,0.00853277,-0.000443416,0.00737078,0.00661146,0.00328368,0.00156993,0.00342749,0.00841293,-0.00976714,0.0066268,-0.00128087,-0.2,0,0,0.42,-0.23,0,-0.2,0,0,0.42,-0.23,0,0,0,0,0,0,0,0,0,0,0,0,0,0,0,0,0,0,-0.0222841,-0.00981748,-0.0188558,0.0261799,0.000554482,0.00459863,0.00342833,0.00109083,-0.0154275,-0.00436332,-0.00106859,-0.00183353,0,-0.00580851,-0.00370566,0.00613592,0.00153398,0.00153398,0.00306796,-0.00306796,0.0137445,-0.00589049,0.00153398,-0.0107379,0.0076699,0.0107379,-0.0122718,-0.00294524,-0.0019635,3.29989,0.175781,-0.111861,-3.86719,8.61938,-3.52024,5.08967,-1.05469,0.447443,0.263672,11.7068,3.21676,-0.447443,0.599107,-6.06179,-2.5,0.3125,0.1875,-2.6875,-0.0625,-0.751953,-0.0976562,-1.8125,-0.375,-0.0625,-2.375,0.0625,-0.634766,0.0683594,0.231511,0.035827,0.0189629,-0.263824,0.525421,-0.137976,0.253742,-0.0345657,0.0362117,-0.0176524,0.646879,0.138223,-0.0441933,0.128381,-0.899027,-0.413743,0.253394,0.0418729,-0.432774,0.0119363,-0.16116,-0.126339,-0.331436,-0.135518,-0.186714,-0.442122,0.207615,-0.129591,0.027581
57.8,-0.201896,-0.000127832,0.000187487,0.421052,-0.243163,0.00323385,-0.202579,0.000332363,-4.01757e-05,0.420268,-0.246119,-0.00337828,0.00021427,-0.000354741,0.00303382,0.00396678,-0.00252867,-0.000886833,0.00853277,-0.000443416,0.00736311,0.0066268,0.00328368,0.00156993,0.00337955,0.00841293,-0.00977913,0.0066268,-0.00128087,-0.2,0,0,0.42,-0.23,0,-0.2,0,0,0.42,-0.23,0,0,0,0,0,0,0,0,0,0,0,0,0,0,0,0,0,0,0.00514249,0.00109083,0.00171416,-0.00218166,-0.00861399,0.0109913,0.010285,0.00981748,-0.00171416,0.00763582,-0.00692901,-0.0174333,0.0119991,-0.00676663,0.00184599,-0.0076699,0.0076699,0,-0.0076699,-0.00306796,-0.00883573,0.00392699,0.00460194,-0.0076699,-0.00613592,0.0107379,-0.00306796,-0.00687223,0.0019635,2.90838,-0.263672,-0.167791,-3.86719,8.70784,-3.46836,5.53711,-1.05469,0.335582,-0.263672,11.7963,3.26918,-1.00675,0.549593,-6.13941,-2.5,0.3125,0.1875,-2.6875,-0.0625,-0.751953,-0.0976562,-1.875,-0.4375,-0.0625,-2.4375,0.0625,-0.615234,0.0488281,0.179337,0.0106015,-0.022177,-0.149099,0.543756,-0.151337,0.23735,-0.0528712,0.00744589,-0.070763,0.658598,0.169998,-0.100279,0.126722,-0.915685,-0.381338,0.237527,0.0443416,-0.411299,0.0119363,-0.138426,-0.136463,-0.337572,-0.141654,-0.156706,-0.442122,0.198651,-0.125664,0.023654
57.86,-0.201883,-0.00011931,0.000187487,0.421061,-0.243163,0.00323385,-0.202579,0.00032384,-6.69595e-05,0.420243,-0.246119,-0.00337828,0.000160703,-0.000354741,0.00303382,0.00400273,-0.00254066,-0.000886833,0.00854475,-0.000419448,0.00735544,0.00661146,0.00327169,0.00156993,0.00345146,0.00840094,-0.00974318,0.00663447,-0.00128087,-0.2,0,0,0.42,-0.23,0,-0.2,0,0,0.42,-0.23,0,0,0,0,0,0,0,0,0,0,0,0,0,0,0,0,0,0,-0.0154275,0.00545415,0.0171416,0.0141808,-0.00430139,0.00733412,0.0137133,0,0.0445682,0.00436332,-0.000528691,-0.00275523,-0.00171416,-0.00677659,-0.00432327,0.00613592,0,0.00460194,0.00460194,0.0076699,-0.000981748,0,-0.00460194,0,0.00306796,-0.00460194,-0.00613592,0.00589049,0,3.46768,0,-0.223722,-4.57031,8.70784,-3.46836,5.08967,-0.878906,-0.279652,-0.0878906,11.7958,3.16488,-0.223722,0.549483,-5.98401,-2.5,0.375,0.1875,-2.6875,-0.0625,-0.732422,-0.107422,-1.8125,-0.4375,-0.0625,-2.375,0.0625,-0.615234,0.0683594,0.219137,0.00102265,-0.0530319,-0.215827,0.535131,-0.144022,0.230493,-0.032384,-0.0824405,-0.0538375,0.645798,0.140642,-0.0430683,0.126752,-0.897177,-0.412545,0.254066,0.0351377,-0.436442,0.000719054,-0.146127,-0.132229,-0.317965,-0.156993,-0.178709,-0.410843,0.200999,-0.13858,0.0256175
57.92,-0.201869,-0.000144876,0.000187487,0.421044,-0.243159,0.00324105,-0.202606,0.000332363,-8.03514e-05,0.42026,-0.246127,-0.00337824,0.000133919,-0.000347189,0.00304827,0.00397876,-0.00254066,-0.000886833,0.00852078,-0.000467385,0.00735544,0.00661913,0.00328368,0.00158192,0.0034155,0.00840094,-0.00977913,0.00663447,-0.00128087,-0.2,0,0,0.42,-0.23,0,-0.2,0,0,0.42,-0.23,0,0,0,0,0,0,0,0,0,0,0,0,0,0,0,0,0,0,0.0171416,-0.0152716,0.00171416,0.00545415,0.00539355,-0.00365226,-0.0222841,0.00327249,0.0394257,0.0316341,-0.00426875,-0.00917258,-0.00342833,-0.00483046,-0.000616242,-0.00460194,0,0.00613592,-0.0107379,-0.00306796,-0.0137445,0.0019635,-0.00460194,0.00460194,0.0076699,0,-0.00613592,0,0.0107992,3.02024,0.175781,-0.223722,-2.72461,8.61891,-3.41594,5.25746,-0.878906,0.503374,-0.966797,11.7068,3.21676,-0.111861,0.496194,-5.91197,-2.5,0.3125,0.1875,-2.625,-0.0625,-0.732422,-0.107422,-1.75,-0.4375,-0.0625,-2.375,0.0625,-0.615234,0.0683594,0.152659,0.0450309,-0.022177,-0.178364,0.515571,-0.122337,0.305167,-0.0397812,-0.0708163,-0.165478,0.653614,0.153475,-0.0298907,0.118648,-0.912632,-0.388672,0.254066,0.0320698,-0.404563,0.0124157,-0.133364,-0.134346,-0.319164,-0.167396,-0.186115,-0.420047,0.201718,-0.132689,0.0148183
57.96,-0.201856,-0.00011931,0.000160703,0.421052,-0.243167,0.00322665,-0.202579,0.000315318,-2.67838e-05,0.420251,-0.246119,-0.00337828,0.000120527,-0.000362304,0.003029,0.00397876,-0.00254066,-0.000886833,0.00853277,-0.000419448,0.00736311,0.00661913,0.00328368,0.00154597,0.00343947,0.00841293,-0.00981508,0.0066268,-0.00128087,-0.2,0,0,0.42,-0.23,0,-0.2,0,0,0.42,-0.23,0,0,0,0,0,0,0,0,0,0,0,0,0,0,0,0,0,0,0.0239983,0.00763582,-0.00342833,0.0283616,0.0021507,-0.00366706,-0.02057,-0.0239983,0,-0.00981748,-0.00318896,-0.011016,-0.00342833,0.00386237,-0.00369882,-0.00306796,-0.00306796,-0.00153398,-0.00153398,0.00460194,0.00981748,0.00392699,-0.00153398,0.0168738,0.0107379,-0.00153398,-0.00153398,-0.000981748,0.000981748,3.69141,0,-0.167791,-2.90039,8.53045,-3.46782,5.7049,-0.966797,0.335582,-0.878906,11.7963,3.26918,-0.167791,0.450347,-5.98385,-2.5,0.375,0.1875,-2.625,-0.0625,-0.761719,-0.0976562,-1.8125,-0.4375,-0.0625,-2.375,0.0625,-0.634766,0.0683594,0.137608,-0.00334067,-0.00921362,-0.271272,0.522396,-0.121732,0.29906,0.0164647,0.00267838,0.00160722,0.651118,0.157163,-0.0258731,0.0971042,-0.897603,-0.39174,0.260201,0.0474096,-0.42357,0.00378702,-0.15708,-0.13631,-0.3253,-0.188344,-0.193449,-0.417578,0.197836,-0.131554,0.0246357
58.02,-0.201883,-0.000127832,0.000187487,0.421035,-0.243163,0.00323385,-0.202633,0.000315318,-0.000120527,0.420302,-0.246114,-0.0033711,0.000120527,-0.000347194,0.00302901,0.00400273,-0.00254066,-0.000886833,0.00852078,-0.000431432,0.00737078,0.00661913,0.00328368,0.00155795,0.00345146,0.00840094,-0.00979111,0.0066268,-0.00128087,-0.2,0,0,0.42,-0.23,0,-0.2,0,0,0.42,-0.23,0,0,0,0,0,0,0,0,0,0,0,0,0,0,0,0,0,0,0.010285,-0.00763582,-0.00171416,-0.00545415,0.00377492,-0.00274043,-0.0257124,-0.00545415,-0.0188558,0.0174533,-0.00209235,-0.0183748,-0.0257124,0.00193218,-0.00123248,-0.00613592,0.00460194,0,-0.0122718,-0.00153398,0.00981748,-0.00490874,0.00460194,0.00460194,0,0.00613592,0.00306796,-0.00981748,0,3.57955,0,-0.279652,-2.72461,8.61891,-3.41594,5.48118,-0.791016,0.447443,-1.40625,11.7073,3.32106,0.279652,0.549593,-6.13941,-2.4375,0.3125,0.1875,-2.625,-0.0625,-0.751953,-0.0976562,-1.875,-0.4375,0,-2.4375,0,-0.615234,0.0488281,0.167712,0.0280548,-0.0153203,-0.133452,0.518978,-0.123873,0.314702,-0.0206235,0.0497643,-0.115147,0.648758,0.171594,0.0409792,0.0983615,-0.905005,-0.388001,0.244862,0.0443416,-0.401495,0.0101626,-0.157233,-0.127474,-0.337572,-0.164999,-0.172573,-0.432319,0.192754,-0.122718,0.0256175
58.06,-0.201856,-0.000127832,0.000200878,0.421001,-0.243167,0.00324101,-0.202606,0.00032384,-8.03514e-05,0.420208,-0.246119,-0.00337828,0.000160703,-0.000347189,0.00303864,0.00399075,-0.00255264,-0.000886833,0.00853277,-0.000467385,0.00736311,0.00661913,0.00329566,0.00158192,0.00342749,0.00840094,-0.00981508,0.0066268,-0.0012732,-0.2,0,0,0.42,-0.23,0,-0.2,0,0,0.42,-0.23,0,0,0,0,0,0,0,0,0,0,0,0,0,0,0,0,0,0,0.0119991,0.0141808,-0.00342833,-0.00654498,-0.00270518,-0.000931567,-0.0257124,0.00327249,-0.0154275,0,3.36155e-05,-0.0110308,-0.0171416,-0.010627,-0.00184873,0.00153398,-0.00460194,-0.00613592,0,-0.0168738,0,-0.00392699,0.00613592,-0.00306796,0,0,0,-0.00687223,0.00687223,3.35582,-0.175781,-0.111861,-2.8125,8.61891,-3.41594,5.48118,-0.966797,-0.167791,-0.263672,11.6178,3.26863,-0.279652,0.595433,-6.06755,-2.5,0.375,0.1875,-2.6875,-0.0625,-0.751953,-0.0976562,-1.8125,-0.4375,0,-2.375,0,-0.605469,0.0683594,0.161606,-0.0155784,-0.0132312,-0.123975,0.532106,-0.127777,0.312024,-0.038929,0.0388901,-0.0312701,0.644673,0.157193,0.00321406,0.136038,-0.906046,-0.402143,0.264468,0.0566135,-0.426638,0.0262215,-0.147262,-0.128456,-0.341838,-0.152056,-0.171374,-0.420047,0.196302,-0.125664,0.0185918
58.12,-0.201843,-0.000144876,0.000200878,0.42101,-0.243159,0.00324105,-0.202593,0.000332363,-0.000107135,0.42026,-0.246119,-0.00337828,0.000200878,-0.000354737,0.00304346,0.00400273,-0.00254066,-0.000862864,0.00853277,-0.000443416,0.00736311,0.0066268,0.00329566,0.00156993,0.00351138,0.00840094,-0.00976714,0.00663447,-0.00128854,-0.2,0,0,0.42,-0.23,0,-0.2,0,0,0.42,-0.23,0,0,0,0,0,0,0,0,0,0,0,0,0,0,0,0,0,0,-0.010285,0.00981748,0.0171416,-0.0250891,0.00433501,0.00369666,0.00514249,0,0.0137133,0.00436332,-0.000523089,-0.00459369,-0.00171416,-0.00869483,0.00308121,0,0.00613592,0.0153398,-0.0122718,0.00460194,0.00687223,0.00294524,-0.0076699,-0.00613592,0.00306796,-0.00613592,-0.0122718,0.00687223,-0.00490874,3.24396,0,-0.391513,-3.86719,8.61891,-3.41594,5.1456,-1.05469,0.503374,-0.0878906,11.7068,3.21676,-1.00675,0.545813,-5.98976,-2.5,0.4375,0.1875,-2.625,-0.125,-0.751953,-0.107422,-1.75,-0.4375,0,-2.375,0.0625,-0.615234,0.0683594,0.204835,-0.00514736,-0.0543711,-0.0510766,0.517688,-0.137035,0.248974,-0.0332363,-0.0167131,-0.0563945,0.645787,0.144319,-0.055121,0.132506,-0.92228,-0.400273,0.241794,0.0124636,-0.402095,0.00426638,-0.154134,-0.135481,-0.314226,-0.144721,-0.181705,-0.407775,0.207615,-0.139562,0.0306796
58.16,-0.201843,-0.000110787,0.00021427,0.421027,-0.243163,0.00324821,-0.202593,0.000332363,-1.33919e-05,0.420251,-0.246114,-0.00335674,0.000147311,-0.000369836,0.00304345,0.00400273,-0.00254066,-0.000898817,0.00853277,-0.000467385,0.00736311,0.00661913,0.00329566,0.00156993,0.00347543,0.00842491,-0.00979111,0.0066268,-0.0012732,-0.2,0,0,0.42,-0.23,0,-0.2,0,0,0.42,-0.23,0,0,0,0,0,0,0,0,0,0,0,0,0,0,0,0,0,0,-0.010285,0.00218166,0.0154275,-0.00763582,0.00163543,0.00460356,0.010285,0.00545415,0,-0.0119991,0.00161969,-0.0027651,0.0154275,-0.010629,0.00554481,-0.00306796,0.00306796,0.00460194,0.00306796,0,-0.00392699,0.000981748,0,-0.0076699,0.0138058,-0.00153398,0,-0.00687223,0.00981748,3.41175,-0.175781,-0.279652,-3.25195,8.61891,-3.41594,5.53711,-0.966797,-0.279652,-0.703125,11.6178,3.26863,-0.950817,0.49986,-5.90623,-2.5,0.3125,0.1875,-2.6875,-0.125,-0.751953,-0.0976562,-1.8125,-0.4375,-0.0625,-2.3125,0.0625,-0.615234,0.0683594,0.204835,0.00671543,-0.052282,-0.123447,0.523255,-0.139135,0.238689,-0.0441446,0.00133919,0.0103339,0.641335,0.1398,-0.0904756,0.142838,-0.92967,-0.394137,0.24793,0.035737,-0.432774,0.0093477,-0.143335,-0.133364,-0.329566,-0.141654,-0.201383,-0.418178,0.195822,-0.125664,0.0156466
58.22,-0.201869,-0.000127832,0.000174095,0.421027,-0.243163,0.00323385,-0.202579,0.000315318,-5.35676e-05,0.420285,-0.246114,-0.0033711,0.000160703,-0.000354737,0.00304346,0.00399075,-0.00256462,-0.000898817,0.00852078,-0.000467385,0.00735544,0.00661913,0.00329566,0.00156993,0.00352336,0.00841293,-0.0098031,0.0066268,-0.00128854,-0.2,0,0,0.42,-0.23,0,-0.2,0,0,0.42,-0.23,0,0,0,0,0,0,0,0,0,0,0,0,0,0,0,0,0,0,0.0239983,-0.0141808,0.010285,-0.019635,-0.00700657,0.00640255,-0.00685665,0,0,-0.00436332,-0.00371204,-0.0156097,-0.0325691,-0.00386437,0.00123248,0,-0.00460194,0,0.00306796,0.0076699,-0.00294524,0,0.00920388,-0.00460194,0.00460194,0.00306796,-0.00306796,-0.0019635,-0.0127627,2.96431,0,-0.391513,-3.33984,8.79677,-3.52078,5.31339,-0.878906,-0.111861,-1.05469,11.7073,3.32106,-0.279652,0.645052,-5.98976,-2.5,0.3125,0.1875,-2.75,-0.125,-0.771484,-0.107422,-1.875,-0.4375,0,-2.375,0.0625,-0.634766,0.0488281,0.138946,0.0411448,-0.0379794,-0.0754503,0.540541,-0.142159,0.271633,-0.0315318,0.00535676,-0.0253235,0.651997,0.166063,0.0494964,0.118014,-0.916734,-0.399075,0.265666,0.0449408,-0.432175,0.00167779,-0.144164,-0.132383,-0.347974,-0.147789,-0.185372,-0.426782,0.19913,-0.130572,0.0385336
58.26,-0.201843,-0.000127832,0.000187487,0.421044,-0.243163,0.00323385,-0.202606,0.000332363,-1.33919e-05,0.420302,-0.246123,-0.00337108,0.000174095,-0.000369852,0.00303381,0.00400273,-0.00256462,-0.000886833,0.00853277,-0.000455401,0.00735544,0.00661146,0.00328368,0.00158192,0.00340352,0.00840094,-0.0098031,0.00661913,-0.0012732,-0.2,0,0,0.42,-0.23,0,-0.2,0,0,0.42,-0.23,0,0,0,0,0,0,0,0,0,0,0,0,0,0,0,0,0,0,0.02057,0.0119991,0.0188558,0.00654498,-0.00112577,-0.0147126,-0.0137133,0.00436332,0.0342833,0.0141808,0.00380169,-0.0138057,-0.00171416,-0.0125811,-0.00556122,0,-0.0076699,0,-0.0076699,-0.00460194,-0.00981748,0,0.0122718,-0.00460194,0.00460194,0.0153398,-0.0138058,-0.0166897,0.000981748,3.57955,-0.175781,-0.167791,-2.98828,8.61891,-3.41594,5.53711,-0.966797,0.559304,-1.23047,11.5283,3.21621,-0.615234,0.49986,-5.90623,-2.5,0.3125,0.1875,-2.625,-0.125,-0.751953,-0.107422,-1.875,-0.375,-0.0625,-2.4375,0.0625,-0.615234,0.0488281,0.143125,-0.0112151,-0.0564602,-0.182727,0.528779,-0.0999286,0.288026,-0.0419629,-0.0672273,-0.102057,0.637305,0.162455,-0.0470859,0.148699,-0.89346,-0.400273,0.271802,0.0443416,-0.411299,0.01371,-0.137291,-0.132229,-0.352911,-0.148988,-0.17938,-0.450727,0.209868,-0.115693,0.0244823
58.32,-0.201829,-0.000136354,0.000187487,0.421061,-0.243163,0.00323385,-0.202579,0.00032384,0,0.420217,-0.246119,-0.00337828,0.000120527,-0.000354737,0.00304346,0.00397876,-0.00252867,-0.000886833,0.00853277,-0.000431432,0.00736311,0.0066268,0.00327169,0.00156993,0.00342749,0.00841293,-0.00976714,0.0066268,-0.00128087,-0.2,0,0,0.42,-0.23,0,-0.2,0,0,0.42,-0.23,0,0,0,0,0,0,0,0,0,0,0,0,0,0,0,0,0,0,0.0222841,0.0141808,0.0188558,0.0229074,0.0021507,-0.00366706,0.00171416,0.00545415,0.00514249,-0.0294524,-0.00212597,-0.00734399,-0.0548532,-0.010627,-0.000616242,-0.0107379,-0.00306796,-0.00153398,-0.00460194,-0.0153398,0.000981748,0,-0.00153398,0.0107379,-0.00153398,0.00920388,0,-0.00883573,0,3.57955,-0.175781,-0.111861,-3.51562,8.61891,-3.41594,5.03374,-1.05469,0.335582,-0.175781,11.7068,3.21676,0.167791,0.545813,-5.98976,-2.5,0.3125,0.1875,-2.6875,-0.0625,-0.732422,-0.107422,-1.8125,-0.4375,-0.0625,-2.375,0,-0.634766,0.0488281,0.138357,-0.0147262,-0.0564602,-0.250734,0.522226,-0.12202,0.254491,-0.0432923,-0.010285,0.0852611,0.648992,0.149819,0.128401,0.138302,-0.911188,-0.376401,0.259003,0.0474096,-0.417435,0.0239685,-0.148244,-0.132536,-0.324101,-0.178469,-0.168306,-0.439054,0.195343,-0.1237,0.0256175
58.36,-0.201856,-0.000136354,0.000187487,0.421044,-0.243172,0.00323381,-0.202579,0.00032384,-8.03514e-05,0.42026,-0.246119,-0.0033639,0.000160703,-0.000362289,0.00303864,0.00396678,-0.00255264,-0.000886833,0.00852078,-0.000419448,0.00736311,0.00661913,0.00328368,0.00156993,0.00340352,0.00840094,-0.00973119,0.00661913,-0.00128854,-0.2,0,0,0.42,-0.23,0,-0.2,0,0,0.42,-0.23,0,0,0,0,0,0,0,0,0,0,0,0,0,0,0,0,0,0,0.00171416,-0.0229074,0,-0.00109083,0.000526469,-0.00459369,-0.00514249,-0.00763582,-0.00342833,-0.00654498,-0.00320576,-0.00550059,0.0119991,-0.00675866,0.0067814,-0.0168738,-0.0122718,0.0138058,-0.0076699,0,0,0,-0.00613592,-0.0107379,-0.00460194,0.0153398,-0.0076699,-0.0215984,-0.00490874,3.35582,0.0878906,-0.223722,-3.95508,8.61891,-3.41594,5.36932,-0.966797,0.111861,0,11.7068,3.21676,-0.391513,0.599107,-6.06179,-2.5,0.375,0.1875,-2.6875,-0.0625,-0.751953,-0.0976562,-1.8125,-0.4375,-0.0625,-2.4375,0.0625,-0.615234,0.0683594,0.182176,0.0594503,-0.0187487,-0.152184,0.525813,-0.120165,0.268205,-0.0171124,0.0148918,-0.0127613,0.651153,0.145557,-0.0842082,0.128963,-0.931936,-0.36293,0.279808,0.01673,-0.410699,0.00838896,-0.147262,-0.132383,-0.316096,-0.135518,-0.160972,-0.450727,0.202294,-0.110784,0.0306796
58.42,-0.201883,-0.000127832,0.00021427,0.421052,-0.243159,0.00324105,-0.202593,0.000332363,-4.01757e-05,0.420226,-0.246123,-0.00338544,0.000147311,-0.000362289,0.00303864,0.00399075,-0.00255264,-0.000886833,0.00852078,-0.000467385,0.00736311,0.00661146,0.00329566,0.00155795,0.0034155,0.00841293,-0.00979111,0.00661913,-0.00128854,-0.2,0,0,0.42,-0.23,0,-0.2,0,0,0.42,-0.23,0,0,0,0,0,0,0,0,0,0,0,0,0,0,0,0,0,0,-0.0119991,-0.00327249,0.0325691,0.0109083,-0.00107535,0.00183353,0.00171416,0.0109083,0.00514249,-0.00545415,-0.00266587,-0.00642229,0.00685665,-0.00193019,0.00246633,-0.0076699,0.00306796,-0.00613592,-0.0153398,0.0138058,0,-0.00490874,-0.0138058,-0.0199418,-0.00920388,-0.00460194,-0.0214757,-0.00392699,-0.00785398,3.69141,0.0878906,-0.223722,-3.51562,8.61891,-3.41594,5.25746,-1.05469,0.223722,0.263672,11.7068,3.21676,-0.503374,0.549593,-6.13941,-2.5,0.375,0.1875,-2.6875,-0.125,-0.751953,-0.107422,-1.8125,-0.4375,-0.0625,-2.375,0.0625,-0.634766,0.0683594,0.21228,0.0193282,-0.0865652,-0.201459,0.528509,-0.133309,0.255831,-0.0550529,-0.00626741,-0.0120105,0.650239,0.148262,-0.0647632,0.114477,-0.91899,-0.383735,0.249128,0.0566135,-0.39536,-0.00445813,-0.147262,-0.12732,-0.301955,-0.115911,-0.152367,-0.411442,0.217298,-0.128456,0.0336249
58.46,-0.201843,-0.000144876,0.000187487,0.421061,-0.243167,0.00322665,-0.202619,0.000332363,-8.03514e-05,0.420294,-0.246127,-0.00337824,0.00021427,-0.000347194,0.00302901,0.00399075,-0.00254066,-0.000862864,0.00852078,-0.000443416,0.00737078,0.00661913,0.00328368,0.00156993,0.00342749,0.00840094,-0.00976714,0.0066268,-0.00128087,-0.2,0,0,0.42,-0.23,0,-0.2,0,0,0.42,-0.23,0,0,0,0,0,0,0,0,0,0,0,0,0,0,0,0,0,0,-0.00342833,0.00109083,0.0137133,-0.00109083,0.00324845,0.00185327,-0.0137133,-0.00545415,0.0119991,0.0239983,0.00215398,-0.00184833,0.0394257,0.00579655,-0.00369745,0.00306796,0.00613592,0.0199418,-0.0184078,-0.0184078,0.00883573,0.00490874,-0.0107379,0.00460194,-0.0076699,0,-0.00460194,-0.0019635,0.000981748,3.52362,0,-0.279652,-3.95508,8.53045,-3.46782,5.48118,-0.878906,0.111861,-0.439453,11.7068,3.21676,-0.559304,0.49986,-5.90623,-2.5,0.375,0.1875,-2.625,-0.0625,-0.761719,-0.107422,-1.8125,-0.4375,0,-2.375,0.0625,-0.634766,0.0683594,0.191121,0.0123059,-0.0461753,-0.154741,0.520201,-0.132773,0.289365,-0.0223279,-0.0159631,-0.140048,0.640768,0.138826,-0.182558,0.0867684,-0.89761,-0.405211,0.241794,0.00325971,-0.389224,0.0272761,-0.156251,-0.137291,-0.306892,-0.166197,-0.156035,-0.420047,0.199945,-0.130572,0.0246357
58.52,-0.201896,-0.00011931,0.000187487,0.421044,-0.243159,0.00324105,-0.202606,0.000332363,-4.01757e-05,0.420294,-0.246119,-0.00337828,0.000200878,-0.000369852,0.00303381,0.00400273,-0.00254066,-0.000898817,0.00852078,-0.000443416,0.00736311,0.0066268,0.00329566,0.00156993,0.00349939,0.00840094,-0.00981508,0.0066268,-0.00129621,-0.2,0,0,0.42,-0.23,0,-0.2,0,0,0.42,-0.23,0,0,0,0,0,0,0,0,0,0,0,0,0,0,0,0,0,0,-0.00514249,-0.00218166,0.00685665,0.0207258,0.00429579,-0.00917258,0.00342833,0.00327249,0.0377116,-0.0174533,-0.00212037,-0.00918245,-0.010285,-0.00869483,0.00554618,-0.0107379,-0.0199418,0.00306796,-0.00920388,0.0122718,0.0147262,0.0186532,0.00153398,-0.0153398,0,-0.00920388,-0.0107379,0.0019635,-0.0107992,3.18803,0.0878906,-0.279652,-3.33984,8.52997,-3.36352,5.36932,-0.791016,0.279652,0,11.7068,3.21676,-0.727095,0.50008,-6.21704,-2.4375,0.375,0.1875,-2.6875,-0.125,-0.771484,-0.107422,-1.8125,-0.375,-0.0625,-2.375,0,-0.644531,0.0488281,0.199907,0.0162943,-0.032462,-0.23945,0.517767,-0.111297,0.253742,-0.0397812,-0.0714056,0.0257579,0.648981,0.153496,-0.0294086,0.13704,-0.926782,-0.378797,0.293949,0.0388049,-0.407631,-0.00340352,-0.161988,-0.151189,-0.332634,-0.126314,-0.17497,-0.401639,0.207039,-0.134499,0.0367235
58.56,-0.201829,-0.000127832,0.000187487,0.421052,-0.243163,0.00323385,-0.202566,0.000315318,-2.67838e-05,0.420302,-0.246131,-0.00337104,0.000160703,-0.000362304,0.003029,0.00399075,-0.00254066,-0.000886833,0.00852078,-0.000419448,0.00734777,0.00661913,0.00328368,0.00156993,0.00342749,0.00840094,-0.0098031,0.0066268,-0.00128087,-0.2,0,0,0.42,-0.23,0,-0.2,0,0,0.42,-0.23,0,0,0,0,0,0,0,0,0,0,0,0,0,0,0,0,0,0,0.0291408,0.0359974,0.0188558,-0.00654498,0,0,0,-0.00545415,0.00342833,0.0185441,-0.00318896,-0.011016,-0.0137133,-7.97092e-06,-0.00493541,-0.00613592,-0.00153398,0.00153398,-0.00613592,-0.00153398,0.000981748,0.00883573,0.00460194,0.00153398,-0.00306796,-0.00306796,-0.0168738,-0.00490874,-0.000981748,3.1321,0,-0.279652,-3.51562,8.61891,-3.41594,5.53711,-1.14258,0.111861,-0.966797,11.6178,3.26863,-0.559304,0.49986,-5.90623,-2.5,0.4375,0.1875,-2.6875,-0.125,-0.751953,-0.0976562,-1.8125,-0.4375,0,-2.375,0,-0.615234,0.0683594,0.124644,-0.0592117,-0.0564602,-0.131646,0.526528,-0.129354,0.256582,-0.0206235,-0.00417827,-0.11951,0.651622,0.156874,-0.00707093,0.108715,-0.893893,-0.386803,0.257134,0.0412737,-0.413767,0.00992294,-0.147937,-0.141218,-0.337572,-0.160061,-0.165238,-0.413911,0.212936,-0.127627,0.0265992
58.62,-0.201829,-0.00011931,0.000187487,0.421018,-0.243159,0.00324105,-0.202579,0.000315318,-5.35676e-05,0.420294,-0.246123,-0.00337108,0.000160703,-0.000362304,0.003029,0.00397876,-0.00256462,-0.000922785,0.00852078,-0.000443416,0.00735544,0.00661913,0.00329566,0.00156993,0.00345146,0.00840094,-0.0098031,0.00663447,-0.00128087,-0.2,0,0,0.42,-0.23,0,-0.2,0,0,0.42,-0.23,0,0,0,0,0,0,0,0,0,0,0,0,0,0,0,0,0,0,0.0497107,-0.00654498,-0.00514249,-0.0381791,-0.00324845,-0.00185327,0.0239983,0.00109083,-0.0274266,0.0109083,-0.00374006,-0.00641735,-0.00685665,-0.0135372,0.00122428,-0.00613592,-0.00153398,0.00153398,-0.0076699,-0.00920388,-0.0186532,0,0.00306796,-0.00153398,0.0076699,0,0,0.00294524,-0.00392699,3.02024,0.175781,-0.279652,-2.90039,8.61891,-3.41594,4.86594,-0.966797,0.559304,-0.615234,11.7068,3.21676,-0.447443,0.599217,-6.2172,-2.5,0.4375,0.1875,-2.6875,-0.0625,-0.751953,-0.107422,-1.8125,-0.4375,-0.0625,-2.375,0.0625,-0.615234,0.0683594,0.0835037,0.0250209,-0.00846368,4.73857e-06,0.532855,-0.125935,0.209923,-0.0337135,0.06021,-0.0876885,0.652389,0.147678,-0.0276409,0.149303,-0.912372,-0.385604,0.25953,0.0430713,-0.410699,0.0180722,-0.128456,-0.132383,-0.335702,-0.153925,-0.187913,-0.420047,0.196062,-0.135635,0.0295445
58.66,-0.201856,-0.000127832,0.000160703,0.421078,-0.243172,0.00323381,-0.202606,0.000315318,-1.33919e-05,0.420277,-0.246123,-0.0033567,0.000147311,-0.000369852,0.00303381,0.00399075,-0.00255264,-0.000898817,0.00855674,-0.000443416,0.00736311,0.0066268,0.00329566,0.00158192,0.00345146,0.00841293,-0.00977913,0.0066268,-0.00130388,-0.2,0,0,0.42,-0.23,0,-0.2,0,0,0.42,-0.23,0,0,0,0,0,0,0,0,0,0,0,0,0,0,0,0,0,0,-0.0308549,-0.0239983,-0.0325691,0.0163625,2.24103e-05,0.00735385,0.00171416,0.00436332,0.0377116,0.0152716,-0.00210916,-0.0128594,-0.00171416,-0.00676862,0.000612138,0,0,-0.00920388,0.0107379,-0.00460194,-0.00981748,0.00392699,-0.00460194,-0.00153398,-0.0184078,-0.00613592,-0.00153398,0.000981748,-0.0186532,3.52362,-0.175781,-0.167791,-4.74609,8.53045,-3.46782,5.48118,-0.878906,-0.111861,-0.791016,11.6178,3.26863,-0.894886,0.549483,-5.98401,-2.5,0.375,0.1875,-2.6875,-0.0625,-0.751953,-0.107422,-1.75,-0.4375,0,-2.3125,0,-0.634766,0.0683594,0.247314,0.0607797,0.0490679,-0.227111,0.526821,-0.14406,0.257171,-0.0402585,-0.074084,-0.102585,0.649129,0.159987,-0.0390508,0.131261,-0.91198,-0.399075,0.255264,0.0633486,-0.449313,0.0134703,-0.137445,-0.136463,-0.320362,-0.155124,-0.135757,-0.408374,0.197117,-0.133518,0.0447309
58.72,-0.201883,-0.000127832,0.000187487,0.421044,-0.243159,0.00325542,-0.202593,0.000332363,-2.67838e-05,0.420311,-0.246114,-0.00335674,0.000120527,-0.000347189,0.00303864,0.00400273,-0.00254066,-0.000886833,0.00852078,-0.000431432,0.00735544,0.00661146,0.00329566,0.00155795,0.00346344,0.00842491,-0.0098031,0.00663447,-0.0012732,-0.2,0,0,0.42,-0.23,0,-0.2,0,0,0.42,-0.23,0,0,0,0,0,0,0,0,0,0,0,0,0,0,0,0,0,0,0.00685665,0,-0.00171416,-0.00109083,0.0049119,0.0156491,0.00685665,-0.0141808,0.0394257,-0.00436332,-0.00267707,-0.00274536,-0.0154275,-0.0115931,-0.0073949,0.00460194,0,0,-0.00460194,-0.0199418,-0.019635,0.0019635,-0.00153398,0.00613592,-0.00613592,-0.0076699,0.00306796,0.0019635,0.000981748,3.24396,-0.175781,-0.391513,-2.98828,8.61891,-3.41594,5.08967,-0.966797,0,0,11.6178,3.26863,-0.671165,0.595433,-5.75639,-2.5,0.3125,0.1875,-2.6875,-0.0625,-0.732422,-0.107422,-1.8125,-0.5,0,-2.375,0,-0.605469,0.0683594,0.174569,0.0127832,-0.0153203,-0.152184,0.516532,-0.161515,0.245546,-0.00487465,-0.0761731,-0.029159,0.649929,0.13976,0.0101243,0.138936,-0.889408,-0.409477,0.254066,0.0443416,-0.416835,0.0285704,-0.127474,-0.134193,-0.326498,-0.168067,-0.1609,-0.405906,0.192994,-0.134653,0.0244823
58.76,-0.201869,-0.000127832,0.000187487,0.421027,-0.243155,0.00324826,-0.202579,0.000306796,-5.35676e-05,0.420277,-0.246119,-0.0033639,0.000174095,-0.000354737,0.00304346,0.00399075,-0.00254066,-0.000862864,0.00853277,-0.000443416,0.00736311,0.00661913,0.00328368,0.00156993,0.00345146,0.00841293,-0.00981508,0.00663447,-0.00128087,-0.2,0,0,0.42,-0.23,0,-0.2,0,0,0.42,-0.23,0,0,0,0,0,0,0,0,0,0,0,0,0,0,0,0,0,0,0.010285,0,0,-0.0163625,-0.00596484,-0.00646176,0.0257124,-0.01309,0.0171416,0.0109083,0.00107979,-0.0018434,0.00514249,0.00966092,0.00369745,0.00306796,-0.0076699,0.00153398,-0.00306796,-0.0076699,-0.000981748,0,-0.00460194,0.0076699,-0.00460194,-0.00153398,-0.00920388,0.0147262,0.0019635,2.90838,0.175781,-0.0559304,-2.28516,8.70736,-3.36406,5.1456,-0.878906,-0.167791,-0.175781,11.6178,3.26863,-0.391513,0.496194,-5.91197,-2.5,0.3125,0.1875,-2.6875,-0.0625,-0.751953,-0.0976562,-1.8125,-0.4375,0,-2.375,0.0625,-0.634766,0.0488281,0.166373,0.0127832,-0.0187487,-0.0885402,0.538118,-0.117007,0.206495,-0.00449968,-0.0289265,-0.0851315,0.642582,0.138243,-0.0676559,0.0774383,-0.924129,-0.405211,0.269405,0.0400752,-0.420502,0.0165382,-0.14628,-0.132383,-0.319164,-0.172333,-0.163369,-0.417578,0.205505,-0.147416,0.023654
58.82,-0.201829,-0.00011931,0.000187487,0.42101,-0.243155,0.00323387,-0.202606,0.000332363,1.33919e-05,0.420243,-0.246119,-0.00337828,0.000160703,-0.000347189,0.00303864,0.00400273,-0.00256462,-0.000886833,0.00853277,-0.000443416,0.00736311,0.00661146,0.00327169,0.00156993,0.00347543,0.00841293,-0.00981508,0.00663447,-0.0012732,-0.2,0,0,0.42,-0.23,0,-0.2,0,0,0.42,-0.23,0,0,0,0,0,0,0,0,0,0,0,0,0,0,0,0,0,0,0.0171416,-0.00327249,-0.00342833,-0.0447241,-0.00275,-0.0156393,-0.00857081,0.00436332,0,0,2.24103e-05,-0.00735385,-0.010285,0.00193218,-0.00369745,0.00460194,-0.00460194,0.00153398,-0.00920388,-0.00306796,-0.00490874,-0.0019635,-0.00920388,0.00306796,0.0107379,0.00460194,-0.0107379,0.00785398,-0.00589049,3.35582,0,-0.223722,-2.54883,8.70736,-3.36406,5.1456,-0.878906,0.111861,-0.439453,11.7068,3.21676,-0.335582,0.496194,-5.91197,-2.5,0.375,0.1875,-2.625,-0.0625,-0.751953,-0.107422,-1.75,-0.4375,-0.0625,-2.375,0.0625,-0.634766,0.0683594,0.148642,0.0184759,-0.011892,0.0274632,0.53169,-0.0980762,0.277741,-0.0419629,-0.00133919,-0.0363842,0.644696,0.149839,-0.0173559,0.0983603,-0.9005,-0.409477,0.265666,0.0412737,-0.408231,0.0119363,-0.142353,-0.130266,-0.308762,-0.163129,-0.195247,-0.42985,0.207039,-0.140543,0.0313546
58.86,-0.201869,-0.000110787,0.000187487,0.421027,-0.243159,0.00324105,-0.202579,0.00032384,1.33919e-05,0.420217,-0.246119,-0.0033639,0.000147311,-0.000369852,0.00303381,0.00397876,-0.00254066,-0.000898817,0.00852078,-0.000443416,0.00736311,0.00661913,0.00329566,0.00156993,0.00349939,0.00841293,-0.00976714,0.0066268,-0.00128854,-0.2,0,0,0.42,-0.23,0,-0.2,0,0,0.42,-0.23,0,0,0,0,0,0,0,0,0,0,0,0,0,0,0,0,0,0,0.0239983,0.00327249,0.00342833,-0.0141808,-0.00107535,0.00183353,0.00857081,-0.00109083,0.0154275,0.0272708,-0.000517486,-0.00643216,-0.00171416,-0.010633,0.0030771,-0.0214757,0.0076699,0,0,0.00306796,0.00883573,-0.00392699,0.00460194,-0.00460194,-0.00613592,0.00460194,0.00306796,-0.000981748,-0.0019635,3.02024,0.0878906,-0.391513,-2.90039,8.61891,-3.41594,4.86594,-0.966797,-0.223722,-0.439453,11.6178,3.26863,-0.167791,0.599107,-6.06179,-2.4375,0.375,0.1875,-2.6875,-0.0625,-0.751953,-0.107422,-1.8125,-0.4375,0,-2.375,0.0625,-0.615234,0.0488281,0.138946,0.00453376,-0.0256053,-0.0972669,0.528509,-0.133309,0.240778,-0.0302024,-0.0321941,-0.141632,0.645777,0.14742,-0.0390508,0.142855,-0.919375,-0.354925,0.238726,0.0449408,-0.426039,0.00580036,-0.156098,-0.128456,-0.33877,-0.147789,-0.162698,-0.42985,0.192275,-0.131554,0.0277344
58.92,-0.201896,-0.000136354,0.000187487,0.421027,-0.243163,0.00323385,-0.202619,0.000332363,-4.01757e-05,0.420302,-0.246127,-0.00337824,0.000160703,-0.000369852,0.00303381,0.00400273,-0.00255264,-0.000898817,0.00852078,-0.000419448,0.00736311,0.00661913,0.00328368,0.00155795,0.00349939,0.00841293,-0.0098031,0.00663447,-0.00128087,-0.2,0,0,0.42,-0.23,0,-0.2,0,0,0.42,-0.23,0,0,0,0,0,0,0,0,0,0,0,0,0,0,0,0,0,0,-0.0137133,-0.00327249,0.00342833,-0.00436332,-0.00107535,0.00183353,-0.02057,-0.0152716,0.0257124,-0.00109083,-0.00480864,-0.00825088,-0.00171416,-0.00967686,-0.00370839,-0.00306796,0.00153398,0.00460194,0.00306796,-0.0076699,0.0019635,-0.00294524,-0.00153398,-0.00460194,-0.00613592,0,0.00153398,-0.00392699,0,3.57955,0.0878906,-0.335582,-2.19727,8.61891,-3.41594,5.76083,-0.791016,0.447443,-0.615234,11.7068,3.21676,-0.447443,0.49986,-5.90623,-2.4375,0.4375,0.1875,-2.6875,-0.0625,-0.761719,-0.0976562,-1.8125,-0.4375,0,-2.375,0,-0.615234,0.0683594,0.217048,0.0201804,-0.0256053,-0.136537,0.528678,-0.133021,0.303078,-0.00269299,-0.0474073,-0.0409705,0.654693,0.151631,-0.0430683,0.139986,-0.899019,-0.394137,0.252196,0.035737,-0.432175,0.0160589,-0.149226,-0.129437,-0.3253,-0.146591,-0.162698,-0.420646,0.194528,-0.128762,0.0256175
58.96,-0.201856,-0.000153398,0.000187487,0.421061,-0.243163,0.00324821,-0.202579,0.000306796,-2.67838e-05,0.420294,-0.246119,-0.0033639,0.000147311,-0.000369852,0.00303381,0.00399075,-0.00256462,-0.000886833,0.00853277,-0.000431432,0.00737078,0.00663447,0.00329566,0.00156993,0.00347543,0.00840094,-0.00977913,0.0066268,-0.00128854,-0.2,0,0,0.42,-0.23,0,-0.2,0,0,0.42,-0.23,0,0,0,0,0,0,0,0,0,0,0,0,0,0,0,0,0,0,0.0325691,-0.0141808,-0.0137133,0.0294524,0.0021675,0.00184833,0.00857081,-0.00545415,-0.00171416,-0.00872665,-0.00213157,-0.00550552,-0.0359974,-0.010635,0.00184325,-0.0168738,0.00153398,-0.0168738,0.00920388,-0.0199418,0.011781,0.0137445,0.00920388,0.00460194,0.0138058,0.00153398,-0.00613592,0,-0.011781,3.63548,0.175781,-0.279652,-3.60352,8.61891,-3.41594,5.36932,-1.05469,-0.167791,0,11.7068,3.21676,-0.447443,0.599107,-6.06179,-2.5,0.375,0.1875,-2.75,-0.0625,-0.751953,-0.107422,-1.875,-0.4375,-0.0625,-2.375,0.0625,-0.634766,0.0683594,0.120466,0.0437014,0.00867795,-0.276914,0.522191,-0.133625,0.240778,-0.0197713,0.0061067,-0.0091487,0.649005,0.145567,0.063799,0.142861,-0.915674,-0.365327,0.253394,0.0780892,-0.445046,0.0285704,-0.159197,-0.146434,-0.347974,-0.166197,-0.201383,-0.423115,0.201718,-0.132536,0.0375519
59.02,-0.201829,-0.00011931,0.000187487,0.421044,-0.243155,0.00323387,-0.202579,0.000332363,-8.03514e-05,0.420243,-0.246127,-0.0033926,0.000187487,-0.000354737,0.00304346,0.00397876,-0.00254066,-0.000886833,0.00852078,-0.000467385,0.00736311,0.00663447,0.00329566,0.00156993,0.00349939,0.00841293,-0.00977913,0.00663447,-0.00128854,-0.2,0,0,0.42,-0.23,0,-0.2,0,0,0.42,-0.23,0,0,0,0,0,0,0,0,0,0,0,0,0,0,0,0,0,0,0.0119991,0.00981748,0.0188558,-0.00327249,-0.00325966,-0.00553019,0.00685665,0,0.0171416,0.00109083,-0.000500678,-0.0119475,-0.0222841,-0.00289828,-0.00184873,0,-0.0138058,-0.00460194,-0.0168738,-0.00153398,-0.000981748,0.00687223,0.0107379,-0.00613592,0.00613592,0.0076699,-0.0076699,0.0127627,-0.00981748,3.52362,-0.175781,-0.391513,-2.19727,8.70736,-3.36406,4.97781,-0.791016,0.223722,-0.351562,11.7068,3.21676,-0.615234,0.545813,-5.83418,-2.5,0.4375,0.1875,-2.625,-0.0625,-0.751953,-0.0976562,-1.875,-0.4375,-0.0625,-2.375,0.0625,-0.615234,0.0488281,0.158927,-0.00770399,-0.0564602,-0.143457,0.532709,-0.118294,0.244206,-0.0332363,-0.0262481,-0.0407475,0.646076,0.159599,0.0106064,0.115116,-0.90749,-0.397876,0.281677,0.0535455,-0.392292,0.0108817,-0.14628,-0.139562,-0.351042,-0.144721,-0.187242,-0.435986,0.203252,-0.145452,0.0355884
59.06,-0.201896,-0.000136354,0.000174095,0.421027,-0.243159,0.00324105,-0.202593,0.00032384,-8.03514e-05,0.420251,-0.246119,-0.0033639,0.000120527,-0.000369852,0.00303381,0.00397876,-0.00254066,-0.000886833,0.00853277,-0.000443416,0.00736311,0.00661146,0.00329566,0.00154597,0.00346344,0.00840094,-0.00982706,0.0066268,-0.00128087,-0.2,0,0,0.42,-0.23,0,-0.2,0,0,0.42,-0.23,0,0,0,0,0,0,0,0,0,0,0,0,0,0,0,0,0,0,-0.0325691,0.00327249,-0.00857081,-0.0109083,0.0070626,0.0119821,0.00857081,0.00545415,0.00514249,-0.0119991,0.00215959,-0.00368679,-0.0428541,0.00387035,0.00123659,-0.00306796,0.0076699,0.0107379,0,-0.00613592,-0.00687223,-0.0176715,0,-0.00613592,0.00920388,-0.0076699,-0.00153398,-0.00589049,0.000981748,3.8592,-0.175781,-0.279652,-2.72461,8.53045,-3.46782,5.7049,-0.878906,0,-0.175781,11.7068,3.21676,-0.335582,0.400723,-5.90607,-2.5,0.3125,0.1875,-2.6875,-0.125,-0.732422,-0.0976562,-1.8125,-0.4375,-0.0625,-2.375,0,-0.634766,0.0488281,0.25476,0.0070904,-0.000267837,-0.110357,0.512233,-0.153606,0.242118,-0.0432923,-0.00224984,0.0103339,0.640422,0.14193,0.0924041,0.0993446,-0.913854,-0.39174,0.238726,0.0228659,-0.426638,0.0150042,-0.14039,-0.114558,-0.329566,-0.142325,-0.19158,-0.404707,0.198075,-0.126645,0.0246357
59.12,-0.201896,-0.000136354,0.000187487,0.421052,-0.243155,0.00323387,-0.202606,0.000315318,-2.67838e-05,0.420243,-0.246127,-0.00337824,0.000160703,-0.000369852,0.00303381,0.00397876,-0.00256462,-0.000886833,0.00853277,-0.000419448,0.00736311,0.0066268,0.00330765,0.00154597,0.00345146,0.00840094,-0.00981508,0.00663447,-0.00130388,-0.2,0,0,0.42,-0.23,0,-0.2,0,0,0.42,-0.23,0,0,0,0,0,0,0,0,0,0,0,0,0,0,0,0,0,0,0,0.0239983,-0.0137133,0.00763582,0.00485027,-0.00457395,-0.00685665,-0.00981748,0.0377116,0.0185441,-0.00480304,-0.0100893,0.0154275,-0.0125751,-0.00185967,-0.00460194,-0.00306796,0.00460194,0.00613592,0.00613592,0.000981748,0.0147262,0.0107379,0,0.00460194,-0.00153398,0.00613592,0.00785398,-0.0235619,3.02024,-0.263672,-0.0559304,-3.86719,8.61891,-3.41594,4.92188,-0.878906,0.279652,-1.05469,11.7963,3.26918,-0.279652,0.549483,-5.98401,-2.4375,0.375,0.1875,-2.75,-0.125,-0.751953,-0.117188,-1.8125,-0.4375,-0.0625,-2.3125,0,-0.634766,0.0488281,0.189622,-0.0343612,0.00867795,-0.188369,0.516489,-0.120207,0.274312,-0.0118969,-0.0727448,-0.110561,0.654682,0.155308,-0.0944932,0.148681,-0.904565,-0.388672,0.262598,0.0351377,-0.43891,0.00225303,-0.148244,-0.147262,-0.35224,-0.154597,-0.181777,-0.416979,0.190166,-0.140543,0.0496396
59.16,-0.201869,-0.000136354,0.00021427,0.42101,-0.243167,0.00322665,-0.202579,0.000332363,-8.03514e-05,0.420217,-0.24611,-0.00336394,0.00021427,-0.000377415,0.00302899,0.00399075,-0.00254066,-0.000886833,0.00853277,-0.000443416,0.0073401,0.00661913,0.00329566,0.00158192,0.00342749,0.00840094,-0.00979111,0.00663447,-0.00128087,-0.2,0,0,0.42,-0.23,0,-0.2,0,0,0.42,-0.23,0,0,0,0,0,0,0,0,0,0,0,0,0,0,0,0,0,0,0.0171416,-0.00327249,0.0222841,-0.0207258,0.00271638,0.00460849,0.00171416,0.01309,-0.00857081,-0.0185441,0.00214838,-9.86716e-06,0.0308549,-0.00580851,-0.00370566,0.0076699,-0.0122718,0.0076699,0,-0.00920388,-0.0186532,-0.00392699,0.00460194,0,0.0153398,0,-0.00153398,0.00981748,-0.000981748,3.41175,-0.175781,-0.167791,-2.02148,8.61891,-3.41594,4.97781,-0.966797,0.615234,-1.49414,11.7068,3.21676,-0.335582,0.549483,-5.98401,-2.5,0.375,0.1875,-2.625,-0.0625,-0.751953,-0.0976562,-1.8125,-0.4375,-0.0625,-2.375,0.0625,-0.634766,0.0683594,0.152659,0.0201804,-0.0659953,-0.0685299,0.521265,-0.138283,0.254491,-0.0594162,0.0251768,0.0416279,0.640109,0.134577,-0.156846,0.13065,-0.897579,-0.414415,0.278609,0.0290018,-0.426638,0.0180722,-0.128149,-0.128456,-0.33877,-0.158192,-0.202054,-0.420047,0.197356,-0.142507,0.0265992
59.22,-0.201896,-0.000136354,0.000187487,0.421061,-0.243172,0.00323381,-0.202579,0.00032384,-4.01757e-05,0.420251,-0.246119,-0.0033639,0.000160703,-0.000354737,0.00304346,0.00399075,-0.00254066,-0.000862864,0.00854475,-0.000443416,0.00736311,0.00661913,0.00329566,0.00155795,0.00340352,0.00840094,-0.0098031,0.00661913,-0.00128854,-0.2,0,0,0.42,-0.23,0,-0.2,0,0,0.42,-0.23,0,0,0,0,0,0,0,0,0,0,0,0,0,0,0,0,0,0,0.0171416,0,0.00514249,-0.00654498,-0.00377492,0.00274043,0.0171416,-0.00545415,-0.0342833,0.0163625,0.00322817,-0.00185326,0.00685665,0.00289828,-0.00184873,-0.00613592,-0.00613592,-0.0122718,-0.00613592,0.00306796,0.000981748,0.00687223,-0.00460194,-0.00613592,-0.0230097,0.00613592,-0.00613592,-0.0147262,-0.00883573,3.24396,0,-0.167791,-4.13086,8.53045,-3.46782,4.86594,-0.966797,0.559304,-0.351562,11.6178,3.26863,-0.615234,0.496194,-5.91197,-2.5,0.375,0.1875,-2.625,-0.0625,-0.751953,-0.107422,-1.75,-0.375,0,-2.375,0.0625,-0.595703,0.0488281,0.155338,0.0136354,-0.0290336,-0.132924,0.534416,-0.134833,0.223636,-0.0214757,0.0725841,-0.103113,0.638285,0.138263,-0.0687808,0.0977263,-0.90749,-0.386803,0.266337,0.0676869,-0.414966,0.00580036,-0.148244,-0.139255,-0.320362,-0.143523,-0.124157,-0.432319,0.202198,-0.117656,0.0346066
59.28,-0.201883,-0.000144876,0.000160703,0.421044,-0.243172,0.00321945,-0.202593,0.000332363,-8.03514e-05,0.420311,-0.246114,-0.0033711,0.000147311,-0.000362304,0.003029,0.00400273,-0.00254066,-0.000898817,0.00854475,-0.000443416,0.00736311,0.00661913,0.00328368,0.00154597,0.00342749,0.00841293,-0.00981508,0.00663447,-0.00128087,-0.2,0,0,0.42,-0.23,0,-0.2,0,0,0.42,-0.23,0,0,0,0,0,0,0,0,0,0,0,0,0,0,0,0,0,0,-0.00342833,0.01309,-0.00514249,0,0.00485587,-0.00273549,-0.00342833,0.00545415,0.00342833,0.0141808,-0.00639472,-0.0165166,-0.0274266,-0.00677061,-0.000621714,0.0076699,-0.0184078,0,-0.00460194,0.0076699,0.00981748,0,0,-0.0138058,0.00306796,0.00306796,-0.0429515,0.011781,0,3.35582,-0.175781,-0.391513,-3.33984,8.53045,-3.46782,5.36932,-0.878906,0.503374,-0.878906,11.7963,3.26918,-0.223722,0.549593,-6.13941,-2.5,0.375,0.1875,-2.6875,-0.0625,-0.761719,-0.0976562,-1.8125,-0.4375,-0.0625,-2.375,0.0625,-0.634766,0.0683594,0.195139,-0.0116923,-0.0057853,-0.156547,0.517156,-0.123307,0.266116,-0.0441446,0.00117849,-0.103336,0.657362,0.167877,0.0380865,0.129003,-0.906834,-0.415613,0.290881,0.0449408,-0.418034,0.00119842,-0.15708,-0.132383,-0.328368,-0.126985,-0.17751,-0.426782,0.239253,-0.14447,0.0256175
59.32,-0.201883,-0.00011931,0.000187487,0.421035,-0.243159,0.00324105,-0.202606,0.00032384,-1.33919e-05,0.420294,-0.24611,-0.00336394,0.000147311,-0.000362289,0.00303864,0.00399075,-0.00256462,-0.000886833,0.00853277,-0.000431432,0.0073401,0.00661913,0.00329566,0.00158192,0.00346344,0.00841293,-0.00981508,0.00664214,-0.00128087,-0.2,0,0,0.42,-0.23,0,-0.2,0,0,0.42,-0.23,0,0,0,0,0,0,0,0,0,0,0,0,0,0,0,0,0,0,0.0411399,0.019635,0.0188558,-0.0218166,-0.0043182,0.00181873,0.00171416,-0.00872665,0.0514249,0.01309,-0.00535414,-0.00549072,-0.0257124,0.000968085,0.00061761,0,-0.00306796,-0.00306796,0.00153398,-0.0153398,-0.0274889,-0.0147262,0.00613592,0.0138058,0.00920388,0.0153398,0.00306796,0.0147262,-0.000981748,3.1321,0,-0.279652,-3.51562,8.61891,-3.41594,5.31339,-1.05469,0.167791,-0.263672,11.7068,3.21676,-0.447443,0.49986,-5.90623,-2.5,0.3125,0.1875,-2.6875,-0.0625,-0.751953,-0.0976562,-1.8125,-0.4375,-0.0625,-2.4375,0.0625,-0.615234,0.0683594,0.106002,-0.0273389,-0.0564602,-0.0680021,0.534995,-0.133279,0.257171,-0.0149307,-0.101511,-0.0964152,0.655114,0.145539,0.0329441,0.105782,-0.913444,-0.399075,0.262598,0.0504776,-0.429706,0.0239685,-0.119313,-0.117656,-0.341838,-0.185803,-0.19158,-0.451326,0.193234,-0.147569,0.0265992
59.38,-0.201856,-0.00016192,0.000174095,0.421044,-0.243163,0.00323385,-0.202579,0.00032384,-6.69595e-05,0.420226,-0.246114,-0.0033711,0.000133919,-0.000354741,0.00303382,0.00400273,-0.00256462,-0.000886833,0.00853277,-0.000455401,0.00736311,0.00661146,0.00329566,0.00156993,0.00347543,0.00840094,-0.00976714,0.0066268,-0.00128087,-0.2,0,0,0.42,-0.23,0,-0.2,0,0,0.42,-0.23,0,0,0,0,0,0,0,0,0,0,0,0,0,0,0,0,0,0,0.0154275,-0.0119991,0.00857081,-0.00981748,-0.00703458,-0.00278977,0.0308549,0,-0.0154275,-0.00327249,-0.00372325,-0.0119327,-0.0119991,0.000966092,-0.000616242,-0.0076699,-0.0107379,-0.00460194,-0.0107379,0.00153398,0,-0.00392699,0.0168738,0.00153398,0.00460194,0,0.00920388,-0.00785398,-0.000981748,3.57955,0,-0.503374,-3.42773,8.70784,-3.46836,4.81001,-0.966797,0.559304,-0.263672,11.7963,3.26918,-0.447443,0.49986,-5.90623,-2.4375,0.4375,0.1875,-2.6875,-0.0625,-0.751953,-0.107422,-1.875,-0.4375,-0.0625,-2.375,0,-0.615234,0.0683594,0.154749,0.0401903,-0.0345511,-0.117277,0.540597,-0.123774,0.19621,-0.032384,0.0375509,-0.0207372,0.65202,0.158709,-0.00417827,0.103524,-0.908298,-0.384933,0.277938,0.0535455,-0.405163,0.00757403,-0.147262,-0.128302,-0.363314,-0.160061,-0.182975,-0.420047,0.186139,-0.124682,0.0265992
59.42,-0.201869,-0.000102265,0.00021427,0.421061,-0.243163,0.00323385,-0.202526,0.000332363,-4.01757e-05,0.420302,-0.246123,-0.00337108,0.000174095,-0.000369852,0.00303381,0.00400273,-0.00252867,-0.000910801,0.00853277,-0.000431432,0.00736311,0.00661146,0.00329566,0.00156993,0.00346344,0.00840094,-0.00977913,0.0066268,-0.00128854,-0.2,0,0,0.42,-0.23,0,-0.2,0,0,0.42,-0.23,0,0,0,0,0,0,0,0,0,0,0,0,0,0,0,0,0,0,-0.00171416,-0.0119991,0.0291408,0.00545415,0.00213389,-0.00918245,0.053139,-0.00109083,0.0137133,0.00327249,-0.00533734,-0.0110061,0.0119991,-0.00967686,-0.00370839,-0.0107379,0.0107379,0.00153398,0,0.00460194,0.00490874,-0.00490874,0.00920388,0.0168738,0.0076699,0.00460194,0.0122718,-0.000981748,-0.00785398,3.1321,0.0878906,-0.111861,-2.90039,8.61891,-3.41594,4.81001,-0.878906,0,-0.703125,11.7963,3.26918,-0.391513,0.549483,-5.98401,-2.4375,0.3125,0.1875,-2.6875,-0.125,-0.751953,-0.107422,-1.8125,-0.4375,-0.0625,-2.375,0,-0.634766,0.0488281,0.190371,0.0342248,-0.0797086,-0.180921,0.52226,-0.110989,0.146286,-0.0310546,-0.023409,-0.0584238,0.655583,0.156855,-0.0882258,0.139986,-0.899019,-0.378797,0.231391,0.0424721,-0.426638,0.0040267,-0.152171,-0.12732,-0.347974,-0.190741,-0.188512,-0.429251,0.183311,-0.131554,0.0336249
59.48,-0.201896,-0.000144876,0.000187487,0.421061,-0.243155,0.00324826,-0.202593,0.000306796,-2.67838e-05,0.42026,-0.246131,-0.0033854,0.000160703,-0.000354741,0.00303382,0.0040267,-0.00254066,-0.000886833,0.00853277,-0.000443416,0.00736311,0.00661913,0.00328368,0.00154597,0.00346344,0.00842491,-0.00981508,0.0066268,-0.00128087,-0.2,0,0,0.42,-0.23,0,-0.2,0,0,0.42,-0.23,0,0,0,0,0,0,0,0,0,0,0,0,0,0,0,0,0,0,0,-0.00327249,0.00857081,0.0141808,0.00270518,0.000931567,0.0119991,-0.00545415,-0.0137133,0.00436332,-0.00160288,-0.00275029,0.00342833,0.00289828,-0.00184873,-0.00460194,0.00920388,0.00920388,-0.00306796,-0.00920388,-0.00392699,-0.0019635,0,-0.00613592,0.00306796,0.00920388,0.00460194,-0.00883573,0.000981748,3.18803,0.0878906,-0.279652,-3.95508,8.61891,-3.41594,5.20153,-0.966797,0.615234,-0.703125,11.6173,3.16434,-0.727095,0.450347,-5.98385,-2.4375,0.3125,0.1875,-2.6875,-0.0625,-0.751953,-0.107422,-1.8125,-0.4375,-0.0625,-2.375,0,-0.605469,0.0488281,0.189622,0.0210326,-0.0358903,-0.215827,0.520778,-0.131794,0.235261,-0.0197713,0.030105,-0.0563945,0.648449,0.140917,-0.0584958,0.0977275,-0.904601,-0.393466,0.235658,0.0259339,-0.420502,0.0180722,-0.143335,-0.130419,-0.328368,-0.142325,-0.179308,-0.439653,0.1917,-0.1237,0.0246357
59.52,-0.201843,-0.000127832,0.000187487,0.421044,-0.243163,0.00323385,-0.202579,0.00032384,-0.000107135,0.420243,-0.246123,-0.00338544,0.000160703,-0.000369852,0.00303381,0.00399075,-0.00254066,-0.000862864,0.00853277,-0.000491353,0.00736311,0.00663447,0.00330765,0.00156993,0.00342749,0.00840094,-0.00974318,0.0066268,-0.0012732,-0.2,0,0,0.42,-0.23,0,-0.2,0,0,0.42,-0.23,0,0,0,0,0,0,0,0,0,0,0,0,0,0,0,0,0,0,0.0119991,-0.00872665,0,-0.00327249,-0.00325966,-0.00553019,0,-0.00545415,-0.0119991,-0.00109083,0.00267707,0.00274536,0,-0.0183896,-0.00926688,0.00153398,0.00460194,0.00460194,-0.00613592,-0.0138058,0.000981748,0.0127627,0,-0.00153398,-0.00153398,-0.00306796,-0.0214757,0.0019635,0.0107992,3.29989,0.175781,-0.0559304,-3.60352,8.61891,-3.41594,5.36932,-0.878906,0.391513,-0.966797,11.6173,3.16434,-0.894886,0.64851,-5.82876,-2.5,0.375,0.1875,-2.6875,-0.0625,-0.751953,-0.0976562,-1.8125,-0.4375,-0.0625,-2.375,0.0625,-0.644531,0.0683594,0.160267,0.0302365,-0.0187487,-0.143457,0.533047,-0.118294,0.25792,-0.0214757,0.0347118,-0.0320208,0.639553,0.129927,-0.0482108,0.166124,-0.882343,-0.402143,0.244862,0.0339393,-0.414367,0.0236329,-0.148244,-0.145452,-0.330765,-0.153925,-0.168306,-0.413911,0.216339,-0.134499,0.0146649
59.58,-0.201843,-0.000144876,0.000187487,0.421044,-0.243159,0.00324105,-0.202552,0.00032384,-4.01757e-05,0.42026,-0.246127,-0.00337824,0.000147311,-0.000369852,0.00303381,0.00399075,-0.00254066,-0.000886833,0.00852078,-0.000419448,0.00736311,0.00661146,0.00328368,0.00155795,0.00342749,0.00840094,-0.00977913,0.00663447,-0.00128854,-0.2,0,0,0.42,-0.23,0,-0.2,0,0,0.42,-0.23,0,0,0,0,0,0,0,0,0,0,0,0,0,0,0,0,0,0,-0.00171416,-0.00872665,-0.0171416,-0.00763582,-0.00271638,-0.00460849,0.0137133,0,0.02057,-0.0370882,-0.00160288,-0.00275029,0.00514249,-0.00581249,-0.00617336,0.00306796,0.00613592,-0.00153398,-0.0076699,0.00460194,0.00490874,-0.00392699,0.00460194,-0.00153398,0.00153398,0.00920388,0,0.00294524,-0.0147262,3.35582,-0.175781,-0.447443,-2.72461,8.61891,-3.41594,5.25746,-0.791016,0.503374,0.615234,11.7068,3.21676,0.223722,0.49986,-5.90623,-2.5,0.3125,0.1875,-2.6875,-0.0625,-0.732422,-0.107422,-1.8125,-0.4375,-0.0625,-2.4375,0.0625,-0.615234,0.0683594,0.187693,0.0319409,0.0155346,-0.126004,0.531791,-0.120425,0.227815,-0.032384,-0.0371223,0.109412,0.648282,0.14063,-0.0596207,0.128393,-0.891624,-0.405211,0.241794,0.0474096,-0.410699,0.00378702,-0.152171,-0.128302,-0.337572,-0.152727,-0.174442,-0.438455,0.195583,-0.135635,0.0404971
59.62,-0.201883,-0.000136354,0.000187487,0.421044,-0.243163,0.00323385,-0.202593,0.000315318,1.33919e-05,0.420285,-0.246114,-0.00335674,0.000174095,-0.000354741,0.00303382,0.00399075,-0.00254066,-0.000862864,0.00854475,-0.000443416,0.00736311,0.00661913,0.00328368,0.00156993,0.0034155,0.00841293,-0.00977913,0.00663447,-0.00128087,-0.2,0,0,0.42,-0.23,0,-0.2,0,0,0.42,-0.23,0,0,0,0,0,0,0,0,0,0,0,0,0,0,0,0,0,0,0,-0.00872665,0.0291408,0.00218166,-0.00321484,0.00917752,-0.00171416,-0.00436332,0.0222841,0.00218166,-0.00321137,-0.00366213,-0.0137133,-0.00194015,-0.00370292,0.0122718,0.0107379,0.0107379,0,-0.0138058,0,0.000981748,0,-0.0107379,-0.00153398,0.0122718,0.00920388,0.000981748,0.0019635,3.69141,0.0878906,-0.391513,-4.13086,8.61938,-3.52024,5.59304,-0.878906,0.279652,0.527344,11.7068,3.21676,-0.615234,0.49986,-5.90623,-2.5,0.375,0.1875,-2.625,-0.0625,-0.751953,-0.107422,-1.8125,-0.4375,0,-2.4375,0.0625,-0.605469,0.0683594,0.188282,0.0310887,-0.0770302,-0.165274,0.532957,-0.147709,0.262688,-0.0228052,-0.0459074,-0.0515034,0.650998,0.141594,-0.0110885,0.112243,-0.899038,-0.423618,0.23259,0.0216675,-0.427238,0.0226742,-0.147262,-0.133364,-0.328368,-0.135518,-0.167707,-0.44519,0.186379,-0.133671,0.023654
59.68,-0.201829,-0.00016192,0.000200878,0.421044,-0.243159,0.00324105,-0.202593,0.000332363,-8.03514e-05,0.420311,-0.246119,-0.0033639,0.000160703,-0.000362289,0.00303864,0.00396678,-0.00256462,-0.000886833,0.00852078,-0.000479369,0.00736311,0.00661146,0.00329566,0.00156993,0.00340352,0.00841293,-0.00974318,0.0066268,-0.00128854,-0.2,0,0,0.42,-0.23,0,-0.2,0,0,0.42,-0.23,0,0,0,0,0,0,0,0,0,0,0,0,0,0,0,0,0,0,0.00857081,-0.0109083,0.00685665,-0.0109083,0.00539355,-0.00365226,-0.010285,0.00109083,0.0188558,0.0109083,-0.00321137,-0.00366213,-0.010285,-0.00967288,-0.00124069,-0.0076699,-0.00920388,0.00306796,-0.0153398,-0.00920388,0.00294524,-0.00490874,0,0.0122718,0.00460194,0.00613592,0.00306796,0.000981748,-0.00883573,3.41175,0.175781,-0.111861,-3.16406,8.61891,-3.41594,5.64897,-1.05469,0.167791,-0.966797,11.6173,3.16434,-0.503374,0.49986,-5.90623,-2.5,0.3125,0.1875,-2.6875,-0.0625,-0.751953,-0.0976562,-1.8125,-0.4375,0,-2.375,0.0625,-0.634766,0.0683594,0.165784,0.0380086,-0.0338011,-0.112914,0.515571,-0.122337,0.279829,-0.0354179,-0.0296764,-0.0902456,0.651164,0.14188,-0.0173559,0.137705,-0.907869,-0.381338,0.27487,0.0382057,-0.39536,0.0187913,-0.150207,-0.12732,-0.329566,-0.181537,-0.17938,-0.432918,0.191796,-0.133518,0.0346066
59.72,-0.201829,-0.000127832,0.000160703,0.421061,-0.243159,0.00324105,-0.202593,0.000315318,-0.000120527,0.420268,-0.246119,-0.00337828,0.000187487,-0.000369852,0.00303381,0.00399075,-0.00255264,-0.000886833,0.00853277,-0.000455401,0.00735544,0.00661146,0.00329566,0.00156993,0.00342749,0.00842491,-0.00977913,0.00661913,-0.00128087,-0.2,0,0,0.42,-0.23,0,-0.2,0,0,0.42,-0.23,0,0,0,0,0,0,0,0,0,0,0,0,0,0,0,0,0,0,-0.00857081,-0.00763582,0,0.0229074,0.00268837,-0.00458382,0.00857081,0,0.0308549,0.0229074,0.000534294,0.000916765,-0.010285,-0.00870678,-0.00185693,-0.00920388,-0.00920388,0.00460194,-0.0153398,-0.00920388,-0.011781,-0.00687223,0.00306796,0,0.0076699,0.0138058,-0.0076699,-0.0107992,0.000981748,3.63548,0.0878906,-0.279652,-3.16406,8.52997,-3.36352,5.53711,-0.878906,0.279652,-0.351562,11.6173,3.16434,-0.279652,0.549483,-5.98401,-2.5,0.4375,0.1875,-2.625,-0.0625,-0.751953,-0.107422,-1.8125,-0.4375,-0.0625,-2.375,0.0625,-0.644531,0.0488281,0.200067,0.0280548,-0.0160703,-0.250734,0.520982,-0.120474,0.242118,-0.0315318,-0.0496572,-0.13185,0.643672,0.133298,-0.025391,0.137076,-0.904573,-0.380667,0.273672,0.0351377,-0.395959,0.0183119,-0.135328,-0.125357,-0.335702,-0.156993,-0.186714,-0.448857,0.203252,-0.121583,0.0246357
59.78,-0.201816,-0.000110787,0.000187487,0.421027,-0.243159,0.00322667,-0.202606,0.00032384,-0.000147311,0.420277,-0.246127,-0.00337824,0.000187487,-0.000354737,0.00304346,0.00400273,-0.00254066,-0.000886833,0.00853277,-0.000443416,0.00736311,0.00661146,0.00329566,0.00156993,0.00342749,0.00841293,-0.00977913,0.0066268,-0.00128087,-0.2,0,0,0.42,-0.23,0,-0.2,0,0,0.42,-0.23,0,0,0,0,0,0,0,0,0,0,0,0,0,0,0,0,0,0,0.00342833,0.0119991,0.00857081,-0.00218166,-0.00272759,-0.00828542,0.00171416,0.00109083,-0.010285,0,-0.0085431,-0.0165067,0.00685665,-0.00966092,-0.00369745,0,-0.00460194,-0.0138058,-0.00920388,0.00306796,-0.00490874,-0.00589049,0.00920388,-0.0337476,0.0153398,0.0122718,0.0076699,-0.000981748,0.00687223,3.35582,0.0878906,-0.391513,-2.54883,8.61891,-3.41594,5.31339,-1.05469,0.279652,-0.0878906,11.7068,3.21676,-0.671165,0.595433,-5.75639,-2.5,0.375,0.1875,-2.625,-0.125,-0.732422,-0.107422,-1.875,-0.375,-0.0625,-2.375,0.0625,-0.634766,0.0488281,0.17473,-0.0129195,-0.0358903,-0.145263,0.531815,-0.112496,0.257171,-0.0345657,0.035301,-0.0414982,0.662162,0.168143,-0.0768159,0.135404,-0.901944,-0.400273,0.263269,0.0719533,-0.408231,0.00580036,-0.142353,-0.126339,-0.347974,-0.0894982,-0.202054,-0.44519,0.187913,-0.131554,0.0187452
59.82,-0.201869,-0.000136354,0.000160703,0.421061,-0.243151,0.00322671,-0.202579,0.000315318,-6.69595e-05,0.420294,-0.246114,-0.00335674,0.000133919,-0.000362289,0.00303864,0.00397876,-0.00255264,-0.000886833,0.00854475,-0.000443416,0.00736311,0.00663447,0.00329566,0.00156993,0.00345146,0.00841293,-0.00973119,0.00663447,-0.00128087,-0.2,0,0,0.42,-0.23,0,-0.2,0,0,0.42,-0.23,0,0,0,0,0,0,0,0,0,0,0,0,0,0,0,0,0,0,0.0325691,-0.0185441,0,0.01309,-0.00327086,-0.00920712,0.0222841,-0.01309,-0.00514249,0.0218166,-0.00158047,-0.0101041,-0.0137133,-0.00484042,-0.00308805,-0.0138058,0,0.00153398,0.0199418,-0.00306796,-0.00589049,0.0166897,0.00153398,-0.0122718,0.0168738,0,0,-0.0019635,0,3.29989,0,-0.391513,-2.28516,8.7963,-3.41648,5.81676,-1.05469,0.391513,-0.966797,11.6178,3.26863,-0.335582,0.49986,-5.90623,-2.4375,0.375,0.1875,-2.75,-0.0625,-0.732422,-0.0976562,-1.8125,-0.4375,-0.0625,-2.375,0,-0.605469,0.0683594,0.121804,0.0507236,-0.0160703,-0.211464,0.532563,-0.110654,0.213352,-0.00535189,0.0169809,-0.131322,0.647736,0.154478,0.000964213,0.123208,-0.902327,-0.370265,0.255264,0.0412737,-0.467121,0.0119363,-0.141372,-0.149379,-0.332634,-0.13245,-0.20632,-0.420646,0.194624,-0.130726,0.0256175
59.88,-0.201856,-0.000127832,0.000187487,0.421044,-0.243163,0.00323385,-0.202566,0.00032384,-5.35676e-05,0.420277,-0.246119,-0.00337828,0.000160703,-0.000362289,0.00303864,0.00399075,-0.00256462,-0.000886833,0.00852078,-0.000443416,0.00736311,0.0066268,0.00329566,0.00156993,0.00347543,0.00841293,-0.00976714,0.00663447,-0.00128087,-0.2,0,0,0.42,-0.23,0,-0.2,0,0,0.42,-0.23,0,0,0,0,0,0,0,0,0,0,0,0,0,0,0,0,0,0,0,-0.00109083,-0.00514249,-0.0152716,-1.68077e-05,-0.00551539,0.0359974,-0.00545415,0.02057,0.0109083,0.00323378,-0.00369173,-0.0239983,0.00774069,0.00247317,0.00460194,-0.0122718,0.0138058,-0.0122718,-0.00920388,-0.000981748,0.0107992,0.00613592,0,0.0107379,0.00153398,-0.0107379,0.00490874,0.000981748,3.29989,-0.175781,-0.279652,-3.25195,8.61891,-3.41594,4.92188,-0.966797,0.391513,-1.58203,11.7068,3.21676,-0.447443,0.400833,-6.06147,-2.5,0.375,0.1875,-2.5625,-0.0625,-0.732422,-0.107422,-1.8125,-0.4375,-0.0625,-2.375,0.0625,-0.634766,0.0683594,0.185604,0.0149648,-0.00846368,-0.0954606,0.526561,-0.118323,0.184587,-0.0214757,-0.0357831,-0.0851315,0.638273,0.142515,0.023784,0.0854646,-0.919011,-0.408279,0.281006,0.01673,-0.401495,0.0180722,-0.14628,-0.143335,-0.341838,-0.156993,-0.195247,-0.423714,0.206081,-0.137598,0.0246357
59.92,-0.201829,-0.000127832,0.000187487,0.421018,-0.243155,0.00323387,-0.202606,0.00032384,-4.01757e-05,0.420277,-0.246114,-0.0033711,0.000147311,-0.000347189,0.00304827,0.00400273,-0.00256462,-0.000886833,0.00852078,-0.000443416,0.00737078,0.00661146,0.00329566,0.0015939,0.00345146,0.00841293,-0.00981508,0.00664214,-0.0012732,-0.2,0,0,0.42,-0.23,0,-0.2,0,0,0.42,-0.23,0,0,0,0,0,0,0,0,0,0,0,0,0,0,0,0,0,0,0.0239983,-0.0239983,-0.0119991,-0.0229074,0.00754985,-0.00548085,-0.0137133,0,0.00857081,0.00981748,-0.000523089,-0.00459369,-0.00342833,0.000966092,-0.00184873,-0.0153398,-0.00613592,0.00153398,-0.0122718,-0.00306796,0.0127627,-0.00392699,0.0076699,0.0076699,-0.00613592,0.0076699,0.0184078,0.00687223,0.00294524,3.29989,0.0878906,-0.167791,-2.72461,8.61891,-3.41594,5.48118,-0.791016,0.223722,-0.263672,11.7958,3.16488,-0.335582,0.496194,-5.91197,-2.4375,0.3125,0.1875,-2.6875,-0.125,-0.751953,-0.107422,-1.8125,-0.4375,-0.0625,-2.375,0,-0.615234,0.0683594,0.134929,0.0607797,0.00524962,-0.0610818,0.51109,-0.118393,0.288026,-0.032384,-0.0131241,-0.0807682,0.645619,0.144031,-0.0339083,0.101259,-0.908935,-0.369594,0.268734,0.0412737,-0.401495,0.0119363,-0.160178,-0.128302,-0.344906,-0.17473,-0.160301,-0.435986,0.177894,-0.139715,0.0225188
59.98,-0.201896,-0.000127832,0.00021427,0.421027,-0.243163,0.00324821,-0.202593,0.00032384,-2.67838e-05,0.4202,-0.246127,-0.00337824,0.000160703,-0.000347189,0.00303864,0.00400273,-0.00256462,-0.000886833,0.00853277,-0.000407464,0.00737078,0.00660379,0.00328368,0.00155795,0.00349939,0.00841293,-0.00979111,0.00663447,-0.00128087,-0.2,0,0,0.42,-0.23,0,-0.2,0,0,0.42,-0.23,0,0,0,0,0,0,0,0,0,0,0,0,0,0,0,0,0,0,-0.0274266,0.0152716,0.0325691,-0.0109083,-0.00758346,-0.00554993,-0.00171416,0.00436332,0,-0.0174533,-0.00426315,-0.011011,-0.00685665,0.00386437,0.00123248,0,0.00153398,0.00460194,-0.00153398,0.00306796,0.00785398,-0.0127627,0,-0.00153398,0.0122718,0,0.00153398,-0.00294524,-0.00392699,3.35582,0,-0.279652,-2.72461,8.70784,-3.46836,5.20153,-1.05469,0.111861,-0.615234,11.7068,3.21676,-0.279652,0.496194,-6.06755,-2.5,0.375,0.1875,-2.6875,-0.125,-0.732422,-0.0976562,-1.8125,-0.4375,-0.0625,-2.3125,0,-0.615234,0.0683594,0.244475,-0.0177601,-0.0865652,-0.110357,0.541693,-0.118828,0.262688,-0.0411107,0.00267838,0.0398216,0.653602,0.157152,-0.0276409,0.0925637,-0.91529,-0.400273,0.253394,0.0351377,-0.42357,0.00508131,-0.15527,-0.119313,-0.328368,-0.152727,-0.199513,-0.420646,0.194288,-0.129744,0.0295445
60.02,-0.201869,-0.000127832,0.000187487,0.421027,-0.243172,0.00323381,-0.202606,0.000315318,-8.03514e-05,0.420294,-0.246123,-0.00338544,0.000160703,-0.000347189,0.00303864,0.00399075,-0.00256462,-0.000898817,0.00852078,-0.000419448,0.00736311,0.0066268,0.00329566,0.00154597,0.00342749,0.00840094,-0.00975516,0.00663447,-0.00128087,-0.2,0,0,0.42,-0.23,0,-0.2,0,0,0.42,-0.23,0,0,0,0,0,0,0,0,0,0,0,0,0,0,0,0,0,0,0.00342833,-0.00654498,0.00342833,-0.0174533,0.000543277,0.000921699,0.0137133,-0.00436332,-0.0171416,0.0294524,-0.00106859,-0.00183353,-0.00685665,0.00193218,0.00123248,-0.0107379,-0.00920388,-0.0076699,-0.0122718,0,0.00589049,0.00981748,-0.00153398,0.0138058,-0.0122718,0.00920388,0,0.00687223,0,3.1321,0,-0.279652,-3.07617,8.53045,-3.46782,5.1456,-0.878906,-0.503374,-1.23047,11.6173,3.16434,-0.279652,0.595433,-6.06755,-2.5,0.3125,0.1875,-2.6875,-0.125,-0.761719,-0.107422,-1.8125,-0.5,0,-2.375,0.0625,-0.634766,0.0488281,0.180086,0.0258731,-0.0256053,-0.0841769,0.525779,-0.131196,0.233172,-0.0228052,0.0423184,-0.161865,0.647045,0.139085,-0.0276409,0.0983603,-0.91529,-0.377599,0.27487,0.0602807,-0.401495,0.00838896,-0.153153,-0.142353,-0.326498,-0.182208,-0.146831,-0.438455,0.195103,-0.139562,0.0256175
60.08,-0.201843,-0.000127832,0.000187487,0.421035,-0.243155,0.00323387,-0.202593,0.000332363,2.67838e-05,0.420251,-0.246119,-0.00337828,0.000200878,-0.000354741,0.00303382,0.00400273,-0.00254066,-0.000898817,0.00852078,-0.000467385,0.00737078,0.00661146,0.00329566,0.00156993,0.00343947,0.00840094,-0.00973119,0.00661913,-0.00128087,-0.2,0,0,0.42,-0.23,0,-0.2,0,0,0.42,-0.23,0,0,0,0,0,0,0,0,0,0,0,0,0,0,0,0,0,0,-0.00514249,0.00327249,0.010285,-0.00436332,-0.00758346,-0.00554993,-0.00171416,0,-0.00857081,0.00218166,0.00213157,0.00550552,0.02057,0,0,0.0168738,0.0138058,0.00920388,-0.00460194,-0.0076699,0.00589049,-0.00883573,0.00153398,-0.0153398,0.00613592,-0.00153398,-0.00460194,-0.0127627,-0.00785398,3.57955,0,-0.167791,-2.19727,8.7963,-3.41648,5.08967,-1.05469,0.111861,-0.615234,11.6173,3.16434,-0.279652,0.549483,-5.98401,-2.5,0.3125,0.1875,-2.6875,-0.0625,-0.732422,-0.107422,-1.8125,-0.4375,-0.0625,-2.375,0.0625,-0.634766,0.0683594,0.19455,0.00623819,-0.0393186,-0.137815,0.541357,-0.118255,0.262688,-0.0332363,0.0144632,-0.0463893,0.640477,0.12412,-0.121973,0.106422,-0.910147,-0.434021,0.226454,0.0265331,-0.416835,0.0170176,-0.153306,-0.123393,-0.332634,-0.126314,-0.184245,-0.416979,0.199226,-0.11962,0.0334715
60.12,-0.201843,-0.000136354,0.000187487,0.421035,-0.243159,0.00324105,-0.202579,0.00032384,-6.69595e-05,0.420302,-0.246123,-0.00337108,0.000227662,-0.000354737,0.00304346,0.00400273,-0.00254066,-0.000886833,0.00853277,-0.000443416,0.00737845,0.00661913,0.00329566,0.00156993,0.00342749,0.00842491,-0.00975516,0.0066268,-0.00128087,-0.2,0,0,0.42,-0.23,0,-0.2,0,0,0.42,-0.23,0,0,0,0,0,0,0,0,0,0,0,0,0,0,0,0,0,0,0.00514249,-0.00218166,-0.00514249,-0.00327249,-0.00544397,-0.0128939,0.010285,-0.00436332,-0.0119991,0.00981748,0.00427435,0.00733412,0.0154275,-0.00579655,1.31614e-16,-0.00306796,0.00613592,0.00613592,-0.00613592,-0.0122718,0.011781,0.0019635,0.00460194,0.00153398,0,0,-0.0199418,-0.00490874,0,3.57955,0,-0.335582,-3.25195,8.70736,-3.36406,5.03374,-0.878906,0.615234,-1.05469,11.6173,3.16434,-0.671165,0.545813,-5.83418,-2.5,0.4375,0.1875,-2.6875,-0.0625,-0.751953,-0.107422,-1.8125,-0.4375,-0.0625,-2.375,0.0625,-0.615234,0.0488281,0.17398,0.0179987,-0.00846368,-0.142179,0.537246,-0.103854,0.23735,-0.0236574,0.0306942,-0.0846037,0.63636,0.120175,-0.114581,0.123811,-0.913037,-0.394137,0.241794,0.0320698,-0.414367,0.0211402,-0.15935,-0.134346,-0.33877,-0.160061,-0.171374,-0.421246,0.215045,-0.127627,0.0256175
60.18,-0.201802,-0.00011931,0.000187487,0.421018,-0.243167,0.00322665,-0.202606,0.000349407,-8.03514e-05,0.420302,-0.246127,-0.00337824,0.000160703,-0.000369852,0.00303381,0.00400273,-0.00255264,-0.000898817,0.00853277,-0.000431432,0.00737078,0.00661913,0.00329566,0.00158192,0.00342749,0.00841293,-0.00979111,0.0066268,-0.00128854,-0.2,0,0,0.42,-0.23,0,-0.2,0,0,0.42,-0.23,0,0,0,0,0,0,0,0,0,0,0,0,0,0,0,0,0,0,0.0394257,0,-0.00342833,-0.0218166,0.00375251,-0.0100943,-0.02057,0.00654498,0,0.0141808,-0.0079976,-0.0192669,0.00685665,-0.00871077,-0.00432464,-0.00153398,0.00460194,-0.00153398,-0.00613592,-0.0076699,0.00589049,0.000981748,0.00613592,0.00306796,-0.0076699,0.0199418,-0.00153398,-0.00589049,-0.00589049,3.41175,0.0878906,-0.111861,-3.16406,8.61891,-3.41594,5.64897,-1.05469,0.391513,-0.615234,11.7068,3.21676,-0.391513,0.450347,-5.98385,-2.5,0.3125,0.1875,-2.625,-0.0625,-0.751953,-0.107422,-1.875,-0.4375,-0.0625,-2.4375,0.0625,-0.605469,0.0683594,0.101396,0.011931,-0.011892,-0.0654451,0.519193,-0.108877,0.301739,-0.0480306,0.00803514,-0.102057,0.661071,0.173663,-0.0687808,0.137088,-0.89717,-0.397205,0.24606,0.0480088,-0.414367,0.0162985,-0.153306,-0.133364,-0.341838,-0.164328,-0.156035,-0.46053,0.197356,-0.126645,0.0316614
60.22,-0.201843,-0.000127832,0.000174095,0.421061,-0.243167,0.00324101,-0.202579,0.000340885,-0.000120527,0.420294,-0.246127,-0.00336388,0.000147311,-0.000369852,0.00303381,0.00399075,-0.00255264,-0.000898817,0.00853277,-0.000407464,0.00736311,0.00663447,0.00329566,0.00158192,0.00345146,0.00841293,-0.00974318,0.0066268,-0.00128087,-0.2,0,0,0.42,-0.23,0,-0.2,0,0,0.42,-0.23,0,0,0,0,0,0,0,0,0,0,0,0,0,0,0,0,0,0,0.0274266,-0.00218166,-0.00171416,0.01309,-0.00918528,0.000877291,0.00342833,0.00436332,0.00514249,-0.00545415,-0.00535414,-0.00549072,-0.0171416,-0.00289828,0.00184873,-0.00460194,-0.0076699,-0.00306796,0.00306796,-0.00613592,0.0019635,0.015708,0.00153398,-0.0168738,0.00153398,-0.00920388,0.0107379,-0.00589049,-0.0019635,3.41175,0,-0.111861,-3.42773,8.70784,-3.46836,5.1456,-0.966797,0.223722,-0.263672,11.7068,3.21676,-0.447443,0.49997,-6.06163,-2.5,0.3125,0.1875,-2.75,-0.0625,-0.761719,-0.107422,-1.8125,-0.4375,0,-2.25,0,-0.634766,0.0683594,0.129412,0.0171465,-0.0139811,-0.211464,0.545066,-0.131395,0.251063,-0.0428151,0.00176773,-0.0222387,0.655786,0.145537,0.00723163,0.11965,-0.91569,-0.389871,0.270604,0.0510768,-0.432774,0.0142852,-0.149226,-0.148397,-0.332634,-0.124444,-0.175641,-0.402239,0.184126,-0.126645,0.027581
60.28,-0.201883,-0.000153398,0.000187487,0.421095,-0.243159,0.00324105,-0.202552,0.000315318,-2.67838e-05,0.420311,-0.246127,-0.00337824,0.000187487,-0.000362289,0.00303864,0.00399075,-0.00256462,-0.000886833,0.00853277,-0.000419448,0.00736311,0.00661913,0.00329566,0.00156993,0.00342749,0.00841293,-0.00979111,0.00664981,-0.0012732,-0.2,0,0,0.42,-0.23,0,-0.2,0,0,0.42,-0.23,0,0,0,0,0,0,0,0,0,0,0,0,0,0,0,0,0,0,-0.00685665,0,-0.00171416,0.0218166,-0.00597604,-0.0101387,0.0308549,-0.00327249,0.0137133,-0.0119991,0.00217079,-0.00736372,0.00171416,0.00193617,0.00123522,0.00306796,-0.00920388,0.00613592,0.00306796,-0.00153398,0,-0.0019635,0.0122718,0.0230097,-0.00153398,0.0076699,0.00613592,0.019635,0.0107992,3.63548,0,-0.167791,-4.13086,8.70736,-3.36406,5.59304,-1.05469,-0.167791,-0.439453,11.6178,3.26863,-0.671165,0.49997,-6.06163,-2.5,0.375,0.1875,-2.75,-0.0625,-0.751953,-0.0976562,-1.8125,-0.5,0,-2.375,0,-0.634766,0.0683594,0.201995,0.0153398,-0.0153203,-0.251485,0.538311,-0.109364,0.193532,-0.0249868,-0.0247482,0.00138423,0.640734,0.149857,-0.0613885,0.102878,-0.915297,-0.405211,0.27487,0.0320698,-0.432774,0.00992294,-0.147262,-0.130419,-0.35411,-0.203013,-0.168306,-0.435986,0.189686,-0.152631,0.0146649
60.32,-0.201869,-0.000127832,0.000187487,0.421052,-0.243159,0.00324105,-0.202566,0.000315318,-8.03514e-05,0.420302,-0.246123,-0.00338544,0.000187487,-0.000354737,0.00304346,0.00399075,-0.00256462,-0.000886833,0.00853277,-0.000467385,0.00736311,0.0066268,0.00328368,0.00155795,0.00347543,0.00842491,-0.00977913,0.0066268,-0.00128854,-0.2,0,0,0.42,-0.23,0,-0.2,0,0,0.42,-0.23,0,0,0,0,0,0,0,0,0,0,0,0,0,0,0,0,0,0,0.0325691,0,0.0239983,0.00654498,0.000515264,-0.00827062,0.00342833,-0.00109083,0.00685665,0.0218166,-0.00373445,-0.00825582,0.00171416,-0.00869483,-0.00431369,0.00613592,-0.00306796,0.00306796,0.0076699,0,0.000981748,0.00883573,0.00306796,-0.00306796,-0.0122718,0,-0.0184078,-0.00687223,-0.00490874,2.96431,0,-0.335582,-3.86719,8.61891,-3.41594,5.48118,-0.966797,0.279652,-0.791016,11.7068,3.21676,-1.2864,0.595433,-5.75639,-2.5,0.375,0.1875,-2.6875,-0.0625,-0.751953,-0.0976562,-1.8125,-0.4375,0,-2.375,0.0625,-0.615234,0.0683594,0.121804,0.0127832,-0.0667452,-0.184006,0.525328,-0.113101,0.249725,-0.0293502,-0.00567816,-0.1326,0.652376,0.151929,-0.0613885,0.132506,-0.900096,-0.411347,0.262598,0.0382057,-0.441978,0.0093477,-0.148244,-0.141372,-0.334504,-0.149659,-0.149228,-0.421246,0.21399,-0.125664,0.0306796
60.38,-0.201856,-0.000127832,0.000200878,0.421035,-0.243159,0.00324105,-0.202579,0.000332363,-2.67838e-05,0.420302,-0.24611,-0.00334958,0.000174095,-0.000362289,0.00303864,0.00399075,-0.00256462,-0.000886833,0.00853277,-0.000443416,0.00736311,0.00663447,0.00328368,0.00156993,0.00347543,0.00841293,-0.0098031,0.00664214,-0.00128087,-0.2,0,0,0.42,-0.23,0,-0.2,0,0,0.42,-0.23,0,0,0,0,0,0,0,0,0,0,0,0,0,0,0,0,0,0,0.00514249,-0.00654498,0.0274266,-0.0109083,0.00162423,0.000926633,0.00857081,-0.00763582,0.00857081,0,0.000534294,0.000916765,-0.0274266,-0.0145093,-0.00186104,0,0,-0.00306796,-0.00460194,0.00460194,0,0.0137445,-0.00306796,-0.00153398,-0.00306796,0.00306796,-0.00306796,0.019635,0.00490874,3.41175,0.0878906,-0.503374,-3.51562,8.61891,-3.41594,5.20153,-0.966797,0.111861,-0.878906,11.7068,3.21676,-0.279652,0.599107,-6.06179,-2.5,0.3125,0.1875,-2.6875,-0.125,-0.751953,-0.107422,-1.8125,-0.4375,0,-2.375,0,-0.634766,0.0488281,0.175319,0.0258731,-0.074941,-0.111635,0.52311,-0.131495,0.240778,-0.0179646,-0.0144632,-0.0453338,0.643339,0.13215,0.0300514,0.152215,-0.906008,-0.399075,0.256462,0.0504776,-0.417435,0.00426638,-0.147262,-0.146434,-0.322232,-0.153925,-0.167635,-0.426782,0.19913,-0.152478,0.0207087
60.42,-0.201816,-0.000144876,0.000174095,0.421061,-0.243172,0.00323381,-0.202552,0.00032384,-2.67838e-05,0.420294,-0.246127,-0.0033926,0.000160703,-0.000362289,0.00303864,0.00400273,-0.00254066,-0.000898817,0.00853277,-0.000419448,0.00737078,0.00661146,0.00329566,0.00155795,0.00342749,0.00841293,-0.00979111,0.0066268,-0.0012732,-0.2,0,0,0.42,-0.23,0,-0.2,0,0,0.42,-0.23,0,0,0,0,0,0,0,0,0,0,0,0,0,0,0,0,0,0,-0.00171416,0.00109083,-0.0154275,0.019635,0,0,0.0257124,-0.00436332,0,0.0174533,0.00323378,-0.00369173,0,0.00194215,0.00493677,-0.0122718,-0.0214757,-0.00613592,-0.00613592,-0.00460194,0.0107992,-0.00589049,0,0.00920388,-0.00153398,0,0.0260777,0.00981748,0.0147262,3.1321,0,-0.223722,-3.33984,8.53045,-3.46782,4.97781,-0.878906,-0.111861,-1.23047,11.6173,3.16434,-0.559304,0.549593,-6.13941,-2.5,0.375,0.1875,-2.6875,-0.0625,-0.751953,-0.117188,-1.8125,-0.4375,-0.0625,-2.375,0,-0.644531,0.0683594,0.185015,0.0123059,0.0134455,-0.237644,0.526866,-0.129352,0.203817,-0.0236574,0.00267838,-0.113868,0.638607,0.143087,-0.0482108,0.10286,-0.926402,-0.375729,0.297017,0.0572127,-0.414367,0.0129909,-0.158215,-0.126339,-0.329566,-0.174203,-0.168306,-0.420646,0.169745,-0.142353,0.0107379
60.48,-0.201843,-0.000136354,0.000200878,0.421061,-0.243146,0.00323392,-0.202579,0.000332363,-0.000147311,0.420294,-0.246119,-0.00337828,0.000147311,-0.000377399,0.00303863,0.00400273,-0.00256462,-0.000886833,0.00852078,-0.000443416,0.00736311,0.00661913,0.00329566,0.00156993,0.00340352,0.00840094,-0.00973119,0.0066268,-0.00128087,-0.2,0,0,0.42,-0.23,0,-0.2,0,0,0.42,-0.23,0,0,0,0,0,0,0,0,0,0,0,0,0,0,0,0,0,0,-0.0239983,-0.00218166,0.0274266,0.00654498,-0.00110336,-0.00735879,0.0154275,0.01309,-0.00171416,0.0305433,-0.00262105,-0.02113,-0.0257124,-0.00966889,0.00122701,0.0107379,-0.00613592,-0.0107379,-0.0107379,0.00460194,0,0,0.0138058,0.00153398,0.0138058,-0.00920388,-0.00613592,-0.011781,0.0019635,3.63548,0,-0.223722,-3.7793,8.70736,-3.36406,5.20153,-0.966797,0.447443,-1.49414,11.7073,3.32106,-0.279652,0.549483,-5.98401,-2.5,0.4375,0.1875,-2.625,-0.125,-0.751953,-0.107422,-1.8125,-0.4375,-0.0625,-2.3125,0.0625,-0.595703,0.0683594,0.232261,0.0179987,-0.074941,-0.185284,0.528059,-0.114639,0.227065,-0.0594162,0.0181594,-0.166228,0.649983,0.177391,0.0329441,0.142226,-0.915269,-0.421749,0.268734,0.0658174,-0.404563,0.00426638,-0.147262,-0.132383,-0.357178,-0.160061,-0.197788,-0.401639,0.20076,-0.120755,0.023654
60.52,-0.201843,-0.000153398,0.000187487,0.421044,-0.243172,0.00323381,-0.202579,0.00032384,-4.01757e-05,0.420208,-0.246119,-0.00337828,0.000133919,-0.000354741,0.00303382,0.00399075,-0.00254066,-0.000898817,0.00853277,-0.000491353,0.00736311,0.00661146,0.00329566,0.00155795,0.00345146,0.00841293,-0.00977913,0.0066268,-0.00128854,-0.2,0,0,0.42,-0.23,0,-0.2,0,0,0.42,-0.23,0,0,0,0,0,0,0,0,0,0,0,0,0,0,0,0,0,0,-0.00514249,-0.01309,0.00685665,0.00763582,0.00268277,-0.00642229,0.0171416,-0.00545415,0.0462824,-0.00327249,-0.00640032,-0.0146781,-0.0291408,-0.00387234,-0.00247044,0.00613592,0.00153398,0.0122718,0,-0.0138058,0,-0.0107992,0.00153398,0,0.00460194,0.00153398,-0.0337476,-0.00589049,-0.0166897,3.35582,0.0878906,-0.447443,-3.42773,8.44152,-3.4154,4.92188,-0.966797,-0.167791,0.263672,11.7073,3.32106,-0.111861,0.549483,-5.98401,-2.5,0.3125,0.1875,-2.6875,-0.0625,-0.751953,-0.107422,-1.8125,-0.4375,-0.0625,-2.375,0.0625,-0.605469,0.0488281,0.19455,0.0415197,-0.032462,-0.18709,0.5215,-0.116508,0.223636,-0.0214757,-0.0885472,-0.0181801,0.657541,0.164487,0.0472466,0.118039,-0.902736,-0.411347,0.250998,0.0203972,-0.426638,0.0236329,-0.147262,-0.12143,-0.332634,-0.155795,-0.181777,-0.423714,0.22933,-0.126645,0.0424606
60.58,-0.201869,-0.000144876,0.000187487,0.421044,-0.243163,0.00324821,-0.202593,0.000340885,2.67838e-05,0.420302,-0.246127,-0.00337824,0.000160703,-0.000369852,0.00303381,0.00401472,-0.00254066,-0.000898817,0.00853277,-0.000443416,0.00736311,0.00661913,0.00328368,0.00155795,0.00345146,0.00840094,-0.0098031,0.00663447,-0.00128854,-0.2,0,0,0.42,-0.23,0,-0.2,0,0,0.42,-0.23,0,0,0,0,0,0,0,0,0,0,0,0,0,0,0,0,0,0,-0.00685665,-0.00436332,-0.00514249,-0.0316341,-0.00161862,0.000911831,-0.0119991,-0.00654498,0.00857081,0.00218166,-0.00479184,-0.0137663,-0.0325691,-0.00387035,-0.00123659,0.00460194,-0.0122718,-0.00613592,0.0107379,-0.00460194,-0.0019635,-0.00294524,0.00306796,-0.00920388,0.00613592,0.00306796,-0.0122718,0.00294524,-0.0206167,3.57955,0.0878906,-0.223722,-3.07617,8.70736,-3.36406,5.53711,-0.791016,-0.0559304,-0.703125,11.7963,3.26918,-0.391513,0.549483,-5.98401,-2.5,0.375,0.1875,-2.75,-0.0625,-0.732422,-0.107422,-1.8125,-0.4375,-0.0625,-2.375,0,-0.615234,0.0683594,0.200656,0.0232142,-0.00846368,-0.0300108,0.529763,-0.131752,0.283258,-0.0209985,-0.01982,-0.0540604,0.65466,0.162662,0.0494964,0.122567,-0.906434,-0.410675,0.278609,0.0572127,-0.448114,0.0134703,-0.145299,-0.129437,-0.334504,-0.137387,-0.184845,-0.426183,0.208334,-0.135635,0.0463876
60.64,-0.201816,-0.000110787,0.000187487,0.421044,-0.243163,0.00321947,-0.202526,0.000315318,-2.67838e-05,0.420302,-0.246119,-0.00337828,0.000133919,-0.000369852,0.00303381,0.00400273,-0.00252867,-0.000886833,0.00853277,-0.000419448,0.00736311,0.0066268,0.00329566,0.00156993,0.00342749,0.00842491,-0.00977913,0.00664981,-0.00128087,-0.2,0,0,0.42,-0.23,0,-0.2,0,0,0.42,-0.23,0,0,0,0,0,0,0,0,0,0,0,0,0,0,0,0,0,0,0.00514249,0,-0.00514249,-0.00436332,-0.00107535,0.00183353,0.0325691,-0.00981748,-0.0154275,0.0163625,0.000545499,-0.00276016,0.0239983,-0.00386437,0.00246497,-0.00460194,0.00153398,0,0.00153398,-0.00306796,0.0019635,0.00589049,0.00306796,-0.0076699,0,0.00920388,-0.0122718,0.0107992,0.000981748,3.24396,0,-0.223722,-3.42773,8.61891,-3.41594,4.81001,-0.966797,0.167791,-1.49414,11.7068,3.21676,-0.167791,0.49997,-6.06163,-2.5,0.3125,0.1875,-2.6875,-0.0625,-0.751953,-0.0976562,-1.8125,-0.4375,-0.0625,-2.375,0.0625,-0.605469,0.0683594,0.171302,0.0110787,-0.00846368,-0.139094,0.52868,-0.132446,0.187426,-0.0118969,0.0335333,-0.110784,0.643649,0.140651,-0.112171,0.122549,-0.917539,-0.391069,0.249799,0.0443416,-0.429706,0.0114569,-0.149226,-0.138426,-0.335702,-0.141654,-0.171374,-0.439653,0.207854,-0.143795,0.0246357
60.68,-0.201883,-0.000110787,0.000187487,0.421035,-0.243167,0.00322665,-0.202566,0.000332363,1.33919e-05,0.420268,-0.246127,-0.00337824,0.000160703,-0.000362304,0.003029,0.00399075,-0.00254066,-0.000898817,0.00852078,-0.000443416,0.00736311,0.00661913,0.00329566,0.00154597,0.00342749,0.00841293,-0.00977913,0.0066268,-0.00128854,-0.2,0,0,0.42,-0.23,0,-0.2,0,0,0.42,-0.23,0,0,0,0,0,0,0,0,0,0,0,0,0,0,0,0,0,0,0,0.01309,0.0154275,-0.0163625,0.00109216,0.00368186,0,0.00109083,0.010285,0.00872665,-0.00158607,-0.00826569,0.00342833,-3.98546e-06,-0.0024677,-0.00306796,-0.00613592,-0.0122718,-0.00460194,-0.00920388,-0.000981748,0.000981748,0.00460194,-0.0184078,0,0.0122718,-0.0076699,-0.0225802,0,3.24396,0,-0.279652,-3.16406,8.61891,-3.41594,5.25746,-0.966797,0.559304,-0.966797,11.6178,3.26863,0.0559304,0.49986,-5.90623,-2.5,0.375,0.1875,-2.6875,-0.0625,-0.751953,-0.0976562,-1.8125,-0.4375,-0.0625,-2.375,0.0625,-0.595703,0.0488281,0.188282,-0.0151012,-0.0496036,-0.0898188,0.524513,-0.13643,0.256582,-0.0354179,-0.0219091,-0.0751263,0.648248,0.151661,-0.0584958,0.108703,-0.901296,-0.392939,0.266337,0.0694845,-0.416835,0.0180722,-0.14628,-0.133364,-0.33877,-0.117781,-0.171374,-0.44519,0.203252,-0.109956,0.0257709
60.74,-0.201883,-0.000102265,0.000187487,0.421018,-0.243159,0.00324105,-0.202606,0.000332363,-5.35676e-05,0.420302,-0.246114,-0.0033711,0.000120527,-0.000362289,0.00303864,0.00399075,-0.00252867,-0.000898817,0.00852078,-0.000419448,0.00737078,0.00661913,0.00329566,0.00155795,0.00345146,0.00841293,-0.00985103,0.0066268,-0.00128087,-0.2,0,0,0.42,-0.23,0,-0.2,0,0,0.42,-0.23,0,0,0,0,0,0,0,0,0,0,0,0,0,0,0,0,0,0,-0.00342833,-0.0218166,-0.0119991,-0.0294524,0.00161302,-0.00275029,-0.0257124,-0.00327249,0,-0.00109083,-0.00159168,-0.00642722,-0.0548532,0.00291222,0.00678823,0.00460194,0.0138058,0.0107379,-0.00920388,0.0122718,0.00883573,-0.00294524,0.00460194,-0.00460194,0,0.00306796,-0.0230097,0.00294524,0,3.57955,0.0878906,-0.167791,-3.25195,8.61891,-3.41594,5.20153,-0.878906,0,-0.703125,11.7073,3.32106,0.167791,0.49997,-6.06163,-2.5,0.3125,0.1875,-2.6875,-0.125,-0.751953,-0.0976562,-1.8125,-0.4375,0,-2.375,0.0625,-0.634766,0.0683594,0.195139,0.0538598,0.00524962,-0.0349018,0.523132,-0.124141,0.312024,-0.0266913,0.00535676,-0.0409705,0.647756,0.147698,0.128401,0.09995,-0.931956,-0.408279,0.225256,0.0234651,-0.407631,-0.00388289,-0.156251,-0.129437,-0.33877,-0.146591,-0.172573,-0.426782,0.22003,-0.135481,0.0256175
60.78,-0.201883,-0.000127832,0.000187487,0.421061,-0.243163,0.00323385,-0.202619,0.00032384,-6.69595e-05,0.420234,-0.246119,-0.00337828,0.000147311,-0.000369868,0.00302417,0.00400273,-0.00255264,-0.000886833,0.00853277,-0.000467385,0.00736311,0.00661913,0.00328368,0.00156993,0.00345146,0.00840094,-0.00979111,0.00663447,-0.00129621,-0.2,0,0,0.42,-0.23,0,-0.2,0,0,0.42,-0.23,0,0,0,0,0,0,0,0,0,0,0,0,0,0,0,0,0,0,0.00514249,0,-0.02057,-0.00109083,0.00538795,-0.00549072,-0.0119991,-0.00327249,-0.0239983,0.00872665,-0.00106859,-0.00183353,0.00685665,-0.00290425,-0.00185283,0.0076699,0.00153398,0.00460194,-0.00613592,0.00460194,0,0,0.00306796,-0.00306796,-0.00153398,0.00920388,-0.00613592,0.00490874,-0.00785398,3.46768,0,-0.167791,-4.39453,8.52997,-3.36352,5.48118,-1.31836,0.335582,-0.175781,11.7068,3.21676,-0.503374,0.450347,-5.98385,-2.5,0.375,0.1875,-2.6875,-0.125,-0.751953,-0.107422,-1.8125,-0.4375,0,-2.375,0.0625,-0.615234,0.0488281,0.177997,0.0127832,0.0223913,-0.154741,0.515752,-0.118372,0.285937,-0.0258391,0.0546925,-0.0700122,0.646878,0.138798,-0.0647632,0.119673,-0.901694,-0.415613,0.252196,0.0351377,-0.414367,0.00474575,-0.147262,-0.132383,-0.334504,-0.150857,-0.169505,-0.438455,0.201958,-0.137598,0.0337783
60.84,-0.201869,-0.00011931,0.000174095,0.421018,-0.243167,0.00322665,-0.202566,0.00032384,-0.000120527,0.420285,-0.246119,-0.0033639,0.000160703,-0.000369852,0.00303381,0.00397876,-0.00254066,-0.000886833,0.00853277,-0.000491353,0.00736311,0.00661146,0.00329566,0.00154597,0.00342749,0.00840094,-0.00976714,0.0066268,-0.0012732,-0.2,0,0,0.42,-0.23,0,-0.2,0,0,0.42,-0.23,0,0,0,0,0,0,0,0,0,0,0,0,0,0,0,0,0,0,0.00857081,-0.0163625,0.00342833,-0.0174533,-5.60258e-06,-0.00183846,-0.00514249,0,0.00857081,-0.0109083,0.00107419,-4.93358e-06,0.00171416,-0.011611,-0.00370976,-0.00613592,-0.00306796,0,0.00153398,-0.0076699,0,-0.0127627,0.00460194,0.00153398,-0.00460194,-0.00460194,-0.0184078,0.000981748,0.00981748,3.29989,0.0878906,-0.335582,-2.37305,8.61891,-3.41594,5.36932,-0.791016,0,0.351562,11.6178,3.26863,-0.447443,0.549483,-5.98401,-2.5,0.3125,0.1875,-2.6875,-0.125,-0.751953,-0.107422,-1.875,-0.4375,0,-2.375,0.0625,-0.634766,0.0488281,0.169801,0.0446559,-0.0242661,-0.0828984,0.526709,-0.125389,0.266867,-0.032384,-0.00508892,0.000856467,0.642593,0.134566,-0.0533533,0.145789,-0.899015,-0.385604,0.260201,0.0443416,-0.429706,0.017497,-0.147262,-0.119466,-0.33877,-0.157664,-0.162171,-0.410843,0.213751,-0.133518,0.0156466
60.88,-0.201816,-0.00016192,0.000200878,0.421044,-0.243159,0.00324105,-0.202593,0.000332363,-4.01757e-05,0.420294,-0.246119,-0.00337828,0.000160703,-0.000362289,0.00303864,0.00400273,-0.00254066,-0.000886833,0.00853277,-0.000419448,0.00736311,0.0066268,0.00329566,0.00156993,0.00342749,0.00841293,-0.00977913,0.00663447,-0.0012732,-0.2,0,0,0.42,-0.23,0,-0.2,0,0,0.42,-0.23,0,0,0,0,0,0,0,0,0,0,0,0,0,0,0,0,0,0,0.0291408,-0.00763582,0.00685665,-0.00218166,-0.0064689,0.00548579,0.00342833,0.00981748,-0.00171416,0.00545415,-0.00374566,-0.00457889,0.00514249,-0.00580851,-0.00370566,0.0138058,0,0.00613592,-0.00153398,0.00153398,0,-0.00687223,0.00153398,0.0168738,0.0076699,-0.00460194,0.0076699,0.011781,0.011781,3.57955,0,-0.391513,-3.25195,8.70784,-3.46836,4.97781,-1.14258,0.447443,-0.703125,11.7068,3.21676,-0.391513,0.49986,-5.90623,-2.5,0.3125,0.1875,-2.6875,-0.0625,-0.751953,-0.0976562,-1.8125,-0.4375,-0.0625,-2.375,0.0625,-0.634766,0.0683594,0.123306,0.0314636,-0.0338011,-0.14782,0.539296,-0.140613,0.252403,-0.0528712,0.00744589,-0.0658719,0.652232,0.144289,-0.0636383,0.126112,-0.900474,-0.427885,0.254066,0.0320698,-0.42357,0.00685498,-0.147262,-0.125664,-0.332634,-0.190741,-0.186714,-0.411442,0.187913,-0.14447,0.0136831
60.94,-0.20191,-0.000127832,0.000187487,0.421052,-0.243167,0.00322665,-0.202539,0.000315318,1.33919e-05,0.42026,-0.246119,-0.00337828,0.000160703,-0.000362304,0.003029,0.00400273,-0.00254066,-0.000886833,0.00853277,-0.000419448,0.00736311,0.00661146,0.00328368,0.00155795,0.00342749,0.00841293,-0.00973119,0.0066268,-0.00128087,-0.2,0,0,0.42,-0.23,0,-0.2,0,0,0.42,-0.23,0,0,0,0,0,0,0,0,0,0,0,0,0,0,0,0,0,0,0.0171416,-0.00109083,0.00857081,0.00327249,0.00108655,0.0018434,0.0188558,0.0119991,0.0359974,0.00763582,0.001091,-0.00552032,-0.00685665,-0.0106449,-0.004326,-0.00460194,-0.0107379,0.0153398,-0.00153398,-0.00613592,0,0,0.00306796,-0.0107379,-0.00306796,0,0.0153398,-0.00490874,-0.00490874,3.29989,0.175781,-0.279652,-2.54883,8.61891,-3.41594,5.1456,-0.966797,-0.223722,-1.75781,11.7068,3.21676,-0.279652,0.698243,-6.06195,-2.4375,0.375,0.1875,-2.625,-0.0625,-0.751953,-0.107422,-1.8125,-0.4375,-0.0625,-2.3125,0.0625,-0.615234,0.0683594,0.156678,0.0149648,-0.0358903,-0.170916,0.524525,-0.132753,0.216191,-0.0555301,-0.073334,-0.0694845,0.642558,0.146172,-0.0276409,0.140626,-0.895722,-0.391069,0.275541,0.013662,-0.42357,0.0145249,-0.147262,-0.132229,-0.334504,-0.134319,-0.165238,-0.420646,0.179284,-0.127627,0.0305262
60.98,-0.201883,-0.00011931,0.000187487,0.421061,-0.243163,0.00323385,-0.202566,0.000332363,-6.69595e-05,0.420294,-0.246123,-0.00337108,0.000160703,-0.000347194,0.00302901,0.00399075,-0.00254066,-0.000886833,0.00855674,-0.000443416,0.00736311,0.00661146,0.00329566,0.00156993,0.00342749,0.00840094,-0.00979111,0.00663447,-0.00128087,-0.2,0,0,0.42,-0.23,0,-0.2,0,0,0.42,-0.23,0,0,0,0,0,0,0,0,0,0,0,0,0,0,0,0,0,0,0.00514249,-0.00218166,0.00342833,0.00327249,0.000543277,0.000921699,0.0257124,-0.01309,-0.0137133,0.0152716,-0.00267147,-0.00458382,-0.0119991,-0.00386437,0.00246497,-0.00153398,-0.00153398,0.0122718,0.0107379,0,0.00589049,-0.00392699,0,-0.0076699,0.00460194,0.0153398,-0.00460194,0.00490874,0.00392699,3.24396,0,-0.111861,-2.98828,8.53045,-3.46782,5.20153,-0.703125,-0.223722,-0.878906,11.7068,3.21676,-0.838956,0.549593,-6.13941,-2.5,0.3125,0.1875,-2.6875,-0.0625,-0.761719,-0.107422,-1.8125,-0.4375,-0.0625,-2.4375,0.0625,-0.615234,0.0683594,0.177997,0.0162943,-0.0256053,-0.172194,0.525441,-0.131197,0.205157,-0.00705631,0.0341225,-0.105142,0.650252,0.144011,-0.0122134,0.115751,-0.916098,-0.396007,0.257134,0.0197979,-0.449313,0.00886833,-0.153153,-0.128302,-0.329566,-0.141654,-0.180578,-0.450727,0.200424,-0.137598,0.0216905
61.04,-0.201843,-0.000136354,0.000187487,0.421035,-0.243167,0.00322665,-0.202593,0.000306796,-1.33919e-05,0.4202,-0.246119,-0.00337828,0.00021427,-0.000369852,0.00303381,0.00397876,-0.00255264,-0.000886833,0.00853277,-0.000443416,0.00737078,0.00661146,0.00329566,0.00154597,0.00340352,0.00840094,-0.00979111,0.00663447,-0.0012732,-0.2,0,0,0.42,-0.23,0,-0.2,0,0,0.42,-0.23,0,0,0,0,0,0,0,0,0,0,0,0,0,0,0,0,0,0,-0.0171416,0.00763582,0,-0.0141808,-0.000554482,-0.00459863,-0.00685665,-0.0185441,0.00685665,-0.00763582,-0.00160288,-0.00275029,0.02057,0.00774667,0.00617473,-0.0107379,-0.00153398,0.00153398,0,0,0.00589049,-0.00294524,0.00920388,0.0122718,0.00613592,0.00153398,-0.0138058,0.00687223,0,3.8592,0.0878906,-0.0559304,-2.37305,8.61891,-3.41594,5.31339,-0.878906,0.559304,-0.615234,11.7068,3.21676,-1.06268,0.549593,-6.13941,-2.5,0.3125,0.1875,-2.6875,-0.0625,-0.732422,-0.107422,-1.8125,-0.4375,-0.0625,-2.375,0.0625,-0.634766,0.0488281,0.218548,-0.00163625,-0.0187487,-0.0985454,0.527807,-0.119869,0.272973,0.00640863,-0.0123741,0.000551695,0.647946,0.140632,-0.125991,0.0877156,-0.928668,-0.376401,0.258332,0.0412737,-0.426638,0.00886833,-0.153306,-0.129284,-0.347974,-0.17914,-0.182448,-0.423115,0.209628,-0.139562,0.0254641
61.08,-0.201896,-0.000127832,0.000187487,0.421044,-0.243155,0.00321951,-0.202552,0.000315318,-1.33919e-05,0.42026,-0.246119,-0.0033639,0.00021427,-0.000362289,0.00303864,0.00396678,-0.00256462,-0.000862864,0.00852078,-0.000443416,0.00736311,0.00661146,0.00329566,0.00155795,0.00342749,0.00840094,-0.00977913,0.0066268,-0.00128087,-0.2,0,0,0.42,-0.23,0,-0.2,0,0,0.42,-0.23,0,0,0,0,0,0,0,0,0,0,0,0,0,0,0,0,0,0,0.00685665,0.00654498,0.00685665,0.00218166,0.00212268,-0.0128594,0.0325691,-0.00109083,-0.02057,0.0207258,-0.00586042,-0.0155998,0.00171416,-0.0116051,-8.20787e-06,0.00460194,-0.0138058,0.0276117,0.00306796,-0.00613592,0,-0.00392699,0.00613592,-0.00306796,-0.00306796,-0.00460194,-0.00153398,-0.0107992,0.00687223,3.1321,-0.175781,-0.223722,-3.07617,8.61891,-3.41594,5.1456,-0.878906,0.279652,-0.878906,11.7073,3.32106,-0.503374,0.64862,-5.98417,-2.5,0.4375,0.1875,-2.6875,-0.0625,-0.751953,-0.107422,-1.8125,-0.4375,-0.0625,-2.375,0.0625,-0.615234,0.0390625,0.175908,-0.000306796,-0.032462,-0.165274,0.521946,-0.103062,0.190104,-0.0293502,0.0424791,-0.121844,0.656462,0.165756,-0.0694236,0.143502,-0.911567,-0.405882,0.284074,-0.0120801,-0.432175,0.0150042,-0.147262,-0.128302,-0.341838,-0.149659,-0.165238,-0.410843,0.197117,-0.121737,0.0187452
61.14,-0.201896,-0.000110787,0.000187487,0.421052,-0.243167,0.00322665,-0.202593,0.000315318,-4.01757e-05,0.420285,-0.246127,-0.00337824,0.000147311,-0.000362289,0.00303864,0.00399075,-0.00256462,-0.000886833,0.00852078,-0.000443416,0.00736311,0.0066268,0.00329566,0.00156993,0.00345146,0.00840094,-0.00977913,0.0066268,-0.00128854,-0.2,0,0,0.42,-0.23,0,-0.2,0,0,0.42,-0.23,0,0,0,0,0,0,0,0,0,0,0,0,0,0,0,0,0,0,0.0154275,0.00109083,0.0119991,0.00218166,0.0021507,-0.00366706,0.00685665,0,-0.00342833,-0.00872665,-0.00642273,-0.00732425,-0.0325691,0.00387632,0.00493814,0.00460194,-0.00613592,0.00306796,-0.00306796,0.0076699,0,0.00589049,0.0076699,-0.00460194,0.0122718,0,-0.00920388,-0.00392699,-0.00785398,3.41175,0,-0.391513,-3.60352,8.61891,-3.41594,5.08967,-0.966797,0.447443,-0.615234,11.7068,3.21676,-0.559304,0.549593,-6.13941,-2.5,0.375,0.1875,-2.6875,-0.125,-0.751953,-0.107422,-1.8125,-0.4375,-0.0625,-2.375,0.0625,-0.634766,0.0683594,0.158767,0.00889709,-0.0427469,-0.166552,0.522396,-0.121732,0.245546,-0.0315318,0.0108742,-0.00787018,0.657921,0.149778,0.053514,0.0970577,-0.926406,-0.408279,0.268734,0.0382057,-0.419903,0.00119842,-0.147262,-0.138426,-0.344906,-0.147789,-0.197117,-0.420047,0.204786,-0.128609,0.0336249
61.18,-0.201843,-0.000110787,0.000187487,0.421052,-0.243159,0.00322667,-0.202552,0.000315318,-6.69595e-05,0.420268,-0.246127,-0.0033926,0.000147311,-0.000377415,0.00302899,0.00400273,-0.00254066,-0.000886833,0.00853277,-0.000491353,0.00736311,0.00661146,0.00328368,0.00156993,0.00345146,0.00841293,-0.00976714,0.00664214,-0.0012732,-0.2,0,0,0.42,-0.23,0,-0.2,0,0,0.42,-0.23,0,0,0,0,0,0,0,0,0,0,0,0,0,0,0,0,0,0,0.00857081,0.0174533,0,0.0174533,0.00540475,2.46708e-05,0,0.00872665,-0.00514249,0.0316341,-0.00426875,-0.00917258,-0.010285,-0.00773073,0.00369608,0.00460194,0.00460194,0,0,-0.00153398,0.000981748,-0.00981748,0.00460194,0.00153398,-0.00306796,0,0.0168738,0.0107992,0.00589049,3.57955,-0.175781,-0.167791,-3.16406,8.61891,-3.41594,5.20153,-0.966797,0.335582,-1.23047,11.7068,3.21676,0.111861,0.549593,-6.13941,-2.5,0.3125,0.1875,-2.6875,-0.125,-0.751953,-0.0976562,-1.875,-0.4375,0,-2.375,0,-0.615234,0.0683594,0.167123,-0.0238278,-0.0187487,-0.227639,0.51555,-0.129116,0.255242,-0.0489851,0.0169809,-0.166756,0.653612,0.154049,-0.0133383,0.136417,-0.919785,-0.409477,0.244862,0.0443416,-0.426638,0.011361,-0.148244,-0.122412,-0.337572,-0.160061,-0.166437,-0.420646,0.178469,-0.143642,0.0195736
61.24,-0.201869,-0.000144876,0.00021427,0.421052,-0.243155,0.00321951,-0.202593,0.000315318,-2.67838e-05,0.420251,-0.246127,-0.00337824,0.000120527,-0.000369852,0.00303381,0.00399075,-0.00254066,-0.000886833,0.00853277,-0.000443416,0.00736311,0.00661913,0.00329566,0.00155795,0.00345146,0.00840094,-0.00982706,0.0066268,-0.00129621,-0.2,0,0,0.42,-0.23,0,-0.2,0,0,0.42,-0.23,0,0,0,0,0,0,0,0,0,0,0,0,0,0,0,0,0,0,0.00171416,0.01309,0.0222841,0.0152716,-0.00162983,-0.0027651,-0.0154275,-0.0109083,0.0359974,-0.00327249,-0.00106859,-0.00183353,-0.0308549,-0.0116071,-0.00124206,-0.00153398,-0.00306796,0.0122718,0.00613592,-0.0122718,0,0.000981748,0.00153398,-0.0138058,-0.0184078,0,-0.0076699,-0.000981748,0.0147262,3.57955,0,0,-2.63672,8.70784,-3.46836,5.7049,-0.966797,0.447443,-0.0878906,11.7068,3.21676,-0.223722,0.598997,-5.90639,-2.5,0.3125,0.1875,-2.75,-0.0625,-0.751953,-0.0976562,-1.8125,-0.4375,0,-2.375,0.0625,-0.644531,0.0488281,0.183514,-0.0116923,-0.0659953,-0.218912,0.529451,-0.12325,0.290114,-0.00971521,-0.0693165,-0.0245727,0.647213,0.138797,0.0564067,0.145777,-0.906418,-0.396007,0.260201,0.0197979,-0.43891,0.0211402,-0.147262,-0.133364,-0.332634,-0.128183,-0.135757,-0.420047,0.204211,-0.131554,0.0111981
61.28,-0.201856,-0.000110787,0.000187487,0.421052,-0.243159,0.00325542,-0.202579,0.000332363,-9.37433e-05,0.42026,-0.246123,-0.00338544,0.000200878,-0.000369852,0.00303381,0.00399075,-0.00256462,-0.000886833,0.00853277,-0.000479369,0.00736311,0.00661913,0.00329566,0.00155795,0.00346344,0.00841293,-0.00977913,0.0066268,-0.00128087,-0.2,0,0,0.42,-0.23,0,-0.2,0,0,0.42,-0.23,0,0,0,0,0,0,0,0,0,0,0,0,0,0,0,0,0,0,0,0.00763582,0.0222841,0,5.60258e-06,0.00183846,0.0274266,0.00109083,0.00342833,-0.00763582,0.00107419,-4.93358e-06,0.0188558,-0.00290226,-0.000618978,-0.0138058,-0.0107379,-0.00153398,0.00153398,0,-0.00589049,0.0107992,0.00460194,-0.0107379,0.0076699,0.00460194,0,-0.00589049,0.00294524,3.46768,0.0878906,-0.167791,-4.48242,8.70736,-3.36406,5.20153,-1.05469,0.335582,-0.527344,11.6173,3.16434,-0.671165,0.549483,-5.98401,-2.4375,0.375,0.1875,-2.6875,-0.125,-0.751953,-0.107422,-1.875,-0.4375,-0.0625,-2.375,0.0625,-0.615234,0.0683594,0.185604,-0.00419288,-0.0633169,-0.157826,0.526345,-0.133894,0.203067,-0.0354179,0.00251768,-0.00839794,0.642759,0.135427,-0.116831,0.119662,-0.908287,-0.371463,0.277938,0.0474096,-0.429706,0.00958738,-0.141372,-0.143182,-0.33877,-0.134319,-0.188512,-0.42985,0.195583,-0.126645,0.0226722
61.34,-0.201869,-0.000127832,0.000200878,0.421052,-0.243155,0.00324826,-0.202579,0.000306796,-2.67838e-05,0.420268,-0.246123,-0.00337108,0.00021427,-0.000362289,0.00303864,0.00399075,-0.00256462,-0.000886833,0.00853277,-0.000419448,0.00736311,0.00661913,0.00327169,0.00156993,0.00342749,0.00841293,-0.00977913,0.00663447,-0.00128087,-0.2,0,0,0.42,-0.23,0,-0.2,0,0,0.42,-0.23,0,0,0,0,0,0,0,0,0,0,0,0,0,0,0,0,0,0,-0.010285,0.0229074,0.0428541,0.0327249,-0.00159621,0.00826568,-0.00857081,0,-0.00857081,0.00436332,0.00321697,0.00182366,0.0222841,-0.00773272,0.00246223,0.00306796,0.00460194,0.0122718,0.00460194,0.00153398,0,-0.000981748,-0.00153398,0,0.0122718,0.0076699,-0.00920388,0,0.000981748,2.96431,-0.351562,-0.447443,-3.51562,8.70784,-3.46836,5.1456,-0.966797,0.223722,-0.439453,11.6173,3.16434,-1.00675,0.549483,-5.98401,-2.5,0.3125,0.1875,-2.6875,-0.0625,-0.751953,-0.0976562,-1.8125,-0.4375,-0.0625,-2.375,0.0625,-0.605469,0.0683594,0.207512,-0.0330317,-0.105796,-0.288725,0.52938,-0.146462,0.275061,-0.0306796,0.01982,-0.057673,0.638475,0.131196,-0.131133,0.131885,-0.918978,-0.405211,0.247259,0.0197979,-0.435842,0.00685498,-0.147262,-0.131401,-0.324101,-0.156993,-0.195918,-0.435986,0.204786,-0.132689,0.0246357
61.38,-0.201829,-0.00011931,0.000187487,0.421052,-0.243155,0.00324826,-0.202606,0.00032384,-9.37433e-05,0.420251,-0.246114,-0.00338548,0.000133919,-0.000354737,0.00304346,0.00397876,-0.00254066,-0.000898817,0.00853277,-0.000443416,0.00736311,0.00661146,0.00328368,0.00154597,0.00346344,0.00841293,-0.00977913,0.0066268,-0.0012732,-0.2,0,0,0.42,-0.23,0,-0.2,0,0,0.42,-0.23,0,0,0,0,0,0,0,0,0,0,0,0,0,0,0,0,0,0,-0.010285,0.00436332,0.00342833,-0.0109083,0.00325966,0.00553019,-0.0274266,-0.00327249,0.02057,0.00763582,-0.00266587,-0.00642229,-0.02057,-0.00289828,0.00431369,0,0.00613592,0.00153398,-0.0122718,-0.0076699,0,-0.00392699,0.00153398,-0.0107379,0,0.00306796,-0.0153398,-0.00294524,0.0107992,3.41175,0.175781,-0.279652,-3.86719,8.61891,-3.41594,5.7049,-0.966797,0.503374,-0.703125,11.7068,3.21676,0,0.446575,-5.98976,-2.5,0.3125,0.1875,-2.625,-0.0625,-0.761719,-0.107422,-1.8125,-0.4375,0,-2.4375,0.0625,-0.634766,0.0488281,0.203495,0.00320432,-0.0256053,-0.114192,0.519669,-0.140991,0.315452,-0.0258391,-0.0317656,-0.0682059,0.649904,0.148264,0.0215342,0.115116,-0.925978,-0.397876,0.241794,0.0418729,-0.402095,0.0165382,-0.147262,-0.128302,-0.331436,-0.133121,-0.173172,-0.426782,0.210922,-0.129591,0.0146649
61.44,-0.201883,-0.00011931,0.00021427,0.421018,-0.243159,0.00324105,-0.202526,0.000332363,-2.67838e-05,0.42026,-0.246119,-0.00337828,0.000160703,-0.000369852,0.00303381,0.00396678,-0.00254066,-0.000886833,0.00853277,-0.000467385,0.00735544,0.00661913,0.00329566,0.00158192,0.00347543,0.00840094,-0.00981508,0.00663447,-0.00128087,-0.2,0,0,0.42,-0.23,0,-0.2,0,0,0.42,-0.23,0,0,0,0,0,0,0,0,0,0,0,0,0,0,0,0,0,0,-0.02057,0.00763582,-0.00342833,-0.0294524,0.00378053,-0.000901962,0.0239983,0.00436332,0.00685665,0,-0.00212597,-0.00734399,0.010285,0.00580652,0.00247181,-0.00613592,0.00920388,0.00153398,0.00460194,0.00306796,-0.00883573,-0.00589049,0,-0.00153398,0.0138058,0.00153398,-0.0214757,0.00294524,0.00490874,3.46768,0,-0.167791,-3.33984,8.61891,-3.41594,4.75408,-0.791016,0.391513,-0.439453,11.7073,3.32106,-0.111861,0.450347,-5.98385,-2.5,0.3125,0.1875,-2.6875,-0.125,-0.761719,-0.107422,-1.8125,-0.4375,-0.0625,-2.375,0,-0.605469,0.0488281,0.229422,-0.00334067,-0.0145704,-0.0349018,0.518797,-0.127838,0.204568,-0.0419629,-0.0110349,-0.0389412,0.648992,0.149819,-0.0790658,0.0935361,-0.917559,-0.384406,0.235658,0.0412737,-0.435842,0.00627973,-0.138273,-0.126492,-0.329566,-0.155124,-0.201383,-0.423115,0.217777,-0.135635,0.0207087
61.48,-0.201869,-0.000144876,0.000187487,0.421035,-0.243159,0.00324105,-0.202579,0.00032384,-0.000107135,0.42026,-0.246127,-0.00337824,0.000200878,-0.000377399,0.00303863,0.00397876,-0.00256462,-0.000886833,0.00852078,-0.000467385,0.00737078,0.00661146,0.00329566,0.00156993,0.00342749,0.00841293,-0.00977913,0.0066268,-0.0012732,-0.2,0,0,0.42,-0.23,0,-0.2,0,0,0.42,-0.23,0,0,0,0,0,0,0,0,0,0,0,0,0,0,0,0,0,0,0.0119991,-0.00327249,0.02057,-0.019635,5.60258e-06,0.00183846,0,0.00109083,-0.0171416,-0.00981748,-0.000528691,-0.00275523,0.00171416,-0.000968085,-0.00061761,-0.0260777,-0.0153398,-0.00460194,-0.0076699,-0.0168738,0.011781,-0.00490874,-0.00153398,-0.00306796,0.00460194,-0.0107379,0.00460194,0.00490874,0.000981748,3.24396,-0.263672,-0.447443,-3.42773,8.70784,-3.46836,5.1456,-0.878906,0.335582,-0.703125,11.5283,3.21621,-0.950817,0.49986,-5.90623,-2.4375,0.375,0.1875,-2.6875,-0.0625,-0.761719,-0.107422,-1.8125,-0.4375,-0.0625,-2.25,0.0625,-0.615234,0.0683594,0.162944,0.0210326,-0.0598886,-0.0767288,0.526347,-0.133319,0.25792,-0.0345657,0.0449968,0.000328705,0.646133,0.14064,-0.065406,0.116124,-0.909735,-0.345721,0.287142,0.0535455,-0.410699,0.0262215,-0.159197,-0.12732,-0.326498,-0.150857,-0.180578,-0.399171,0.190981,-0.137445,0.0244823
61.54,-0.201843,-0.000136354,0.000187487,0.421018,-0.243155,0.00324826,-0.202579,0.000315318,-1.33919e-05,0.420243,-0.246119,-0.0033639,0.000174095,-0.000377415,0.00302899,0.00397876,-0.00254066,-0.000886833,0.00852078,-0.000419448,0.00736311,0.00661913,0.00329566,0.00154597,0.00348741,0.00840094,-0.00976714,0.00663447,-0.00128854,-0.2,0,0,0.42,-0.23,0,-0.2,0,0,0.42,-0.23,0,0,0,0,0,0,0,0,0,0,0,0,0,0,0,0,0,0,0.0154275,-0.00436332,0.00171416,-0.0174533,0.00217311,0.0036868,-0.0119991,-0.00436332,-0.0154275,-0.0218166,-0.0096285,-0.0128248,-0.0154275,-0.011611,-0.00370976,0,-0.00920388,-0.0138058,0,0.00613592,-0.00589049,-0.000981748,0.0153398,-0.0076699,-0.0122718,-0.0107379,0,0.0019635,-0.0225802,3.1321,-0.263672,-0.503374,-3.16406,8.61891,-3.41594,5.20153,-0.966797,0.391513,-0.439453,11.7963,3.26918,-0.335582,0.599107,-6.06179,-2.5,0.375,0.1875,-2.6875,-0.0625,-0.732422,-0.0976562,-1.875,-0.4375,0,-2.3125,0,-0.615234,0.0683594,0.15341,0.022362,-0.022177,-0.0828984,0.521842,-0.137304,0.281918,-0.0228052,0.0321941,0.0508823,0.663999,0.160206,-0.005946,0.148058,-0.897567,-0.397876,0.272473,0.0719533,-0.426039,0.00225303,-0.141372,-0.131401,-0.360246,-0.139257,-0.149827,-0.398571,0.195343,-0.134653,0.0483511
61.58,-0.201883,-0.000127832,0.000147311,0.421044,-0.243163,0.00323385,-0.202552,0.000315318,-5.35676e-05,0.420302,-0.246123,-0.00338544,0.000147311,-0.000369852,0.00303381,0.00401472,-0.00254066,-0.000886833,0.00853277,-0.000443416,0.00736311,0.00661146,0.00329566,0.00158192,0.00347543,0.00841293,-0.00976714,0.00663447,-0.00130388,-0.2,0,0,0.42,-0.23,0,-0.2,0,0,0.42,-0.23,0,0,0,0,0,0,0,0,0,0,0,0,0,0,0,0,0,0,0.00857081,0.0109083,-0.010285,-0.00981748,0.00597044,0.00830022,-0.00171416,-0.0141808,0.0394257,-0.01309,-0.00317215,-0.0165314,-0.00514249,-0.00193617,-0.00123522,-0.00613592,0,0.0076699,0,0,0.00785398,0.000981748,0.00153398,0,0.0138058,-0.00460194,-0.00153398,-0.000981748,-0.0166897,3.41175,-0.263672,-0.335582,-2.37305,8.53045,-3.46782,5.31339,-0.791016,0.559304,0.615234,11.6178,3.26863,-0.167791,0.549483,-5.98401,-2.4375,0.375,0.1875,-2.6875,-0.0625,-0.751953,-0.0976562,-1.8125,-0.4375,-0.0625,-2.375,0.0625,-0.615234,0.0488281,0.171141,-0.00903344,0.00583887,-0.117277,0.514587,-0.145954,0.25867,-0.00317022,-0.0734947,0.00702608,0.651252,0.16848,-0.0287658,0.116764,-0.906438,-0.3892,0.254066,0.0290018,-0.426638,0.00886833,-0.155116,-0.133211,-0.332634,-0.158192,-0.201383,-0.411442,0.196877,-0.131708,0.0427674
61.64,-0.201869,-0.00016192,0.000187487,0.421061,-0.243163,0.00323385,-0.202526,0.00032384,-9.37433e-05,0.420345,-0.246123,-0.00337108,0.000107135,-0.000369852,0.00303381,0.00397876,-0.00256462,-0.000898817,0.00853277,-0.000443416,0.00736311,0.00661913,0.00328368,0.00158192,0.00349939,0.00841293,-0.00979111,0.00664981,-0.00128087,-0.2,0,0,0.42,-0.23,0,-0.2,0,0,0.42,-0.23,0,0,0,0,0,0,0,0,0,0,0,0,0,0,0,0,0,0,0.0137133,0.00872665,0.00171416,0.00981748,0.00268837,-0.00458382,0.0222841,0.00545415,0.00342833,0.00109083,-0.00425754,-0.0128495,-0.0308549,-0.00966889,0.00122701,0,-0.00920388,0.00613592,-0.00920388,-0.0076699,0,0.00294524,0,0.00613592,-0.00153398,-0.00613592,0.0107379,-0.0147262,0,3.24396,-0.263672,-0.391513,-4.04297,8.61891,-3.41594,5.20153,-0.966797,0.167791,-0.175781,11.6178,3.26863,0.0559304,0.49986,-5.90623,-2.5,0.4375,0.1875,-2.625,-0.0625,-0.751953,-0.107422,-1.8125,-0.4375,0,-2.3125,0,-0.634766,0.0683594,0.159516,-0.00126127,-0.022177,-0.198374,0.521151,-0.120186,0.207996,-0.0432923,0.00251768,-0.0560897,0.653424,0.160542,0.0604242,0.139962,-0.913825,-0.397876,0.27487,0.032669,-0.408231,0.0165382,-0.147262,-0.135328,-0.328368,-0.170464,-0.171902,-0.408374,0.185084,-0.11827,0.0256175
61.68,-0.201869,-0.00016192,0.000187487,0.421027,-0.243142,0.00324112,-0.202539,0.000340885,-0.000174095,0.420217,-0.246114,-0.00335674,0.000200878,-0.000369852,0.00303381,0.00400273,-0.00254066,-0.000886833,0.0085088,-0.000491353,0.00736311,0.00661146,0.00329566,0.00158192,0.00345146,0.00842491,-0.00982706,0.0066268,-0.00128087,-0.2,0,0,0.42,-0.23,0,-0.2,0,0,0.42,-0.23,0,0,0,0,0,0,0,0,0,0,0,0,0,0,0,0,0,0,0.02057,-0.00654498,0.0274266,-0.0327249,-0.00318683,0.0183698,0.00857081,0.00654498,-0.00685665,-0.00327249,-0.00160288,-0.00275029,0.0154275,-0.00290226,-0.000618978,0.00460194,-0.00306796,-0.00153398,-0.0199418,0,0.00392699,-0.0107992,0.00306796,-0.00460194,0.00920388,0.00460194,0.00920388,-0.0127627,0.0019635,3.02024,-0.263672,-0.559304,-2.98828,8.79677,-3.52078,5.20153,-0.966797,0.894886,-0.0878906,11.6178,3.26863,-1.2864,0.599107,-6.06179,-2.5,0.4375,0.1875,-2.625,-0.125,-0.761719,-0.107422,-1.875,-0.4375,-0.0625,-2.375,0.0625,-0.615234,0.0488281,0.145803,0.029282,-0.0736019,-0.0230904,0.532056,-0.166385,0.236761,-0.0471784,0.0311228,-0.0194586,0.647781,0.13977,-0.106546,0.119662,-0.908287,-0.409477,0.260201,0.0474096,-0.385556,0.00982706,-0.151189,-0.12143,-0.335702,-0.148988,-0.190981,-0.430449,0.187337,-0.119773,0.023654
61.74,-0.201843,-0.000144876,0.00021427,0.421044,-0.243167,0.00322665,-0.202552,0.000332363,-6.69595e-05,0.420268,-0.246119,-0.00337828,0.000174095,-0.000369852,0.00303381,0.00400273,-0.00256462,-0.000886833,0.00853277,-0.000455401,0.00736311,0.00660379,0.00329566,0.00158192,0.00345146,0.00842491,-0.00981508,0.0066268,-0.00128087,-0.2,0,0,0.42,-0.23,0,-0.2,0,0,0.42,-0.23,0,0,0,0,0,0,0,0,0,0,0,0,0,0,0,0,0,0,0.0342833,-0.00436332,0.0188558,-0.00327249,-0.00108095,-4.93417e-06,0.0342833,-0.00327249,-0.0257124,0.00218166,0.0011022,-0.00919725,0,0,0,0,0.00153398,-0.0138058,-0.00460194,-0.0107379,0,-0.0147262,-0.00306796,-0.00460194,0.00613592,0.00920388,0,-0.00294524,0,3.02024,-0.175781,-0.279652,-4.13086,8.61891,-3.41594,5.1456,-1.05469,0.503374,0.263672,11.7068,3.21676,-0.615234,0.49997,-6.06163,-2.5,0.3125,0.1875,-2.6875,-0.0625,-0.732422,-0.0976562,-1.8125,-0.4375,-0.0625,-2.375,0,-0.634766,0.0488281,0.115698,0.0232142,-0.0591386,-0.143457,0.52886,-0.129056,0.186675,-0.0266913,0.0581208,-0.0489464,0.642536,0.153526,-0.0522284,0.110956,-0.910144,-0.400273,0.253394,0.0719533,-0.417435,0.0198459,-0.147262,-0.11735,-0.32343,-0.148988,-0.184845,-0.439653,0.196302,-0.129591,0.0256175
61.78,-0.201829,-0.000136354,0.00021427,0.421035,-0.243167,0.00322665,-0.202579,0.000315318,-9.37433e-05,0.420294,-0.246123,-0.00337108,0.000160703,-0.000369852,0.00303381,0.00399075,-0.00254066,-0.000886833,0.00853277,-0.000491353,0.00736311,0.00661146,0.00329566,0.00154597,0.00342749,0.00841293,-0.00975516,0.0066268,-0.00128854,-0.2,0,0,0.42,-0.23,0,-0.2,0,0,0.42,-0.23,0,0,0,0,0,0,0,0,0,0,0,0,0,0,0,0,0,0,0.00171416,-0.00654498,0.00685665,-0.0141808,-0.00325966,-0.00553019,-0.0137133,-0.00436332,0,0.00109083,0,0,0.0119991,-0.00772874,0.00492993,0.0122718,0.00153398,0.00460194,0.00920388,-0.0184078,-0.000981748,-0.015708,0.00613592,0,0.00306796,0.0107379,-0.00920388,0.00294524,-0.00883573,3.35582,0.175781,-0.335582,-3.86719,8.61891,-3.41594,5.1456,-0.878906,0.671165,-0.878906,11.7068,3.21676,-0.391513,0.549593,-6.13941,-2.5,0.375,0.1875,-2.6875,-0.0625,-0.751953,-0.0976562,-1.8125,-0.4375,-0.0625,-2.375,0.0625,-0.634766,0.0683594,0.179497,0.0267254,-0.0351403,-0.0985454,0.533217,-0.118006,0.285346,-0.0228052,0.00937433,-0.0484186,0.644909,0.134843,-0.0842082,0.134142,-0.924934,-0.423618,0.250998,0.0351377,-0.445046,0.0282348,-0.14628,-0.116521,-0.341838,-0.154597,-0.17751,-0.442122,0.204307,-0.135481,0.0346066
61.84,-0.201883,-0.000144876,0.00021427,0.421052,-0.243167,0.00322665,-0.202593,0.000315318,-2.67838e-05,0.420302,-0.246123,-0.00337108,0.000147311,-0.000362289,0.00303864,0.00401472,-0.00256462,-0.000886833,0.00853277,-0.000443416,0.00736311,0.00661913,0.00328368,0.00156993,0.0034155,0.00841293,-0.00974318,0.0066268,-0.00129621,-0.2,0,0,0.42,-0.23,0,-0.2,0,0,0.42,-0.23,0,0,0,0,0,0,0,0,0,0,0,0,0,0,0,0,0,0,-0.00171416,-0.019635,-0.00857081,0.0152716,0.00324845,0.00185327,0.00685665,-0.00218166,-0.00171416,0.0174533,-0.00266026,-0.00826075,-0.0257124,-0.00580452,-0.00123796,0.0122718,-0.00613592,0.00613592,-0.0214757,-0.00153398,0.000981748,0.000981748,0.00460194,-0.0153398,0.00613592,0.00306796,-0.00920388,-0.0019635,-0.0019635,3.18803,0.0878906,-0.167791,-2.37305,8.53045,-3.46782,5.03374,-0.966797,0.559304,-1.58203,11.7068,3.21676,-0.503374,0.450347,-5.98385,-2.5,0.3125,0.1875,-2.5625,-0.0625,-0.761719,-0.0976562,-1.875,-0.4375,-0.0625,-2.375,0.0625,-0.634766,0.0488281,0.19171,0.0537575,-0.00428541,-0.218912,0.520201,-0.132773,0.245546,-0.0271685,0.0061067,-0.115147,0.650229,0.151365,0.0329441,0.1261,-0.907878,-0.426015,0.268734,0.0320698,-0.383687,0.0104023,-0.148244,-0.133364,-0.337572,-0.126314,-0.183047,-0.426782,0.204067,-0.130572,0.0278878
61.88,-0.201829,-0.000136354,0.000187487,0.421061,-0.243163,0.00323385,-0.202526,0.000340885,-8.03514e-05,0.420277,-0.246114,-0.0033711,0.000187487,-0.000369852,0.00303381,0.00399075,-0.00254066,-0.000886833,0.00852078,-0.000503337,0.00737078,0.00659612,0.00329566,0.00156993,0.00345146,0.00840094,-0.00982706,0.00663447,-0.00128854,-0.2,0,0,0.42,-0.23,0,-0.2,0,0,0.42,-0.23,0,0,0,0,0,0,0,0,0,0,0,0,0,0,0,0,0,0,0.0411399,0,-0.00514249,0.0141808,0.00379173,0.00277496,0.0342833,0.0141808,-0.00857081,-0.00109083,0.000545499,-0.00276016,0.0154275,0.00290824,0.00432053,-0.00613592,0.00460194,-0.00920388,0.00153398,-0.0199418,0.00490874,-0.0186532,0.0107379,0.0138058,0.0107379,0,-0.00460194,0.0019635,-0.00785398,3.35582,0,-0.279652,-4.04297,8.61891,-3.41594,5.20153,-0.966797,0.167791,-1.05469,11.7068,3.21676,-0.447443,0.49997,-6.06163,-2.5,0.375,0.1875,-2.6875,-0.0625,-0.751953,-0.0976562,-1.875,-0.5,-0.0625,-2.375,0.0625,-0.615234,0.0683594,0.100645,0.0136354,-0.00846368,-0.215827,0.518944,-0.134904,0.183998,-0.0624501,0.0251768,-0.0371349,0.643482,0.140364,-0.102528,0.102231,-0.923105,-0.386803,0.244862,0.0627494,-0.429107,0.0300085,-0.152324,-0.113269,-0.351042,-0.184605,-0.194049,-0.420047,0.201143,-0.134653,0.0336249
61.94,-0.201883,-0.000127832,0.000187487,0.421027,-0.243163,0.00323385,-0.202593,0.000332363,-5.35676e-05,0.420285,-0.246123,-0.00337108,0.000133919,-0.000362289,0.00303864,0.00397876,-0.00254066,-0.000886833,0.00853277,-0.000491353,0.00736311,0.00661146,0.00328368,0.00155795,0.00349939,0.00841293,-0.00981508,0.0066268,-0.00128854,-0.2,0,0,0.42,-0.23,0,-0.2,0,0,0.42,-0.23,0,0,0,0,0,0,0,0,0,0,0,0,0,0,0,0,0,0,0.0222841,0.00218166,-0.00514249,-0.0141808,0.00104734,-0.0110258,0.0154275,0.00872665,0,0.00327249,-0.00533173,-0.0128446,-0.02057,-0.00290027,0.000614874,-0.00460194,0.00460194,-0.00613592,0.00153398,0.00306796,-0.00392699,-0.00589049,-0.00306796,-0.0138058,0.00613592,0,-0.0322136,-0.00294524,-0.00392699,3.18803,-0.263672,-0.279652,-2.54883,8.70736,-3.36406,5.25746,-1.05469,0.167791,0.175781,11.7963,3.26918,-0.727095,0.599107,-6.06179,-2.5,0.375,0.1875,-2.6875,-0.125,-0.751953,-0.0976562,-1.8125,-0.375,-0.0625,-2.375,0.0625,-0.634766,0.0683594,0.143714,0.00841985,-0.00846368,-0.0972669,0.524433,-0.107302,0.228404,-0.0506895,0.00535676,-0.0558667,0.655572,0.160532,0.0215342,0.117387,-0.913436,-0.388672,0.244862,0.0566135,-0.429706,0.0067591,-0.143335,-0.126339,-0.322232,-0.128183,-0.187242,-0.420646,0.228515,-0.129591,0.0296979
62,-0.201816,-0.000136354,0.000200878,0.421069,-0.243167,0.00324101,-0.202606,0.000332363,-0.000147311,0.420234,-0.246114,-0.0033711,0.000133919,-0.000347189,0.00303864,0.00399075,-0.00254066,-0.000886833,0.00852078,-0.000443416,0.00735544,0.00661146,0.00328368,0.00156993,0.00345146,0.00840094,-0.00977913,0.00663447,-0.00128854,-0.2,0,0,0.42,-0.23,0,-0.2,0,0,0.42,-0.23,0,0,0,0,0,0,0,0,0,0,0,0,0,0,0,0,0,0,0.0325691,0.00436332,-0.0188558,0.0239983,0.00265475,-0.0156146,0,0.00436332,-0.010285,-0.0370882,0.000539896,-0.000921699,-0.0257124,-0.00386437,-0.00616242,-0.0076699,0.00613592,0.0076699,0,-0.0076699,-0.00687223,0.00294524,-0.00153398,-0.0168738,0.0138058,0,0.00613592,0.00294524,-0.000981748,3.57955,0.0878906,-0.167791,-3.42773,8.52997,-3.36352,5.53711,-0.791016,0.559304,-0.0878906,11.7068,3.21676,-0.615234,0.694672,-5.91197,-2.5,0.375,0.1875,-2.75,-0.0625,-0.751953,-0.107422,-1.8125,-0.4375,-0.0625,-2.375,0.0625,-0.615234,0.0488281,0.116449,0.00490874,0.0176237,-0.256376,0.521386,-0.0984111,0.260599,-0.0419629,0.035301,0.113247,0.643493,0.136687,0.0369616,0.11575,-0.893105,-0.383735,0.241794,0.0290018,-0.426039,0.0165382,-0.140237,-0.135174,-0.3253,-0.123246,-0.200184,-0.420047,0.189447,-0.135635,0.0267526
62.04,-0.201896,-0.000144876,0.00021427,0.421044,-0.243151,0.00324108,-0.202606,0.000332363,-8.03514e-05,0.42026,-0.246123,-0.00337108,0.000160703,-0.000362304,0.003029,0.00399075,-0.00256462,-0.000886833,0.00855674,-0.000443416,0.00736311,0.00661913,0.00329566,0.00158192,0.00345146,0.00841293,-0.0098031,0.00663447,-0.00128087,-0.2,0,0,0.42,-0.23,0,-0.2,0,0,0.42,-0.23,0,0,0,0,0,0,0,0,0,0,0,0,0,0,0,0,0,0,0.0239983,0.00763582,0.00514249,0.01309,-0.00543277,-0.00921699,0.0325691,0.00545415,0,0.00654498,0.00160288,0.00275029,-0.0239983,-0.0164395,0.000605298,-0.00153398,0.0122718,0.0076699,0.00460194,-0.00613592,-0.000981748,0.00392699,0.00460194,0.00306796,-0.00920388,0,0.00306796,0.00687223,0.0019635,3.57955,-0.175781,-0.111861,-2.63672,8.70736,-3.36406,5.36932,-0.966797,0.671165,-1.31836,11.6173,3.16434,-0.838956,0.698243,-6.06195,-2.5,0.3125,0.1875,-2.6875,-0.0625,-0.751953,-0.107422,-1.8125,-0.4375,0,-2.375,0,-0.615234,0.0488281,0.141625,-0.000784035,-0.031712,-0.208907,0.536885,-0.111209,0.195461,-0.0441446,0.00803514,-0.0651211,0.641703,0.129343,0.023784,0.15801,-0.910515,-0.396007,0.231919,0.0290018,-0.437041,0.0150042,-0.14628,-0.13631,-0.33877,-0.164328,-0.154165,-0.420646,0.192994,-0.139562,0.023654
62.1,-0.201883,-0.000127832,0.00021427,0.421035,-0.243151,0.00324108,-0.202619,0.000315318,-5.35676e-05,0.420294,-0.246119,-0.00337828,0.000160703,-0.000354737,0.00304346,0.00400273,-0.00252867,-0.000922785,0.00853277,-0.000443416,0.00736311,0.00661146,0.00329566,0.00154597,0.00345146,0.00841293,-0.00981508,0.00661913,-0.00128854,-0.2,0,0,0.42,-0.23,0,-0.2,0,0,0.42,-0.23,0,0,0,0,0,0,0,0,0,0,0,0,0,0,0,0,0,0,-0.00171416,0.00545415,0.00514249,-0.00436332,-0.00105294,0.00918738,-0.00342833,0.00218166,-0.00685665,0.00545415,-0.0101628,-0.0137416,0.0154275,0,0,-0.0076699,0.00613592,0.00306796,-0.00306796,-0.00613592,0,-0.00687223,0,-0.0260777,0.0076699,0,0.00306796,-0.00981748,0,3.63548,0,-0.111861,-3.25195,8.70784,-3.46836,5.31339,-0.878906,0.503374,-0.615234,11.7963,3.26918,-0.559304,0.446575,-5.98976,-2.4375,0.375,0.1875,-2.6875,-0.0625,-0.751953,-0.0976562,-1.75,-0.4375,-0.0625,-2.375,0,-0.634766,0.0488281,0.19171,0.00187487,-0.031712,-0.137815,0.528126,-0.148018,0.268795,-0.0358952,0.0190701,-0.0658719,0.665066,0.162614,-0.0944932,0.106421,-0.913037,-0.384933,0.240595,0.0400033,-0.420502,0.0150042,-0.147262,-0.125357,-0.329566,-0.102441,-0.187913,-0.420646,0.193234,-0.122565,0.0257709
62.14,-0.201869,-0.000127832,0.000174095,0.421044,-0.243163,0.00324821,-0.202552,0.000332363,-4.01757e-05,0.420294,-0.246119,-0.00337828,0.000174095,-0.000369852,0.00303381,0.00400273,-0.00254066,-0.000862864,0.00853277,-0.000467385,0.00736311,0.00661146,0.00329566,0.00156993,0.00345146,0.00841293,-0.00982706,0.00663447,-0.0012732,-0.2,0,0,0.42,-0.23,0,-0.2,0,0,0.42,-0.23,0,0,0,0,0,0,0,0,0,0,0,0,0,0,0,0,0,0,0.0239983,-0.00218166,0,0.00981748,2.80129e-05,0.00919232,0.0342833,0.00436332,-0.0291408,0.00327249,-0.00371204,-0.0156097,-0.00514249,-0.010637,0.000609402,0.0122718,0.00153398,0.0168738,0.00460194,0.0122718,0.00294524,-0.00490874,0.00153398,-0.0076699,0.00460194,-0.00306796,-0.0184078,0.00490874,0.0127627,3.41175,0,-0.391513,-4.13086,8.61891,-3.41594,5.08967,-0.878906,0.503374,-0.527344,11.7068,3.21676,-0.335582,0.49986,-5.90623,-2.5,0.3125,0.1875,-2.75,-0.125,-0.761719,-0.0976562,-1.8125,-0.4375,-0.0625,-2.3125,0.0625,-0.634766,0.0488281,0.138946,0.0171465,-0.0174095,-0.195817,0.52647,-0.148313,0.186675,-0.0419629,0.0622991,-0.0571453,0.652165,0.16635,-0.0368009,0.142867,-0.911972,-0.424817,0.250998,0.00939563,-0.435842,-0.00292415,-0.150207,-0.12732,-0.332634,-0.141654,-0.181777,-0.41451,0.214949,-0.137598,0.0127014
62.2,-0.201843,-0.000127832,0.000187487,0.421044,-0.243163,0.00323385,-0.202579,0.00032384,-1.33919e-05,0.420302,-0.246114,-0.00335674,0.000160703,-0.000347189,0.00304827,0.00396678,-0.00256462,-0.000886833,0.00853277,-0.000431432,0.00736311,0.00661146,0.00328368,0.00156993,0.00339154,0.00840094,-0.00979111,0.0066268,-0.00126553,-0.2,0,0,0.42,-0.23,0,-0.2,0,0,0.42,-0.23,0,0,0,0,0,0,0,0,0,0,0,0,0,0,0,0,0,0,0.0154275,0.00545415,0.0274266,-0.00436332,0.00537674,-0.00916765,0,0.00109083,0.0377116,0.00327249,-0.00265466,-0.0100992,-0.0119991,-0.00193218,0.00369745,-0.00460194,-0.0076699,-0.0076699,-0.00153398,0,0.00785398,-0.00490874,-0.00153398,-0.0122718,-0.00460194,-0.00153398,-0.0260777,0.0137445,0.0215984,3.18803,-0.263672,-0.335582,-2.98828,8.52997,-3.36352,5.1456,-1.05469,0,-1.75781,11.6178,3.26863,-0.727095,0.595433,-6.06755,-2.5,0.3125,0.1875,-2.625,-0.0625,-0.751953,-0.0976562,-1.8125,-0.4375,0,-2.375,0.0625,-0.615234,0.0683594,0.15341,0.00187487,-0.0736019,-0.139094,0.515774,-0.111019,0.25792,-0.0345657,-0.074084,-0.0584238,0.649884,0.154468,-0.0122134,0.109953,-0.925573,-0.387474,0.271802,0.0596814,-0.42357,0.00862864,-0.155116,-0.12732,-0.3253,-0.13245,-0.160373,-0.416979,0.2219,-0.14628,0.00371224
62.24,-0.20191,-0.000136354,0.000187487,0.421044,-0.243159,0.00322667,-0.202552,0.000315318,-9.37433e-05,0.42026,-0.246119,-0.00337828,0.000133919,-0.000369852,0.00303381,0.00400273,-0.00255264,-0.000886833,0.00853277,-0.000443416,0.00737078,0.00661913,0.00329566,0.00154597,0.00345146,0.00840094,-0.00975516,0.0066268,-0.00128854,-0.2,0,0,0.42,-0.23,0,-0.2,0,0,0.42,-0.23,0,0,0,0,0,0,0,0,0,0,0,0,0,0,0,0,0,0,0.00342833,0,0.00685665,-0.0152716,0.00322604,-0.00550059,0.010285,-0.01309,0.00171416,-0.00109083,-0.00533173,-0.0128446,-0.0188558,0.00193617,0.00123522,-0.00613592,-0.00613592,0.00153398,0,-0.0122718,0.00883573,0.0147262,0.0076699,-0.00613592,-0.00613592,0,0,-0.00589049,-0.00687223,3.29989,-0.175781,-0.335582,-3.60352,8.61891,-3.41594,4.86594,-0.791016,0.167791,-1.40625,11.7068,3.21676,-0.447443,0.450347,-5.98385,-2.5,0.375,0.1875,-2.6875,-0.0625,-0.761719,-0.107422,-1.8125,-0.4375,-0.0625,-2.375,0.0625,-0.615234,0.0488281,0.184105,0.0136354,-0.032462,-0.0954606,0.519908,-0.118066,0.234672,-0.00535189,0.005946,-0.0345779,0.655404,0.16082,0.0163917,0.105147,-0.91385,-0.388001,0.267536,0.0412737,-0.426638,0.0211402,-0.156251,-0.147109,-0.344906,-0.142325,-0.160301,-0.420047,0.195103,-0.126645,0.0326431
62.3,-0.201869,-0.000153398,0.000187487,0.42101,-0.243163,0.00323385,-0.202552,0.000332363,-1.33919e-05,0.420243,-0.246127,-0.00337824,0.000187487,-0.000377399,0.00303863,0.00397876,-0.00255264,-0.000886833,0.00853277,-0.000467385,0.00736311,0.00661146,0.00328368,0.00156993,0.00342749,0.00841293,-0.00977913,0.00664214,-0.00128087,-0.2,0,0,0.42,-0.23,0,-0.2,0,0,0.42,-0.23,0,0,0,0,0,0,0,0,0,0,0,0,0,0,0,0,0,0,0.0222841,-0.0185441,0.00685665,-0.0359974,-0.00325966,-0.00553019,-0.00685665,-0.00218166,0.0188558,0,-0.00264906,-0.0119377,0.0154275,-0.0115931,0.0073949,-0.0122718,0.00153398,0.0107379,0.00306796,-0.00613592,0.00981748,-0.00392699,-0.00306796,-0.00613592,0.00460194,0.0076699,0,0.00589049,-0.00981748,3.18803,0.0878906,-0.279652,-3.16406,8.70784,-3.46836,5.48118,-0.966797,0.335582,-1.66992,11.6178,3.26863,-0.559304,0.50008,-6.21704,-2.5,0.375,0.1875,-2.6875,-0.0625,-0.761719,-0.107422,-1.8125,-0.4375,-0.0625,-2.375,0.0625,-0.615234,0.0488281,0.142374,0.0524281,-0.032462,-0.00744338,0.533047,-0.118294,0.268955,-0.0288729,-0.0363724,-0.0363842,0.650374,0.159005,-0.102528,0.147999,-0.933773,-0.373333,0.252196,0.0228659,-0.432774,0.0154836,-0.15708,-0.128302,-0.322232,-0.144721,-0.180578,-0.435986,0.195583,-0.138733,0.035435
62.34,-0.201869,-0.000127832,0.00021427,0.421027,-0.243159,0.00324105,-0.202566,0.00032384,-0.000107135,0.420285,-0.246127,-0.00337824,0.000187487,-0.000354737,0.00304346,0.00400273,-0.00256462,-0.000886833,0.00853277,-0.000443416,0.00736311,0.00661146,0.00329566,0.00154597,0.00342749,0.00840094,-0.00981508,0.00661913,-0.00128854,-0.2,0,0,0.42,-0.23,0,-0.2,0,0,0.42,-0.23,0,0,0,0,0,0,0,0,0,0,0,0,0,0,0,0,0,0,0.0171416,0.00654498,-0.0137133,-0.0141808,-0.00161302,0.00275029,-0.00857081,-0.01309,0.00342833,0.0272708,0.00434718,-0.0165659,-0.00342833,-0.0115931,0.00123248,0.00920388,-0.0138058,0,-0.0076699,-0.0076699,0.0019635,-0.00294524,0.00613592,-0.0122718,0.0107379,0.00153398,-0.0168738,-0.00490874,-0.00294524,3.29989,-0.263672,-0.223722,-2.10938,8.61891,-3.41594,5.25746,-0.878906,0.279652,-1.05469,11.6178,3.26863,-0.223722,0.645052,-5.98976,-2.5,0.3125,0.1875,-2.6875,-0.0625,-0.751953,-0.078125,-1.8125,-0.4375,-0.0625,-2.375,0.0625,-0.644531,0.0683594,0.152659,-0.000306796,0.00599957,-0.0972669,0.529585,-0.135142,0.273723,-0.0062041,0.00385687,-0.15186,0.636382,0.168261,-0.045961,0.1412,-0.916734,-0.418681,0.284074,0.0443416,-0.411299,0.0165382,-0.149226,-0.129284,-0.341838,-0.130053,-0.19285,-0.423115,0.213175,-0.127474,0.0287161
62.4,-0.201856,-0.000136354,0.000187487,0.421052,-0.243163,0.00323385,-0.202593,0.000332363,-5.35676e-05,0.420294,-0.246127,-0.00337824,0.000120527,-0.000354741,0.00303382,0.00399075,-0.00256462,-0.000898817,0.00852078,-0.000431432,0.00736311,0.00661913,0.00329566,0.00155795,0.00340352,0.00841293,-0.00981508,0.00663447,-0.00128854,-0.2,0,0,0.42,-0.23,0,-0.2,0,0,0.42,-0.23,0,0,0,0,0,0,0,0,0,0,0,0,0,0,0,0,0,0,0.0377116,0.00981748,0.0154275,0.00327249,0.00272199,0.00644696,-0.0188558,0.00109083,0.00685665,0.0261799,0.000573512,-0.0119525,0.0188558,-0.0058105,-0.00493951,0.00153398,-0.0153398,0.00460194,-0.00920388,0,0,0,0.00920388,0,0.00460194,0.00613592,0.0122718,0.00294524,-0.00785398,2.96431,-0.263672,-0.279652,-3.07617,8.61891,-3.41594,5.36932,-0.878906,0.335582,-1.31836,11.6178,3.26863,-0.279652,0.49986,-5.90623,-2.5,0.375,0.1875,-2.6875,-0.125,-0.732422,-0.0976562,-1.875,-0.4375,-0.0625,-2.375,0,-0.634766,0.0683594,0.110181,-0.00599957,-0.0496036,-0.170916,0.521084,-0.142248,0.296971,-0.0354179,-0.00835654,-0.148775,0.643929,0.159035,-0.0927255,0.123854,-0.895329,-0.402143,0.287142,0.035737,-0.407631,0.00862864,-0.147262,-0.132383,-0.347974,-0.155795,-0.17938,-0.432918,0.18403,-0.135635,0.0336249
62.44,-0.20191,-0.000110787,0.000187487,0.421044,-0.243163,0.00323385,-0.202579,0.00032384,-2.67838e-05,0.420285,-0.246123,-0.00338544,0.000187487,-0.000347189,0.00304827,0.00399075,-0.00256462,-0.000922785,0.00852078,-0.000419448,0.00736311,0.00661146,0.00328368,0.00154597,0.00342749,0.00841293,-0.0098031,0.00663447,-0.00128087,-0.2,0,0,0.42,-0.23,0,-0.2,0,0,0.42,-0.23,0,0,0,0,0,0,0,0,0,0,0,0,0,0,0,0,0,0,-0.0222841,-0.0119991,-0.00685665,-0.00763582,0.00430139,-0.00733412,-0.00171416,-0.00327249,-0.0137133,-0.00872665,-0.00158607,-0.00826569,0.00685665,0.00483046,0.00308121,-0.00306796,-0.00920388,-0.0153398,-0.00153398,-0.00920388,0,-0.00294524,0,0,-0.00306796,-0.0107379,0,0.00785398,0.000981748,3.24396,0.0878906,-0.0559304,-3.33984,8.52997,-3.36352,5.25746,-0.966797,0.559304,0.175781,11.7068,3.21676,-1.00675,0.496194,-5.91197,-2.5,0.4375,0.1875,-2.6875,-0.0625,-0.751953,-0.107422,-1.8125,-0.4375,-0.0625,-2.375,0.0625,-0.634766,0.0683594,0.23553,0.035077,-0.00503535,-0.126004,0.517925,-0.114686,0.261348,-0.0258391,0.030105,-0.00787018,0.64808,0.151949,-0.0768159,0.0896654,-0.923725,-0.392939,0.27487,0.0768189,-0.422971,0.0175928,-0.147262,-0.129284,-0.328368,-0.154597,-0.165238,-0.399171,0.196062,-0.140543,0.0246357
62.5,-0.201843,-0.000127832,0.000187487,0.42101,-0.243167,0.00322665,-0.202566,0.000315318,-6.69595e-05,0.420311,-0.246123,-0.00337108,0.000187487,-0.000362289,0.00303864,0.00397876,-0.00254066,-0.000898817,0.00852078,-0.000443416,0.00736311,0.00661146,0.00327169,0.00154597,0.00345146,0.00841293,-0.00976714,0.0066268,-0.00128087,-0.2,0,0,0.42,-0.23,0,-0.2,0,0,0.42,-0.23,0,0,0,0,0,0,0,0,0,0,0,0,0,0,0,0,0,0,0.0119991,-0.00872665,0.02057,-0.0261799,0.00110896,0.00919725,0.00857081,0,-0.0239983,-0.00327249,0.00537095,-2.46679e-05,0.0222841,-0.00387035,-0.00123659,0.0122718,0.00153398,0.00153398,-0.0076699,-0.00920388,0.000981748,0,-0.00153398,-0.00613592,0.00306796,0.00153398,0.00153398,-0.00392699,0.0019635,3.24396,0.0878906,-0.391513,-2.37305,8.61938,-3.52024,5.53711,-0.878906,0.223722,-0.351562,11.5283,3.21621,-0.167791,0.49986,-5.90623,-2.5,0.3125,0.1875,-2.6875,-0.0625,-0.751953,-0.0976562,-1.8125,-0.375,0,-2.375,0,-0.634766,0.0683594,0.160267,0.0302365,-0.0598886,-0.0467133,0.52448,-0.14746,0.23944,-0.0315318,0.0546925,-0.0335224,0.634167,0.134893,-0.123098,0.120298,-0.907882,-0.42242,0.250998,0.0418729,-0.410699,0.0180722,-0.148244,-0.132229,-0.324101,-0.142325,-0.178709,-0.423714,0.193809,-0.128609,0.023654
62.54,-0.201869,-0.000127832,0.000187487,0.421061,-0.243167,0.00324101,-0.202593,0.000332363,-2.67838e-05,0.420268,-0.246123,-0.00338544,0.000147311,-0.000362284,0.00304827,0.00400273,-0.00256462,-0.000886833,0.00853277,-0.000443416,0.00736311,0.00661146,0.00327169,0.00155795,0.00346344,0.00841293,-0.00982706,0.00663447,-0.00128087,-0.2,0,0,0.42,-0.23,0,-0.2,0,0,0.42,-0.23,0,0,0,0,0,0,0,0,0,0,0,0,0,0,0,0,0,0,0.0119991,0.00436332,0.0274266,0.0152716,0.00649691,0.00370653,-0.00342833,-0.0229074,0.00685665,-0.00654498,-0.00314974,-0.0238852,-0.00171416,0.00386437,-0.00246497,-0.0076699,-0.00613592,0.00306796,-0.00306796,0.00306796,-0.00392699,0.000981748,0,0,-0.0107379,0.0153398,-0.0184078,0.00589049,0.00392699,3.29989,0,-0.447443,-4.48242,8.44152,-3.4154,5.20153,-0.791016,0.167791,-0.0878906,11.7073,3.32106,-0.391513,0.446575,-5.83418,-2.4375,0.375,0.1875,-2.6875,-0.0625,-0.732422,-0.0976562,-1.8125,-0.4375,0,-2.375,0.0625,-0.615234,0.0683594,0.162944,0.00405653,-0.0736019,-0.220191,0.513702,-0.137053,0.266116,0.0125786,-0.0110349,-0.0140398,0.651207,0.183188,-0.0390508,0.0970922,-0.907086,-0.384933,0.268734,0.0382057,-0.420502,0.00580036,-0.143335,-0.133211,-0.327169,-0.155795,-0.151696,-0.451326,0.214949,-0.13858,0.0216905
62.6,-0.201856,-0.00011931,0.000187487,0.421035,-0.243172,0.00323381,-0.202593,0.000332363,-5.35676e-05,0.420277,-0.246123,-0.00337108,0.000160703,-0.000362289,0.00303864,0.00396678,-0.00256462,-0.000886833,0.00854475,-0.000455401,0.00736311,0.00660379,0.00328368,0.00156993,0.00345146,0.00841293,-0.00977913,0.00663447,-0.00128854,-0.2,0,0,0.42,-0.23,0,-0.2,0,0,0.42,-0.23,0,0,0,0,0,0,0,0,0,0,0,0,0,0,0,0,0,0,0.00342833,-0.00436332,0.0154275,-0.01309,1.12052e-05,0.00367693,0.00514249,0.00763582,0.0188558,0.0152716,-0.00534294,-0.00916765,-0.00342833,-0.00580652,-0.00247181,-0.00306796,-0.00306796,0,-0.00460194,0,0.0019635,-0.00785398,0.00153398,-0.00306796,-0.00460194,0.0107379,0,0,-0.00589049,3.35582,0.0878906,-0.447443,-2.90039,8.61891,-3.41594,5.08967,-1.05469,0.447443,-0.263672,11.7963,3.26918,-0.447443,0.49986,-5.90623,-2.5,0.4375,0.1875,-2.625,-0.125,-0.751953,-0.107422,-1.8125,-0.4375,-0.0625,-2.375,0.0625,-0.605469,0.0683594,0.178748,0.0206576,-0.0496036,-0.102909,0.526843,-0.136706,0.248974,-0.0485079,-0.0323548,-0.102585,0.655594,0.153178,-0.0379259,0.126106,-0.904176,-0.390542,0.262598,0.0443416,-0.418034,0.00910801,-0.149226,-0.124222,-0.331436,-0.150857,-0.163369,-0.442122,0.195583,-0.132689,0.0316614
62.64,-0.201829,-0.000127832,0.000187487,0.421052,-0.243163,0.00323385,-0.202606,0.000332363,-8.03514e-05,0.420302,-0.246127,-0.00337824,0.000160703,-0.000369852,0.00303381,0.00397876,-0.00256462,-0.000898817,0.00853277,-0.000467385,0.00736311,0.00661146,0.00329566,0.00156993,0.00343947,0.00841293,-0.00979111,0.00663447,-0.00128087,-0.2,0,0,0.42,-0.23,0,-0.2,0,0,0.42,-0.23,0,0,0,0,0,0,0,0,0,0,0,0,0,0,0,0,0,0,0.0291408,0.00218166,-0.00857081,0.0272708,0.00484467,-0.00641242,-0.02057,0.00436332,-0.0188558,0.00109083,-0.00107419,4.93358e-06,0.0137133,-0.00290425,-0.00185283,-0.0214757,-0.00920388,0,0.00153398,0,0,-0.000981748,-0.00153398,0.00460194,0.0138058,-0.00153398,0.00153398,0.000981748,0.00687223,3.46768,-0.175781,-0.0559304,-3.07617,8.61891,-3.41594,5.31339,-1.05469,0.503374,-0.703125,11.6173,3.16434,-0.335582,0.450347,-5.98385,-2.4375,0.375,0.1875,-2.6875,-0.125,-0.761719,-0.0976562,-1.8125,-0.4375,-0.0625,-2.375,0.0625,-0.605469,0.0488281,0.124644,0.00841985,-0.00160703,-0.266909,0.516838,-0.116529,0.301739,-0.0419629,0.0457467,-0.0496971,0.647224,0.13512,-0.0893507,0.119668,-0.904585,-0.354925,0.27487,0.0449408,-0.429706,0.0093477,-0.147262,-0.131247,-0.326498,-0.166197,-0.199585,-0.417578,0.194288,-0.133671,0.0187452
62.7,-0.201869,-0.000127832,0.000174095,0.421061,-0.243159,0.00322667,-0.202619,0.000315318,-1.33919e-05,0.420217,-0.246119,-0.00337828,0.000147311,-0.000369852,0.00303381,0.00399075,-0.00254066,-0.000886833,0.00853277,-0.000419448,0.00736311,0.00661146,0.00328368,0.00156993,0.00342749,0.00841293,-0.0098031,0.0066268,-0.00125786,-0.2,0,0,0.42,-0.23,0,-0.2,0,0,0.42,-0.23,0,0,0,0,0,0,0,0,0,0,0,0,0,0,0,0,0,0,-0.0137133,0.00436332,-0.0377116,0.0272708,-0.00650251,-0.005545,-0.0394257,0.00981748,0.0308549,0.00327249,-0.000528691,-0.00275523,-0.00857081,-0.00676862,0.000612138,-0.0138058,-0.0076699,-0.00460194,-0.00306796,0.00613592,0.00785398,-0.000981748,-0.00153398,-0.00460194,0,0.00306796,-0.00153398,-0.00490874,0.0215984,3.1321,0.175781,0.111861,-3.51562,8.70784,-3.46836,5.53711,-0.966797,0.111861,-0.615234,11.7068,3.21676,-0.447443,0.49997,-6.06163,-2.4375,0.375,0.1875,-2.6875,-0.125,-0.751953,-0.0976562,-1.8125,-0.4375,-0.0625,-2.375,0.0625,-0.615234,0.0488281,0.214369,0.00405653,0.0580137,-0.268187,0.539365,-0.117977,0.34079,-0.0511668,-0.0603707,-0.0456386,0.645798,0.140642,-0.0184808,0.131261,-0.91198,-0.371463,0.269405,0.0535455,-0.420502,0.00225303,-0.155116,-0.131247,-0.3253,-0.147789,-0.171374,-0.426782,0.197596,-0.127627,0.00355884
62.74,-0.201869,-0.000127832,0.000227662,0.421052,-0.243163,0.00323385,-0.202566,0.000332363,-5.35676e-05,0.42026,-0.246119,-0.00337828,0.000120527,-0.000377399,0.00303863,0.00397876,-0.00254066,-0.000898817,0.00853277,-0.000467385,0.00737078,0.00660379,0.00329566,0.00154597,0.00340352,0.00840094,-0.00977913,0.00663447,-0.00128087,-0.2,0,0,0.42,-0.23,0,-0.2,0,0,0.42,-0.23,0,0,0,0,0,0,0,0,0,0,0,0,0,0,0,0,0,0,-0.00171416,-0.00981748,0.00685665,0.0141808,0.00221232,0.016556,0.0394257,0.00872665,-0.0154275,-0.0283616,0.00537095,-2.46679e-05,-0.0359974,-0.00289828,0.00184873,-0.00920388,0.00306796,-0.00306796,-0.00306796,-0.00920388,0.00981748,-0.00785398,0.00153398,0.0122718,0.00153398,0.00460194,0.00153398,0.0107992,-0.0019635,3.63548,0.175781,-0.279652,-3.95508,8.53045,-3.46782,5.08967,-0.966797,0.167791,0.351562,11.5283,3.21621,-0.279652,0.450347,-5.98385,-2.5,0.3125,0.1875,-2.6875,-0.0625,-0.751953,-0.107422,-1.8125,-0.4375,-0.0625,-2.375,0.0625,-0.615234,0.0683594,0.190371,0.0324181,-0.0364795,-0.214549,0.522103,-0.162466,0.17773,-0.0506895,0.0362117,0.0745052,0.633999,0.13518,0.0718341,0.121915,-0.917134,-0.379469,0.24793,0.0510768,-0.420502,0.0185516,-0.157233,-0.124222,-0.332634,-0.17914,-0.173244,-0.429251,0.194049,-0.143489,0.027581
62.8,-0.201896,-0.000110787,0.000187487,0.421052,-0.243163,0.00324821,-0.202552,0.000349407,-9.37433e-05,0.420234,-0.246119,-0.00337828,0.000147311,-0.000369852,0.00303381,0.00400273,-0.00256462,-0.000886833,0.00853277,-0.000443416,0.00736311,0.00661146,0.00329566,0.00154597,0.00342749,0.00840094,-0.00975516,0.0066268,-0.0012732,-0.2,0,0,0.42,-0.23,0,-0.2,0,0,0.42,-0.23,0,0,0,0,0,0,0,0,0,0,0,0,0,0,0,0,0,0,-0.0119991,0.00545415,0.00342833,0.00218166,-0.00109216,-0.00368186,-0.0239983,0.0119991,0.0274266,0.0141808,-0.00266026,-0.00826075,-0.0188558,-0.010643,-0.00309215,-0.00460194,-0.00460194,0.0076699,-0.0168738,0.00153398,0,0,0.0153398,-0.0168738,0.0122718,-0.0076699,-0.0076699,0.00392699,0.00490874,3.41175,-0.175781,-0.279652,-4.04297,8.61891,-3.41594,4.97781,-0.966797,-0.0559304,-0.966797,11.7068,3.21676,-0.279652,0.49986,-5.90623,-2.4375,0.375,0.1875,-2.6875,-0.0625,-0.751953,-0.107422,-1.875,-0.4375,-0.0625,-2.375,0.0625,-0.615234,0.0488281,0.21362,0.000170442,-0.0256053,-0.166552,0.52871,-0.122565,0.303239,-0.058939,-0.0454789,-0.0918289,0.650061,0.151653,0.0123741,0.142884,-0.900867,-0.391069,0.265666,0.0290018,-0.392891,0.00733435,-0.147262,-0.132229,-0.360246,-0.120849,-0.195918,-0.404707,0.202773,-0.136463,0.0205553
62.84,-0.201856,-0.000136354,0.000160703,0.421044,-0.243172,0.00323381,-0.202579,0.000332363,0,0.420268,-0.246119,-0.0033639,0.000187487,-0.000354737,0.00304346,0.00397876,-0.00256462,-0.000886833,0.00854475,-0.000419448,0.00735544,0.00661146,0.00328368,0.00158192,0.00347543,0.00841293,-0.0098031,0.00663447,-0.0012732,-0.2,0,0,0.42,-0.23,0,-0.2,0,0,0.42,-0.23,0,0,0,0,0,0,0,0,0,0,0,0,0,0,0,0,0,0,0.00857081,-0.00763582,-0.00685665,0.00109083,0.000548879,0.00276016,0.0171416,0.00436332,-0.0274266,0.00872665,0.00588844,0.00640749,-0.0119991,0.00289828,0.00924363,-0.00306796,-0.00460194,0,-0.00153398,-0.00306796,-0.00981748,-0.0019635,0.00613592,0.00460194,0.00153398,-0.0122718,0.00306796,0.00589049,0.00490874,3.57955,0,-0.167791,-3.60352,8.61891,-3.41594,4.86594,-0.966797,0.615234,-1.31836,11.7068,3.21676,-0.671165,0.496194,-6.06755,-2.5,0.3125,0.1875,-2.6875,-0.0625,-0.751953,-0.107422,-1.8125,-0.4375,0,-2.3125,0.0625,-0.634766,0.0683594,0.168463,0.028907,-0.00235697,-0.16091,0.525768,-0.134873,0.223636,-0.0419629,0.0548532,-0.0751263,0.632965,0.121741,-0.0202485,0.0977263,-0.940768,-0.39174,0.265666,0.0443416,-0.42417,0.0114569,-0.137291,-0.130266,-0.34064,-0.167396,-0.176839,-0.396103,0.192994,-0.13858,0.0205553
62.9,-0.201883,-0.00016192,0.000160703,0.421044,-0.243163,0.00323385,-0.202579,0.000332363,-0.000107135,0.420302,-0.246119,-0.00337828,0.000147311,-0.000347189,0.00303864,0.00400273,-0.00256462,-0.000886833,0.00852078,-0.000467385,0.00736311,0.00661146,0.00329566,0.00155795,0.00342749,0.00840094,-0.00973119,0.00663447,-0.00128087,-0.2,0,0,0.42,-0.23,0,-0.2,0,0,0.42,-0.23,0,0,0,0,0,0,0,0,0,0,0,0,0,0,0,0,0,0,-0.00342833,-0.0119991,0.00342833,-0.00654498,-0.00325966,-0.00553019,0.0188558,0,-0.010285,-0.00763582,-0.00105178,-0.00734892,-0.0119991,0.00676264,0.00431369,0.00613592,-0.00153398,0.0168738,-0.00613592,-0.00153398,0,0.00785398,0.00306796,0.0153398,0,0,-0.0076699,0.000981748,0.00589049,3.46768,0.0878906,-0.503374,-3.33984,8.61891,-3.41594,5.36932,-0.966797,0.391513,-0.439453,11.7068,3.21676,-0.615234,0.545813,-5.98976,-2.5,0.375,0.1875,-2.6875,-0.0625,-0.751953,-0.107422,-1.8125,-0.5,0,-2.375,0.0625,-0.615234,0.0488281,0.195139,0.0401903,-0.0229269,-0.130367,0.533047,-0.118294,0.220208,-0.0332363,0.0312835,-0.0147905,0.646844,0.149829,-0.00819584,0.0838689,-0.924533,-0.412545,0.25953,0.0105941,-0.413767,0.0108817,-0.147262,-0.140083,-0.335702,-0.186475,-0.171374,-0.420047,0.202294,-0.133671,0.019727
62.94,-0.201883,-0.000144876,0.000174095,0.421044,-0.243159,0.00324105,-0.202593,0.000332363,-6.69595e-05,0.420208,-0.246135,-0.0033782,0.000174095,-0.000362289,0.00303864,0.00397876,-0.00256462,-0.000886833,0.00852078,-0.000419448,0.00736311,0.00661913,0.00328368,0.00156993,0.00340352,0.00840094,-0.00979111,0.00663447,-0.00128087,-0.2,0,0,0.42,-0.23,0,-0.2,0,0,0.42,-0.23,0,0,0,0,0,0,0,0,0,0,0,0,0,0,0,0,0,0,0.0239983,-0.00436332,0.00857081,-0.00763582,-0.00596484,-0.00646176,0,0.00981748,0.00342833,-0.0381791,-0.0128735,-0.00545619,-0.00685665,0.00289429,-0.00431643,-0.0184078,-0.00613592,0.0138058,-0.00153398,-0.00460194,0.0019635,0.00392699,0,-0.00306796,-0.00153398,-0.0107379,-0.0138058,0.011781,0.00490874,3.29989,0.0878906,-0.335582,-3.86719,8.7963,-3.41648,5.20153,-0.966797,-0.0559304,-0.263672,11.7063,3.11246,-1.11861,0.49975,-5.75082,-2.5,0.4375,0.1875,-2.6875,-0.0625,-0.751953,-0.107422,-1.8125,-0.4375,0,-2.375,0.0625,-0.634766,0.0488281,0.140286,0.0232142,-0.0345511,-0.126004,0.538288,-0.116718,0.259259,-0.0528712,-0.000160702,0.121446,0.671159,0.14604,-0.0316584,0.100004,-0.898642,-0.361061,0.268734,0.01673,-0.422971,0.0129909,-0.149226,-0.13631,-0.328368,-0.150857,-0.167108,-0.398571,0.209628,-0.14447,0.0207087
63,-0.201843,-0.000127832,0.000187487,0.421069,-0.243155,0.00324826,-0.202579,0.000332363,0,0.420268,-0.246123,-0.00337108,0.00021427,-0.000369852,0.00303381,0.00400273,-0.00256462,-0.000898817,0.00853277,-0.000407464,0.00736311,0.00661146,0.00329566,0.00156993,0.00347543,0.00841293,-0.00981508,0.00663447,-0.00128854,-0.2,0,0,0.42,-0.23,0,-0.2,0,0,0.42,-0.23,0,0,0,0,0,0,0,0,0,0,0,0,0,0,0,0,0,0,0.0462824,0.00218166,0.00685665,0.00109083,-0.00214509,0.00550552,-0.00342833,0,-0.00514249,0.0261799,0.00377927,-0.00645189,0.0359974,-0.00580452,-0.00123796,-0.00613592,-0.0107379,0.0076699,0.0076699,-0.0122718,0.00294524,0.00785398,0.00460194,-0.00920388,0.00306796,-0.0107379,-0.00306796,0,-0.00392699,3.29989,-0.175781,-0.279652,-3.42773,8.70784,-3.46836,5.08967,-0.878906,0.223722,-1.66992,11.5283,3.21621,-0.615234,0.599107,-6.06179,-2.5,0.3125,0.1875,-2.75,-0.0625,-0.751953,-0.107422,-1.8125,-0.4375,-0.0625,-2.3125,0,-0.615234,0.0488281,0.0917,0.00841985,-0.032462,-0.164746,0.530478,-0.140942,0.264776,-0.0332363,0.010285,-0.144939,0.63735,0.147747,-0.172273,0.128369,-0.90643,-0.388001,0.277938,0.029601,-0.441978,0.0204211,-0.150207,-0.140083,-0.33877,-0.138586,-0.179907,-0.399171,0.19937,-0.132689,0.0296979
63.04,-0.201869,-0.000144876,0.000187487,0.421035,-0.243163,0.00323385,-0.202552,0.000332363,0,0.42026,-0.24611,-0.00336394,0.000160703,-0.000354737,0.00304346,0.00401472,-0.00252867,-0.000898817,0.00853277,-0.000443416,0.00736311,0.00661146,0.00328368,0.00156993,0.00347543,0.00841293,-0.00975516,0.00663447,-0.00128087,-0.2,0,0,0.42,-0.23,0,-0.2,0,0,0.42,-0.23,0,0,0,0,0,0,0,0,0,0,0,0,0,0,0,0,0,0,0,0.00436332,-0.0119991,0.00109083,-0.00755545,0.00364239,0.0325691,0.00327249,0.0171416,-0.0152716,-0.00105178,-0.00734892,0.0137133,-0.00676264,-0.00184873,0,0.00920388,-0.00153398,-0.00153398,0,0.00589049,-0.00589049,0,0.00153398,-0.00613592,0.00306796,-0.00460194,-0.0019635,0.0019635,3.24396,-0.175781,0.111861,-3.33984,8.70784,-3.46836,5.1456,-0.878906,0.111861,-0.878906,11.7963,3.26918,-1.17454,0.545813,-5.98976,-2.5,0.375,0.1875,-2.6875,-0.125,-0.761719,-0.0976562,-1.8125,-0.4375,0,-2.375,0.0625,-0.605469,0.0488281,0.186943,0.00576095,0.00524962,-0.159632,0.541639,-0.136639,0.190104,-0.0397812,-0.0342833,0.0221453,0.64651,0.149255,-0.0893507,0.126709,-0.90749,-0.401472,0.234459,0.0480088,-0.42357,0.00886833,-0.153153,-0.126339,-0.328368,-0.160061,-0.161499,-0.426782,0.199705,-0.130726,0.023654
63.1,-0.226203,0.00252255,0.0111688,0.446039,-0.239468,0.0114422,-0.226002,-0.00056246,-0.00224984,0.450965,-0.244186,-0.0121221,0.000348189,-0.000567238,0.00207907,0.00280431,-0.00231296,-0.000755006,0.00733435,-0.000467385,0.00671117,0.0066268,0.00178565,0.00165382,0.00342749,0.00713061,-0.00973119,0.00602087,-0.00129621,-0.230832,0.0197196,0.044108,0.5751,0.00940089,0.0653655,-0.173451,0.0034522,-0.015085,0.610077,0.204619,-0.106226,0,0,0,0,0,0,0,0,0,0,0,0,0,0,0,0,0,-1.01136,0.152716,0.668523,1.98204,-0.151251,0.117162,-1.07992,0.10472,-0.179987,2.12821,0.0806425,-0.167321,0.00171416,-0.0261383,-0.0302582,-0.228563,0.0628932,0.00920388,-0.079767,-0.0138058,-0.124682,0.0186532,-0.246971,-0.0138058,0,-0.12732,-0.0260777,-0.175733,0,0.950817,1.23047,2.12536,10.8105,10.3043,1.79373,7.38281,-0.527344,-0.671165,15.293,18.0678,-3.9265,-1.11861,1.08938,-2.9499,-1,0.25,0.125,-1.6875,-0.0625,-0.46875,-0.107422,-0.0625,-0.4375,-0.0625,-1.25,0.0625,-0.244141,0.0488281,1.55973,1.41427,1.95687,11.4311,10.2573,1.92261,7.4149,0.192027,-0.923545,15.354,17.7909,-3.42953,-0.109599,0.248587,-0.532947,0.176695,0.105509,0.0193425,-0.207183,0.0231535,-0.00954137,-0.151189,0.315377,-0.137771,-0.171374,-0.10189,0.220702,0.0553153,0.0259243
63.14,-0.292988,0.0112662,0.0409658,0.541325,-0.261593,0.0229502,-0.305081,0.00550529,-0.0151061,0.565621,-0.250623,-0.0232121,0.000227662,0.000686831,0.00389079,0.000107858,-0.002277,-0.000814927,0.00662728,-0.000431432,0.00368155,0.00651175,-8.38896e-05,0.00141414,0.00333161,0.0056206,-0.00973119,0.0037966,-0.00129621,-0.256057,-0.00428031,0.0525726,0.561196,0.140146,0.0591628,-0.209894,0.0233726,-0.0247043,0.628577,0.31732,-0.115119,0,0,0,0,0,0,0,0,0,0,0,0,0,0,0,0,0,-0.800514,0.186532,0.586244,1.07556,-0.296701,0.129816,-1.3439,0.151625,-0.310263,1.79333,-0.180555,-0.30732,-0.02057,-0.0666603,0.0992149,0,-0.0153398,-0.0107379,0.107379,-0.00460194,0.011781,-0.0215984,0.0674952,0.0322136,0.0122718,0.0368155,-0.0076699,0.0873755,-0.00392699,4.86594,-2.10938,0.279652,-1.31836,17.2649,1.14166,12.2488,1.40625,-0.223722,2.72461,24.0672,-3.72012,-0.279652,-0.84353,-11.5906,-0.25,0.25,0.1875,-2.75,-0.0625,-0.390625,-0.078125,0,-0.5,-0.0625,-1.6875,0.0625,-0.488281,0.0683594,5.29407,-1.92772,-0.0118113,-1.32151,16.663,1.18887,12.2065,1.48348,-0.339298,2.27006,23.0789,-3.06162,-0.00658881,-0.00606832,-1.46488,-0.0107858,0.25838,0.0622221,-0.546121,0.0132306,-0.085412,-0.108637,-0.126601,-0.205841,-0.191124,-0.354661,0.202294,-0.163308,0.0298513
63.2,-0.317937,0.0141723,0.0435371,0.554116,-0.267178,0.0208704,-0.348243,0.00576095,-0.0207842,0.606792,-0.250989,-0.0258715,-2.67838e-05,-0.00109432,0.00496927,0.00583632,-0.00297209,-0.000778975,0.00900015,-0.000395479,0.00535359,0.00645806,0.00583632,0.00173771,0.00371511,0.00837697,-0.00983905,0.00594418,-0.00128854,-0.268073,0.0247081,0.0506575,0.555751,0.176847,0.0577252,-0.340105,0.040141,-0.02149,0.642024,0.330352,-0.077636,0,0,0,0,0,0,0,0,0,0,0,0,0,0,0,0,0,-0.478251,0.103629,-0.0154275,-0.121082,-0.0733278,-0.126589,-1.35247,0.00763582,0.106278,0.175624,0.00585096,-0.00827865,-0.0651382,-0.0260304,0.016604,-0.0214757,0.0322136,0.0153398,-0.00306796,0.0138058,-0.000981748,-0.00490874,0,0.0168738,-0.0475534,0.0184078,-0.0337476,-0.00589049,-0.015708,5.7049,0.351562,0.950817,0.439453,18.3012,1.3311,3.63548,2.98828,-0.111861,4.6582,23.888,-2.36445,0.167791,2.4417,-10.9828,-3.5625,0.4375,0.1875,-2.75,-0.125,-0.556641,-0.107422,-3.3125,-0.5,0,-2.4375,0.0625,-0.546875,0.0683594,5.94289,0.846325,0.742896,0.729447,17.9077,1.72737,3.51872,3.42273,-0.283137,4.58231,23.2419,-2.05402,0.20345,0.406386,-1.54059,-0.54068,0.232782,0.00826911,-0.443872,-0.00589624,-0.10609,-0.124252,-0.583632,-0.207519,-0.0906487,-0.455664,0.230529,-0.112993,0.0414788
63.24,-0.348859,0.0136269,0.0465904,0.55767,-0.264313,0.0205961,-0.377317,0.0053178,-0.0179317,0.613754,-0.245835,-0.0269399,5.35676e-05,-0.00117742,0.00465635,0.00167779,-0.00268447,-0.000790959,0.00763395,-0.000443416,0.00474,0.00645806,0.000239685,0.00156993,0.00352336,0.00659132,-0.00977913,0.00485505,-0.00128087,-0.31277,0.00713725,0.0503141,0.571443,0.184746,0.0617928,-0.306925,0.0357844,-0.0300227,0.633413,0.306222,-0.0639775,0,0,0,0,0,0,0,0,0,0,0,0,0,0,0,0,0,-0.774802,-0.0785398,0.0514249,0.233438,0.152807,0.11386,-0.418256,-0.0654498,-0.0291408,-0.167988,0.0324405,0.0293834,-0.0291408,0.0338132,-0.0511561,0.0951068,-0.00153398,0.00306796,-0.0398835,0.00153398,-0.0284707,0,-0.0076699,0.0490874,-0.0122718,-0.133456,-0.00460194,-0.0530144,0.00785398,4.86594,-0.878906,0.503374,0.703125,17.7655,1.33015,7.94212,2.8125,-0.950817,3.86719,22.6988,-1.82231,-0.447443,1.68706,-7.31103,-1.5,0.375,0.1875,-2.1875,-0.125,-0.429688,-0.107422,0,-0.5,0,-1.25,0.0625,-0.341797,0.0488281,5.15846,-0.491882,0.269516,1.13211,17.6567,1.42015,7.8757,3.17756,-1.15081,3.62077,22.0174,-1.54027,0.071352,0.251788,-1.24344,-0.357993,0.271515,0.033412,-0.301931,0.00733435,-0.0663293,-0.129161,-0.00862864,-0.255168,-0.151624,-0.0626535,0.200185,-0.0440866,0.0177635
63.3,-0.372147,0.0155017,0.0498045,0.582043,-0.263144,0.0215289,-0.38641,0.00535189,-0.0200611,0.608453,-0.245806,-0.0268897,0.000374973,0.000249071,0.00493081,0.00345146,-0.00252867,-0.000790959,0.00784967,-0.000419448,0.0048167,0.00643505,0.0027324,0.00156993,0.00349939,0.00674712,-0.00982706,0.00483971,-0.00128854,-0.309262,0.000768811,0.0534961,0.584444,0.128246,0.0682416,-0.285244,0.0351061,-0.0318188,0.640892,0.295984,-0.0674452,0,0,0,0,0,0,0,0,0,0,0,0,0,0,0,0,0,-0.138847,0.0414516,0.0171416,0.531235,0.0080286,0.0138601,-0.00171416,0.00436332,-0.053139,0.118901,0.00215396,-1.9155e-06,-0.010285,0.0222201,0.0215718,-0.111981,0.0214757,-0.00613592,-0.0153398,0.00613592,0.00589049,-0.00294524,-0.110447,0,0.0076699,0.00920388,-0.0199418,-0.0019635,-0.0019635,6.20827,-1.93359,0.447443,-1.8457,15.8004,1.63839,10.2353,2.54883,-0.838956,4.57031,22.4316,-1.97758,-0.615234,-1.09163,-10.4221,-1.875,0.25,0.1875,-2.375,-0.125,-0.517578,-0.0976562,-1.125,-0.4375,-0.0625,-1.875,0.0625,-0.449219,0.0683594,6.5662,-1.55619,0.334878,-1.76479,15.6395,1.84079,10.12,2.96669,-1.06949,4.39019,21.6673,-1.62222,-0.081637,-0.141382,-1.54396,-0.121184,0.209916,0.0518198,-0.361804,0.00225303,-0.102224,-0.125756,-0.0523471,-0.156993,-0.190309,-0.355764,0.216483,-0.0948307,0.0277344
63.36,-0.391967,0.0175385,0.0519204,0.602914,-0.262998,0.0218536,-0.395958,0.0055479,-0.0223243,0.609382,-0.246165,-0.0263436,0.00021427,-5.28333e-05,0.00519083,0.00218113,-0.00219311,1.19842e-05,0.00788562,-0.000443416,0.0048167,0.00660379,0.00177367,0.0017497,0.00412257,0.00672315,-0.00979111,0.00476301,-0.00125019,-0.357622,0.0127509,0.0542474,0.598733,0.00601844,0.0643267,-0.339304,0.0418952,-0.036786,0.640285,0.189821,-0.055109,0,0,0,0,0,0,0,0,0,0,0,0,0,0,0,0,0,-0.29655,0.0327249,0.0428541,0.470148,0.00323099,-0.00552865,-0.104564,0.00545415,-0.0257124,-0.0185441,-0.00753065,0.00184496,-0.00685665,-0.0289828,0.0332823,-0.0383495,-0.00153398,-0.0567573,0,-0.00306796,-0.000981748,-0.00294524,0.00920388,0,0,0.00306796,0.0076699,0.00883573,0.00490874,7.10316,-2.19727,0.447443,-2.98828,14.0143,1.73914,10.5708,2.28516,-0.950817,4.57031,20.4733,-1.76023,-0.615234,0.0992388,-11.511,-1.1875,0.25,0.1875,-2.5,-0.0625,-0.507812,-0.078125,-0.9375,-0.4375,-0.0625,-1.875,0.0625,-0.419922,0.0488281,4.02769,-0.544213,0.146995,-2.50777,10.7542,1.70998,5.8745,3.62382,-1.39475,4.7096,17.4545,-1.15431,-0.0437111,0.102798,-1.65709,-0.141414,0.222379,0.112915,-0.394281,0.0119363,-0.0953522,-0.129131,-0.195774,-0.17497,-0.206129,-0.342293,0.188152,-0.104096,0.0200951
63.4,-0.408841,0.0210667,0.0539693,0.627824,-0.26333,0.0221628,-0.404234,0.00601661,-0.0247482,0.612885,-0.248505,-0.0218392,0.000200878,-0.000264166,0.00510415,0.00317582,-0.00219311,-0.000203732,0.00801745,-0.000455401,0.00484738,0.00652709,0.00215716,0.00171374,0.003799,0.00674712,-0.00979111,0.00477068,-0.0012732,-0.374602,0.00673575,0.055648,0.604893,-0.0872696,0.0604157,-0.342186,0.0419073,-0.0404731,0.634858,0.102985,-0.051334,0,0,0,0,0,0,0,0,0,0,0,0,0,0,0,0,0,-0.509106,0.164715,0.00342833,0.48542,-0.0912807,0.00716378,-0.414827,0.019635,-0.0462824,0.0239983,-0.22012,0.389908,-0.0222841,2.7233e-16,-0.00493071,0.0506214,0.00460194,0.0138058,-0.00153398,-0.00460194,0,-0.00589049,0.105845,0.00153398,0,-0.00460194,0.0184078,0.00981748,-0.00687223,4.02699,-2.10938,0.335582,-5.625,6.96135,1.36303,7.15909,3.07617,-1.23047,3.33984,14.9539,-1.83993,-0.223722,0.297716,-10.111,-2.125,0.25,0.125,-2.4375,-0.125,-0.507812,-0.0976562,-1.4375,-0.5,0,-1.875,0,-0.439453,0.0683594,4.44217,-1.76252,0.16101,-5.38133,7.22497,1.51579,7.03447,3.5498,-1.47992,3.20003,14.4999,-1.95961,0.00658882,0.0792497,-1.51645,-0.418825,0.210107,-0.0174251,-0.397804,0.01371,-0.0969476,-0.124651,-0.427405,-0.174442,-0.18995,-0.328152,0.177414,-0.105231,0.0323363
63.46,-0.419956,0.0228052,0.0545854,0.652811,-0.264987,0.0224256,-0.413997,0.00640863,-0.0250295,0.63102,-0.249691,-0.0205232,0.000174095,-0.000415118,0.00453597,0.00388289,-0.00240883,-0.000239685,0.00794554,-0.000467385,0.00484738,0.00650408,0.00340352,0.00171374,0.00370313,0.00684299,-0.00977913,0.00483204,-0.00126553,-0.373859,0.0158395,0.0515773,0.586645,-0.268636,0.034314,-0.363957,0.0444793,-0.0365187,0.626404,-0.0667021,-0.0519723,0,0,0,0,0,0,0,0,0,0,0,0,0,0,0,0,0,-0.0514249,-0.00109083,-0.0119991,0.494146,0.0176401,0.0434103,-0.121706,-0.0458149,0.0479966,0.603229,0.00213284,-0.0128884,0.0188558,-0.0289828,-0.0234209,0.0153398,0.0076699,0.0076699,0.00153398,0,-0.0147262,0.000981748,0.0291456,0.0230097,0.0214757,-0.0107379,-0.0076699,-0.000981748,-0.011781,2.5728,-1.93359,0.167791,-10.6348,1.06998,0.625307,6.04048,3.33984,-1.2864,-2.72461,8.72981,-1.36719,-0.335582,0.84353,-8.16658,-2.5625,0.3125,0.1875,-2.4375,-0.0625,-0.488281,-0.117188,-2,-0.5,-0.0625,-1.875,0,-0.439453,0.0683594,4.71255,-0.694389,-0.276804,-11.9015,-0.181219,0.388717,5.24745,3.89869,-1.24492,-3.10535,7.31529,-1.23219,-0.108796,0.211484,-1.29053,-0.418968,0.225543,-0.00335558,-0.400345,0.0093477,-0.0822214,-0.131063,-0.398643,-0.217394,-0.228108,-0.320674,0.203252,-0.095659,0.0370917
63.5,-0.422139,0.0228904,0.0540765,0.674687,-0.274471,0.0212981,-0.419742,0.0058206,-0.0219761,0.656254,-0.252363,-0.022663,0.000174095,-0.000573617,0.00361637,0.00406265,-0.0025047,-0.000635164,0.00794554,-0.000431432,0.00486272,0.00648874,0.0034155,0.0017497,0.00375106,0.00683101,-0.00981508,0.0048167,-0.00125786,-0.404611,0.0223206,0.0416603,0.556193,-0.410216,0.0292144,-0.375803,0.041942,-0.0319015,0.605515,-0.234388,-0.0400769,0,0,0,0,0,0,0,0,0,0,0,0,0,0,0,0,0,0.125134,0.00327249,-0.010285,0.296706,-0.105452,0.0283131,0.0274266,-0.00109083,0.14399,0.403607,-0.155559,-0.206053,0.00685665,-0.00193218,-0.0197197,-0.0368155,0.0184078,-0.00613592,0,-0.00306796,0.0019635,-0.00589049,-0.00613592,0.0168738,-0.00306796,0,0.00153398,-0.000981748,-0.00294524,1.2864,-0.263672,-1.00675,-19.0723,-6.36072,0.0433622,4.53036,3.25195,-1.00675,-8.70117,0.354906,-0.729498,-0.111861,0.992388,-6.53429,-2.4375,0.25,0.1875,-2.5,-0.0625,-0.507812,-0.0976562,-1.875,-0.5,0,-1.875,0.0625,-0.439453,0.0683594,1.50257,-0.0635283,-1.22105,-18.961,-5.21888,0.260028,4.33904,3.61432,-1.28052,-9.22533,1.03013,-0.284449,-0.0727983,0.177882,-1.02575,-0.332634,0.213655,0.04403,-0.397277,0.0116966,-0.0992179,-0.123884,-0.329279,-0.208717,-0.181417,-0.34155,0.194768,-0.0953522,0.0281025
63.56,-0.421791,0.0209047,0.0512642,0.679707,-0.277867,0.0221248,-0.420331,0.00536893,-0.01449,0.668398,-0.261202,-0.0236993,0.000107135,-0.00115634,0.00258024,0.00439821,-0.00219311,-0.000371511,0.00798149,-0.000443416,0.00486272,0.00649641,0.00391884,0.00178565,0.00378702,0.00681902,-0.00979111,0.0048167,-0.00125786,-0.430718,0.0360945,0.0219817,0.515714,-0.589528,0.017072,-0.418288,0.037811,-0.0134678,0.568277,-0.469908,-0.0172854,0,0,0,0,0,0,0,0,0,0,0,0,0,0,0,0,0,0.16456,-0.212712,-0.167988,0.0545415,-0.0974023,0.0107765,0.0719948,0.0250891,0.145704,0.164715,-0.00430798,-0.00737153,-0.0377116,-0.012637,-0.0401029,0,0.00153398,-0.00920388,-0.0138058,-0.0107379,0.00392699,0.000981748,0.0184078,0.0153398,0.00153398,0.00613592,-0.0245437,0.0147262,0.0147262,-0.727095,0.527344,-1.8457,-22.6758,-12.8098,-0.276414,2.79652,3.25195,-1.06268,-13.4473,-7.69357,-0.29001,-0.167791,2.18365,-3.73385,-2.75,0.25,0.1875,-2.4375,-0.125,-0.517578,-0.0976562,-2.25,-0.5,-0.0625,-1.875,0.0625,-0.439453,0.0488281,-1.22176,1.9444,-2.59227,-24.8171,-12.2716,-0.223662,0.0603827,3.19403,-0.189189,-15.677,-8.33964,0.271296,0.0809942,0.384814,-0.653763,-0.439821,0.216243,0.0369833,-0.371463,0.0196062,-0.101181,-0.13091,-0.4287,-0.209245,-0.192419,-0.353223,0.220366,-0.11106,0.0104311
63.6,-0.417787,0.016942,0.0479698,0.678727,-0.289296,0.0207967,-0.420077,0.00704779,-0.00565138,0.670512,-0.26396,-0.0225361,0.000174095,-0.000771444,0.00157252,0.00403868,-0.00246875,-0.000575243,0.00783768,-0.000467385,0.00483204,0.00648874,0.00413456,0.00173771,0.00363122,0.00678307,-0.00977913,0.00479369,-0.0012732,-0.427558,0.0481704,0.00992707,0.49037,-0.634465,0.0206044,-0.41592,0.0399373,-0.00553257,0.55697,-0.525361,-0.0098901,0,0,0,0,0,0,0,0,0,0,0,0,0,0,0,0,0,-0.02057,-0.0654498,0,-0.0261799,-0.428994,0.0694486,0.114849,0.0403607,0.14399,0.00981748,-0.181808,0.108393,0.137133,-0.00387235,-0.0123503,-0.00306796,0,-0.00920388,0.0076699,0.00153398,0.00785398,0.00392699,0.00920388,-0.00920388,0,0.0138058,0.0122718,0.00785398,-0.0107992,-1.17454,2.90039,-3.57955,-28.3887,-14.2447,-0.299226,0.447443,2.8125,-0.111861,-16.6113,-11.3394,0.175872,-1.17454,1.28745,-2.63938,-2.5,0.3125,0.1875,-2.375,-0.125,-0.507812,-0.0976562,-2.375,-0.4375,0,-1.875,0,-0.419922,0.0488281,-0.935959,3.25374,-3.80427,-28.1488,-12.9488,-0.146589,0.186021,3.20823,-0.276099,-17.0705,-10.0924,0.289055,-0.463627,0.24305,-0.434704,-0.397732,0.246875,0.0471699,-0.407224,0.00781372,-0.104495,-0.133702,-0.431864,-0.155364,-0.181561,-0.366765,0.183311,-0.103728,0.0362633
63.66,-0.415885,0.0143853,0.0470725,0.6711,-0.304099,0.0224916,-0.42005,0.00836872,-0.000522284,0.668526,-0.274537,-0.0205035,0.000120527,-0.000635307,0.00157252,0.00441019,-0.00248073,-0.000755006,0.00788562,-0.000467385,0.00483971,0.00646573,0.00418249,0.00171374,0.00370313,0.00679506,-0.00976714,0.00479369,-0.00125786,-0.408029,0.0543609,0.00409491,0.474173,-0.66074,0.0265041,-0.412901,0.0374116,0.00575184,0.540148,-0.564507,-0.00819193,0,0,0,0,0,0,0,0,0,0,0,0,0,0,0,0,0,0.0359974,-0.0283616,-0.00514249,-0.23671,-0.297729,0.0724441,-0.0171416,0.0403607,0.063424,-0.0938114,-0.334963,0.00663216,-0.0462824,-0.00484043,0.00185254,0.00920388,0,0.00153398,0,-0.0122718,0.00392699,0.00294524,0.00153398,-0.0260777,0.00613592,0.00613592,-0.0122718,0.0147262,0.00785398,-0.167791,3.42773,-3.97106,-28.125,-15.0594,-0.166275,0.838956,2.54883,0.279652,-17.8418,-11.8246,0.223238,-0.111861,1.13889,-3.18278,-2.75,0.3125,0.125,-2.4375,-0.0625,-0.488281,-0.107422,-2.375,-0.4375,-0.0625,-1.875,0.0625,-0.439453,0.0488281,0.713678,4.05428,-4.28748,-28.5922,-13.6702,0.0156118,0.749187,2.82356,0.500565,-18.8815,-10.9289,0.479198,0.102689,0.205113,-0.477313,-0.459427,0.248073,0.0346823,-0.394281,0.0216195,-0.100721,-0.13226,-0.421317,-0.119219,-0.197428,-0.352025,0.207615,-0.1106,0.0173033
63.7,-0.409859,0.014249,0.0464699,0.65374,-0.317333,0.0208347,-0.419622,0.0123571,0.00566477,0.659919,-0.293064,-0.0202238,0.000120527,-0.000589928,0.00163041,0.00437424,-0.00228899,-0.000527306,0.00788562,-0.000395479,0.00483971,0.00648107,0.00419448,0.00171374,0.00365519,0.00679506,-0.00977913,0.00477835,-0.00125786,-0.398832,0.0557733,0.00456264,0.463875,-0.663941,0.0318412,-0.405365,0.0386683,0.0105238,0.535016,-0.562746,-0.00159542,0,0,0,0,0,0,0,0,0,0,0,0,0,0,0,0,0,0.248554,-0.0185441,-0.0479966,-0.575959,-0.146037,-0.0704524,0.0719948,0.153807,0.174845,-0.269435,-0.36266,0.0848678,0.00685665,-0.00580852,0.00247006,0.00153398,0.0122718,-0.0076699,-0.00153398,-0.0076699,0.00785398,0.00294524,0,0.0076699,0,0,-0.00153398,-0.015708,0.00490874,0.391513,3.7793,-3.97106,-26.4551,-15.4423,0.27488,1.45419,1.93359,0.335582,-17.3145,-11.359,0.405111,0.391513,1.03986,-3.33804,-2.75,0.25,0.1875,-2.4375,-0.0625,-0.517578,-0.107422,-2.3125,-0.4375,0,-1.875,0.0625,-0.439453,0.0683594,0.605546,4.18952,-4.09473,-26.1759,-13.5722,0.581165,1.28166,2.32351,0.136218,-17.6577,-10.062,0.575398,-0.0567281,0.194404,-0.496533,-0.440492,0.204355,0.0417051,-0.391213,0.0155795,-0.104648,-0.132567,-0.419448,-0.186714,-0.182759,-0.339753,0.197117,-0.079859,0.0202485
63.76,-0.402051,0.0141723,0.0458137,0.625915,-0.321929,0.0180349,-0.416073,0.0171976,0.0134455,0.640624,-0.301212,-0.0159915,0.000133919,-0.000657996,0.00170277,0.00437424,-0.00240883,-0.000515322,0.00784967,-0.000443416,0.00483204,0.00648107,0.00418249,0.00176168,0.00381098,0.00677109,-0.00979111,0.00477835,-0.00125786,-0.379649,0.0580301,0.00227605,0.441993,-0.661157,0.0448576,-0.395004,0.0401791,0.0192424,0.517578,-0.562884,-0.000435863,0,0,0,0,0,0,0,0,0,0,0,0,0,0,0,0,0,0.114849,-0.01309,0,-0.638136,-0.147537,0.00818539,0.0891365,0.123264,0.155989,-0.422152,-0.193391,0.132708,-0.0565674,-0.00484043,0.00308757,-0.00153398,-0.0076699,-0.00153398,-0.0214757,0.00153398,-0.0107992,0.00883573,-0.00153398,-0.00460194,-0.00460194,0.00613592,0.0138058,-0.00785398,0.00687223,1.34233,4.13086,-4.08292,-24.4336,-15.5613,0.68166,1.2864,2.02148,0.167791,-14.9414,-11.4521,0.163615,-0.615234,1.08938,-3.41567,-2.75,0.3125,0.125,-2.375,-0.125,-0.488281,-0.107422,-2.25,-0.5,0,-1.875,0,-0.449219,0.0683594,2.01054,4.41196,-4.35376,-25.0357,-13.2741,1.05654,1.92861,2.05162,0.267714,-16.7683,-10.0801,0.356811,0.129526,0.21192,-0.520095,-0.434356,0.256223,0.028834,-0.349532,0.00733435,-0.0858416,-0.138457,-0.415181,-0.166964,-0.181345,-0.350826,0.182016,-0.087713,0.0182851
63.8,-0.393909,0.0141808,0.0454253,0.592943,-0.324581,0.019655,-0.410649,0.0215524,0.0193379,0.619242,-0.309907,-0.0177192,0.000187487,-0.000589928,0.00186198,0.00436226,-0.00234891,-0.000647148,0.00786165,-0.000431432,0.00483204,0.00648107,0.00413456,0.00176168,0.00377503,0.00679506,-0.00976714,0.00477835,-0.00125019,-0.368229,0.05914,0.00151286,0.425947,-0.650839,0.0522654,-0.387963,0.0361844,0.0264674,0.502636,-0.56324,0.000254482,0,0,0,0,0,0,0,0,0,0,0,0,0,0,0,0,0,0.12342,0.00109083,-0.0462824,-0.647953,-0.0638246,0.106334,0.226269,0.0927206,0.0857081,-0.533416,-0.14719,-0.14377,-0.0119991,0.00484043,0.00555763,-0.0107379,0.00153398,-0.00306796,-0.0076699,-0.00460194,-0.00785398,0,-0.0076699,0.00460194,0.00306796,0.00460194,0.0122718,-0.0107992,0.011781,2.06942,4.04297,-4.02699,-22.8516,-14.9099,0.929843,2.12536,0.878906,0.727095,-15.0293,-11.4716,0.648666,-0.503374,0.841792,-3.80381,-2.6875,0.25,0.125,-2.4375,-0.0625,-0.507812,-0.0976562,-2.25,-0.4375,-0.0625,-1.8125,0,-0.439453,0.0683594,2.32114,4.49374,-4.29868,-22.4576,-12.9227,1.09175,1.81612,1.27776,0.541534,-15.3573,-9.83894,1.00649,-0.0202485,0.162457,-0.575266,-0.41475,0.231823,0.0384933,-0.377743,0.0132306,-0.0887868,-0.129621,-0.398116,-0.185372,-0.194887,-0.348957,0.183071,-0.0847678,0.0132229
63.86,-0.385687,0.0142319,0.0430282,0.558872,-0.325829,0.0212347,-0.406645,0.0271941,0.0248821,0.598789,-0.31687,-0.0186111,0.000160703,-0.000536986,0.00192469,0.00432631,-0.00237288,-0.000563259,0.00786165,-0.000419448,0.00483204,0.00648107,0.00406265,0.0017497,0.003799,0.00677109,-0.00977913,0.00478602,-0.00126553,-0.34984,0.0620645,0.00118424,0.402998,-0.630721,0.0673288,-0.378013,0.0252373,0.0396139,0.482811,-0.560913,0.000425708,0,0,0,0,0,0,0,0,0,0,0,0,0,0,0,0,0,0.142275,0,-0.0977073,-0.65668,-0.0131868,0.0231213,0.053139,0.110174,0.083994,-0.36761,-0.242798,0.0126079,-0.0291408,0.000968087,0.000617514,-0.00613592,-0.0107379,0.0076699,0,0.00153398,-0.00589049,0.0019635,0.00306796,-0.00920388,-0.0076699,0,0.0168738,0.00392699,-0.000981748,2.51687,4.57031,-3.97106,-20.4785,-14.913,1.34268,2.18129,0.0878906,0.950817,-14.4141,-10.8051,0.550703,-0.391513,0.990343,-3.88144,-2.625,0.3125,0.125,-2.4375,-0.0625,-0.488281,-0.107422,-2.25,-0.4375,0,-1.8125,0,-0.458984,0.0488281,3.30008,4.78326,-3.98898,-20.7543,-12.1693,1.79752,2.75688,-0.416024,1.30519,-15.9263,-9.2761,0.736257,0.0392115,0.158191,-0.57926,-0.420359,0.258763,0.0128231,-0.393083,0.00685498,-0.0907503,-0.131585,-0.412401,-0.156562,-0.17461,-0.338554,0.178709,-0.0996474,0.0262924
63.9,-0.377839,0.0144876,0.0401489,0.527868,-0.326925,0.0232147,-0.402614,0.0305774,0.0288595,0.580859,-0.320326,-0.0181986,0.000147311,-0.000559675,0.00205495,0.00433829,-0.00236089,-0.00053929,0.00790959,-0.000431432,0.00483971,0.00648107,0.00391884,0.00172573,0.00377503,0.00674712,-0.00977913,0.00477835,-0.00126553,-0.341925,0.0658734,-0.00105982,0.386448,-0.620307,0.0808138,-0.374778,0.0204512,0.0471584,0.469595,-0.57208,-0.000307355,0,0,0,0,0,0,0,0,0,0,0,0,0,0,0,0,0,0.1937,0.0239983,-0.0668523,-0.541052,-0.0416694,0.0879261,0.101136,-0.00218166,0.147418,-0.394881,-0.0449494,0.05504,-0.053139,-0.00677661,0.00926271,-0.0076699,0.00613592,0.00306796,0,-0.0122718,-0.000981748,0.00785398,-0.0230097,-0.0184078,0,0.00306796,0,0.00490874,-0.0019635,2.96431,4.6582,-3.74734,-19.3359,-13.6464,2.06507,2.79652,-1.40625,1.73384,-14.7656,-11.714,0.445964,0.167791,0.891309,-4.19196,-2.6875,0.25,0.125,-2.4375,-0.0625,-0.507812,-0.107422,-2.125,-0.4375,-0.0625,-1.875,0.0625,-0.449219,0.0488281,3.20403,5.09059,-3.98717,-19.0489,-11.6519,2.12811,2.58133,-1.00825,1.53505,-15.1101,-9.98024,0.605569,0.115224,0.188232,-0.644273,-0.418489,0.223817,0.0208286,-0.395479,0.0209005,-0.0958124,-0.137475,-0.345865,-0.135757,-0.188752,-0.343492,0.195583,-0.100476,0.0272742
63.96,-0.369415,0.0143939,0.0383544,0.49603,-0.32924,0.0274132,-0.399855,0.0322733,0.0296095,0.564198,-0.32071,-0.0183631,0.00021427,-0.000559675,0.00215144,0.00433829,-0.0024328,-0.000611196,0.00788562,-0.000467385,0.00483971,0.00646573,0.00393083,0.00167779,0.00367916,0.00677109,-0.00977913,0.00477835,-0.00125786,-0.328806,0.0595202,0.000708492,0.3713,-0.569992,0.0984847,-0.36485,0.001644,0.0614216,0.441203,-0.592495,-0.00704064,0,0,0,0,0,0,0,0,0,0,0,0,0,0,0,0,0,0.167988,0.00981748,-0.0154275,-0.730857,-0.0120596,0.00640833,0.0497107,0.0250891,0.0171416,-0.314159,-0.00156994,-0.00834497,0.0257124,0.00193617,0.00123503,-0.00306796,-0.0122718,0.00306796,-0.00613592,-0.0168738,0,0,0.00920388,0.00153398,0,0.00306796,0.0199418,-0.00392699,0.000981748,3.24396,4.57031,-3.57955,-15.7324,-12.3601,2.32302,3.07617,-2.37305,2.74059,-15.3809,-11.988,0.187322,-0.838956,0.990343,-4.19196,-2.75,0.3125,0.1875,-2.4375,-0.0625,-0.507812,-0.107422,-2.25,-0.5,-0.0625,-1.875,0,-0.439453,0.0683594,3.725,4.493,-3.73373,-15.7861,-9.60596,2.83005,3.4011,-3.1131,3.14693,-17.1926,-10.8683,0.469587,-0.141418,0.162094,-0.649136,-0.427693,0.267823,0.0244239,-0.382009,0.0262215,-0.0967942,-0.129315,-0.41149,-0.170847,-0.183958,-0.34469,0.175641,-0.09164,0.0241755
64,-0.35901,0.0141467,0.0364661,0.465077,-0.330144,0.0321484,-0.396146,0.0330402,0.0301719,0.548517,-0.321549,-0.0188361,0.000147311,-0.00031009,0.00233958,0.00429035,-0.00256462,-0.000695085,0.00788562,-0.000419448,0.00483971,0.0064734,0.00394281,0.00160589,0.00365519,0.00674712,-0.0098031,0.00478602,-0.0012732,-0.322317,0.0500167,0.00416216,0.369198,-0.525237,0.107317,-0.362599,-0.0162911,0.0736844,0.423918,-0.619711,-0.0125841,0,0,0,0,0,0,0,0,0,0,0,0,0,0,0,0,0,0.212556,0.0109083,-0.0565674,-0.580322,-0.0123996,0.177486,0.154275,0.0283616,-0.00857081,-0.322886,-0.00209867,-0.0129907,0,0,0,-0.00460194,-0.00460194,0.0076699,0.00460194,0.0076699,0.0019635,0,0.0107379,-0.0138058,0.0107379,-0.00153398,0.00460194,-0.000981748,-0.00785398,2.96431,3.16406,-2.85245,-12.4805,-9.40442,2.71692,3.29989,-5.18555,4.47443,-17.1387,-13.9192,-0.06133,-0.503374,0.297103,-4.81299,-2.625,0.4375,0.1875,-2.4375,-0.125,-0.488281,-0.107422,-2.25,-0.4375,-0.0625,-1.875,0,-0.439453,0.0683594,3.24419,3.56519,-3.11726,-12.0606,-7.77892,2.65176,3.04607,-4.98986,4.36839,-17.3983,-11.9223,0.276062,-0.0441933,0.0930271,-0.701876,-0.419831,0.265666,0.0194144,-0.403485,0.000719054,-0.0987577,-0.129468,-0.415757,-0.132977,-0.204235,-0.334288,0.19146,-0.0947387,0.0333181
64.06,-0.351912,0.0136098,0.0334797,0.443627,-0.33174,0.0465805,-0.395516,0.0348555,0.029663,0.542501,-0.324156,-0.0212911,0.000174095,1.51264e-05,0.00251809,0.00403868,-0.00258859,-0.000790959,0.0078257,-0.000443416,0.00483971,0.00648107,0.00372709,0.00141414,0.0036432,0.00671117,-0.00977913,0.00477835,-0.00125019,-0.32907,0.01773,0.0194244,0.432496,-0.437033,0.0989135,-0.350047,-0.0389738,0.0897372,0.472472,-0.654366,-0.0191162,0,0,0,0,0,0,0,0,0,0,0,0,0,0,0,0,0,0.00685665,-0.00436332,-0.063424,-0.17126,-0.0793717,0.427206,-0.0342833,0.0829031,0.0137133,0.0719948,-0.0532812,0.00691295,-0.00342833,0.00968087,0.0111153,-0.0138058,-0.00460194,0,-0.00460194,-0.0153398,-0.00490874,0.00589049,-0.0107379,-0.0245437,0.0122718,0.0076699,-0.00306796,-0.00294524,0.0127627,2.34908,0.527344,-1.2864,-3.51562,-5.58938,1.57469,4.58629,-7.55859,6.04048,-12.1289,-14.9043,-0.207372,-0.279652,-0.297103,-5.43402,-2.5,0.4375,0.125,-2.4375,-0.0625,-0.488281,-0.107422,-2.0625,-0.375,0,-1.875,0.0625,-0.419922,0.0683594,2.27055,0.420742,-1.27868,-0.98462,-4.05299,1.23891,4.61547,-7.54874,5.97999,-10.7923,-13.1018,0.0731703,-0.0419434,-0.0335805,-0.788771,-0.376257,0.268063,0.0395479,-0.382081,0.0242081,-0.0918854,-0.135512,-0.351234,-0.0923265,-0.206704,-0.350898,0.198651,-0.0926218,0.0122412
64.1,-0.365947,0.00675804,0.0356626,0.486016,-0.339168,0.0537916,-0.415751,0.038358,0.0302925,0.612203,-0.358881,-0.0234424,0.000227662,-0.000430213,0.00314937,0.00346344,-0.00313987,-0.000778975,0.00703474,-0.000503337,0.00472466,0.0064734,0.00244478,0.00118644,0.00348741,0.00553671,-0.00977913,0.00472466,-0.00125786,-0.35935,-0.0206056,0.0573791,0.630482,-0.412317,0.0548461,-0.338942,-0.0113239,0.0792696,0.747519,-0.592977,-0.0117429,0,0,0,0,0,0,0,0,0,0,0,0,0,0,0,0,0,-1.19991,-0.266163,0.162845,2.8078,-0.463013,-0.296243,-1.01821,0.105811,0.18513,3.20595,-1.27288,0.429697,-0.0119991,-0.010627,0.00184873,-0.00613592,-0.130388,0,-0.0889709,-0.0138058,0,-0.00294524,-0.079767,-0.0168738,-0.0168738,-0.136524,0.0153398,0.00294524,0.00883573,2.79652,-2.90039,2.01349,10.1953,-2.65415,0.134612,9.84375,-5.44922,4.75408,8.87695,-6.74919,-0.149956,-0.727095,0.545813,-6.4565,-2.125,0.6875,0.125,-1.75,-0.125,-0.507812,-0.0976562,-1.0625,-0.375,0,-0.875,0,-0.439453,0.0488281,3.05955,-2.20404,1.84595,10.4387,-1.99995,0.634664,9.7174,-5.17982,4.52745,7.47359,-6.81811,-0.39141,-0.0323013,0.160945,-0.950358,-0.334072,0.574763,0.0389487,-0.173795,0.0238726,-0.0944932,-0.126523,-0.0849442,-0.0848963,-0.140623,-0.00378704,0.180243,-0.0974385,0.0163216
64.16,-0.413086,0.00958738,0.0794809,0.744466,-0.395931,0.0340395,-0.489005,0.0422271,0.0410462,0.944557,-0.391441,-0.0195181,-0.000361581,-0.00312177,0.00542475,0.00201335,-0.00441019,-0.00200137,0.00347543,-0.000419448,0.00213223,0.00643505,0.00281629,-0.00222907,0.00207327,0.00128231,-0.00979111,0.00197117,-0.00126553,-0.353427,-0.0100691,0.150319,0.895129,-0.515329,-0.00631374,-0.421223,0.038918,0.0798929,1.13241,-0.254262,-0.00989962,0,0,0,0,0,0,0,0,0,0,0,0,0,0,0,0,0,-0.491965,0.376337,0.982215,5.85885,-0.980629,-0.765369,-0.771373,0.051269,-0.128562,8.38522,0.648392,-0.260362,-0.181701,0.0387078,0.0640552,0.0444854,-0.102777,-0.139592,0.107379,-0.00153398,-0.0127627,0.00589049,0.213223,-0.219359,-0.147262,-0.0368155,-0.0138058,-0.0422152,0,5.20153,-3.07617,4.53036,-1.31836,-2.42784,-0.717929,10.7946,-0.263672,3.41175,-1.05469,1.87295,0.312882,4.69815,5.62209,-13.0124,-1.5,1,0.5,-1.875,0,-0.234375,-0.078125,-2.375,0.6875,0.3125,0.125,0.0625,-0.0683594,0.0488281,6.94987,-2.71832,5.11936,-0.835964,-2.81466,-0.0833915,8.32091,-0.433446,4.1418,-5.36224,4.19037,0.90546,0.653578,0.820407,-1.81959,-0.290306,0.646573,0.379253,-0.388529,0.00992294,-0.0298819,-0.134591,-0.708076,0.661625,0.190861,0.00951547,0.209628,0.00279184,0.0253107
64.2,-0.430295,0.024288,0.11126,0.878605,-0.419613,0.0149913,-0.445843,0.0401136,0.0698789,0.990065,-0.431377,-0.0218567,0.00100439,-0.00916893,0.00357338,0.0195702,-0.0107139,-0.010666,0.0101746,-0.000527306,0.00391165,0.00151097,0.0218952,-0.00571648,-0.00755006,0.0148964,-0.00983905,0.00926524,-0.00135757,-0.46521,0.0849837,0.0751763,0.587628,-0.839924,0.0870585,-0.581562,0.0417366,0.0823642,0.662574,-0.889392,-0.0329085,0,0,0,0,0,0,0,0,0,0,0,0,0,0,0,0,0,-1.925,0.488692,0.447396,0.500691,-0.138937,0.342665,2.55753,0.0556324,0.920505,-7.66854,-4.88569,-0.780387,0.166274,-0.30172,-0.182693,0.734777,-0.199418,0.158,0.345146,-0.0276117,0.125664,-0.011781,0.108913,-0.0214757,0.113515,0.233165,-0.0076699,0.145299,0.00981748,-0.279652,5.44922,-4.30664,-45.7031,-19.0079,2.27957,-18.1214,0,-0.111861,-18.457,-3.98205,0.293106,-4.25071,21.4568,-0.635344,-14.375,2.1875,0.375,-5.3125,-0.0625,-0.576172,0,-13.4375,1.0625,0.3125,-5.8125,0,-1.15234,0.0390625,0.358465,5.09219,-4.50315,-45.6492,-16.5346,2.19736,-18.687,0.0510383,-0.59248,-18.4495,-8.54923,1.1187,-0.800139,3.65584,-0.523934,-3.42658,1.47022,0.217298,-1.19902,0.0381578,-0.203897,-0.0184385,-2.40734,0.614599,0.150474,-1.21115,0.204451,-0.330604,0.017334
64.26,-0.440178,0.030049,0.0914265,0.823884,-0.429066,0.0400479,-0.440754,0.0406846,0.0421309,0.90216,-0.451141,-0.0520864,0.000468716,-0.00109497,0.00315861,0.0100428,-0.00407464,-0.0107858,0.0117685,-0.000431432,0.00819146,-0.00192515,0.00994691,-0.00286423,-0.0110135,0.0120202,-0.00969524,0.00674952,-0.00159534,-0.343012,0.0908041,0.00811217,0.558604,-0.664005,-0.0230389,-0.328472,0.0280933,0.0968078,0.628684,-0.625644,-0.0455005,0,0,0,0,0,0,0,0,0,0,0,0,0,0,0,0,0,0.990786,-1.22173,0.452539,-3.19504,-0.417344,-0.760257,0.713092,-1.01011,0.493679,-1.24791,-0.206819,-0.446841,0.248554,-0.222464,-0.0211328,-0.409573,0.19635,0.34668,-0.309864,-0.0322136,-0.340666,0.0215984,0.116583,0.263845,0.185612,0.078233,0.0414175,0.175733,0.00687223,7.27095,7.29492,-8.837,-27.5977,-10.2307,-1.83831,9.67596,-0.878906,4.97781,-35.7715,-8.76294,0.349177,-3.80327,4.86044,-3.89299,-4.5625,0.25,0,-1.6875,-0.0625,-0.175781,0.0488281,-6.25,-0.0625,0.375,-3.8125,0,-0.996094,0.0488281,7.73509,8.51897,-9.23651,-27.0118,-8.56287,-1.00296,9.80202,0.761087,4.48034,-36.0296,-6.56651,1.15712,-0.886276,0.995882,-0.884185,-0.185132,0.0147645,-0.154069,0.0313028,0.0408422,0.176837,0.0169045,-1.22786,-0.241266,0.179452,-0.757475,0.152487,-0.310723,0.0250346
64.3,-0.390896,0.0091698,0.0541568,0.695507,-0.425453,0.0471876,-0.384481,0.0480562,0.0331449,0.744083,-0.459974,-0.00773912,-0.00112492,0.00164712,0.00277747,0.00360725,-0.00244478,0.000443416,0.0076699,-0.000443416,0.00638136,0.00159534,0.00699879,0.000515322,0.00299606,0.00587227,-0.0098031,0.00262311,-0.000559903,-0.286812,-0.0308264,0.055242,0.589709,-0.427806,-0.0210077,-0.387643,-0.0548955,0.144278,0.59191,-0.578693,-0.0510894,0,0,0,0,0,0,0,0,0,0,0,0,0,0,0,0,0,1.85815,-0.150535,0.142275,-3.57247,-0.430881,-2.93644,0.84851,0.0523599,0.582815,-2.71508,-0.344994,-1.58287,0.0514249,-0.0425159,-0.0221758,-0.374291,0.0337476,-0.0506214,-0.378893,-0.0107379,-0.0579231,-0.0137445,-0.00306796,0.081301,0.0199418,-0.0736311,-0.00306796,-0.0579231,0.0166897,6.54386,-3.51562,0,-2.37305,-0.187931,-0.102957,-1.67791,-10.2832,10.0115,-12.4805,-5.60635,-0.452032,0.279652,-3.8693,-4.20287,-0.9375,0.3125,0.1875,-0.4375,-0.0625,-0.576172,0,-4.0625,-0.375,0,-1.25,0,-0.117188,0.0292969,6.69212,-3.69855,-0.176033,-1.57983,0.767641,3.14507,-2.01318,-10.3999,9.94764,-11.9657,-4.05877,1.43173,0.183201,-0.366589,-0.766713,0.387857,0.176983,0.0790719,0.374291,0.0196062,-0.0697041,-0.0181623,-0.693743,-0.214134,-0.189686,-0.146351,0.19913,0.00546097,-0.00549165
64.36,-0.3613,-0.0184419,0.036051,0.62335,-0.403425,0.0345463,-0.347975,0.0394744,0.0255651,0.657711,-0.438969,-0.0179157,-0.00021427,0.000786294,0.0024793,0.00053929,-0.00213319,-0.000467385,0.00219311,-0.000419448,6.13592e-05,0.00123485,-0.000527306,0.00185755,0.0056206,0.00192946,-0.00974318,0.00255408,-0.000406505,-0.258439,-0.0263915,0.054029,0.678232,-0.327361,0.0277169,-0.356256,0.0234733,0.0532436,0.68057,-0.467954,-0.0246552,0,0,0,0,0,0,0,0,0,0,0,0,0,0,0,0,0,1.24962,0.535598,-0.330833,1.06465,0.385702,1.60469,-0.622241,-0.0741765,-0.389115,-0.176715,0.0277277,0.284372,-0.167988,0.0425259,0.0160075,-0.139592,0,-0.0168738,0.194816,0,0.011781,-0.0451604,0.0905049,-0.0368155,-0.00306796,-0.190214,-0.00306796,-0.0706858,-0.0127627,7.10316,-2.28516,2.5728,3.42773,0.308823,-2.00569,0.727095,-1.66992,3.41175,3.51562,-2.96267,-0.787955,2.40501,-2.68043,-5.28895,0,0.25,0.1875,-1.3125,-0.0625,-0.0292969,0.0292969,0.125,-0.4375,-0.125,0.6875,0,-0.0585938,0.0488281,7.78684,-1.86616,2.45947,3.97367,2.27114,-3.48256,0.416359,-1.45176,3.54608,4.13571,-1.21484,-0.838326,0.568245,-0.363466,-0.791813,0.225255,0.213319,0.0571168,-0.499287,0.00838896,-0.0130082,0.0204633,-0.128279,-0.112124,-0.274894,0.283954,0.197931,0.0196043,0.0208928
64.4,-0.359546,-0.0278162,0.051532,0.671594,-0.397998,0.0150454,-0.363818,0.0376763,0.0180389,0.707191,-0.417999,-0.0288815,0.000441933,-0.00166981,0.002763,-8.38896e-05,-0.00107858,-0.000778975,0.00200137,-0.000467385,0.000398835,0.000997088,-0.00133025,0.00146208,0.00443416,0.000755006,-0.00970722,-7.6699e-06,-0.000391165,-0.396854,-0.0614941,0.0754199,0.694194,-0.441106,0.0112804,-0.258831,0.0405518,-0.00958359,0.674647,-0.442228,-0.0071299,0,0,0,0,0,0,0,0,0,0,0,0,0,0,0,0,0,-0.920505,-0.49851,-0.723377,2.31038,0.247905,0.402979,-0.771373,-0.370882,-0.263981,1.01556,1.06215,0.0307044,-0.0479966,-0.0512327,0.0141508,0.0567573,0.0997088,0,0.17334,0.0076699,-0.0166897,0.0019635,0.0859029,0.00306796,0.0398835,0.280718,-0.00460194,-0.00687223,-0.000981748,-2.23722,-3.07617,4.02699,-5.71289,-4.10007,-0.811827,12.1369,0.439453,-1.90163,-8.52539,-6.33519,0.553696,-0.615234,3.72186,-5.99007,-0.25,0,0.1875,-1.3125,-0.125,-0.0488281,0,0.6875,-0.4375,-0.125,-1.25,0.0625,0,0.0390625,-1.88987,-2.37077,3.83554,-5.85143,-2.22011,-0.956559,12.0414,1.02932,-2.23429,-8.94376,-3.09348,0.808657,0.0114099,0.654642,-0.871351,-0.105126,-0.0915595,0.0389487,-0.446748,0.00167779,0.00871301,-0.0219052,-0.0387809,-0.152343,-0.301475,-0.599187,0.198746,0.00702563,0.00880505
64.46,-0.386624,-0.0162432,0.0469252,0.751455,-0.394737,0.0285936,-0.387561,0.0388949,0.022793,0.776475,-0.413665,-0.0328028,0.000508892,-0.00193398,0.00293149,0.0130388,-0.00396678,-0.000755006,0.0107019,-0.000407464,0.00799204,0.00103544,0.0132066,0.00170176,0.00303201,0.0123318,-0.00974318,0.00977146,-0.000467864,-0.493364,0.0499204,-0.0216856,0.468138,-0.824803,0.0589973,-0.406985,0.00224555,0.0362911,0.54596,-0.785735,-0.030449,0,0,0,0,0,0,0,0,0,0,0,0,0,0,0,0,0,-0.93079,0.0523599,-0.428541,0.453786,-0.17973,0.340714,0.00685665,-0.346884,0.0599957,0.379609,-0.279422,0.00681423,-0.00171416,-0.0174714,-0.0394956,0.176408,-0.105845,0.00613592,0.0951068,-0.0107379,0.107011,0,0.0306796,0.0291456,-0.00613592,0.154932,0.00920388,0.207149,-0.0225802,-9.22852,5.88867,-5.7049,-44.0332,-19.2223,0.685697,-1.62198,-2.8125,1.39826,-35.332,-16.7672,-0.135205,-0.503374,3.82022,-4.90145,-8.5,0.8125,0.125,-3.875,-0.0625,-1.05469,0.0195312,-7.875,-0.5,0,-4.625,0.0625,-1.31836,0.0683594,-8.81242,6.51163,-6.004,-44.3127,-16.8432,0.534722,-1.95607,-2.97117,1.22982,-36.0958,-14.324,0.0805244,-0.147525,0.632608,-0.760961,-1.6567,0.608367,0.0254785,-0.725309,0.0188871,-0.266851,-0.0207087,-1.38202,-0.228467,-0.139329,-0.926453,0.18566,-0.402578,0.0319375
64.5,-0.373045,-0.0191833,0.0471395,0.75108,-0.395799,0.0348057,-0.373821,0.0351622,0.0256455,0.768388,-0.413221,-0.0322851,1.33919e-05,-0.000575205,0.00011549,0.00460194,-0.0025047,-0.00076699,0.00860467,-0.000467385,0.00660379,0.0010201,0.0056206,0.00178565,0.00228899,0.0101626,-0.00981508,0.00740913,-0.000498544,-0.39209,0.0457171,-0.0179369,0.511739,-0.633213,0.0244095,-0.397256,0.0210718,0.0302038,0.577858,-0.554526,-0.0331414,0,0,0,0,0,0,0,0,0,0,0,0,0,0,0,0,0,0.437111,-0.174533,-0.0394257,-0.605411,-0.00256144,-0.00469213,0.586244,-0.0403607,0.083994,-0.91957,0.00660386,0.00642738,0.0171416,-0.0262336,-0.0426673,-0.153398,0,0.0168738,-0.17334,0,-0.149226,-0.011781,-0.190214,-0.0153398,0.0199418,-0.131922,-0.0107379,-0.141372,-0.000981748,-2.85245,6.41602,-6.09641,-33.75,-11.5199,-0.658431,-3.35582,-1.58203,0.503374,-24.6094,-7.63451,-0.374834,-0.111861,0.889199,1.70479,-2.25,0.3125,0.125,-1.625,-0.0625,-0.390625,0.0195312,-2.5,-0.5,0,-2,0.0625,-0.458984,0.0390625,-2.77876,6.8391,-6.42878,-33.4794,-9.49146,-0.406461,-3.516,-1.32832,0.287843,-24.9013,-5.66541,-0.0471082,-0.0554425,0.251262,0.0933548,-0.153398,0.25047,0.00460194,-0.083554,0.0093477,0.0171499,-0.00862097,-0.181633,-0.147885,-0.154333,-0.244286,0.207039,-0.00681086,0.0109526
64.56,-0.346837,-0.0226859,0.0503,0.717281,-0.393842,0.0332721,-0.34535,0.0366281,0.0237706,0.729127,-0.401032,-0.0348405,0.000160703,-0.000515352,-0.000551018,0.00347543,-0.00231296,-0.000778975,0.0067591,-0.000419448,0.00419544,0.000981748,0.00395479,0.00167779,0.00249272,0.00672315,-0.0098031,0.0046633,-0.000513884,-0.354238,0.0182596,0.00852031,0.538738,-0.488329,0.00141249,-0.324481,0.0613022,-0.00614718,0.625209,-0.344226,-0.0341917,0,0,0,0,0,0,0,0,0,0,0,0,0,0,0,0,0,0.495393,-0.164715,0.14399,-0.55087,0.163623,-0.0482715,0.872509,0,0.0582815,-0.607593,0.601713,0.0770382,0.00857081,-0.012611,-0.000618687,0.0168738,-0.0076699,-0.0122718,0.00460194,0.00460194,0.000981748,0.00589049,-0.0138058,0.00306796,0.00920388,-0.0337476,0,0.0019635,-0.0019635,-1.8457,4.13086,-4.13885,-25.0488,-6.16784,-1.43469,0.503374,2.02148,-2.79652,-12.832,-1.03596,-0.361201,-0.727095,0.840068,1.62712,-2.3125,0.25,0.1875,-2.125,-0.0625,-0.439453,0,-2.1875,-0.4375,0,-1.625,0.0625,-0.419922,0.0292969,-1.73088,4.42397,-4.46594,-24.578,-4.1067,-1.17784,0.341866,2.46742,-3.10834,-13.1573,1.0688,-0.128128,-0.0739233,0.192438,0.167161,-0.38129,0.246635,0.0634924,-0.347159,0.00378702,-0.0848905,-0.0255254,-0.367868,-0.173915,-0.143044,-0.268662,0.196062,-0.0952295,0.0122412
64.6,-0.333632,-0.0244329,0.0495634,0.708478,-0.373156,0.0431928,-0.331034,0.0364491,0.0231144,0.700441,-0.339192,-0.0295602,0.000187487,-0.000922708,0.000646361,0.00406265,-0.00222907,-0.000431432,0.00686696,-0.000431432,0.00419544,0.00103544,0.00370313,0.00190549,0.00397876,0.00546481,-0.00976714,0.00424913,-0.000490874,-0.316162,0.0225381,0.013994,0.544548,-0.464062,-0.00364178,-0.334609,0.0770636,-0.0102871,0.637649,-0.26324,-0.0568097,0,0,0,0,0,0,0,0,0,0,0,0,0,0,0,0,0,-0.16456,-0.0338158,0.12342,0.107992,0.555647,0.219781,-0.0257124,-0.0414516,0.0377116,-0.116719,1.38711,0.114907,0.0342833,-0.0648618,0.0376626,-0.0322136,-0.0107379,0.00460194,-0.00920388,0,-0.0166897,0.00785398,-0.0306796,0,0.00153398,0.00306796,0.00920388,0.00490874,-0.011781,1.90163,4.30664,-3.57955,-25.1367,-7.19916,-2.3785,-0.167791,3.86719,-3.18803,-8.61328,-2.66864,-1.49083,-0.391513,2.0302,-3.64911,-2.5,0.25,0.125,-2.1875,-0.125,-0.429688,0,-1.9375,-0.5,-0.0625,-1.5,0,-0.400391,0.0390625,2.07617,4.76473,-3.80378,-25.0214,-4.74753,-2.31294,-0.306045,4.14435,-3.41557,-8.95192,0.26387,-1.31979,-0.159096,0.471398,-0.306896,-0.341838,0.244382,0.0123677,-0.32494,0.00862864,-0.067219,-0.0285627,-0.308953,-0.190549,-0.202006,-0.279376,0.186139,-0.0898913,0.0215985
64.66,-0.334449,-0.0218592,0.0508758,0.711128,-0.347115,0.0529239,-0.326494,0.0376081,0.0171818,0.703202,-0.334049,-0.0280998,0.000575852,-0.00133868,0.00157734,0.00596814,-0.00216914,-7.19053e-05,0.00801745,-0.000419448,0.00460194,0.00105078,0.00505734,0.00224105,0.00423043,0.00692688,-0.00973119,0.00488573,-0.000490874,-0.322963,0.022371,0.0255294,0.559101,-0.255567,-0.0108444,-0.284308,0.0635049,-0.0255765,0.640012,-0.0438916,-0.0796611,0,0,0,0,0,0,0,0,0,0,0,0,0,0,0,0,0,-0.0119991,0.0741765,0,-0.19744,-0.0517924,-0.0450269,0.493679,0.0261799,-0.341118,-0.186532,-0.148939,-0.0483212,0.0342833,-0.0435639,-0.0179079,0.00460194,0,0.0153398,-0.00306796,-0.0214757,0.00392699,0.00589049,0.00153398,0.0214757,0.0322136,0.0352816,-0.0076699,0.011781,0,1.00675,3.86719,-2.23722,-22.3242,2.96766,-2.76628,3.41175,2.10938,-3.41175,-8.17383,11.8325,-2.39208,-1.62198,2.92151,-2.40649,-3.75,0.25,0.125,-2.5,-0.0625,-0.46875,0.0195312,-2.9375,-0.625,-0.125,-2.0625,0.0625,-0.458984,0.0390625,1.17266,4.27467,-2.53464,-22.0142,3.76552,-2.46068,3.23128,2.53732,-3.59359,-8.73244,11.9042,-1.96581,-0.275605,0.532296,-0.419479,-0.606018,0.216914,-0.0270843,-0.394736,0.0298647,-0.0959658,-0.026906,-0.508802,-0.267056,-0.275949,-0.416907,0.202294,-0.109496,0.00981748
64.72,-0.332199,-0.018101,0.0532596,0.69566,-0.345509,0.0626108,-0.31937,0.0366792,0.00388365,0.674577,-0.334446,-0.0278284,0.000415149,-0.000536986,0.00235888,0.00390686,-0.00216914,-1.19842e-05,0.00765792,-0.000419448,0.00446388,0.00108913,0.0034155,0.00237288,0.00447012,0.00679506,-0.00970722,0.00478602,-0.000467864,-0.289738,0.00505412,0.0464235,0.596008,0.0246627,0.0068874,-0.234616,0.0488262,-0.0269851,0.63205,0.17874,-0.0845988,0,0,0,0,0,0,0,0,0,0,0,0,0,0,0,0,0,0.0514249,0.107992,0.119991,-0.553051,0.00668057,0.0121327,0.154275,-0.0316341,-0.215984,-0.652317,0.038712,0.00716748,-0.0257124,-0.0406596,0.0222305,-0.00920388,-0.00306796,0.00153398,-0.0122718,-0.0107379,0,0.00490874,0,0.00613592,0.0138058,0.00920388,-0.0107379,0.011781,0.00589049,3.52362,1.66992,-1.00675,-14.2383,10.8739,-2.90561,5.64897,1.31836,-2.12536,-2.19727,17.8566,-2.55701,-1.11861,1.03986,-5.51165,-2.4375,0.25,0.0625,-2.3125,-0.0625,-0.478516,0,-1.875,-0.625,-0.0625,-1.9375,0.0625,-0.449219,0.0390625,4.14324,2.09953,-0.923593,-12.7357,14.7935,-2.2532,8.16681,1.27797,-2.6549,-3.76971,20.45,-2.28515,-0.0474073,0.283075,-0.774356,-0.372278,0.22305,-0.00246875,-0.358352,0.0191268,-0.0892777,-0.0266913,-0.34155,-0.24956,-0.251117,-0.358161,0.204882,-0.107501,0.0034668
64.76,-0.33161,-0.0149989,0.0554558,0.667461,-0.341428,0.06597,-0.315767,0.0360059,-0.00474073,0.642942,-0.325093,-0.0282492,0.000227662,-0.000762342,0.00327452,0.00400273,-0.00201335,0,0.00778975,-0.000419448,0.00454058,0.00108146,0.0033436,0.00232494,0.00399075,0.0069149,-0.00975516,0.00480136,-0.000490874,-0.275373,0.0175588,0.0470323,0.587732,0.167878,0.00858865,-0.23081,0.0437649,-0.0266714,0.627013,0.271888,-0.0933347,0,0,0,0,0,0,0,0,0,0,0,0,0,0,0,0,0,-0.0239983,0.110174,0.0154275,-0.703586,0.310444,0.00917437,0.138847,0.0458149,-0.169702,-0.724312,0.353221,-0.107244,-0.00685665,-0.00481252,0.0141859,-0.00920388,0.0076699,-0.0107379,0.0184078,0,0,-0.0176715,-0.0184078,0.0076699,0.00306796,-0.00153398,-0.00460194,0,-0.00294524,5.25746,2.54883,-0.615234,-9.49219,19.6128,-2.47841,8.38956,0.439453,-1.62198,0.791016,23.4378,-2.79359,-0.727095,1.2441,-6.91756,-2.5,0.25,0.125,-2.5,-0.0625,-0.46875,0,-1.8125,-0.5625,-0.0625,-1.875,0.0625,-0.439453,0.0292969,5.67167,3.03542,-0.873209,-9.14502,19.7514,-2.3136,8.21804,0.684269,-1.85366,0.507872,23.1728,-2.38893,-0.0477287,0.24314,-1.02491,-0.381865,0.185995,0.0214757,-0.426303,0.00838896,-0.0908117,-0.00395767,-0.297544,-0.247834,-0.205673,-0.342677,0.199705,-0.0960272,0.0127627
64.82,-0.329722,-0.0117179,0.0586431,0.632051,-0.328769,0.0647198,-0.316062,0.0355457,-0.0151061,0.610405,-0.306012,-0.0346646,0.000133919,-0.000656641,0.00373673,0.00373908,-0.0019774,-0.000119842,0.00780173,-0.000419448,0.00454058,0.00110447,0.00307995,0.00215716,0.00383495,0.00685498,-0.00975516,0.00480136,-0.000490874,-0.273952,0.0283692,0.0469635,0.568396,0.324423,0.00709468,-0.220339,0.032609,-0.0257755,0.614866,0.358355,-0.0985028,0,0,0,0,0,0,0,0,0,0,0,0,0,0,0,0,0,0.0908506,0.0556324,0.0479966,-0.77449,0.314083,-0.0872404,-0.0274266,-0.0207258,-0.186844,-0.644681,0.455654,-0.168156,-0.00514249,-0.00289828,0.00801114,-0.00306796,0.00306796,-0.00613592,-0.0138058,0.00153398,-0.00490874,0.00490874,-0.00153398,-0.0076699,0.0199418,0.0076699,-0.00306796,-0.00589049,-0.00687223,4.92188,2.98828,-0.950817,-5.88867,24.0402,-2.38717,9.95561,-0.175781,-0.615234,3.95508,24.9886,-2.5736,0,1.19087,-7.62333,-2.3125,0.25,0.125,-2.375,-0.125,-0.46875,0.0195312,-1.6875,-0.5,-0.0625,-2,0,-0.439453,0.0390625,5.39526,3.89745,-1.26395,-6.45027,25.4995,-2.13053,9.62715,-0.252223,-0.693258,3.24789,25.6634,-2.21722,-0.0247482,0.205687,-1.14505,-0.367772,0.191604,0.018264,-0.362475,0.00685498,-0.0859029,-0.0269981,-0.304927,-0.200376,-0.231631,-0.358089,0.198171,-0.0901367,0.0166897
64.86,-0.326521,-0.0110787,0.0584155,0.5895,-0.309389,0.0636106,-0.32557,0.0349492,-0.0179451,0.589782,-0.278627,-0.0415281,-8.03514e-05,-0.000573617,0.00398226,0.00274439,-0.0020493,-0.000287621,0.00778975,-0.000419448,0.00454058,0.00108913,0.00267248,0.00215716,0.0038709,0.00681902,-0.00979111,0.00478602,-0.000498544,-0.261381,0.0362704,0.0464,0.557364,0.372917,0.0125565,-0.236871,0.0229979,-0.0207705,0.609315,0.387694,-0.0979447,0,0,0,0,0,0,0,0,0,0,0,0,0,0,0,0,0,0.0154275,0.01309,0.00685665,-0.907571,0.503541,-0.122776,-0.272552,-0.0676315,0.0411399,-0.263981,0.689165,-0.111233,-0.0257124,0.00676264,0.00554618,-0.0291456,0,-0.0153398,-0.00613592,-0.0076699,0.000981748,0.015708,0,0.0076699,-0.00153398,0.00153398,0,-0.00785398,-0.00785398,6.2642,4.30664,-1.06268,-1.49414,26.5597,-2.2139,9.62003,-1.31836,-0.167791,4.21875,25.4494,-2.46891,0.335582,0.893149,-8.24565,-1.6875,0.25,0.1875,-2.375,-0.0625,-0.46875,-0.00976562,-1.5,-0.5625,0,-1.875,0.0625,-0.439453,0.0390625,6.48315,4.70873,-1.21526,-1.19011,26.2851,-1.79661,9.41505,-1.05986,-0.364814,3.98595,25.2745,-2.0342,0.101243,0.151797,-1.21132,-0.216147,0.20493,0.0450607,-0.377215,0.0160589,-0.0917934,-0.0374905,-0.267248,-0.231056,-0.190477,-0.344019,0.195822,-0.0878664,0.0178249
64.92,-0.325222,-0.0107549,0.0574244,0.550793,-0.286834,0.0603732,-0.341574,0.0345487,-0.0174362,0.580245,-0.247825,-0.0484667,-2.67838e-05,-0.000520784,0.00420854,0.00249272,-0.00203732,-0.000503337,0.00772983,-0.000467385,0.00453291,0.00107379,0.00251669,0.00215716,0.00377503,0.00679506,-0.00973119,0.00478602,-0.000490874,-0.262844,0.0390689,0.045987,0.543477,0.387358,0.0106609,-0.257618,0.0111967,-0.0110396,0.604837,0.400223,-0.0981787,0,0,0,0,0,0,0,0,0,0,0,0,0,0,0,0,0,-0.00514249,0.0119991,-0.0154275,-0.727584,0.47528,-0.0239315,-0.380544,0,0.0257124,-0.178896,0.602396,-0.210285,-0.0274266,-0.00772874,-0.00492993,-0.0153398,-0.0138058,0.0107379,0,-0.00153398,0,-0.00589049,-0.00920388,-0.00306796,0.00153398,0.00613592,-0.00153398,-0.00883573,-0.00392699,6.432,4.57031,-0.838956,1.8457,26.2198,-2.25688,9.62003,-2.10938,0.615234,5.00977,24.9928,-2.1075,0.223722,0.893149,-8.40123,-1.5625,0.25,0.125,-2.5,-0.125,-0.478516,0.0195312,-1.3125,-0.5,-0.0625,-1.875,0.0625,-0.439453,0.0390625,6.24812,4.95838,-1.11289,1.81295,26.0171,-1.94063,9.15667,-2.33519,0.588238,4.40436,24.7171,-1.56791,0.0903149,0.179421,-1.24777,-0.218592,0.231343,0.00369114,-0.386491,0.0108817,-0.0906583,-0.0155852,-0.233261,-0.20958,-0.19182,-0.352025,0.196158,-0.0868847,0.0137445
64.96,-0.328423,-0.0102691,0.056795,0.521502,-0.269898,0.0597327,-0.359278,0.0349833,-0.0170211,0.57699,-0.224379,-0.0538189,9.37433e-05,-0.000543427,0.0043867,0.00249272,-0.00219311,-0.000455401,0.00770586,-0.000431432,0.00452524,0.00107379,0.00203732,0.00213319,0.003799,0.00672315,-0.00973119,0.00478602,-0.000490874,-0.260548,0.0438466,0.0456589,0.535448,0.374753,0.0140267,-0.283843,0.00657689,-0.00490852,0.608672,0.404737,-0.0974188,0,0,0,0,0,0,0,0,0,0,0,0,0,0,0,0,0,-0.217699,0.0305433,0.0257124,-0.423242,0.229338,0.0546642,-0.526248,0.0349066,0.0377116,0.0479966,0.32862,-0.0510323,-0.0428541,-0.00193218,4.38626e-17,-0.0276117,-0.0107379,0.00153398,-0.0199418,-0.0337476,-0.00785398,-0.00981748,-0.00306796,0.0107379,0.00460194,0,-0.00920388,-0.000981748,0,6.9913,5.00977,-0.950817,3.25195,25.921,-2.06471,8.61328,-3.16406,1.2864,4.83398,25.0497,-2.13214,-0.335582,0.893149,-8.71101,-1.5,0.3125,0.1875,-2.3125,-0.0625,-0.478516,0.0195312,-1,-0.5625,-0.0625,-1.875,0.0625,-0.449219,0.0390625,7.22284,5.35049,-1.16503,3.78489,25.3274,-1.93757,8.59602,-2.91045,1.13584,4.56029,24.5074,-1.64193,0.100439,0.168825,-1.31601,-0.194049,0.240787,0.0197021,-0.345409,0.0423762,-0.0826509,-0.0116583,-0.197596,-0.234795,-0.199154,-0.336158,0.203828,-0.0947387,0.00981748
65.02,-0.337195,-0.00989418,0.0556701,0.507441,-0.265596,0.0602501,-0.373875,0.0358952,-0.0168604,0.578302,-0.216023,-0.0559928,8.03514e-05,-0.000513236,0.00444448,0.00239685,-0.00244478,-0.000587227,0.00774181,-0.000443416,0.00451757,0.00107379,0.00184557,0.00216914,0.00397876,0.00665125,-0.00971921,0.00478602,-0.000483204,-0.275924,0.0419953,0.0434104,0.531503,0.388906,0.0155788,-0.296648,0.00502173,-0.00221177,0.61026,0.400988,-0.0958548,0,0,0,0,0,0,0,0,0,0,0,0,0,0,0,0,0,-0.265695,0.00327249,-0.00342833,-0.149444,0.00891212,0.015653,-0.226269,0.0174533,-0.00685665,-0.0152716,0.0352123,-0.0344617,-0.0308549,0.00386437,0.00246535,0.00153398,0.00306796,-0.00460194,-0.00460194,-0.0107379,0.0019635,0,-0.00153398,-0.00460194,-0.00153398,0.00460194,-0.0138058,-0.00687223,0.00490874,6.65572,4.74609,-0.894886,3.86719,27.0112,-2.05107,8.61328,-3.33984,1.62198,5.09766,25.5183,-2.05792,-0.559304,0.84353,-8.94435,-1.5625,0.3125,0.1875,-2.4375,-0.0625,-0.46875,0,-0.9375,-0.5625,-0.0625,-1.9375,0.0625,-0.439453,0.0390625,6.65847,5.1824,-1.21912,4.20703,26.1623,-1.81816,8.17522,-3.12225,1.47858,4.85478,24.61,-1.52556,0.0684594,0.142378,-1.34074,-0.242752,0.238342,0.0385652,-0.377887,0.0196062,-0.092315,-0.0214757,-0.181489,-0.207711,-0.19587,-0.341766,0.20819,-0.0888482,0.00475534
65.06,-0.350533,-0.0105759,0.0550273,0.503768,-0.26535,0.0606817,-0.386477,0.0358355,-0.0160837,0.57814,-0.215742,-0.0558621,0.00021427,-0.000633998,0.00460819,0.00246875,-0.00225303,-0.000395479,0.00772983,-0.000443416,0.00451757,0.00110447,0.00172573,0.00216914,0.00396678,0.00666323,-0.00973119,0.00478602,-0.000483204,-0.290229,0.0419086,0.0413417,0.531991,0.389761,0.0166753,-0.302948,0.00396653,-0.00138904,0.61166,0.399293,-0.0947345,0,0,0,0,0,0,0,0,0,0,0,0,0,0,0,0,0,-0.351403,-0.0425424,-0.0274266,0.0229074,0.00888902,0.0174991,-0.178273,-0.00981748,0.00514249,0,0.00403163,-0.0200756,0.00342833,-0.0115931,0.00739606,0.00460194,0.00920388,0.00920388,0.00460194,0,0.0127627,0.00981748,0,-0.00460194,0.0153398,0,0.00153398,0.00392699,-0.000981748,6.48793,5.00977,-1.06268,3.86719,27.2798,-1.99577,8.94886,-3.33984,1.62198,5.36133,25.6946,-1.95565,-0.391513,1.24048,-9.41101,-1.625,0.25,0.125,-2.5,-0.0625,-0.478516,-0.00976562,-0.875,-0.5625,-0.0625,-1.8125,0.0625,-0.439453,0.0390625,6.73321,5.33354,-1.31371,4.14192,26.1867,-1.79526,8.70941,-3.16726,1.45918,5.02797,24.5933,-1.51474,-0.0745661,0.224979,-1.40465,-0.256079,0.206896,0.0013662,-0.395695,0.00886833,-0.103114,-0.0319068,-0.172573,-0.207711,-0.229019,-0.333161,0.19309,-0.0996474,0.0106458
65.12,-0.364675,-0.0115645,0.0544113,0.503853,-0.264683,0.0618975,-0.399145,0.0356991,-0.0142624,0.578157,-0.215703,-0.0558261,0.000321406,-0.000679283,0.00473339,0.00244478,-0.00210922,-0.000131826,0.00774181,-0.000443416,0.00451757,0.00110447,0.00161787,0.00219311,0.00412257,0.00666323,-0.00975516,0.00477835,-0.000475534,-0.299786,0.044941,0.0391036,0.53432,0.385658,0.0168024,-0.319546,0.00940564,0.000219847,0.617418,0.382439,-0.091222,0,0,0,0,0,0,0,0,0,0,0,0,0,0,0,0,0,-0.323977,-0.0141808,-0.0342833,0.00327249,0.0146557,0.0276275,-0.238269,-0.00436332,0.0222841,-0.00654498,-0.00452116,-0.0128292,0.0154275,-0.00193218,4.38626e-17,0,0.0153398,0.00613592,-0.00153398,-0.00460194,0,0.000981748,-0.0076699,0.00306796,0,-0.0076699,-0.0107379,0.000981748,0,6.9913,5.27344,-1.17454,3.95508,27.2794,-2.09965,9.39631,-3.16406,1.45419,5.80078,25.3396,-1.84547,-1.00675,1.14125,-9.41101,-1.5625,0.25,0.125,-2.4375,-0.0625,-0.46875,0.0195312,-0.75,-0.5625,-0.0625,-1.8125,0.0625,-0.449219,0.0390625,7.13684,5.67892,-1.4622,4.5569,25.9843,-1.85906,8.4365,-2.62062,1.40365,5.91532,23.9347,-1.39018,-0.142704,0.209582,-1.42002,-0.244478,0.180243,-0.00568052,-0.384023,0.0134703,-0.0903515,-0.0230711,-0.146447,-0.225447,-0.206129,-0.317822,0.205841,-0.0965488,0.00951068
65.16,-0.37875,-0.0127065,0.0530989,0.504143,-0.263721,0.0636313,-0.412002,0.0356054,-0.0124679,0.578669,-0.215578,-0.0556467,0.000308014,-0.000769854,0.00479117,0.00244478,-0.00213319,-0.000191748,0.00774181,-0.000467385,0.00451757,0.0010968,0.00158192,0.0022051,0.00407464,0.00665125,-0.00969524,0.00477835,-0.000483204,-0.309761,0.0451497,0.037692,0.537312,0.372865,0.0181241,-0.325964,0.0111095,0.0003323,0.62037,0.368783,-0.0862678,0,0,0,0,0,0,0,0,0,0,0,0,0,0,0,0,0,-0.313692,-0.051269,-0.0222841,0.0305433,0.0410064,0.0625895,-0.353117,0.00327249,0.0445682,0.0174533,-0.000135981,-0.00914021,0.0325691,-0.00193218,4.38626e-17,0.0076699,0.00613592,0.0245437,-0.00613592,-0.00306796,0,0,0.00920388,-0.00613592,0,0.00460194,0.00613592,-0.00392699,0.00294524,7.27095,5.44922,-1.23047,4.57031,26.2954,-2.06002,9.45224,-2.72461,1.34233,6.5918,24.4524,-1.62249,-0.950817,1.2901,-9.48878,-1.5625,0.25,0.125,-2.4375,-0.0625,-0.46875,0,-0.8125,-0.5625,-0.0625,-1.875,0.0625,-0.439453,0.0390625,7.5262,5.88816,-1.49612,4.85324,25.3814,-1.94546,9.31002,-2.45614,1.19088,6.18538,23.3747,-1.20657,-0.190111,0.236753,-1.43735,-0.259818,0.201047,-0.0395,-0.374819,0.0124157,-0.0903515,-0.0219359,-0.1766,-0.208238,-0.203732,-0.341766,0.187769,-0.09164,0.00671884
65.22,-0.393829,-0.0139933,0.0524159,0.507151,-0.262446,0.0658524,-0.424228,0.0351452,-0.0108876,0.579333,-0.215501,-0.0555604,0.00028123,-0.000747212,0.00480561,0.00231296,-0.00201335,-0.000167779,0.00770586,-0.000419448,0.00453291,0.00111214,0.00151001,0.00224105,0.00412257,0.00666323,-0.00979111,0.00478602,-0.000475534,-0.331173,0.0426835,0.0357246,0.542566,0.359795,0.0180727,-0.326666,0.0100482,-7.65906e-05,0.622296,0.361457,-0.0815224,0,0,0,0,0,0,0,0,0,0,0,0,0,0,0,0,0,-0.246839,-0.0229074,0.0137133,0.133081,0.0204525,0.0211044,-0.236554,-0.00436332,0.0617099,0.00109083,-0.00560386,-0.0128374,-0.0188558,-0.00193218,-0.00123268,-0.0153398,-0.00306796,-0.00153398,0,0.00613592,0.00490874,0.00490874,0,-0.0138058,0.0230097,0.00153398,0.0184078,0.00883573,0.0127627,7.38281,5.44922,-1.34233,4.04297,25.7142,-2.1966,10.0115,-2.63672,1.2864,6.67969,24.1855,-1.46118,-0.391513,1.33972,-9.56656,-1.4375,0.25,0.125,-2.4375,-0.125,-0.46875,0.0195312,-0.6875,-0.5625,-0.0625,-1.8125,0,-0.449219,0.0292969,6.75928,5.7135,-1.69655,4.77989,24.8488,-1.9534,10.2294,-2.50097,0.957682,6.43997,23.0895,-1.01281,-0.0278016,0.22996,-1.43799,-0.200616,0.207471,0.0114569,-0.385293,0.00225303,-0.095567,-0.0271515,-0.151001,-0.196493,-0.252148,-0.336229,0.177414,-0.104556,-0.00325204
65.26,-0.410756,-0.0139507,0.0519338,0.516364,-0.261674,0.0672168,-0.43667,0.0351708,-0.0108207,0.579206,-0.215492,-0.0555318,0.000308014,-0.00078495,0.00500304,0.00236089,-0.00165382,-3.59527e-05,0.00776578,-0.000431432,0.00451757,0.00111214,0.001522,0.00224105,0.0040986,0.00666323,-0.00974318,0.00478602,-0.000490874,-0.340738,0.0444985,0.0353355,0.547549,0.347179,0.0179716,-0.332783,0.0121399,-0.000671742,0.626287,0.355506,-0.0804666,0,0,0,0,0,0,0,0,0,0,0,0,0,0,0,0,0,-0.387401,0.00109083,-0.0514249,0.14399,0.00626217,0.0110265,-0.294836,-0.0109083,0.0119991,0.0141808,-0.00499452,-0.00826316,0.0394257,-0.010627,0.0104778,-0.0076699,0,0.00306796,-0.0138058,-0.0076699,0,-0.00490874,0.0168738,-0.0076699,0,-0.00306796,0.00613592,0.00883573,-0.000981748,7.43874,5.44922,-1.34233,3.69141,25.1936,-2.20474,11.0742,-2.54883,1.17454,7.38281,23.7423,-1.40214,-0.447443,1.38934,-10.2666,-1.5625,0.1875,0.125,-2.375,-0.0625,-0.46875,0.0195312,-0.75,-0.5625,-0.0625,-1.8125,0.0625,-0.419922,0.0390625,7.77661,5.84274,-1.55698,4.10185,24.3416,-1.99186,10.9783,-2.28127,0.990893,7.00542,22.8499,-0.980867,-0.210681,0.267366,-1.53234,-0.220749,0.165382,-0.00433829,-0.360677,0.0162985,-0.0903515,-0.017334,-0.185947,-0.208765,-0.20493,-0.327026,0.188728,-0.104556,0.0107992
65.32,-0.425956,-0.013661,0.0514115,0.527067,-0.260919,0.0685449,-0.44658,0.0352389,-0.0110349,0.5801,-0.215504,-0.0555247,0.000147311,-0.000754759,0.00504156,0.0022051,-0.00176168,-0.000215716,0.00775379,-0.000443416,0.00451757,0.00110447,0.00148604,0.00224105,0.00400273,0.00666323,-0.00969524,0.00478602,-0.000483204,-0.358522,0.0477538,0.0336317,0.557618,0.301868,0.019386,-0.345812,0.0144508,-0.00250892,0.631433,0.327652,-0.0750316,0,0,0,0,0,0,0,0,0,0,0,0,0,0,0,0,0,-0.322263,0.0152716,-0.00685665,0.245437,0.0036241,0.00827695,-0.215984,-0.00872665,0,0.0501782,-0.00457555,-0.0164852,-0.0325691,-0.00579655,-0.00246535,-0.0153398,-0.00306796,-0.0076699,0,-0.00920388,0.0019635,0.00392699,-0.0107379,-0.00920388,-0.00920388,-0.00306796,0.0076699,0.00294524,-0.00490874,7.49467,5.53711,-1.45419,2.72461,23.8523,-2.27767,11.1301,-2.37305,1.17454,7.55859,22.9441,-1.23293,0.111861,1.38934,-9.95545,-1.375,0.25,0.125,-2.4375,-0.125,-0.46875,0,-0.625,-0.5625,-0.0625,-1.875,0,-0.449219,0.0390625,7.38795,6.11093,-1.76427,3.60081,22.5043,-1.98291,10.5087,-2.06136,0.8526,7.49918,21.7354,-0.747304,0.053514,0.243817,-1.50507,-0.18983,0.182304,0.0261256,-0.38769,0.0180722,-0.092315,-0.0260163,-0.127129,-0.205697,-0.181729,-0.327026,0.186235,-0.0986656,0.0145728
65.36,-0.440875,-0.0123826,0.0515454,0.540865,-0.260671,0.0690116,-0.456556,0.0355202,-0.0119054,0.584771,-0.215525,-0.0555035,0.000200878,-0.000762307,0.00506563,0.00221708,-0.00178565,-0.000167779,0.00771784,-0.000407464,0.00451757,0.0010968,0.001522,0.00221708,0.00400273,0.0066872,-0.00973119,0.00478602,-0.000483204,-0.368948,0.0510185,0.0332971,0.562764,0.279411,0.0193188,-0.35174,0.0158561,-0.00456014,0.636128,0.308513,-0.073864,0,0,0,0,0,0,0,0,0,0,0,0,0,0,0,0,0,-0.262267,0.0119991,0.0222841,0.225802,0.00724821,0.0165539,-0.246839,0.00109083,-0.00685665,0.14399,-0.000582143,-0.00274617,0.0137133,-0.0154575,0.00123268,0.00306796,-0.00153398,0,-0.0122718,-0.0168738,0.0019635,-0.00589049,0,-0.0138058,-0.0184078,0.0122718,-0.0107379,0.00490874,-0.000981748,7.38281,6.06445,-1.62198,2.02148,22.1547,-2.14829,11.0183,-2.10938,0.950817,7.38281,21.7924,-1.16335,-0.950817,1.2901,-10.111,-1.4375,0.25,0.125,-2.4375,-0.0625,-0.46875,0.0195312,-0.75,-0.5625,-0.0625,-1.875,0.0625,-0.449219,0.0390625,7.71717,6.31612,-1.8694,2.38164,21.5888,-2.02082,10.9753,-1.96859,0.748239,7.12765,20.9627,-0.728928,-0.101403,0.275064,-1.52339,-0.227844,0.181633,0.00838896,-0.361348,0.0250231,-0.092315,-0.0160454,-0.1522,-0.194097,-0.163321,-0.358904,0.205362,-0.100629,0.0106458
65.42,-0.45278,-0.0115816,0.0520543,0.555173,-0.26008,0.0700237,-0.465074,0.0355457,-0.0123205,0.592048,-0.215537,-0.0554678,0.000254446,-0.000739664,0.00510897,0.00219311,-0.00177367,-0.000191748,0.00774181,-0.000431432,0.00451757,0.00108913,0.00156993,0.00225303,0.00394281,0.0066872,-0.00979111,0.00477068,-0.000498544,-0.381126,0.0531879,0.0327523,0.573825,0.238638,0.0182742,-0.361296,0.0165308,-0.00695642,0.63988,0.284704,-0.0718766,0,0,0,0,0,0,0,0,0,0,0,0,0,0,0,0,0,-0.176559,0.0283616,0.0651382,0.293433,0.00521848,0.00918873,-0.0942789,-0.00872665,-0.00685665,0.193077,-0.00388462,-0.0064269,0.0445682,-0.00386437,0.00246535,-0.0138058,-0.00460194,0.0276117,-0.0184078,0.0076699,-0.0019635,-0.00490874,-0.00613592,-0.00153398,0.00153398,0.0107379,-0.00613592,-0.00687223,-0.0137445,7.43874,6.06445,-1.78977,1.05469,20.5448,-2.27738,10.6827,-2.10938,0.727095,6.67969,20.906,-1.04527,-1.06268,1.24048,-10.1888,-1.375,0.25,0.125,-2.375,-0.125,-0.478516,0.0195312,-0.75,-0.5625,-0.0625,-1.875,0,-0.439453,0.0390625,7.51856,6.42022,-2.06048,1.62402,19.9383,-2.08836,10.5663,-1.88404,0.550125,6.40242,20.0174,-0.643497,-0.210038,0.233492,-1.54009,-0.1917,0.18657,-0.0456359,-0.350275,0.000958738,-0.088388,-0.0168738,-0.144721,-0.222235,-0.200208,-0.355836,0.201958,-0.0885414,0.0237153
65.46,-0.463668,-0.00916127,0.0532596,0.571842,-0.260027,0.070117,-0.471368,0.0359633,-0.0145704,0.601406,-0.215604,-0.0554112,0.000294622,-0.000694379,0.00513786,0.0022051,-0.00177367,-0.000167779,0.00770586,-0.000467385,0.0045099,0.0010968,0.00153398,0.00224105,0.00397876,0.00669918,-0.00977913,0.00478602,-0.000483204,-0.388407,0.0541267,0.0350952,0.581372,0.185059,0.0191582,-0.371567,0.016341,-0.0086394,0.645417,0.263072,-0.0699837,0,0,0,0,0,0,0,0,0,0,0,0,0,0,0,0,0,-0.222841,0.0938114,0.0994214,0.435241,-0.0032464,0.00186614,-0.116563,0.0381791,-0.0359974,0.284707,-0.00169204,-0.00458243,0,-0.00966092,-0.00246535,-0.0138058,0.00153398,0.00153398,-0.00613592,-0.00153398,-0.00294524,-0.00294524,0.0076699,0.00153398,0.00460194,0.00306796,-0.0306796,-0.000981748,0.00294524,7.71839,5.71289,-1.73384,-0.439453,18.1314,-2.26313,10.2912,-2.19727,0.838956,5.71289,19.7535,-0.870784,-0.950817,1.2901,-10.111,-1.375,0.25,0.125,-2.4375,-0.0625,-0.46875,0.0195312,-0.8125,-0.5625,-0.0625,-1.875,0.0625,-0.439453,0.0390625,7.97174,6.14117,-2.01528,-0.311608,17.8099,-2.04208,10.2132,-2.03859,0.665093,5.46289,19.1504,-0.573731,-0.0883865,0.237296,-1.53396,-0.192898,0.174299,0.005321,-0.373021,0.0108817,-0.0872528,-0.0189907,-0.168738,-0.227173,-0.208142,-0.341095,0.226262,-0.0947387,0.00671884
65.52,-0.471596,-0.00640863,0.0549202,0.590966,-0.260086,0.0701462,-0.474944,0.0366962,-0.0165122,0.61251,-0.215695,-0.0552834,0.000200878,-0.000724569,0.00513786,0.00226502,-0.00179763,-0.0002277,0.00771784,-0.000431432,0.00452524,0.00108146,0.00171374,0.00222907,0.00393083,0.0066872,-0.00973119,0.00478602,-0.000483204,-0.405169,0.0535627,0.0372477,0.593879,0.118414,0.0158575,-0.371267,0.0176199,-0.0152432,0.648116,0.212151,-0.0653833,0,0,0,0,0,0,0,0,0,0,0,0,0,0,0,0,0,-0.155989,0.0665407,0.073709,0.375246,-0.0102322,0.0028347,0.0685665,0.0327249,-0.0394257,0.162534,-0.006333,0.010919,0.0119991,-0.00966092,0.00369803,-0.0214757,-0.0076699,0.00920388,0,0,0.00981748,0.00490874,-0.00613592,0.0214757,-0.00306796,0,-0.00920388,0.0019635,-0.00687223,6.76758,5.44922,-1.67791,-1.40625,15.2706,-2.30783,10.3471,-2.19727,0.391513,5.09766,17.6272,-0.734259,-0.167791,1.2901,-10.4221,-1.375,0.25,0.125,-2.4375,-0.0625,-0.46875,0,-0.875,-0.5625,-0.0625,-1.875,0.0625,-0.439453,0.0390625,6.95466,5.86405,-1.91467,-1.06405,15.1604,-2.17722,10.2305,-1.97308,0.205754,4.69071,17.1265,-0.425833,-0.0962609,0.246353,-1.55245,-0.18355,0.195103,-0.00702276,-0.385892,0.00862864,-0.100322,-0.0265379,-0.159103,-0.265858,-0.190405,-0.33436,0.203828,-0.0976839,0.0165363
65.56,-0.478975,-0.00268447,0.0576253,0.611232,-0.260153,0.0701611,-0.474421,0.0375996,-0.0205967,0.616132,-0.215914,-0.0549352,0.000415149,-0.000747212,0.00508489,0.00231296,-0.00183359,-7.19053e-05,0.00772983,-0.000443416,0.00451757,0.00111214,0.001522,0.0022051,0.00418249,0.00663926,-0.00970722,0.00478602,-0.000475534,-0.41203,0.0509833,0.0393549,0.601446,0.0577349,0.0151115,-0.368434,0.0183021,-0.0203377,0.648284,0.177608,-0.0635894,0,0,0,0,0,0,0,0,0,0,0,0,0,0,0,0,0,-0.161131,0.070904,0.0599957,0.429787,0.000986038,0.00552743,0.0942789,-0.00763582,-0.121706,0.0436332,0.00480414,-0.00453314,0.00685665,-0.00966092,-0.00246535,0.0122718,-0.0214757,0.0199418,0,0,0.0019635,-0.00294524,-0.00460194,-0.00613592,0.0076699,-0.00613592,0.00613592,0.00589049,0,6.76758,4.74609,-1.62198,-3.33984,12.7667,-2.4509,10.5149,-2.02148,0.503374,5.00977,16.1213,-0.659409,-0.727095,1.33972,-10.1888,-1.5,0.25,0.125,-2.4375,-0.0625,-0.46875,0,-0.75,-0.5625,-0.0625,-1.8125,0,-0.439453,0.0390625,7.01676,5.22497,-1.94703,-3.18694,12.7135,-2.21304,10.4102,-1.91448,0.269314,4.64826,15.7313,-0.337102,-0.145115,0.253146,-1.51807,-0.255839,0.22631,-0.0362882,-0.386491,0.00886833,-0.092315,-0.0192975,-0.142996,-0.208238,-0.224465,-0.319691,0.188009,-0.101611,0.00951068
65.62,-0.487626,0.00226688,0.0627946,0.634216,-0.260066,0.0697209,-0.472064,0.0377871,-0.0273329,0.616481,-0.217865,-0.0517943,0.000401757,-0.000732117,0.00509452,0.00245677,-0.0017497,-1.19842e-05,0.00774181,-0.000419448,0.00451757,0.00111214,0.00158192,0.00221708,0.00413456,0.00663926,-0.00973119,0.00477068,-0.000475534,-0.423125,0.0462653,0.0413246,0.609771,-0.0510447,0.0171919,-0.356848,0.0164774,-0.0313465,0.63903,0.102775,-0.0611887,0,0,0,0,0,0,0,0,0,0,0,0,0,0,0,0,0,-0.23484,0.152716,0.162845,0.539961,-0.00234978,-0.021198,0.2057,0.00763582,-0.17313,-0.0185441,-0.0987666,0.124399,-0.0137133,-0.00193218,-0.00123268,0.00153398,0.00306796,0.00153398,0,-0.00460194,0,-0.00687223,-0.0076699,0.00153398,0.0199418,0.0122718,0.00306796,-0.00785398,0.0127627,6.65572,3.7793,-2.23722,-5.97656,8.0295,-2.36902,11.2979,-2.28516,0.167791,3.60352,13.4657,-0.778444,-0.838956,1.43896,-10.1888,-1.5625,0.25,0.125,-2.4375,-0.0625,-0.46875,0.0195312,-0.75,-0.625,-0.0625,-1.875,0.0625,-0.449219,0.0390625,6.91977,4.0944,-2.47269,-5.82661,8.36557,-2.05877,11.1103,-2.14623,-0.0550999,3.45642,13.0232,-0.624573,-0.0793872,0.225432,-1.52466,-0.248745,0.168834,-0.00246875,-0.38709,0.0129909,-0.0903515,-0.0153705,-0.142852,-0.224776,-0.246611,-0.356507,0.191556,-0.0875596,-0.00325204
65.66,-0.494951,0.00541154,0.0691156,0.661342,-0.261963,0.0667215,-0.464645,0.0369263,-0.0314308,0.613337,-0.230059,-0.0360495,0.000241054,-0.000845331,0.00504156,0.00251669,-0.0017497,-0.000143811,0.00776578,-0.000467385,0.00451757,0.00110447,0.00184557,0.00224105,0.00401472,0.00666323,-0.00976714,0.00477835,-0.000475534,-0.434094,0.0461046,0.0426362,0.607175,-0.166222,0.0136295,-0.359835,0.0173935,-0.0351547,0.623341,0.0106005,-0.0598277,0,0,0,0,0,0,0,0,0,0,0,0,0,0,0,0,0,-0.0822798,0.0403607,0.107992,0.581413,-0.0507345,-0.0817513,0.200557,-0.0305433,0.0137133,-0.0796306,-0.346446,0.141687,0,-0.0144914,0.00308169,0,-0.00460194,0,-0.00306796,-0.00153398,-0.0019635,-0.00294524,0.0107379,-0.00306796,0.0138058,0.00920388,-0.00920388,0,-0.00392699,5.98455,3.69141,-2.62873,-10.7227,3.47113,-2.28434,10.2912,-2.19727,-0.223722,2.02148,10.7562,-1.38297,-0.727095,1.5382,-10.0332,-1.6875,0.25,0.125,-2.375,-0.0625,-0.46875,0.0195312,-1,-0.5625,-0.0625,-1.875,0.0625,-0.439453,0.0390625,6.25024,3.98858,-2.86392,-10.4507,3.93113,-1.96018,10.0799,-1.89219,-0.399821,1.81925,10.3193,-1.2345,-0.0723162,0.297073,-1.52171,-0.251669,0.184174,0.00719053,-0.382153,0.0108817,-0.088388,-0.0191441,-0.206033,-0.217969,-0.228347,-0.351569,0.204547,-0.095567,0.0134377
65.72,-0.491175,0.00734606,0.071968,0.677321,-0.268346,0.0583795,-0.465409,0.0362786,-0.0303862,0.63154,-0.231784,-0.039702,-2.67838e-05,-0.000807592,0.00479598,0.00351138,-0.00179763,-0.000215716,0.00790959,-0.000419448,0.00463262,0.00107379,0.00433829,0.00218113,0.00391884,0.00745419,-0.00973119,0.0048934,-0.000490874,-0.439492,0.0777983,0.0333258,0.552671,-0.423766,-0.0158065,-0.415419,0.0292569,-0.0229449,0.598313,-0.202049,-0.052882,0,0,0,0,0,0,0,0,0,0,0,0,0,0,0,0,0,0.298264,0.0381791,-0.0479966,0.0850848,-0.143667,-0.0503163,-0.0685665,-0.0381791,0.0925648,0.409062,-0.0814232,0.00610374,-0.0445682,-0.0541012,-0.0246535,-0.00920388,0.00153398,0.0291456,-0.00920388,0,0.00392699,0.00883573,0,0.00613592,-0.00306796,0.00153398,-0.00460194,-0.00883573,-0.00883573,4.30664,6.41602,-3.52362,-19.248,-6.94214,-3.25487,5.31339,-1.05469,0.727095,-6.06445,0.802696,-0.789932,0.391513,1.98478,-8.71101,-2.125,0.25,0.0625,-2.4375,-0.125,-0.478516,0,-2.5,-0.625,-0.0625,-2.0625,0.0625,-0.439453,0.0390625,4.57172,6.96887,-3.76823,-19.0378,-5.92944,-2.86681,5.13604,-0.625817,0.558997,-6.62031,1.35224,-0.539409,0.14174,0.404581,-1.36483,-0.33273,0.176695,-0.0475055,-0.377072,0.00838896,-0.0965794,-0.0303115,-0.433829,-0.230385,-0.189806,-0.375777,0.199226,-0.0890322,0.0186532
65.76,-0.477943,0.00730345,0.0736286,0.681974,-0.272282,0.0584702,-0.456744,0.0358952,-0.0275873,0.640275,-0.240521,-0.038931,1.33919e-05,-0.00119298,0.00328868,0.00354733,-0.00189351,-0.000395479,0.00786165,-0.000431432,0.00461728,0.00105845,0.00367916,0.00216914,0.0038709,0.00732236,-0.00975516,0.00478602,-0.000483204,-0.458656,0.0670466,0.0246202,0.515706,-0.552477,-0.0189432,-0.412473,0.0204722,-0.0163529,0.571677,-0.365955,-0.0346214,0,0,0,0,0,0,0,0,0,0,0,0,0,0,0,0,0,0.407971,-0.0152716,-0.0188558,-0.0174533,-0.0723216,-0.106078,0.289693,-0.0218166,0.0325691,0.134172,-0.0251147,0.0302503,0,0.0134974,-0.0259013,-0.00306796,-0.0214757,0.0214757,-0.00920388,0,0.0127627,-0.000981748,0.0214757,-0.00920388,-0.00920388,0.0230097,-0.00613592,-0.0019635,0.00589049,1.00675,5.53711,-4.53036,-25.1367,-12.6341,-3.28583,4.13885,-1.75781,1.23047,-10.459,-5.8617,-0.160072,-0.167791,2.0362,-5.52019,-2.25,0.25,0.125,-2.4375,-0.0625,-0.458984,0.0195312,-2.125,-0.5625,0,-2.0625,0.0625,-0.449219,0.0292969,1.11281,6.00486,-4.86313,-24.8704,-11.0632,-2.88438,3.84767,-1.49866,1.05831,-10.8264,-4.96712,0.111886,-0.00401757,0.317401,-0.908899,-0.348597,0.232302,-0.0231775,-0.374675,0.00862864,-0.105108,-0.0201872,-0.410867,-0.198507,-0.175137,-0.412138,0.201239,-0.0937569,0.00377359
65.82,-0.463467,0.00755059,0.07241,0.679894,-0.290307,0.047882,-0.444959,0.0363213,-0.0250562,0.639849,-0.248175,-0.0380242,1.33919e-05,-0.0010887,0.00236343,0.00365519,-0.00184557,-0.000515322,0.00784967,-0.000443416,0.00460194,0.00105845,0.00385892,0.00218113,0.00405067,0.00727442,-0.00975516,0.00479369,-0.000490874,-0.450697,0.101668,0.000131898,0.458948,-0.671567,-0.00867851,-0.417608,0.0263786,-0.00598077,0.534944,-0.481853,-0.0198589,0,0,0,0,0,0,0,0,0,0,0,0,0,0,0,0,0,0.29655,0.0185441,-0.121706,-0.1309,-0.600311,0.0115951,0.334262,0.00109083,0.0994214,-0.147262,-0.346152,-0.00208977,-0.0445682,0.0038364,-0.0197358,-0.00613592,0.00153398,-0.00460194,0.0076699,-0.00306796,0.000981748,-0.0019635,0.0122718,-0.00920388,0.0138058,-0.00153398,-0.00153398,0.000981748,-0.00294524,0.447443,8.87695,-6.76758,-32.8711,-15.1193,-2.3729,2.23722,-1.14258,1.8457,-14.7656,-9.69147,0.415013,0.503374,2.0351,-3.96675,-2.25,0.25,0.125,-2.5,-0.0625,-0.478516,0,-2.1875,-0.5625,-0.0625,-2,0.0625,-0.449219,0.0292969,0.683843,9.37468,-6.9844,-32.6184,-14.0498,-2.28561,2.06662,-0.996451,1.7087,-15.1467,-8.65482,0.730792,0.129687,0.3151,-0.649822,-0.353247,0.181489,0.03497,-0.407823,0.0119363,-0.0930206,-0.0192054,-0.410436,-0.199705,-0.230145,-0.360653,0.196637,-0.0968556,0.0127627
65.86,-0.446553,0.00763582,0.0711511,0.66089,-0.304411,0.0427726,-0.431366,0.0368581,-0.0224314,0.629043,-0.263016,-0.0347814,8.03514e-05,-0.00117229,0.00202118,0.00389487,-0.0019774,-0.000407464,0.00788562,-0.000443416,0.00460961,0.00108146,0.00391884,0.00216914,0.00397876,0.00726244,-0.00975516,0.00480136,-0.000483204,-0.431307,0.108394,-0.00617882,0.436247,-0.703176,0.00166022,-0.413706,0.0272035,0.000202389,0.518838,-0.503168,-0.016597,0,0,0,0,0,0,0,0,0,0,0,0,0,0,0,0,0,0.342833,0.00763582,-0.0805656,-0.52469,-0.248983,-0.196377,0.334262,0.00436332,0.0497107,-0.465785,-0.114585,0.0968626,0.0257124,0.00387235,-0.00247006,0.00153398,-0.0076699,0.0260777,-0.00613592,-0.0153398,0.0127627,0.0127627,0,-0.0107379,0,0.00306796,-0.00306796,0.0107992,0,0.671165,9.49219,-7.27095,-31.9043,-17.2026,-1.67215,1.34233,-1.14258,2.23722,-14.3262,-10.8243,0.32973,-0.279652,2.27779,-4.0367,-2.4375,0.25,0.125,-2.375,-0.0625,-0.488281,0.0195312,-2.125,-0.625,-0.0625,-2,0.0625,-0.449219,0.0292969,0.838885,10.0605,-7.57187,-31.5977,-15.4526,-1.25174,1.09749,-0.97419,2.16396,-14.6676,-9.3769,0.533651,-0.101243,0.340071,-0.598944,-0.392555,0.21308,-0.0317822,-0.382009,0.0242081,-0.104955,-0.0343919,-0.391884,-0.195439,-0.198938,-0.369258,0.198171,-0.106826,0.00966408
65.92,-0.426438,0.00728641,0.0706021,0.622566,-0.307216,0.0403528,-0.414385,0.0388182,-0.0189897,0.598193,-0.265355,-0.0325906,0.000133919,-0.00104372,0.00194881,0.00396678,-0.00189351,-0.000359527,0.0078257,-0.000443416,0.00459427,0.00107379,0.00401472,0.00221708,0.00397876,0.00726244,-0.00970722,0.00478602,-0.000483204,-0.386789,0.11634,-0.0115377,0.403652,-0.685867,0.0184238,-0.397557,0.031347,0.00580131,0.494928,-0.480981,-0.00599777,0,0,0,0,0,0,0,0,0,0,0,0,0,0,0,0,0,0.538247,-0.0436332,0.00857081,-1.00684,-0.0351696,-0.0807408,0.430255,0.0665407,0.118277,-0.70904,-0.0986592,0.156783,-0.0274266,-0.00677661,0.0043226,0.0153398,-0.00306796,0.0107379,-0.00153398,-0.0138058,-0.000981748,-0.00490874,0,0.00153398,0.0153398,-0.0076699,0.00153398,-0.0186532,-0.00294524,2.68466,10.5469,-7.94212,-29.0918,-17.1138,-1.04505,1.06268,-1.31836,2.46094,-12.3047,-9.75066,0.634776,-0.503374,1.88165,-3.72618,-2.5,0.25,0.125,-2.4375,-0.0625,-0.46875,0.0195312,-2.25,-0.5625,-0.0625,-1.9375,0.0625,-0.439453,0.0390625,2.88842,10.9927,-8.23112,-28.8098,-15.0757,-0.715678,0.82232,-0.8802,2.24255,-12.6535,-8.42774,0.750146,0.0421041,0.333445,-0.597612,-0.427357,0.195487,-0.00349939,-0.388217,0.0226742,-0.0909037,-0.016567,-0.401472,-0.224776,-0.229618,-0.347782,0.19261,-0.0770672,0.0126093
65.98,-0.406002,0.00661316,0.0708297,0.574893,-0.307327,0.0401714,-0.398248,0.0404033,-0.0156016,0.5643,-0.270443,-0.0238967,0.000200878,-0.000960524,0.00205977,0.00393083,-0.00184557,-0.000287621,0.0078257,-0.000419448,0.00459427,0.00108913,0.00391884,0.00222907,0.00396678,0.00726244,-0.00970722,0.00479369,-0.000483204,-0.361083,0.118321,-0.0108207,0.385969,-0.664907,0.0340325,-0.387872,0.0270698,0.0110443,0.482532,-0.464844,-0.00491351,0,0,0,0,0,0,0,0,0,0,0,0,0,0,0,0,0,0.334262,0,0.0479966,-0.91957,0.00214426,-0.00740891,0.277694,0.00109083,0.0908506,-0.566141,-0.0739497,0.12477,-0.0137133,-0.0154894,-0.00494011,-0.00460194,0,0.0107379,-0.00920388,0,-0.00490874,0.00589049,0.00460194,0.00460194,0.0337476,0.0122718,-0.0245437,-0.00294524,0.00883573,3.63548,10.8105,-7.99805,-25.0488,-16.3004,-0.473179,0.838956,-1.58203,2.68466,-9.58008,-8.98289,0.327567,-0.559304,1.83213,-4.11433,-2.4375,0.25,0.125,-2.375,-0.125,-0.458984,0,-2.1875,-0.5625,-0.0625,-2.0625,0.0625,-0.439453,0.0390625,3.82337,11.1708,-8.26104,-24.6604,-14.3075,-0.23074,0.482245,-1.33553,2.48288,-10.0007,-7.62815,0.509787,-0.0191236,0.334625,-0.603112,-0.383879,0.184557,-0.00709466,-0.372877,0.00838896,-0.0869767,-0.027673,-0.401088,-0.23211,-0.265834,-0.387666,0.218688,-0.0929286,0.000828349
66.02,-0.390655,0.005011,0.0705619,0.533612,-0.307335,0.0401859,-0.386678,0.0404545,-0.013941,0.539331,-0.274376,-0.0178267,0.00021427,-0.000937834,0.00214179,0.00394281,-0.00185755,-0.000275637,0.00776578,-0.000467385,0.0045866,0.00107379,0.00369114,0.00218113,0.00396678,0.00707069,-0.00974318,0.00477068,-0.000475534,-0.337937,0.114897,-0.00794503,0.381517,-0.617892,0.0576478,-0.367257,0.0144234,0.0158279,0.47935,-0.453652,-0.00447217,0,0,0,0,0,0,0,0,0,0,0,0,0,0,0,0,0,0.31712,-0.0436332,0.0171416,-0.652317,-0.00318936,0.00369834,0.351403,0.00436332,0.0342833,-0.322886,-0.0725768,0.0982385,0.0274266,-0.000968087,0.0043226,-0.00306796,-0.00920388,0.00613592,-0.00460194,-0.0138058,-0.00490874,-0.00589049,0,-0.0076699,-0.00153398,-0.00613592,-0.0245437,-0.0186532,0.0176715,4.4185,10.6348,-7.60653,-20.4785,-14.3107,0.465011,1.45419,-2.90039,3.07617,-7.38281,-8.27465,0.199149,-0.279652,1.48551,-4.34721,-2.4375,0.25,0.125,-2.4375,-0.0625,-0.46875,0.0195312,-2.0625,-0.5625,-0.0625,-1.875,0.0625,-0.439453,0.0292969,4.63756,11.0759,-7.88498,-20.205,-12.4159,0.691081,1.23928,-2.61183,2.90832,-7.70558,-7.02587,0.337704,-0.146561,0.284254,-0.655504,-0.388145,0.204163,0.00151001,-0.379085,0.0231535,-0.0868233,-0.0155852,-0.369114,-0.202773,-0.195271,-0.341263,0.219407,-0.0767604,-0.00816078
66.08,-0.38487,0.00409914,0.0704548,0.515187,-0.307464,0.0404535,-0.386463,0.0405823,-0.0133651,0.537959,-0.281213,-0.0194054,0.000147311,-0.000771308,0.00240221,0.003799,-0.00185755,-0.000287621,0.00774181,-0.000419448,0.0045866,0.00108146,0.00348741,0.00218113,0.00391884,0.00683101,-0.00974318,0.00478602,-0.000490874,-0.338473,0.0965628,0.00647659,0.418429,-0.605818,0.0713865,-0.376139,-0.00505741,0.0317782,0.501571,-0.523009,-0.0088772,0,0,0,0,0,0,0,0,0,0,0,0,0,0,0,0,0,0.0377116,0,-0.0668523,-0.134172,-0.0090827,0.023146,-0.0668523,0.019635,-0.0325691,0.211621,-0.125599,-0.0568606,-0.0188558,0.0193717,0.0185186,0.0076699,-0.0168738,-0.0107379,0,-0.0245437,-0.00687223,0.00294524,0,-0.00306796,-0.00153398,-0.00153398,0.0076699,0.00392699,0.00490874,4.25071,9.4043,-6.54386,-15.9961,-13.135,1.0382,2.74059,-4.30664,4.02699,-7.03125,-9.28186,0.375421,-0.111861,1.14386,-5.36418,-2.375,0.25,0.1875,-2.5,-0.0625,-0.46875,0,-1.9375,-0.5625,-0.0625,-1.875,0,-0.419922,0.0292969,4.56425,9.24637,-6.26411,-13.9771,-11.916,1.19103,1.16613,-4.60324,4.57947,-6.30455,-9.42063,0.534851,0.0123741,0.173277,-0.776218,-0.39524,0.219503,0.0358568,-0.38709,0.0329327,-0.0848598,-0.0245744,-0.348741,-0.211977,-0.192874,-0.338482,0.187194,-0.0996474,0.00490874
66.12,-0.385111,0.00319579,0.0702941,0.518093,-0.307839,0.0410606,-0.395838,0.0405653,-0.0124946,0.562988,-0.296708,-0.0247004,0.000200878,-0.000650032,0.00264324,0.00405067,-0.00185755,-0.000287621,0.00780173,-0.000419448,0.00461728,0.00108146,0.00369114,0.00216914,0.00390686,0.00687895,-0.00974318,0.00478602,-0.000483204,-0.355438,0.0796234,0.0107943,0.422314,-0.619162,0.0765334,-0.385297,-0.0265023,0.0490676,0.482421,-0.624868,-0.00902778,0,0,0,0,0,0,0,0,0,0,0,0,0,0,0,0,0,0,-0.0676315,0,0.129809,-0.0303766,0.0564524,-0.339404,-0.0119991,0.101136,0.545415,-0.583156,-0.0504789,0.00857081,-0.00772872,0.00492917,0.0276117,-0.0153398,0.00613592,-0.00920388,-0.0122718,0.00883573,0,0.0322136,0.00306796,-0.0107379,0.00153398,0.00306796,0.00687223,-0.011781,2.62873,7.29492,-5.59304,-15.1172,-14.2221,1.13768,1.90163,-6.94336,6.15234,-13.8867,-13.144,0.45893,-0.111861,1.09424,-5.28639,-2.625,0.25,0.125,-2.4375,-0.125,-0.478516,-0.00976562,-2.1875,-0.5625,0,-1.9375,0.0625,-0.449219,0.0390625,2.96727,7.77802,-5.94997,-14.8861,-12.3922,1.306,1.73292,-6.68276,5.95395,-14.2667,-11.9601,0.727864,-0.085976,0.218196,-0.80776,-0.46029,0.216435,0.00210922,-0.371679,0.0206608,-0.101181,-0.0216291,-0.433541,-0.22305,-0.173867,-0.347015,0.191796,-0.102593,0.0214451
66.18,-0.376835,0.00260777,0.0657006,0.50554,-0.313928,0.0495159,-0.397391,0.0418606,-0.0126419,0.568186,-0.317406,-0.0294943,9.37433e-05,0.000128574,0.00225275,0.00518917,-0.00316384,-0.000491353,0.00838896,-0.000443416,0.00474,0.00107379,0.00511726,0.00203732,0.00384694,0.00793356,-0.00977913,0.00497777,-0.000490874,-0.329432,0.119377,-0.033988,0.222302,-0.674518,0.130532,-0.387196,-0.0759631,0.0887989,0.234927,-0.75577,-0.00229099,0,0,0,0,0,0,0,0,0,0,0,0,0,0,0,0,0,0.534819,-0.00327249,-0.0514249,-0.91848,-0.0937196,0.144471,0.183415,-0.00545415,0.0479966,-0.598866,-0.0396951,-0.0415925,-0.0239983,0.010649,-0.0240831,0.0306796,-0.0490874,-0.00306796,0.0122718,-0.00306796,0.0333794,-0.00294524,0.076699,-0.00306796,0.00920388,0.0843689,-0.00306796,0.0314159,-0.00981748,0.615234,9.22852,-7.5506,-25.8398,-16.9419,1.94223,0,-10.1953,9.06072,-31.1133,-19.5185,0.925142,0,-0.643723,-3.64855,-3.375,0.5625,0.1875,-2.8125,-0.0625,-0.537109,0,-3.25,-0.5625,-0.0625,-2.6875,0.0625,-0.537109,0.0390625,3.67062,11.6834,-9.86601,-38.8118,-14.2362,2.95171,0.652686,-11.7715,10.0481,-47.5935,-17.4551,1.17132,0.0438718,-0.0705191,-0.603575,-0.580276,0.414558,0.0307036,-0.443992,0.0119363,-0.128179,-0.0185305,-0.665125,-0.197596,-0.210755,-0.565416,0.198651,-0.130971,0.019635
66.22,-0.30713,0.000178964,0.0538488,0.377947,-0.29676,0.0804862,-0.339565,0.0470762,-0.0181326,0.459734,-0.314003,-0.0271233,-6.69595e-05,0.000627744,0.0018668,0.00734633,-0.00396678,-0.00158192,0.00909603,-0.000395479,0.00566039,0.00105845,0.0069868,0.00146208,0.00382297,0.00965929,-0.00975516,0.00572942,-0.000483204,-0.232133,0.081375,-0.0138905,0.285083,-0.199322,0.140386,-0.325381,-0.0970195,0.0659626,0.291791,-0.384982,0.00681986,0,0,0,0,0,0,0,0,0,0,0,0,0,0,0,0,0,1.90443,-0.119991,-0.267409,-2.92888,1.5087,1.01752,1.72788,0.138536,-0.181701,-2.74344,0.734484,0.375868,-0.0822798,-0.0145213,-0.0290232,-0.00920388,-0.0368155,-0.115049,-0.0260777,-0.0107379,-0.000981748,-0.00392699,0,-0.0153398,0,0,0.0199418,-0.0019635,-0.00687223,3.74734,7.82227,-6.04048,-2.8125,-1.80389,1.11444,-1.56605,-14.8535,8.89293,-14.1504,-6.35343,0.737999,0.671165,-1.436,-2.87227,-4.5625,0.625,0.4375,-2.6875,-0.0625,-0.576172,0.0195312,-4.0625,-0.375,0,-2.6875,0,-0.517578,0.0390625,3.69076,8.35958,-6.23912,-2.21419,0.880115,0.360972,-2.03739,-14.6866,8.77292,-14.2177,-4.30813,0.605989,0.266927,-0.144759,-0.472971,-0.716225,0.470309,0.309193,-0.402646,0.0186475,-0.112226,-0.0172419,-0.69868,-0.115528,-0.191148,-0.482964,0.175161,-0.112625,0.0165363
66.28,-0.321727,-0.00996235,0.0404837,0.519227,-0.276619,0.0171965,-0.374397,0.0409317,-0.00646829,0.635366,-0.29368,-0.0264493,0.00119188,-0.00234919,0.00313845,-0.00716657,-0.0019774,-0.00140215,-0.00141414,-0.000419448,-0.00128854,0.000874369,-0.00946754,0.00139017,0.00361924,-0.000958738,-0.00971921,0.00260777,-0.000498544,-0.345029,-0.0041781,0.124393,1.04173,-0.352763,0.00998419,-0.335678,0.00432267,0.0324699,1.34358,-0.19149,-0.00559926,0,0,0,0,0,0,0,0,0,0,0,0,0,0,0,0,0,-2.76494,-0.0283616,0.281123,12.3984,-1.69974,-2.20547,-3.14206,-0.387245,0.829655,13.1031,0.132522,-0.760751,0.0497107,-0.148812,0.0739257,-0.581379,0.0475534,0.0168738,-0.0705631,0.0076699,-0.616538,0.00294524,-0.365087,-0.0138058,0.0076699,-0.713301,-0.00306796,-0.0382882,0,10.2912,1.31836,1.17454,16.2598,1.16343,0.364575,13.7589,-4.6582,0.838956,20.5664,0.991132,-0.15791,-3.35582,5.95468,-9.17856,6.1875,0.125,0.1875,0.9375,-0.125,1.28906,0.0195312,7.375,-0.3125,-0.0625,4.125,0.0625,-0.205078,0.0292969,3.19972,0.635149,7.8287,28.7822,0.3537,4.12246,10.156,-2.88642,2.23451,53.8193,3.82256,2.3555,-0.506696,1.15119,-1.16331,1.87941,0.102633,0.0363601,0.211833,0.000719054,0.642308,-0.0204326,1.67693,-0.111405,-0.196302,1.47454,0.197452,-0.0138672,0.00997088
66.32,-0.364916,0.0178879,0.107818,1.0228,-0.313777,-0.00173295,-0.451976,0.0280378,0.038408,1.24207,-0.267423,-0.0196948,0.000160703,-0.00277816,0.00401033,0.0080534,-0.00110255,-0.00062318,0.00264851,-0.000419448,-0.000414175,0.00081301,0.0117206,-0.00218113,0.0040267,0.00213319,-0.00963532,-0.0028532,-0.000115049,-0.368469,0.0183142,0.149477,0.925741,-0.454352,0.0107863,-0.437888,-0.0146533,0.0578397,0.944715,-0.307087,-0.0634903,0,0,0,0,0,0,0,0,0,0,0,0,0,0,0,0,0,0.490251,0.652317,1.07992,4.04153,-1.06855,0.0414142,1.12449,0.200713,0.293122,3.71319,0.0644899,-1.1794,-0.0222841,0.00675258,-0.00307159,0.697961,-0.0674952,-0.0260777,0.394233,-0.0214757,0.402517,-0.0333794,0.846757,-0.266913,-0.079767,0.728641,-0.0199418,0.182605,0.0107992,-1.51012,-1.40625,2.51687,-30.1465,-3.26024,0.220735,-0.503374,-5.27344,1.62198,-58.0078,-2.77008,-0.878286,-0.111861,5.22126,-7.8737,-7.625,0.25,0.1875,-2.875,-0.0625,-0.664062,0.0292969,-10.0625,0.6875,0,-4.75,0.0625,0.0195312,0.0195312,-1.33586,-1.26201,2.00603,-30.7248,-3.48591,0.41794,-0.840124,-4.67053,1.35693,-59.4565,-1.71553,0.60698,0.0186415,0.813191,-1.19388,-2.20126,0.245245,0.0833143,-0.920892,0.0298647,-0.394233,0.0171192,-2.86557,0.751938,-0.041801,-1.56394,0.212648,-0.125541,-0.00849825
66.38,-0.250321,0.0574987,0.108207,0.848053,-0.460552,-0.0279574,-0.324164,0.0446133,0.035301,1.02688,-0.419307,-0.0355881,-0.000455324,-0.0015807,0.00106601,0.0091919,-0.0126194,-0.0138418,0.00693887,-0.000467385,0.00319835,-0.00214757,0.0110135,-0.00940762,-0.0166101,0.0108098,-0.00900015,0.00750117,-0.00227796,-0.124279,0.0462978,0.0934129,0.565588,-0.456346,-0.0938984,-0.223838,0.0490118,0.00480388,0.956035,-0.21743,-0.0431858,0,0,0,0,0,0,0,0,0,0,0,0,0,0,0,0,0,1.45018,0.487601,0.0479966,-6.9115,-4.7719,-0.616699,0.795371,0.895572,-0.464538,-5.3767,-4.24832,-0.533731,0.130276,-0.0745427,0.0179052,-0.596719,0.216291,-0.0414175,0.0736311,0.00306796,-0.0451604,-0.128609,-0.874369,0.0076699,-0.205553,-0.101243,0.0276117,-0.189477,0,0.838956,-0.703125,-2.23722,0.966797,8.8765,-1.42493,-5.31339,-1.49414,0.279652,-1.8457,11.5557,0.330945,-0.894886,3.66427,-2.4845,-3.3125,1.875,0.9375,-2.625,-0.125,-0.234375,0.195312,-3.25,1.6875,1.375,-2.4375,0,-0.371094,0.0683594,9.70384,-2.09529,-1.57536,-14.7237,9.71205,-1.40424,8.44189,-1.35129,-2.12064,10.8799,16.5717,0.763555,-0.254232,0.697839,-0.37352,0.274247,0.829356,0.774924,-0.494205,0.00627973,-0.0188066,0.17156,0.647388,0.925422,1.24161,-0.338003,0.152391,0.039454,0.0455592
66.42,-0.313893,0.0514395,0.0815031,0.813666,-0.441121,-0.00753573,-0.284631,0.0527008,0.00326762,0.798624,-0.463863,-0.0587986,-0.000656203,-0.000533666,0.0087471,0.0111933,-0.00140215,0.00196541,0.016682,-0.000335558,0.013522,0.00198651,-0.000946754,-0.000826912,-0.000119842,0.00439821,-0.00856872,0.000421845,0.000383495,-0.312872,-0.200819,0.169991,0.744275,-0.019303,0.0499649,-0.0969651,-0.0295599,0.0433451,0.619709,0.23634,0.0204533,0,0,0,0,0,0,0,0,0,0,0,0,0,0,0,0,0,-1.34219,0.650135,-0.995929,-0.8803,0.549984,-0.0096917,-0.455967,0.699223,-0.728519,-3.83972,3.42105,-0.577493,-0.0994214,0.79957,0.129633,-0.00153398,0.00153398,-0.102777,0.0736311,-0.0552233,0.425097,-0.0608684,0.248505,-0.159534,-0.0138058,-0.210155,0.0245437,-0.576286,-0.019635,2.23722,-26.4551,11.0742,-6.94336,14.4052,1.99639,20.1349,-9.66797,5.53711,-11.5137,16.0608,3.48245,4.97781,-8.59536,-21.7482,-6.875,0.1875,0.1875,-5.625,-0.0625,-2.24609,0.0488281,-0.4375,0.4375,0.1875,-0.25,0,1.17188,0.0292969,2.7864,-26.5261,10.8406,-6.88743,15.7727,2.31941,19.6786,-9.62451,5.46478,-11.4784,21.166,4.32506,0.495125,-2.23861,-3.01303,-1.11626,0.137147,0.107283,-0.981364,0.0619345,-0.695538,0.0211383,-0.402334,0.401759,0.0336038,0.2004,0.146831,0.567849,0.0119651
66.48,-0.309487,0.0373013,0.0620045,0.668398,-0.33945,0.000759111,-0.311737,0.0483886,-0.0148248,0.746,-0.374738,-0.0568701,-0.0013258,-0.00421397,0.00589999,0.0062318,0.000922785,0.00432631,0.0107738,-0.000395479,0.0071867,0.00160301,0.00731038,0.00879642,0.00778975,0.0118524,-0.00719054,0.0115892,0.000506214,-0.0779323,0.0341773,0.0501467,0.615835,0.182518,0.128164,-0.322744,0.0324124,-0.012435,0.672332,0.538951,0.0592084,0,0,0,0,0,0,0,0,0,0,0,0,0,0,0,0,0,0.0445682,-0.402517,-1.29591,-2.25147,2.52718,0.487285,0.207414,-0.051269,-1.1622,-2.23075,1.69721,1.55497,-0.565674,0.0287899,-0.0405524,-0.495476,0.174874,0.245437,0.204019,0.0122718,0.418225,0.28078,-0.257709,0.00920388,0.558369,-0.45866,0.0444854,-0.495783,0.158061,6.20827,6.85547,-3.29989,-2.19727,25.158,2.6605,5.7049,1.8457,0.111861,-4.6582,12.4254,0.141671,13.5352,8.11925,-10.0806,-2.125,-0.5625,-0.5625,-4.4375,-0.125,-1.50391,-0.244141,-3.0625,-1.75,-1.25,-1,0,-0.205078,-0.107422,23.0663,0.492634,1.40603,1.12144,15.8244,4.12161,-1.51557,-1.49508,2.56339,-2.1273,33.1532,1.53319,2.09476,1.17782,-1.64834,0.367772,-0.442026,-0.707189,-0.94673,-0.00436226,-0.561959,-0.31284,-0.21562,-0.89805,-1.50623,0.324701,0.0993253,0.263998,-0.168186
66.52,-0.285783,0.0355117,0.052831,0.549702,-0.264966,-0.00312994,-0.319008,0.0525133,-0.0341092,0.678582,-0.259998,-0.0609503,0.000549068,0.00112459,0.00402559,-0.000371511,-0.00179763,0.000491353,0.00324773,-0.000431432,0.00149563,0.00118117,-0.00190549,-0.000790959,0.00360725,0.00542885,-0.00536893,0.00436418,0.0010201,-0.273239,-0.00503725,0.0616697,0.495748,0.485251,0.0013677,-0.156987,0.00115703,-0.0211343,0.672783,0.379037,-0.133913,0,0,0,0,0,0,0,0,0,0,0,0,0,0,0,0,0,0.361688,-0.548688,-0.325691,-2.37474,2.19237,-0.719287,0.281123,-0.366519,-0.33769,-0.877028,1.56421,-2.76871,-0.0154275,0.0135253,0.0443694,0.00920388,-0.0659612,-0.0398835,-0.147262,-0.0076699,-0.0952295,-0.0019635,-0.197884,0.0567573,-0.250039,-0.101243,-0.00920388,-0.113883,-0.000981748,0.391513,-2.98828,1.67791,0.615234,23.8961,0.653409,15.7724,-4.30664,2.01349,2.98828,21.2062,-0.5043,-1.67791,-2.43135,-9.87922,0.0625,0.3125,0.1875,-0.1875,-0.0625,0.00976562,0.0195312,2.0625,-0.0625,0.375,-0.8125,0,-0.214844,0.0195312,0.530991,-2.95751,1.53524,1.40587,25.6239,1.61848,15.6399,-4.40259,1.97286,2.63833,22.433,2.61891,-0.118438,-0.377953,-1.34079,0.0187433,0.311686,0.0551993,0.132138,0.0162985,0.0653169,-0.0216598,0.586316,-0.0344187,0.319715,-0.0689572,0.116583,0.0265992,-0.0194202
66.58,-0.28589,0.0288218,0.053822,0.492314,-0.203473,0.0338508,-0.342632,0.0434117,-0.030105,0.640565,-0.195175,-0.0382436,-0.000616027,0.00116229,0.00489708,0.00248073,-0.00491353,-0.00285225,0.00684299,-0.000419448,0.00452524,0.000874369,-0.000143811,-0.00115049,0.00298407,0.00330765,-0.00530901,0.0022166,0.000552233,-0.2435,0.00746613,0.0563586,0.501776,0.259577,0.0240099,-0.323868,-0.029022,-0.00117022,0.656389,0.360068,-0.0863989,0,0,0,0,0,0,0,0,0,0,0,0,0,0,0,0,0,-0.407971,0.0294524,0.258839,-0.534507,0.552864,0.950942,-0.709663,0.127627,-0.0239983,-0.141808,1.31995,1.57124,-0.0599957,0.077135,0.0442718,0.0536893,-0.0951068,-0.388097,0.110447,0,0.16297,-0.0294524,0.0184078,-0.00153398,0.0199418,0.0245437,0.00460194,0.0569414,-0.0019635,12.5843,-0.175781,-1.67791,9.14062,13.7731,1.60023,5.03374,-4.30664,1.06268,-1.05469,24.948,0.362077,2.01349,-3.68398,-11.6856,-1.875,1,1,-2.8125,-0.125,-0.810547,0.0292969,0.1875,0.125,0,-1,0,-0.253906,0.0195312,5.05492,-2.19447,-0.264022,3.55736,17.4163,-2.29552,3.29567,-7.49862,2.94147,2.94092,19.5698,-5.06868,0.364795,-0.580092,-1.60194,-0.355452,0.681567,0.918807,-0.563043,0.00838896,-0.253475,0.011965,-0.0224345,0.118117,-0.189087,-0.21447,0.101578,-0.101273,-0.00908117
66.62,-0.308081,0.0269469,0.0543577,0.478977,-0.179717,0.0220205,-0.367393,0.0429174,-0.0301987,0.637309,-0.176073,-0.0623983,-0.000254446,-0.000490593,0.00512341,0.00366717,-0.00284026,-0.00210922,0.00739427,-0.000467385,0.00470932,-0.000260777,0.00391884,0.00170176,0.00252867,0.00606402,-0.00527306,0.00495476,0.000490874,-0.219157,0.0358405,0.0542875,0.514355,0.247078,0.0860384,-0.357245,-0.00862038,-0.00535589,0.6379,0.471229,-0.052494,0,0,0,0,0,0,0,0,0,0,0,0,0,0,0,0,0,-0.615384,0.177805,0.133705,-0.235619,0.00979531,0.0108565,-0.682237,0.100356,0.617099,-0.299978,0.136697,0.100005,-0.0514249,0.0299489,-0.081973,0.082835,0.105845,0.0460194,0.0475534,-0.0245437,0.0235619,-0.0019635,0.0536893,-0.0076699,0.00920388,-0.0475534,0,-0.00490874,-0.000981748,9.84375,0.175781,-0.167791,5.88867,17.533,2.30204,2.46094,-5.80078,1.45419,1.40625,26.8625,-0.0619656,-0.447443,0.744291,-7.38881,-2.6875,0.25,0.0625,-2.5,-0.0625,-0.566406,0.0390625,-2.4375,-0.4375,-0.0625,-1.4375,-0.0625,-0.439453,0.0195312,10.1231,0.533744,-0.274431,6.24924,17.0522,2.539,2.37931,-5.35449,1.25009,1.28844,25.6187,0.196158,0.230608,0.0573315,-1.29111,-0.532387,0.0723368,0.0134223,-0.46482,0.0338914,-0.117748,0.00717903,-0.499263,-0.154836,-0.144841,-0.208094,0.105461,-0.0941864,-0.00883573
66.68,-0.328008,0.0277821,0.056112,0.47527,-0.179522,0.0223601,-0.387374,0.0425594,-0.0263419,0.639534,-0.17559,-0.0618045,-0.000174095,-0.000558522,0.00497414,0.00149803,-0.00218113,-0.000790959,0.00731038,-0.000395479,0.00437952,8.43689e-05,0.00153398,0.00145009,0.00294812,0.00588425,-0.00524909,0.00465563,0.000483204,-0.22931,0.0293972,0.0486715,0.51331,0.313619,0.0826778,-0.324377,-0.00484395,-0.00526044,0.64153,0.469535,-0.0590423,0,0,0,0,0,0,0,0,0,0,0,0,0,0,0,0,0,-0.383972,-0.0109083,0,0.00981748,0.00878728,-0.00728743,-0.248554,0,0.0668523,-0.0141808,0.000767105,0.0117719,-0.0222841,0.00772874,0.0135594,0.00153398,0,0.0306796,0.0199418,-0.00920388,-0.000981748,-0.00883573,0.00306796,-0.00153398,0.0107379,0.00460194,-0.0199418,0.00490874,-0.00687223,9.45224,-0.351562,-0.503374,5.53711,20.249,2.15643,7.04723,-5.18555,2.01349,0.527344,26.4659,-0.185356,1.11861,0.744291,-10.1888,-1,0.25,0.125,-2.4375,-0.0625,-0.439453,0.0292969,-0.75,-0.4375,0,-1.625,0,-0.419922,0.0195312,10.6377,0.183326,-0.744053,5.66675,19.7081,2.42728,6.79679,-4.74034,1.97444,0.356237,25.8035,0.0869456,0.119081,0.14437,-1.53292,-0.152871,0.218113,-0.0218113,-0.405402,0.0171135,-0.0866086,0.00714835,-0.159534,-0.141941,-0.168882,-0.303417,0.124924,-0.0980214,-0.00279185
66.72,-0.344748,0.0254129,0.0563263,0.472057,-0.179301,0.022728,-0.405185,0.041605,-0.0233823,0.638417,-0.175557,-0.0618323,8.03514e-05,-0.00028677,0.00545563,0.00216914,-0.00215716,-0.000790959,0.00741824,-0.000395479,0.00450223,0.000107379,0.00178565,0.0015939,0.0031159,0.00612394,-0.00526107,0.00472466,0.000483204,-0.258018,0.0239045,0.0482786,0.515455,0.322211,0.0828093,-0.320582,-0.0061796,-0.00456884,0.642114,0.454957,-0.0561954,0,0,0,0,0,0,0,0,0,0,0,0,0,0,0,0,0,-0.284551,-0.0916298,0.0137133,-0.0621774,0.000551357,-0.00090915,-0.286265,-0.0403607,0.063424,-0.0687223,-0.000354173,0.009947,0.00171416,2.80676e-05,0.0172382,-0.0199418,0.00613592,0.00613592,-0.00153398,0,0.00589049,0.000981748,-0.0276117,-0.0138058,0,0.00613592,0,-0.00883573,-0.000981748,8.89293,-0.263672,-0.615234,6.41602,20.95,2.15975,9.11666,-5.00977,1.95756,1.14258,26.288,-0.0760292,-1.00675,0.355965,-11.6023,-1.375,0.25,0.1875,-2.3125,-0.0625,-0.46875,0.0195312,-0.8125,-0.4375,0,-1.6875,0,-0.410156,0.0195312,9.24201,0.0324183,-0.8322,6.75838,20.0594,2.40507,9.03284,-4.69774,1.75449,0.829338,25.2213,0.205584,-0.0292479,0.0859469,-1.6884,-0.177031,0.203444,0.0272761,-0.367844,0.00790959,-0.0959352,-0.00312932,-0.123342,-0.131779,-0.155795,-0.318469,0.105221,-0.0856575,-0.00868233
66.78,-0.361474,0.0238534,0.0564067,0.470387,-0.17931,0.0226997,-0.422233,0.0411959,-0.0189094,0.638724,-0.175574,-0.0618467,8.03514e-05,-0.000324351,0.00552775,0.00208526,-0.00249272,-0.000946754,0.00741824,-0.000407464,0.00448689,9.20389e-05,0.00145009,0.00156993,0.0031159,0.00614791,-0.00527306,0.00470165,0.000490874,-0.270248,0.0388553,0.0442546,0.518465,0.305438,0.0834941,-0.373595,0.000817113,0.00289763,0.653778,0.407599,-0.0517688,0,0,0,0,0,0,0,0,0,0,0,0,0,0,0,0,0,-0.349689,-0.0556324,-0.00171416,-0.0294524,-0.00158521,-0.0117905,-0.346261,-0.00872665,0.119991,0.0229074,0,0,0.0119991,0.00193419,0.00246398,-0.0076699,0.00306796,-0.0199418,0.00613592,-0.00920388,0.00294524,0,0.00460194,0,0.0184078,-0.00306796,0,-0.011781,0.00490874,9.5641,0.791016,-0.894886,6.85547,20.5991,2.05243,6.54386,-4.48242,2.01349,2.19727,24.8719,0.268725,-0.335582,0.504478,-10.9018,-1.375,0.3125,0.1875,-2.375,-0.0625,-0.478516,0.0195312,-0.6875,-0.4375,0,-1.625,0,-0.419922,0,9.82203,1.61145,-1.21177,7.32954,19.3931,2.45536,5.55635,-4.02043,1.94072,2.1664,23.3269,0.403115,-0.0601028,0.0915029,-1.66572,-0.193186,0.243136,0.0872212,-0.383184,0.0173532,-0.0926831,-0.00184078,-0.154213,-0.156993,-0.19261,-0.301259,0.105461,-0.0822521,-0.0147262
66.82,-0.379058,0.022362,0.0561656,0.470054,-0.179361,0.0227707,-0.442227,0.0412044,-0.0131241,0.642857,-0.175595,-0.0618258,4.01757e-05,-0.000362105,0.00549406,0.00200137,-0.00237288,-0.000790959,0.00741824,-0.000395479,0.00447922,9.97088e-05,0.00151001,0.00164184,0.00397876,0.00611195,-0.00524909,0.00472466,0.000506214,-0.278902,0.039725,0.0431236,0.522693,0.300777,0.0841226,-0.384268,0.00276637,0.00572763,0.658283,0.37734,-0.0492068,0,0,0,0,0,0,0,0,0,0,0,0,0,0,0,0,0,-0.430255,-0.0119991,0.0171416,0.01309,-0.00766735,0.00183964,-0.435397,0.0261799,0.179987,0.0970839,-0.00154427,0.00450233,-0.0291408,-0.0173676,0.00245022,0.0107379,-0.0076699,0.0184078,-0.0122718,-0.0122718,-0.00981748,0.0147262,0.0245437,-0.00306796,0.0076699,-0.00920388,-0.00460194,0.00785398,0.00589049,10.5708,1.49414,-1.11861,7.38281,19.8988,2.26043,6.76758,-4.13086,1.78977,2.10938,23.0211,0.144997,0,0.653436,-10.8241,-1.375,0.3125,0.1875,-2.3125,-0.0625,-0.478516,0.0195312,-0.8125,-0.4375,-0.0625,-1.625,0,-0.439453,0.0195312,10.8761,1.76029,-1.33849,7.84348,19.2209,2.4504,6.66673,-3.89617,1.52519,1.92554,22.1205,0.495756,0.0753696,0.160734,-1.65557,-0.221612,0.252627,0.0027324,-0.346368,0.0201814,-0.079767,-0.0167204,-0.200089,-0.158048,-0.214278,-0.28719,0.109584,-0.102347,-0.0160148
66.88,-0.397016,0.0208707,0.0559647,0.470429,-0.179378,0.0227991,-0.460521,0.0411533,-0.00968234,0.645695,-0.175637,-0.0617981,0.000133919,-0.000339447,0.00551812,0.00190549,-0.00233692,-0.000755006,0.00739427,-0.000383495,0.00447922,9.20389e-05,0.00125834,0.00177367,0.00388289,0.00611195,-0.00523711,0.00472466,0.000490874,-0.294371,0.0393625,0.0436021,0.525703,0.289107,0.0804454,-0.39765,0.00360878,0.0109438,0.666464,0.350898,-0.0478051,0,0,0,0,0,0,0,0,0,0,0,0,0,0,0,0,0,-0.25541,-0.0261799,-0.0119991,0.0185441,-0.00991581,0.01455,-0.409685,-0.00327249,0.0805656,0.019635,-0.00679649,-0.014569,0.0171416,-0.0154374,0.0024516,-0.00613592,-0.0076699,-0.00153398,-0.0153398,-0.0122718,0,-0.00392699,-0.00153398,0,0,-0.0122718,-0.0184078,0.00589049,0.000981748,10.5149,1.58203,-1.06268,7.91016,19.4598,1.99419,7.27095,-4.04297,2.01349,3.25195,21.8719,0.325762,-0.223722,0.653547,-10.9799,-1.25,0.25,0.1875,-2.25,-0.0625,-0.458984,0.0195312,-0.5625,-0.5,-0.0625,-1.5625,0,-0.439453,0.0195312,10.7753,1.90154,-1.21227,8.21694,18.7592,2.27675,7.10644,-3.74791,1.90149,3.03686,21.075,0.588858,-0.0916006,0.148146,-1.66279,-0.178277,0.249032,0.0408183,-0.339034,0.0199418,-0.0895845,0.00208621,-0.122766,-0.177367,-0.194144,-0.281054,0.12315,-0.100384,-0.0107992
66.92,-0.414064,0.0205042,0.0559647,0.470353,-0.179477,0.0228775,-0.478345,0.0412044,-0.00798157,0.647152,-0.175678,-0.0617421,0.000120527,-0.000377106,0.00554214,0.00191748,-0.00233692,-0.000790959,0.00739427,-0.000419448,0.00447155,9.20389e-05,0.00131826,0.00176168,0.0038709,0.00611195,-0.00528504,0.00472466,0.000498544,-0.304362,0.040375,0.0431263,0.531617,0.267741,0.0776236,-0.40687,0.00437546,0.0129443,0.669745,0.32853,-0.0455597,0,0,0,0,0,0,0,0,0,0,0,0,0,0,0,0,0,-0.457681,0.0207258,-0.0137133,0.0185441,-0.000577178,0.00635338,-0.395972,-0.0119991,0.0479966,0.083994,-0.00266555,0.00267747,-0.00342833,-0.0115811,-8.25298e-06,-0.00153398,0.00306796,0.00460194,0.00306796,0.0076699,-0.00589049,-0.00883573,0.00920388,-0.00613592,0.00460194,0.0153398,-0.0230097,0,0.00687223,11.5776,1.66992,-1.06268,8.70117,18.4957,1.93679,7.99805,-3.95508,2.12536,3.25195,20.9896,0.342538,-0.950817,0.603931,-11.0576,-1.25,0.25,0.1875,-2.3125,-0.125,-0.46875,0.0292969,-0.6875,-0.4375,0,-1.6875,0,-0.419922,0,11.8856,1.94563,-1.25641,9.11553,17.8899,2.17714,7.93946,-3.6589,1.9966,3.05287,20.1737,0.641941,-0.0258731,0.147875,-1.66262,-0.18868,0.227556,0.0303441,-0.375849,0.000719054,-0.0835406,0.00699495,-0.150234,-0.163896,-0.202749,-0.336277,0.128711,-0.0944932,-0.0168431
66.98,-0.43225,0.020044,0.0558442,0.472134,-0.179764,0.0230981,-0.495433,0.041247,-0.00672273,0.649351,-0.175847,-0.0616735,6.69595e-05,-0.000354307,0.00565279,0.00173771,-0.00234891,-0.000814927,0.0073703,-0.000407464,0.00447922,9.20389e-05,0.00118644,0.00178565,0.00383495,0.00611195,-0.00530901,0.00471699,0.000506214,-0.333091,0.0364346,0.0449424,0.542633,0.2251,0.0691403,-0.407807,0.00518326,0.012054,0.67578,0.279609,-0.0418265,0,0,0,0,0,0,0,0,0,0,0,0,0,0,0,0,0,-0.488536,-0.00218166,0.00685665,0.0567232,-0.00659906,0.00728032,-0.330833,0.00545415,0.00514249,0.0927206,-0.00866752,0.00533717,-0.0514249,-0.0173676,0.00245061,-0.0230097,-0.0107379,0.00613592,-0.0076699,-0.00920388,0,0,-0.00613592,-0.0076699,0.00613592,0,0.00153398,-0.00687223,0.00392699,10.5708,1.40625,-0.950817,9.84375,16.7421,1.61149,9.50817,-3.95508,2.01349,3.86719,18.8401,0.507439,-0.503374,0.554425,-11.2894,-1.0625,0.3125,0.1875,-2.25,-0.0625,-0.478516,0.0195312,-0.5,-0.5,-0.0625,-1.625,-0.0625,-0.439453,0.0195312,10.8929,1.64342,-1.10389,10.348,16.2078,1.82712,9.42427,-3.61729,1.86739,3.59339,18.2356,0.783206,0.134187,0.158395,-1.70319,-0.127752,0.256367,0.0284745,-0.353175,0.0173532,-0.0895845,-0.00184078,-0.106372,-0.163225,-0.204019,-0.305598,0.104646,-0.0874676,-0.0140513
67.02,-0.452057,0.0201207,0.0559513,0.482957,-0.180069,0.0232905,-0.510124,0.0412556,-0.00656203,0.649905,-0.176135,-0.061521,5.35676e-05,-0.000354104,0.00577786,0.00176168,-0.00237288,-0.000826912,0.00741824,-0.000395479,0.00447922,9.20389e-05,0.00122239,0.0017497,0.00382297,0.00613592,-0.00523711,0.00471699,0.000498544,-0.346803,0.0392799,0.0467389,0.550503,0.182145,0.0632764,-0.418589,0.00776342,0.0122115,0.679938,0.253184,-0.0406162,0,0,0,0,0,0,0,0,0,0,0,0,0,0,0,0,0,-0.48168,0.0294524,0.0154275,0.449422,-0.000551357,0.00090915,-0.251982,0.0141808,0.02057,-0.00545415,-0.00733009,0.0180425,-0.00342833,0.000976093,0.00677392,0,-0.0122718,-0.00153398,-0.00920388,-0.00920388,0.00294524,-0.00392699,0.00920388,0.00153398,0.0107379,0.0168738,0,-0.011781,0,11.1301,1.58203,-0.671165,7.99805,14.901,1.33861,9.73189,-3.60352,2.01349,4.74609,17.9079,0.521593,0.335582,0.604374,-11.6787,-1.1875,0.3125,0.1875,-2.25,-0.0625,-0.458984,0.0195312,-0.625,-0.5,-0.0625,-1.6875,0,-0.439453,0.0195312,11.4888,1.85702,-0.952097,8.33427,14.4896,1.59762,9.65752,-3.37758,1.83622,4.52674,17.1874,0.800107,-0.0057853,0.103303,-1.75368,-0.176168,0.261831,0.0444135,-0.352504,0.0171135,-0.0925297,0.00208621,-0.140647,-0.178038,-0.212624,-0.340544,0.104742,-0.0825588,-0.00997088
67.08,-0.475051,0.0215695,0.0572102,0.513892,-0.181051,0.0249099,-0.516311,0.0412556,-0.00712449,0.649845,-0.18001,-0.0586007,0.000200878,-0.000406725,0.00591729,0.00190549,-0.00225303,-0.000743022,0.00741824,-0.000395479,0.00447922,0.000107379,0.00117445,0.00178565,0.00393083,0.00613592,-0.00523711,0.00472466,0.000490874,-0.382621,0.0390536,0.049954,0.572676,0.108767,0.0606141,-0.417155,0.00915316,0.00411485,0.676374,0.211541,-0.0424136,0,0,0,0,0,0,0,0,0,0,0,0,0,0,0,0,0,-0.507392,0.00763582,0.0548532,0.789761,-0.0743212,0.0991436,-0.0377116,-0.01309,-0.00857081,-0.0141808,-0.22346,0.143174,-0.0377116,-0.0125332,0.00799579,-0.00920388,0.00920388,0.00460194,-0.0153398,-0.0122718,-0.0019635,0.000981748,0.0122718,0,0.00920388,0.00306796,-0.00153398,-0.00294524,-0.00785398,9.95561,1.40625,-0.615234,5.36133,12.0962,1.11398,10.1793,-3.42773,1.34233,4.30664,16.8235,0.203338,-0.111861,0.745837,-12.0805,-1.25,0.25,0.125,-2.25,-0.0625,-0.46875,0.0195312,-0.5625,-0.5,-0.0625,-1.6875,0,-0.419922,0.0195312,10.2577,1.73314,-0.835326,5.65856,11.7413,1.22988,9.99102,-3.18406,1.14108,4.03607,16.109,0.361136,0.0528712,0.159617,-1.79917,-0.172141,0.206896,0.0279472,-0.340232,0.0201814,-0.087621,-0.00312932,-0.141989,-0.178565,-0.214949,-0.312932,0.106276,-0.091548,-0.0019635
67.12,-0.493598,0.022933,0.0607456,0.551994,-0.185539,0.028217,-0.515642,0.0406675,-0.00724502,0.65005,-0.190258,-0.0533609,0.000254446,-0.000429329,0.00588364,0.00190549,-0.00231296,-0.000755006,0.00738228,-0.000407464,0.00447155,0.000122718,0.0011385,0.00176168,0.00388289,0.00605203,-0.00520115,0.00471699,0.000498544,-0.403055,0.0351571,0.0535973,0.59195,0.0319935,0.0556994,-0.414247,0.00903544,-0.00195764,0.670737,0.166862,-0.0433761,0,0,0,0,0,0,0,0,0,0,0,0,0,0,0,0,0,-0.349689,0.0425424,0.0394257,0.805033,-0.108245,0.0814485,0.0977073,-0.00218166,-0.0171416,-0.0403607,-0.214549,0.0815617,0.00171416,-0.00771671,0.00245749,0.00920388,-0.00153398,0.00153398,-0.00920388,0.00153398,0.00589049,0,0.00306796,-0.0076699,0.00153398,-0.00920388,-0.00153398,-0.00687223,0.000981748,9.5641,0.703125,-0.503374,2.54883,8.95548,0.808732,10.1234,-3.42773,0.727095,3.51562,15.4745,0.0402228,-0.503374,0.554647,-11.6008,-1.25,0.25,0.1875,-2.25,-0.0625,-0.46875,0.0292969,-0.5,-0.4375,-0.0625,-1.625,0,-0.419922,0.0195312,9.75369,1.13732,-0.793681,2.77316,8.91779,0.936398,9.944,-3.15885,0.563021,3.26447,14.7139,0.23627,-0.0814763,0.151949,-1.77247,-0.208957,0.234363,0.0346823,-0.350706,0.00661529,-0.0953216,-0.00245437,-0.119986,-0.160828,-0.197212,-0.284194,0.105557,-0.0874676,-0.0109526
67.18,-0.512508,0.0232824,0.0664774,0.597008,-0.194402,0.030446,-0.510553,0.0393807,-0.00988322,0.648797,-0.209689,-0.0466516,0.000241054,-0.000459536,0.00585476,0.00190549,-0.00222907,-0.000743022,0.00739427,-0.000419448,0.00448689,0.000107379,0.00116247,0.00178565,0.00393083,0.00602807,-0.00522512,0.00470932,0.000490874,-0.432709,0.0245463,0.0572173,0.614982,-0.104,0.0525895,-0.40105,0.00699688,-0.0142711,0.652511,0.0619389,-0.0464438,0,0,0,0,0,0,0,0,0,0,0,0,0,0,0,0,0,-0.476537,0.00763582,0.135419,1.09192,-0.339116,0.047137,0.238269,-0.101447,-0.104564,-0.125446,-0.698859,-0.0495631,0.00685665,-0.0231641,-0.001248,0,0.00920388,-0.00306796,0.00153398,0,0.0215984,0.00785398,0.00153398,-0.0138058,-0.00460194,0,-0.00306796,0.0019635,-0.00785398,8.66921,-0.175781,-1.00675,-1.8457,4.24465,0.650483,10.6268,-3.25195,0,1.31836,13.2152,-0.292253,0.111861,0.852673,-11.6012,-1.3125,0.25,0.125,-2.3125,-0.0625,-0.478516,0.0195312,-0.5,-0.5,0,-1.625,0,-0.449219,0.0195312,8.93295,0.111116,-1.19685,-1.67157,4.29433,0.791465,10.4738,-3.03549,-0.229659,1.05883,12.2628,0.10744,-0.0928862,0.207353,-1.75268,-0.190549,0.204499,0.043287,-0.372781,0.00838896,-0.111336,-0.0100016,-0.119315,-0.150953,-0.187337,-0.301403,0.10757,-0.0961499,-0.0019635
67.22,-0.530145,0.0250124,0.0710574,0.652291,-0.214839,0.0353328,-0.502973,0.0366451,-0.0147311,0.649828,-0.243195,-0.046062,9.37433e-05,0.000677875,0.00614793,0.00245677,-0.00393083,-0.00085088,0.0078257,-0.000383495,0.00476301,0.000207087,0.00160589,0.00118644,0.00372709,0.00620783,-0.00520115,0.00475534,0.000498544,-0.45089,0.0153592,0.0576194,0.628482,-0.242709,0.0530686,-0.405446,0.00795911,-0.0203458,0.609717,-0.106968,-0.0349817,0,0,0,0,0,0,0,0,0,0,0,0,0,0,0,0,0,-0.286265,0.127627,-0.209128,0.877028,-0.547112,0.470351,-0.169702,-0.0141808,-0.131991,0.758127,0.0394819,0.0102323,-0.0514249,0.107014,0.0239874,0.0306796,-0.144194,0.0138058,-0.0153398,0.0107379,0.00392699,-0.0137445,0.0859029,-0.0322136,0,0.0122718,0.0076699,-0.00392699,0,8.16584,-1.40625,-0.783026,-7.03125,-0.0885892,0.0518675,10.1793,-3.07617,-0.111861,-8.26172,4.97347,0.167431,0.111861,-2.8839,-13.0937,-1.6875,0.8125,0.1875,-2.375,-0.125,-0.527344,0.0292969,-1.0625,-0.3125,-0.0625,-1.75,0,-0.439453,0.0195312,8.49806,-1.22057,-0.925542,-7.07949,-0.0205667,-0.231269,10.0921,-2.84024,-0.297487,-9.04922,5.37008,0.422746,0.126152,-0.524404,-1.91634,-0.307036,0.681471,0.0149323,-0.360605,-0.00306796,-0.0991872,0.00960272,-0.332394,-0.0542166,-0.186355,-0.334935,0.0963532,-0.0911798,-0.00997088
67.28,-0.522177,0.0216973,0.0667184,0.667793,-0.232365,0.0293849,-0.501687,0.0326994,-0.0102448,0.67773,-0.259032,-0.0396996,-0.000133919,-0.000641546,0.00494044,0.00520115,-0.00225303,-0.000946754,0.00820919,-0.000359527,0.00485505,0,0.00560862,0.00201335,0.00367916,0.00793356,-0.00522512,0.00497777,0.000475534,-0.458182,0.0553872,0.0424012,0.551562,-0.529424,0.016107,-0.466355,0.00287127,0.00786986,0.572929,-0.361382,-0.027778,0,0,0,0,0,0,0,0,0,0,0,0,0,0,0,0,0,0.342833,-0.00109083,0.104564,0.0829031,-0.27095,0.0834344,0.113135,-0.185441,0.363402,-0.0272708,-0.0658272,0.117748,0.0325691,-0.0241523,-0.0474581,-0.0276117,-0.00613592,-0.00613592,0.0122718,-0.00920388,0.0127627,0.0019635,-0.0598252,0,-0.0076699,-0.0337476,-0.00460194,-0.0382882,-0.00490874,5.42525,2.98828,-2.46094,-18.0176,-12.5168,-0.845607,3.46768,-2.72461,1.23047,-15.2051,-4.9152,0.0807799,0.503374,1.24048,-8.16658,-3.25,0.25,0.1875,-2.6875,-0.0625,-0.507812,0.0195312,-3,-0.5,0,-1.9375,0,-0.371094,0.0195312,5.71381,3.37117,-2.64085,-17.7662,-11.3404,-0.697987,3.30696,-2.61193,1.08466,-15.611,-3.96238,0.241367,-0.0575316,0.264921,-1.33976,-0.464892,0.237575,0.0596095,-0.435003,0.0163944,-0.109864,-0.0019635,-0.441211,-0.201335,-0.168618,-0.329183,0.109104,-0.0612672,-0.00460194
67.34,-0.506066,0.0181691,0.065714,0.668236,-0.251645,0.025577,-0.4848,0.0315403,-0.00664238,0.67652,-0.261097,-0.0365326,-1.33919e-05,-0.000739664,0.00338528,0.00429035,-0.00264851,-0.00115049,0.00793356,-0.000455401,0.00472466,7.6699e-06,0.00443416,0.00162985,0.00353535,0.00778975,-0.00520115,0.00493175,0.000498544,-0.464989,0.0676327,0.0197418,0.490709,-0.631338,0.0077921,-0.454777,0.0174408,0.00997341,0.550583,-0.526522,-0.0173826,0,0,0,0,0,0,0,0,0,0,0,0,0,0,0,0,0,0.3994,-0.155989,-0.0994214,0,-0.539232,-0.0633579,0.428541,-0.0349066,0.121706,-0.0785398,-0.0782896,0.0747176,0.0342833,-0.00386437,-0.0246497,0.00613592,0.0230097,-0.0230097,0.0138058,0,0.00294524,-0.00785398,0,-0.00306796,-0.0153398,-0.00153398,-0.00613592,0.00883573,0.00785398,2.46094,3.51562,-3.52362,-24.6973,-13.957,-1.11451,2.62873,-1.93359,1.34233,-16.1719,-10.6454,0.328577,-0.167791,1.43896,-5.67861,-2.75,0.3125,0.1875,-2.5,-0.125,-0.488281,0.0195312,-2.5,-0.4375,0,-2.1875,0,-0.458984,0.0195312,3.30898,5.25833,-4.39838,-26.6291,-14.1093,-0.58468,2.14523,-1.34014,1.41817,-18.5764,-10.4604,0.616567,-0.0988322,0.233492,-0.941634,-0.441307,0.218832,0.103544,-0.424289,0.00910801,-0.0974385,0.00770058,-0.443416,-0.15685,-0.146088,-0.386419,0.110159,-0.107471,-0.0178249
67.38,-0.488469,0.0170613,0.0647766,0.655589,-0.284078,0.0240603,-0.466922,0.0319494,-0.002973,0.662058,-0.279325,-0.0332448,-0.000107135,-0.000800718,0.00290338,0.00460194,-0.00270843,-0.00107858,0.00795753,-0.000407464,0.00472466,1.53398e-05,0.00488956,0.00164184,0.00316384,0.00777776,-0.00522512,0.00493175,0.000490874,-0.451065,0.0746119,0.0138342,0.463778,-0.658087,0.0142872,-0.435298,0.0188719,0.0144371,0.532194,-0.552174,-0.011609,0,0,0,0,0,0,0,0,0,0,0,0,0,0,0,0,0,0.486822,-0.051269,-0.0119991,-0.57814,-0.727232,0.11664,0.599957,0.01309,-0.00514249,-0.557415,-0.72638,0.129726,-0.0479966,0.00968085,0.0061761,0.0122718,-0.00920388,0.0076699,0.00153398,0.00306796,-0.0019635,0,0.0276117,-0.0230097,0,-0.00153398,0,0.0019635,0.000981748,2.5728,5.44922,-4.75408,-26.543,-14.5985,-0.641824,2.23722,-1.66992,1.90163,-16.6992,-10.0721,0.467933,0.503374,1.29295,-5.90751,-2.9375,0.4375,0.1875,-2.5,-0.125,-0.488281,0.0292969,-2.875,-0.4375,-0.0625,-2.1875,0,-0.46875,0.0195312,2.76675,5.8576,-5.07024,-26.4591,-13.5059,-0.624201,1.96247,-1.33393,1.7513,-17.2499,-9.46117,0.605982,0.17613,0.211173,-0.889541,-0.484738,0.289251,0.0385892,-0.400944,0.00508131,-0.0925297,-0.000306796,-0.54418,-0.118164,-0.158192,-0.38582,0.104502,-0.100598,-0.0107992
67.44,-0.460413,0.0152205,0.0644686,0.612186,-0.309518,0.0235019,-0.441343,0.0332448,-0.00147311,0.619984,-0.301138,-0.022313,-1.33919e-05,-0.000914088,0.0028792,0.00439821,-0.00256462,-0.00118644,0.00796951,-0.000407464,0.00471699,-7.6699e-06,0.00418249,0.00171374,0.0033436,0.00755006,-0.00521314,0.0048934,0.000490874,-0.400412,0.0768417,0.0119784,0.438164,-0.636104,0.0179764,-0.401856,0.0352141,0.0105668,0.525281,-0.486019,-0.00919576,0,0,0,0,0,0,0,0,0,0,0,0,0,0,0,0,0,0.488536,-0.128718,-0.0325691,-0.982839,-0.308154,-0.00975006,0.514249,0.0294524,0.0308549,-1.06247,-0.280509,0.211056,0.0308549,0.00193617,0.00123522,-0.00613592,0.0168738,-0.00460194,0.0153398,0.00613592,-0.00687223,-0.00785398,-0.0245437,0,0.00460194,-0.00460194,-0.0122718,-0.00883573,0.00392699,3.35582,5.44922,-4.86594,-21.0938,-13.8722,-0.692001,3.29989,-0.439453,1.17454,-9.22852,-8.38595,0.161354,-0.447443,1.59025,-5.75258,-2.6875,0.3125,0.1875,-2.5625,-0.0625,-0.478516,0.0195312,-2.1875,-0.4375,-0.0625,-2.0625,0,-0.449219,0.0195312,5.02302,6.41955,-5.18388,-22.172,-12.4472,-0.201521,2.92023,0.138025,1.14228,-9.95551,-6.83421,0.102577,-0.0885472,0.268418,-0.867465,-0.427549,0.222715,0.0685258,-0.429155,0.00201335,-0.0874676,0.00800738,-0.369162,-0.171374,-0.176384,-0.368299,0.116535,-0.0890322,-0.0137445
67.48,-0.436214,0.0118202,0.0638124,0.567735,-0.322252,0.0209573,-0.420251,0.0340885,0.00223645,0.583458,-0.312416,-0.0219732,-2.67838e-05,-0.000800781,0.00286482,0.0042544,-0.00231296,-0.00110255,0.00774181,-0.000407464,0.00467864,0,0.003799,0.00177367,0.00346344,0.00697482,-0.00521314,0.00488573,0.000483204,-0.381511,0.0765767,0.00887677,0.427035,-0.628443,0.0326808,-0.384139,0.0331548,0.0108834,0.512577,-0.487306,-0.00839503,0,0,0,0,0,0,0,0,0,0,0,0,0,0,0,0,0,0.48168,-0.0763582,0.00342833,-0.689405,-0.285705,0.0404583,0.361688,0.0152716,0.113135,-0.59123,-0.156418,-0.0843919,-0.0239983,0.00774468,0.00494088,0.0076699,0.00306796,0.00460194,0.00460194,0,0.00294524,0,0,0.0153398,0,-0.00920388,-0.00920388,-0.00687223,-0.00294524,4.36257,6.24023,-5.20153,-18.7207,-13.3492,0.225836,3.07617,-0.351562,0.727095,-7.91016,-7.99017,0.431651,0.615234,1.29284,-5.7521,-2.75,0.25,0.1875,-2.4375,-0.125,-0.488281,0.0292969,-2.125,-0.5,0,-1.875,0,-0.439453,0.0195312,4.50698,6.62837,-5.50042,-18.3474,-11.6762,0.388024,2.88785,-0.123911,0.638427,-8.26719,-6.68277,0.711909,0.08003,0.217,-0.874268,-0.44078,0.22516,0.0459235,-0.396294,0.00814927,-0.0965181,0,-0.3799,-0.208046,-0.173172,-0.330333,0.113467,-0.0908423,-0.00671884
67.54,-0.421671,0.00939989,0.0644284,0.540191,-0.334355,0.0250619,-0.40943,0.0334237,0.00788783,0.565153,-0.321075,-0.0215585,-4.01757e-05,-0.000536023,0.00306261,0.00423043,-0.00219311,-0.00062318,0.00772983,-0.000431432,0.00467097,4.60194e-05,0.00396678,0.00190549,0.0040267,0.00692688,-0.00522512,0.00487806,0.000498544,-0.358611,0.0822396,0.00504112,0.413609,-0.629417,0.054915,-0.3739,0.0254633,0.0184682,0.494702,-0.502811,-0.0136404,0,0,0,0,0,0,0,0,0,0,0,0,0,0,0,0,0,0.222841,-0.0883573,0.00171416,-0.488692,-0.111864,-0.0305289,0.0685665,-0.0479966,0.116563,-0.208349,-0.128804,-0.0103519,-0.02057,0.00097207,0.00308531,-0.0107379,0.00460194,0.0199418,0.00306796,-0.0076699,-0.000981748,0.0019635,0.0184078,-0.00460194,-0.00306796,-0.00153398,0.00460194,-0.00785398,-0.00294524,5.03374,6.94336,-5.53711,-16.9629,-13.6632,0.750237,3.24396,-0.878906,0.894886,-8.34961,-8.1737,0.121991,0.111861,0.847113,-6.2953,-2.625,0.25,0.125,-2.375,-0.0625,-0.478516,0.0195312,-2.25,-0.5,-0.0625,-1.875,0,-0.449219,0.0195312,5.86029,7.46068,-5.94216,-17.0326,-11.5787,1.25519,3.41595,-0.700055,0.824914,-9.73418,-7.01184,0.337426,0.0737626,0.157891,-0.92804,-0.401567,0.210107,-0.00872452,-0.392627,0.0162985,-0.0924377,-0.00288388,-0.433493,-0.181345,-0.195199,-0.343276,0.0999005,-0.0897072,-0.00702563
67.58,-0.415189,0.00722675,0.0645623,0.521443,-0.337574,0.0291793,-0.407676,0.0336283,0.012267,0.558838,-0.326184,-0.0200417,0.000107135,-0.00043776,0.0033275,0.0044821,-0.00215716,-0.000671117,0.00772983,-0.000395479,0.00467097,3.06796e-05,0.00419448,0.00209724,0.00395479,0.00693887,-0.00523711,0.00487806,0.000498544,-0.344241,0.0797207,0.00851073,0.418941,-0.617696,0.0658157,-0.376782,0.0176402,0.0276622,0.494518,-0.513425,-0.0178585,0,0,0,0,0,0,0,0,0,0,0,0,0,0,0,0,0,0.0617099,-0.0370882,-0.0257124,-0.318523,-0.0860031,0.13885,-0.0154275,-0.0174533,0.0514249,-0.111265,-0.110779,-0.0400188,0.0342833,-6.22141e-16,0.0110924,0.0122718,-0.00306796,0.00306796,-0.00460194,-0.0076699,-0.00687223,0.00294524,0.00153398,-0.00306796,0.00460194,0.0107379,0.00920388,0.00294524,-0.00490874,6.71165,6.85547,-5.20153,-14.4141,-12.9327,1.16399,3.29989,-1.93359,1.51012,-8.87695,-8.72433,-0.103767,-0.615234,0.744291,-7.07881,-2.8125,0.25,0.1875,-2.375,-0.0625,-0.478516,0.0292969,-2.375,-0.5,-0.0625,-1.9375,-0.0625,-0.46875,0.0195312,6.97137,7.32357,-5.55373,-14.1012,-11.0329,1.18776,3.1203,-1.5639,1.43668,-9.20284,-7.26807,0.167365,-0.13499,0.131328,-1.03153,-0.472754,0.221852,0.0274199,-0.377287,0.0155795,-0.0865472,-0.00355884,-0.422516,-0.203588,-0.206944,-0.368419,0.0955382,-0.100506,-0.00506214
67.64,-0.41551,0.00632341,0.0643481,0.512401,-0.343633,0.0376311,-0.409323,0.0343186,0.0121598,0.557687,-0.330297,-0.0194946,9.37433e-05,-0.000701926,0.00418928,0.00479369,-0.00219311,-0.000743022,0.00774181,-0.000383495,0.00467097,3.83495e-05,0.00466186,0.00179763,0.00377503,0.00695085,-0.00523711,0.00488573,0.000506214,-0.328066,0.0403325,0.0344942,0.515093,-0.516864,0.0533487,-0.370088,0.0253233,0.0245027,0.579965,-0.455248,-0.012829,0,0,0,0,0,0,0,0,0,0,0,0,0,0,0,0,0,-0.18513,0.0119991,-0.0239983,0.0119991,-0.156588,0.0891897,-0.107992,0.0567232,-0.0377116,0.0534507,-0.0802274,0.0312803,0.00171416,-0.0115931,0.0295796,-0.00306796,0.00613592,-0.00306796,-0.00460194,-0.0076699,-0.00490874,-0.0019635,-0.00613592,-0.0414175,0.00153398,0,-0.0184078,-0.00294524,0,8.61328,5.09766,-4.02699,-7.73438,-9.80899,0.651638,4.25071,-2.02148,1.90163,-3.95508,-7.31454,-0.103677,0.111861,1.33972,-9.2569,-3,0.25,0.1875,-2.375,-0.0625,-0.478516,0.0292969,-2.625,-0.4375,-0.0625,-1.9375,0,-0.449219,0.0195312,9.11469,3.37691,-2.93739,0.355828,-6.61606,0.450327,4.13949,-1.01297,1.30971,3.12786,-4.83761,0.204065,-0.0332655,0.245357,-1.34552,-0.473233,0.207039,0.043287,-0.377887,0.0153398,-0.0885107,0.0011965,-0.453915,-0.0969284,-0.19182,-0.347543,0.12315,-0.0947693,-0.0101243
67.68,-0.429277,0.00301683,0.0655667,0.55998,-0.353062,0.0358796,-0.422742,0.0368241,0.011959,0.609178,-0.346248,-0.0203694,0.000147311,-0.00126045,0.00477672,0.0046379,-0.0038709,-0.000922785,0.00729839,-0.000431432,0.00459427,9.20389e-05,0.00418249,0.0012943,0.00367916,0.006076,-0.00522512,0.00460194,0.000498544,-0.339999,-0.0174464,0.0735721,0.677926,-0.429468,0.0360255,-0.384136,0.0415045,0.0170398,0.699788,-0.460937,-0.00898406,0,0,0,0,0,0,0,0,0,0,0,0,0,0,0,0,0,-0.783372,-0.292343,0.251982,1.9155,-0.155423,-0.144606,-0.553675,0.129809,-0.0274266,1.93732,-0.613434,0.118919,-0.0239983,-0.00869483,0.000616338,0,0.00306796,0.0138058,-0.0076699,-0.00920388,0,0.0147262,0.00460194,0.00306796,0.0076699,-0.0184078,-0.0199418,0,-0.011781,10.1234,-1.66992,0.503374,9.84375,-3.78311,-0.0624045,5.03374,-0.175781,0.671165,6.67969,-3.86054,0.0942887,-0.671165,2.53059,-9.56656,-2.875,0.5625,0.1875,-2.25,-0.0625,-0.46875,0.0195312,-2.3125,-0.375,-0.0625,-1.5,0,-0.419922,0.0195312,10.4945,-1.46164,0.296578,10.03,-2.74538,0.295045,4.96791,0.208426,0.56294,5.84222,-3.36069,0.217575,0.0278016,0.404219,-1.43487,-0.46379,0.380955,0.0185276,-0.34958,0.0178325,-0.0918854,-0.016567,-0.427453,-0.135566,-0.199298,-0.266985,0.124444,-0.0920388,0.0018101
67.74,-0.451079,0.000954477,0.0678835,0.655248,-0.374746,0.0258386,-0.444798,0.038324,0.0117179,0.696121,-0.377884,-0.0189838,8.03514e-05,-0.00089728,0.00558506,0.00976714,-0.00419448,-0.00246875,0.0078257,-0.000419448,0.00440253,-0.000222427,0.0071426,0.000671117,0.00254066,0.00590822,-0.00527306,0.00432583,0.000490874,-0.390864,-0.017389,0.0628988,0.625704,-0.530866,0.026857,-0.406557,0.0287667,0.0257834,0.620087,-0.610469,-0.00766739,0,0,0,0,0,0,0,0,0,0,0,0,0,0,0,0,0,-0.330833,-0.00109083,-0.0325691,1.11919,-0.128656,-0.081499,-0.221127,-0.0261799,-0.00685665,1.23373,-0.0928402,0.0438845,-0.00685665,0.0406039,0.0431244,0.231631,-0.0536893,0.0291456,0.081301,0,0.0530144,0.0137445,0.147262,0.0122718,0.0184078,0.0490874,-0.0076699,0.000981748,-0.00294524,7.43874,-2.98828,1.67791,-0.263672,-5.17745,-0.299035,4.81001,-0.439453,0.838956,-5.18555,-6.60518,-0.0637624,-0.167791,1.34994,-12.3825,-6.8125,0.8125,0.1875,-3,-0.125,-0.527344,0.0195312,-4.6875,-0.3125,-0.0625,-1.875,0,-0.390625,0.0195312,6.68321,-1.83217,-0.433333,-8.90839,-5.98748,0.203734,4.26644,-0.90337,1.42026,-16.34,-9.11769,0.364886,-0.00353546,0.147372,-1.80489,-1.43998,0.526827,0.0651462,-0.553887,0.00838896,-0.141065,-0.00929592,-1.00878,-0.0916554,-0.163848,-0.393586,0.113131,-0.0874983,-0.00687223
67.78,-0.451588,0.000383495,0.063183,0.663754,-0.381039,0.0260322,-0.446499,0.0375229,0.0179853,0.708009,-0.385721,-0.0231175,-0.000187487,0.00088931,0.00584964,0.00692688,-0.00329566,-0.00188152,0.00922785,-0.000419448,0.00619728,-0.000130388,0.00814927,0.00119842,0.00228899,0.00902412,-0.00523711,0.00576777,0.000490874,-0.378387,-0.00246599,0.0429775,0.558842,-0.499807,0.0365752,-0.394382,0.00162072,0.051768,0.526038,-0.622635,-0.00649224,0,0,0,0,0,0,0,0,0,0,0,0,0,0,0,0,0,0.392543,-0.0174533,-0.18513,-0.296706,0.0124042,0.00758901,0.407971,-0.00545415,0.113135,-0.131991,-0.00100589,-0.0111719,-0.0377116,0.0261024,-0.0277273,-0.260777,0.00306796,0.0076699,-0.0398835,-0.0076699,-0.015708,-0.000981748,-0.141126,0,0.0245437,0.00306796,0.00460194,0,0.0107992,6.432,-0.615234,-1.39826,-14.9414,-6.40282,0.156685,4.69815,-3.95508,3.35582,-26.1914,-11.5219,0.385193,0.335582,-2.29241,-10.5915,-3.3125,0.5,0.1875,-2.625,-0.0625,-0.615234,0.0292969,-4.25,-0.375,0,-2.5,0,-0.556641,0.0195312,6.535,-0.250041,-1.65029,-14.5499,-4.77555,0.406543,4.39578,-3.57931,3.152,-26.7677,-9.47455,0.687353,0.169381,-0.3451,-1.67171,-0.171135,0.32343,0.0787364,-0.381626,0.0160589,-0.108238,0.00358952,-0.532675,-0.119842,-0.163537,-0.457342,0.10014,-0.115355,-0.0206167
67.84,-0.421671,-0.00814714,0.0590181,0.650621,-0.375415,0.0230217,-0.417305,0.0377444,0.0214538,0.696001,-0.384803,-0.0244897,4.01757e-05,0.000588713,0.00353934,0.00442218,-0.00349939,-0.00221708,0.00818523,-0.000371511,0.00579845,-0.000122718,0.00406265,0.00116247,0.00252867,0.00780173,-0.00527306,0.00528456,0.000475534,-0.368755,-0.0181236,0.0503302,0.579932,-0.38981,0.0233481,-0.392609,0.000522152,0.0468021,0.553237,-0.504575,-0.0178641,0,0,0,0,0,0,0,0,0,0,0,0,0,0,0,0,0,0.690808,-0.383972,-0.131991,-0.206167,0.353989,-0.232893,0.769659,0.0141808,-0.0411399,-0.239983,0.00880732,-0.0178099,0.0308549,0.0115931,-0.0505318,0,-0.0291456,-0.0460194,-0.0107379,-0.00306796,-0.00392699,-0.00490874,-0.0260777,0.00613592,0,-0.0582913,-0.00920388,-0.0314159,-0.011781,3.46768,-0.703125,-0.447443,-10.5469,-3.70053,0.00689916,1.45419,-4.21875,3.18803,-22.5,-7.71245,0.239579,-0.167791,-1.43896,-5.52303,-2.75,0.5625,0.3125,-2.5,-0.0625,-0.585938,0.0292969,-2.1875,-0.375,0,-1.8125,0,-0.410156,0.0195312,3.90997,-0.229705,-0.604809,-9.7786,-1.28377,0.478839,0.930311,-3.75059,2.61711,-20.4546,-4.80849,0.300645,-0.104617,-0.211393,-0.910206,-0.442218,0.408231,0.202893,-0.387786,0.0104982,-0.112042,0.00736311,-0.35411,-0.128519,-0.126434,-0.273504,0.114665,-0.0742754,0.00227029
67.88,-0.392624,-0.0124338,0.0562995,0.648584,-0.345302,0.0197095,-0.388084,0.0381365,0.0183871,0.695788,-0.368964,-0.0442521,2.67838e-05,3.97627e-20,0.00246019,0.00437424,-0.00333161,-0.00194144,0.00743022,-0.000407464,0.00521553,-0.000115049,0.0040267,0.0011385,0.0025047,0.00666323,-0.00523711,0.00498544,0.000490874,-0.355411,-0.0224416,0.0527236,0.59028,-0.340786,0.029846,-0.378448,0.0196918,0.0288234,0.582932,-0.38967,-0.018629,0,0,0,0,0,0,0,0,0,0,0,0,0,0,0,0,0,0.491965,-0.0447241,-0.0428541,0.0698132,0.966613,-0.18024,0.637668,-0.0109083,-0.083994,-0.0272708,0.873461,-0.516345,0.0257124,-0.011617,-0.0135853,0.0076699,-0.0107379,0.0383495,0.00153398,-0.0153398,0.00981748,-0.00490874,0.0122718,0.0153398,0.00613592,-0.0076699,-0.00153398,0,0.0019635,2.5728,-1.31836,0,-9.22852,-4.31721,0.362913,0,-1.93359,1.34233,-16.4355,-5.07264,1.30542,-0.503374,0,-4.19196,-2.75,0.5,0.1875,-2.375,-0.0625,-0.537109,0.0292969,-2.25,-0.375,0,-1.8125,0,-0.458984,0.0195312,2.73737,-0.911336,-0.271881,-9.02486,-1.75259,0.76594,-0.311804,-1.82265,1.21162,-16.8193,-2.57515,2.05761,-0.0851725,0.0348511,-0.697302,-0.452764,0.354637,0.0203732,-0.374579,0.0234891,-0.114128,0.00720971,-0.427214,-0.14453,-0.137507,-0.317822,0.106276,-0.0997088,-0.011781
67.94,-0.37666,-0.00803635,0.0523355,0.667537,-0.284219,0.0145028,-0.369308,0.0428407,0.0113831,0.71798,-0.349707,-0.0686672,4.01757e-05,0.000794134,0.00230099,0.00439821,-0.00399075,-0.00237288,0.00769387,-0.000407464,0.00517719,-0.000161068,0.00370313,0.000371511,0.00198938,0.0065314,-0.00522512,0.00478602,0.000483204,-0.326143,-0.0336804,0.0637289,0.592079,-0.159019,0.0613675,-0.335981,0.0193073,0.00279465,0.656081,-0.0168311,-0.0350173,0,0,0,0,0,0,0,0,0,0,0,0,0,0,0,0,0,-0.063424,0.169079,0.0411399,1.17701,0.498954,0.299555,0.305121,0.110174,-0.0428541,0.571595,-1.17901,0.0237739,0.0257124,0.0309788,0.00988023,0.00460194,0.0107379,0.00460194,0.00460194,-0.00306796,-0.000981748,-0.019635,0.0230097,0.00613592,-0.0306796,0.0536893,-0.00153398,0.00687223,0.00490874,4.92188,-2.19727,0.559304,-12.832,0.0851765,0.880699,0.671165,-2.8125,0.503374,-17.4902,10.8518,1.67678,-0.335582,-2.37682,-4.96825,-2.75,0.625,0.25,-2.4375,-0.0625,-0.537109,0.0488281,-2.1875,-0.1875,0.125,-2.0625,0,-0.439453,0.0195312,5.17863,-2.90257,1.05706,-16.0268,4.01011,1.27548,2.7225,-2.57369,-0.773138,-11.5712,15.6731,1.29845,-0.08919,-0.331176,-0.719938,-0.449025,0.377599,0.10944,-0.393898,0.0112172,-0.102562,0.0228563,-0.416332,-0.0494229,-0.0381098,-0.433949,0.106036,-0.102593,-0.0145728
67.98,-0.360657,-0.00655351,0.0570361,0.672591,-0.308226,0.0178892,-0.351403,0.0420055,0.002973,0.718014,-0.369669,-0.0674669,4.01757e-05,0.000121011,0.00264352,0.00405067,-0.00351138,-0.00171374,0.00818523,-0.000383495,0.00539194,-8.43689e-05,0.00282828,0.00134223,0.00263653,0.00729839,-0.00524909,0.00474767,0.000498544,-0.2925,-0.0251622,0.0739121,0.617343,0.00918178,0.100106,-0.301521,0.0254253,-0.00300809,0.654312,0.214577,-0.00873007,0,0,0,0,0,0,0,0,0,0,0,0,0,0,0,0,0,0.298264,0.0785398,0.0222841,-0.465785,-0.247643,0.0387133,0.365117,0.00327249,-0.0257124,-0.59123,-0.0277427,0.030044,-0.00171416,0.0154894,0.0086452,-0.110447,0.0230097,0.0107379,0.0122718,-0.00613592,-0.00490874,0,-0.0859029,0,0.00920388,0,-0.0076699,-0.00589049,0.00392699,5.98455,-2.28516,1.90163,-6.67969,13.4235,3.11332,4.47443,-1.8457,-0.335582,-6.94336,23.9003,2.08687,-0.391513,-0.69324,-5.74453,-2.1875,0.5,0.1875,-2.5625,-0.0625,-0.527344,0.0390625,-1.1875,-0.375,0,-2,0,-0.390625,0.0195312,6.21915,-2.01795,1.64303,-6.42411,13.1916,3.21124,4.25796,-1.66457,-0.546684,-7.19031,23.4253,2.28939,-0.00691022,-0.0827714,-0.818991,-0.184174,0.305118,0.0642115,-0.433805,0.0138058,-0.10293,0.00168738,-0.111022,-0.134223,-0.150234,-0.36492,0.112652,-0.0890629,-0.0138979
68.04,-0.341654,-0.00581208,0.0611742,0.622847,-0.307016,0.0166276,-0.3431,0.0416391,-0.0074325,0.691493,-0.361628,-0.0629538,1.33919e-05,-0.000241523,0.0036934,0.00297209,-0.00284026,-0.00115049,0.00780173,-0.000419448,0.0052232,-4.60194e-05,0.00225303,0.00139017,0.00333161,0.00727442,-0.00526107,0.00480136,0.000506214,-0.264238,0.00375305,0.0604394,0.562712,0.301212,0.105053,-0.258754,0.0453167,-0.0210141,0.672194,0.43871,-0.00622365,0,0,0,0,0,0,0,0,0,0,0,0,0,0,0,0,0,0.289693,0.0349066,0.0445682,-1.13883,0.126204,-0.0281502,0.197129,-0.0818123,-0.485108,-0.72213,0.342334,0.0905924,-0.0308549,0.0347793,0.0221847,0.0751651,-0.00460194,-0.0199418,-0.00460194,0,0.015708,-0.00294524,0.0260777,-0.00306796,0.0429515,-0.00613592,0.0168738,-0.00490874,0.00589049,6.48793,-0.175781,0.223722,-3.7793,24.046,3.27632,8.94886,0.263672,-0.447443,-0.175781,31.116,1.92374,-0.615234,-1.83409e-13,-8.09007,-2.25,0.4375,0.1875,-2.4375,-0.0625,-0.556641,0.0292969,-1.25,-0.4375,-0.0625,-1.9375,-0.0625,-0.439453,0.0195312,7.16221,0.8867,-0.162616,-4.46492,24.0767,3.5933,8.04039,0.531385,-0.387943,-0.00633454,31.3289,2.08802,0.0885472,-0.031881,-1.17457,-0.447539,0.29323,0.0974078,-0.380883,0.00838896,-0.120172,0.00386563,-0.277459,-0.132881,-0.252484,-0.351449,0.0883477,-0.0911185,-0.0160148
68.08,-0.321178,-5.96548e-05,0.0603841,0.553418,-0.2856,0.0181098,-0.351176,0.0412982,-0.0122134,0.670017,-0.327828,-0.0550229,9.37433e-05,-0.000143404,0.00423743,0.00240883,-0.00299606,-0.00130628,0.00774181,-0.000419448,0.00514651,-7.6699e-05,0.00203732,0.00143811,0.0031878,0.00735831,-0.00524909,0.00490107,0.000498544,-0.2453,0.0120981,0.047163,0.530774,0.4798,0.111294,-0.257012,0.0431688,-0.0264921,0.666763,0.484099,-0.00715843,0,0,0,0,0,0,0,0,0,0,0,0,0,0,0,0,0,0.29655,-0.0545415,-0.14399,-1.54353,0.636514,0.0745161,-0.342833,-0.0632682,-0.325691,-0.259618,0.974927,0.257718,0,0.0125592,0.00554705,0.0107379,-0.0230097,0.00153398,0.00920388,-0.0076699,-0.00490874,-0.00785398,-0.0720971,-0.0260777,0.0076699,-0.0168738,-0.00306796,0.00981748,-0.00392699,6.76758,0.791016,-0.894886,2.02148,29.4968,3.43172,10.2353,0,-0.503374,0.791016,30.5246,1.44357,-0.727095,-2.01617e-13,-8.86657,-1.5625,0.5,0.1875,-2.5,-0.0625,-0.527344,0.0292969,-0.8125,-0.375,0,-2,0,-0.449219,0.0195312,6.99472,1.32485,-1.03413,2.77762,29.343,3.57834,10.102,0.313595,-0.776492,0.550264,30.5272,1.39914,-0.028123,0.00534373,-1.28787,-0.262359,0.345625,0.0622461,-0.405498,0.0160589,-0.0980214,0.00938796,-0.0595376,-0.0916554,-0.17473,-0.334168,0.10805,-0.107839,-0.00604388
68.14,-0.308951,0.000528371,0.0566745,0.481678,-0.236687,0.0252175,-0.37895,0.040267,-0.0133517,0.668594,-0.265548,-0.0536044,-0.000174095,-0.000120762,0.00456967,0.00214518,-0.00291217,-0.00133025,0.00772983,-0.000443416,0.00515418,-7.6699e-05,0.00201335,0.00141414,0.00317582,0.00729839,-0.00524909,0.00490107,0.000490874,-0.193379,0.0280389,0.0350572,0.489208,0.554223,0.111652,-0.331784,0.0132331,-0.00642216,0.681409,0.476126,-0.0264207,0,0,0,0,0,0,0,0,0,0,0,0,0,0,0,0,0,0.17313,0.0229074,-0.157703,-1.38426,1.13393,0.0516233,-0.752517,-0.0349066,0.0874223,0.237801,1.44554,-0.0716948,-0.0994214,0.00483046,0.0080124,-0.0168738,-0.0383495,0,0.00613592,0,0.00490874,-0.000981748,-0.0613592,-0.0291456,0.00920388,-0.00613592,0,-0.00687223,-0.00589049,10.9624,2.28516,-1.62198,6.15234,29.2628,3.29886,6.37607,-2.72461,0.615234,1.31836,25.8768,0.884595,1.00675,-0.0496194,-9.25545,-1.3125,0.4375,0.1875,-2.5625,-0.125,-0.527344,0.0292969,-0.8125,-0.4375,0,-1.9375,-0.0625,-0.449219,0.0195312,11.2109,2.70524,-1.84632,6.66655,29.3685,3.35415,6.22171,-2.63358,0.518111,0.970965,26.7759,1.23074,0.350493,0.0217371,-1.39494,-0.18077,0.367916,0.0665125,-0.398763,0.00886833,-0.107992,0.00251573,-0.0786165,-0.0831226,-0.177199,-0.352648,0.104982,-0.0911491,-0.00392699
68.18,-0.310665,-0.000519849,0.0515454,0.431296,-0.179749,0.0398168,-0.416247,0.0401562,-0.00949485,0.677321,-0.197304,-0.0531744,-0.000107135,-0.00043776,0.00475265,0.00226502,-0.00284026,-0.00173771,0.00774181,-0.000383495,0.00514651,-9.97088e-05,0.0018216,0.00140215,0.00282828,0.00710665,-0.00523711,0.00487806,0.000483204,-0.187214,0.0308708,0.0286197,0.477775,0.522837,0.0944522,-0.389478,0.000211831,0.0125589,0.68296,0.443264,-0.0358389,0,0,0,0,0,0,0,0,0,0,0,0,0,0,0,0,0,-0.0548532,-0.070904,-0.0497107,-0.707949,1.01835,0.273714,-0.800514,-0.00545415,0.118277,0.128718,1.33142,0.0313044,-0.00514249,-0.0193218,-0.00123268,0.0291456,-0.00920388,0.0122718,-0.00306796,-0.0199418,-0.000981748,0.0019635,0.00613592,0.00306796,-0.0306796,-0.00920388,-0.00920388,0.0019635,-0.00392699,12.1369,2.8125,-1.95756,9.22852,25.9734,1.67111,4.25071,-4.30664,2.12536,0.791016,22.2717,0.483767,0.838956,0.84353,-9.56656,-1.5625,0.4375,0.1875,-2.375,-0.0625,-0.527344,0.0390625,-0.9375,-0.4375,0,-1.875,0,-0.439453,0.0195312,12.4548,3.28088,-2.19315,9.80372,26.0667,1.63799,4.27793,-3.98353,1.96882,0.331052,22.9599,0.630811,0.047568,0.189294,-1.4221,-0.284793,0.302434,0.0623419,-0.380955,0.0276117,-0.101948,3.06799e-05,-0.194432,-0.146351,-0.0800546,-0.336925,0.113946,-0.0995247,-0.00573709
68.24,-0.320897,-0.00334067,0.0463761,0.412675,-0.139565,0.0408431,-0.445789,0.0403778,-0.00180791,0.689797,-0.150543,-0.0503655,-1.33919e-05,-0.000490593,0.0047382,0.00185755,-0.00264851,-0.00153398,0.00752609,-0.000359527,0.0050468,-7.6699e-05,0.00151001,0.00139017,0.00285225,0.0066872,-0.00528504,0.00487039,0.000490874,-0.20983,0.0278353,0.0195748,0.475076,0.454861,0.0878053,-0.44586,-0.00867118,0.0343438,0.686352,0.402642,-0.0420507,0,0,0,0,0,0,0,0,0,0,0,0,0,0,0,0,0,-0.329119,-0.083994,-0.0908506,-0.152716,0.537396,0.0479841,-0.553675,-0.00981748,0.207414,0.305433,0.605995,0.0361857,-0.0377116,-0.0135253,-0.00369803,-0.00920388,-0.00306796,0.00153398,0.00613592,-0.00306796,0.00490874,0.000981748,-0.0168738,-0.00613592,0.0276117,-0.0076699,-0.0153398,0,-0.0019635,11.4657,2.90039,-2.23722,9.4043,23.2056,1.70207,1.2864,-5.09766,3.35582,-1.40625,20.957,-0.0298676,-0.727095,0.893149,-9.48878,-1.1875,0.4375,0.1875,-2.4375,-0.0625,-0.527344,0.0292969,-0.625,-0.4375,-0.0625,-1.8125,0,-0.449219,0.0195312,11.7649,3.28559,-2.49843,9.97099,22.7022,1.78252,1.10028,-4.88526,3.20034,-1.73844,20.9154,0.260222,0.117152,0.187754,-1.41037,-0.167348,0.270987,0.0736311,-0.388577,0.0102585,-0.105845,0.000552233,-0.117254,-0.126745,-0.197836,-0.31902,0.121041,-0.0974078,-0.00785398
68.28,-0.338266,-0.0101839,0.0369884,0.412769,-0.126579,0.0492028,-0.47177,0.0403607,0.011209,0.706577,-0.136137,-0.0505028,0.000187487,-0.000611355,0.00461301,0.00195343,-0.00260058,-0.00145009,0.00745419,-0.000407464,0.00501612,-6.90291e-05,0.00104263,0.00139017,0.00313987,0.00590822,-0.00526107,0.00470165,0.000490874,-0.230621,0.0205745,0.0102515,0.475819,0.460786,0.088809,-0.462344,-0.0101337,0.0444846,0.690109,0.416562,-0.0371651,0,0,0,0,0,0,0,0,0,0,0,0,0,0,0,0,0,-0.327405,-0.231256,-0.269124,-0.00981748,0.0763885,-0.00744154,-0.526248,0.0141808,0.33769,0.378518,0.0698292,-0.0554967,-0.00342833,-0.00966092,-0.00616338,-0.0138058,-0.0153398,-0.00920388,-0.00460194,-0.00306796,-0.00981748,0.00589049,-0.00460194,0.0153398,0.00460194,-0.0076699,-0.0138058,-0.00392699,-0.00687223,11.1301,3.07617,-1.95756,9.05273,24.304,1.46211,2.06942,-5.36133,2.90838,-3.42773,22.9137,0.29041,-0.335582,1.09163,-9.17768,-1.3125,0.4375,0.1875,-2.3125,-0.0625,-0.517578,0.0292969,-0.4375,-0.4375,0,-1.625,0,-0.419922,0.0195312,11.4193,3.53836,-2.13545,9.49689,23.3418,1.59913,1.9951,-5.07781,2.65217,-3.98425,21.9683,0.644504,-0.045961,0.212389,-1.36541,-0.167731,0.290737,0.0909123,-0.363506,0.0112172,-0.0905049,-0.0045099,-0.0950589,-0.169697,-0.166197,-0.280071,0.119027,-0.090106,-0.00294524
68.34,-0.357925,-0.0187572,0.02211,0.412547,-0.124886,0.0494558,-0.501835,0.0403607,0.0263151,0.724073,-0.135893,-0.0504923,0.000334797,-0.00043776,0.00469487,0.00190549,-0.00248073,-0.000575243,0.00746617,-0.000407464,0.00500078,3.83495e-05,0.000898817,0.00143811,0.00354733,0.00592021,-0.00521314,0.00470932,0.000498544,-0.249226,0.00776154,-0.01123,0.47181,0.530747,0.095401,-0.501568,-0.00340864,0.0611128,0.716704,0.416642,-0.0207257,0,0,0,0,0,0,0,0,0,0,0,0,0,0,0,0,0,-0.610242,-0.213803,-0.503964,-0.0250891,0.113461,-0.0267832,-0.733662,-0.00436332,0.267409,0.368701,-0.000561755,-0.000904982,-0.00342833,-0.0144914,0.0129431,0.00153398,-0.00460194,0.0291456,-0.00306796,-0.0168738,0.000981748,-0.00392699,-0.0107379,0.0184078,0.0398835,0.00613592,-0.00460194,-0.00785398,-0.00392699,11.7454,2.72461,-2.12536,8.61328,27.2777,1.72429,1.67791,-4.57031,3.18803,-2.28516,23.256,0.819536,-0.615234,0.694672,-9.64434,-1.1875,0.3125,0.0625,-2.375,-0.0625,-0.517578,0.0292969,-0.3125,-0.4375,-0.125,-1.625,0,-0.419922,0.0195312,12.0904,3.07948,-2.32608,8.98976,25.9984,1.89138,1.49395,-4.36821,2.94495,-2.58017,22.1025,1.19247,-0.0901542,0.174802,-1.44729,-0.193617,0.257277,-0.0295291,-0.367173,0.0250231,-0.100997,0.00316,-0.068406,-0.180626,-0.257134,-0.308282,0.108865,-0.0863324,-0.00604388
68.38,-0.385673,-0.0310631,-0.00333458,0.409181,-0.118227,0.0517016,-0.549202,0.040088,0.0435906,0.748472,-0.135278,-0.0494604,0.000308014,-0.000566069,0.00465153,0.00200137,-0.00237288,-0.000695085,0.00749014,-0.000431432,0.00498544,0,0.000671117,0.00166581,0.00399075,0.0058483,-0.00522512,0.00467864,0.000483204,-0.241241,0.00975579,-0.0416558,0.465082,0.611554,0.0989506,-0.569982,0.00834757,0.0691602,0.752381,0.371169,-0.00381818,0,0,0,0,0,0,0,0,0,0,0,0,0,0,0,0,0,-0.545104,-0.357792,-0.51082,-0.203985,0.104229,0.0757659,-1.23248,-0.0152716,0.406257,0.707949,0.0633409,0.0932921,0,-0.0270506,-0.0135594,0.0153398,-0.0138058,0.00613592,-0.0122718,-0.0122718,-0.00392699,0.0019635,0.0107379,-0.0245437,0,0,0.00153398,-0.011781,-0.019635,15.1012,4.48242,-2.5728,8.78906,30.4906,1.76054,0.335582,-3.42773,1.95756,-1.66992,21.0602,1.44096,-0.727095,1.24048,-8.63324,-1.375,0.3125,0.125,-2.25,-0.125,-0.507812,0.0292969,-0.3125,-0.4375,-0.0625,-1.5625,0,-0.410156,0.0195312,15.5334,4.79747,-2.81048,9.20118,28.9828,1.73843,0.386945,-3.1435,1.74445,-2.24548,20.1312,1.63911,-0.0924041,0.250973,-1.35478,-0.230816,0.264899,0.0224824,-0.349963,0.0209005,-0.0957818,-0.0019635,-0.0885874,-0.117493,-0.199537,-0.292415,0.102968,-0.0817919,0.00997088
68.44,-0.406966,-0.0528627,-0.05413,0.37851,-0.109535,0.0522667,-0.637401,0.036594,0.063799,0.820518,-0.132652,-0.0335512,0.000682987,-0.0022041,0.00408804,0.00145009,-0.00225303,-0.000251669,0.00659132,-0.000431432,0.00420311,4.60194e-05,0.000143811,0.00179763,0.00423043,0.00497345,-0.00522512,0.0043335,0.000506214,-0.140229,0.0812701,-0.165502,0.400893,0.961648,0.0873483,-0.92086,0.0504819,0.0610438,0.965591,-0.201534,0.0410263,0,0,0,0,0,0,0,0,0,0,0,0,0,0,0,0,0,-0.190272,-0.489783,-2.1787,-1.36681,0.601075,-0.0947854,-3.38547,-0.0458149,0.186844,2.90052,-0.576061,0.878518,0.0239983,-0.0638099,0.0110595,-0.0184078,0.0107379,0.0552233,-0.0306796,-0.0138058,-0.0657771,0.00785398,0.0138058,0.00920388,0.0490874,-0.0153398,0.00153398,-0.00981748,0.0019635,26.7907,13.8867,-6.71165,8.26172,43.6578,1.36364,-21.5332,0.878906,-0.335582,10.0195,-1.50529,1.6775,-1.90163,5.16104,-8.40025,-0.875,0.25,0.0625,-1.9375,-0.0625,-0.322266,0.0195312,0,-0.5,-0.125,-1.1875,0,-0.371094,0.0195312,27.0542,14.3928,-6.77976,8.82467,41.6452,1.59283,-21.575,1.48042,-0.649204,10.1589,-1.60317,1.22606,-0.276891,0.852661,-1.25959,-0.108194,0.203828,-0.0978632,-0.268207,0.0224345,-0.0182851,-0.00877437,-0.0419927,-0.198171,-0.309696,-0.217993,0.102968,-0.0768524,-0.0120878
68.48,-0.409765,-0.0987798,-0.189053,0.228282,-0.0762851,0.0119462,-0.877986,0.0126553,0.0831771,1.10459,-0.331578,0.038692,0.00113831,-0.00782829,-1.02446e-05,0.00085088,0.006076,0.00633966,0.00462591,-0.000419448,0.00296058,0.000935728,-0.00521314,0.00674712,0.00993492,0.00165382,-0.00523711,0.00238534,0.000759321,0.0217583,0.165421,-0.300983,0.310242,1.45824,0.0198894,-1.48183,-0.0435034,0.0866228,1.2924,-0.79503,0.0401348,0,0,0,0,0,0,0,0,0,0,0,0,0,0,0,0,0,0.272552,-1.285,-3.70259,-4.57385,1.22956,-1.13379,-6.69381,-0.803942,0.0754232,7.50273,-6.01347,0.296943,-0.0359974,-0.0798086,-0.0718644,-0.0997088,0.260777,0.0536893,-0.12732,0.0122718,0.0873755,0.000981748,-0.204019,0.0475534,-0.0153398,-0.101243,-0.0199418,-0.0687223,-0.0176715,42.3393,28.5645,-4.19478,30.4102,61.707,1.23009,-47.373,-4.39453,0.447443,-0.351562,-0.457613,-0.15974,-1.90163,16.5649,3.10017,-0.25,-1.625,-0.25,-0.75,-0.125,-0.46875,0,4.0625,-1.5625,-0.3125,0.125,0,-0.078125,0.0292969,42.6073,28.9901,-3.78781,30.5894,58.9217,2.58531,-46.9973,-4.00799,0.193729,-1.83814,-6.51114,-0.536177,-0.233501,2.58791,0.218667,0.11433,-1.12915,-0.424361,0.0233453,-0.00388289,-0.146587,-0.0196963,0.929353,-0.769819,-0.466067,0.119794,0.124684,0.0210155,0.00248505
68.54,-0.414734,-0.146325,-0.264637,0.00725232,0.0491367,-0.0350723,-1.24831,-0.0589219,0.0862974,1.35615,-0.523336,0.045086,-0.00242393,-0.0047424,0.00342982,-0.00583632,-0.00119842,0.00319979,0.00667521,-0.000263653,0.00409573,0.000659612,-0.00564457,-0.00427837,0.00480567,-0.000695085,-0.00524909,-0.00348981,0.00079767,-0.0128144,-0.08178,-0.178456,0.362664,1.01597,-0.0674844,-1.29433,-0.252354,0.226565,1.01264,-0.551317,-0.0313292,0,0,0,0,0,0,0,0,0,0,0,0,0,0,0,0,0,-0.533105,-1.37336,0.851939,-2.31474,1.68262,-1.06856,-3.36147,-2.08676,0.829655,-1.68097,-1.4626,-1.59881,-0.423398,0.0227662,0.168265,-0.0582913,-0.322136,-0.133456,0.208621,0.0306796,0.351466,0.000981748,0.187146,-0.454058,-0.516952,0.538427,-0.00920388,0.109956,0.00687223,40.6614,8.87695,7.10316,60.8203,35.71,-0.0141025,1.34233,-15.293,12.5843,-43.7695,2.87435,-1.68663,10.6268,8.70173,-12.8635,3.5625,0.5625,0.1875,-3.5625,-0.125,-1.09375,0.0195312,2.6875,1.5,0.75,-2.125,0,0.195312,0.0195312,41.2581,9.20119,6.91425,62.5708,35.308,0.840628,2.12149,-15.1697,12.3674,-44.8033,1.80599,0.141018,1.99737,1.35442,-1.53374,0.700214,0.764114,0.106923,-0.751003,-0.0254066,-0.43338,-0.014174,0.190166,1.33595,0.793619,-1.0421,0.114186,-0.0401596,-0.0228256
68.6,-0.436388,-0.209465,-0.108488,0.147518,0.0269209,-0.0346607,-1.22876,-0.128428,0.162792,0.851223,-0.358602,-0.0197428,-0.00680308,0.00119257,0.0129453,0.000922785,-0.0222667,-0.0274319,0.0192227,-0.000263653,0.0157617,-0.00578311,0.014465,-0.0160229,-0.0287861,0.0253826,-0.00522512,0.0223654,-0.00270748,-0.583086,-0.174028,0.0817242,0.55298,-0.323027,0.0709322,-0.59412,-0.16752,0.116065,0.519591,0.715722,-0.0209781,0,0,0,0,0,0,0,0,0,0,0,0,0,0,0,0,0,0.855367,0.0152716,4.94879,7.83217,-2.63982,0.434111,6.39897,-0.638136,3.3649,-13.9757,9.56711,0.598046,-0.2057,0.149769,0.154403,0.00153398,-0.0690291,-0.449456,0.228563,0.0322136,0.270962,-0.0716676,0.412641,0.082835,-0.291456,0.0398835,0,0.0373064,-0.0402517,-0.671165,3.69141,0.671165,21.0938,9.16376,0.32164,64.0962,0.351562,-5.48118,30.0586,0.551787,-0.102286,17.0588,-4.34572,-31.841,-0.75,4.375,2.375,-7.3125,-0.125,-2.08984,0.195312,-9.9375,2.8125,2.125,-7.875,-0.0625,-2.29492,0.117188,-16.3805,3.51316,9.12362,29.4907,-8.71828,3.35549,50.666,-2.63289,-11.4025,6.15807,23.8388,-1.2455,2.65802,-0.807081,-4.34679,-0.0953465,2.36473,2.27051,-1.41826,-0.0269405,-0.586195,0.18733,-2.27178,1.43662,2.02222,-1.3489,0.104502,-0.484615,0.0944012
68.64,-0.432036,-0.14347,0.109331,0.564701,-0.202599,0.0109142,-0.958471,-0.135169,0.168068,0.480707,0.0832237,0.00882282,0.00871812,0.013319,0.00648699,-0.00260058,-0.0160948,-0.0233453,0.00219311,-0.000707069,0.00597486,-0.00598253,-0.0143092,-0.0203732,-0.0254904,0.0192946,-0.00565655,0.0152478,-0.00295291,-0.55906,-0.29472,0.169666,0.789486,-0.957142,-0.0119731,-0.51194,-0.396454,0.113892,0.262127,0.767652,0.0688737,0,0,0,0,0,0,0,0,0,0,0,0,0,0,0,0,0,-0.203985,2.32674,2.84551,7.49946,-6.10019,-0.154914,2.15813,-0.248709,-3.94429,-4.56622,4.38132,-1.2812,0.776516,0.643865,-0.0904935,0.658078,0.676486,0.748583,-1.58307,-0.0981748,0.414298,0.597884,-2.22427,0.447922,0.750117,0.16567,-0.0659612,0.580213,0.344593,-12.7521,-16.4355,1.06268,3.69141,-13.4476,-1.06427,40.5495,-23.7305,1.95756,-10.8105,17.3776,3.60058,-34.9565,-33.8725,-12.5383,-0.6875,2.3125,-0.125,5.625,0,-1.35742,-0.371094,17.0625,3.1875,0,-7,0,-2.38281,-0.205078,-12.2944,-19.7785,0.342402,3.71994,-17.9814,-0.605662,40.3369,-25.6311,2.4709,-14.5221,18.6145,4.96444,-4.94498,-5.92729,-1.67462,-1.0561,0.25651,-0.329902,3.05648,0.112316,-0.533795,-0.478234,5.87946,1.14147,-0.225711,-1.29607,0.179092,-0.885168,-0.285535
68.7,-0.492674,-0.15575,0.0574111,0.731394,-0.366342,-0.00657327,-0.846716,-0.160991,0.0190299,0.418811,0.0980062,-0.026696,-0.000482108,0.00740099,0.00661921,-0.0109536,0.0122599,0.0123438,0.00031159,-0.000383495,-0.00231631,0.00316,-0.00498544,0.0108817,0.0143211,-0.00421845,-0.00347543,-0.00734777,0.00162602,-0.442878,-0.0249015,0.0041161,0.732361,-0.477427,0.0512328,-0.598185,-0.405941,0.0312405,0.368407,0.866515,0.0190843,0,0,0,0,0,0,0,0,0,0,0,0,0,0,0,0,0,-0.886222,0.118901,-1.74159,-0.410152,-1.41767,4.13065,2.31241,0.574868,-1.73473,-0.714494,0.068854,-0.189509,-0.344547,-0.245962,0.149577,-0.133456,-0.0997088,0.0690291,0.164136,0.0122718,0.100138,0.0245437,1.01396,-0.0230097,0.334408,0.277651,0.0659612,0.363247,0.0530144,-5.87269,14.0625,-3.1321,-2.37305,-0.362462,-0.718237,39.5428,-21.4453,6.37607,14.1504,25.9972,0.782368,9.78782,-12.2186,-18.9909,7.0625,-2.3125,-0.625,-1.75,-0.125,0.0195312,-0.0195312,-0.875,-2.3125,-1.25,-0.3125,-0.125,0.0683594,-0.0292969,6.75205,12.8471,-1.84632,1.78567,-1.60809,-5.94905,20.2282,-25.6447,4.69052,-4.7026,30.6027,2.21023,1.17827,-1.48241,-2.43449,1.36227,-1.02657,-0.755246,-0.343851,-0.00460194,-0.053812,-0.0877437,-1.52938,-1.04215,-1.38487,-0.344379,0.00354733,-0.216291,-0.0855348
68.74,-0.513981,-0.110114,0.0100037,0.706935,-0.382641,0.00759711,-0.730501,-0.118969,-0.0412203,0.366758,0.108483,-0.0349945,-0.00238376,0.000391661,0.00766647,0.00165382,-0.011397,-0.00252867,0.00517719,-0.000515322,0.00309864,0.00268447,0.00865261,-0.00747816,0.000239685,0.0114449,-0.0035713,0.0118193,0.00151097,-0.503292,0.0216131,-0.0526175,0.700675,-0.26972,0.0366016,-0.552004,-0.308399,-0.0295744,0.493091,0.354048,0.00500822,0,0,0,0,0,0,0,0,0,0,0,0,0,0,0,0,0,-1.08164,1.20319,-1.64731,-0.615229,0.809627,-0.0106242,1.46389,1.31009,-0.850225,0.374155,-1.416,0.270893,-0.0942789,-0.0838758,-0.0670524,0.360485,-0.526155,-0.687223,0.227029,-0.0306796,0.097193,-0.0500691,-0.596719,-0.457126,-0.697961,-0.147262,-0.0107379,-0.210094,-0.0618501,2.85245,10.6348,-3.02024,1.05469,0.546591,1.027,15.2131,-21.5332,2.85245,17.5781,13.9091,1.26846,5.20153,-0.0994449,-13.4033,-2.375,3.0625,1.5625,-2.9375,-0.0625,-0.517578,0.0292969,-2.875,2.1875,1.5,-2.4375,-0.0625,-0.732422,0.0488281,3.23222,10.7664,-2.9675,1.52194,2.89757,1.18143,14.9219,-21.5632,2.86504,17.4534,12.6546,1.05832,0.997964,0.134129,-2.09878,-0.886353,2.19201,1.50088,-0.712918,0.040986,-0.159166,-0.0036202,0.328176,1.66207,1.38394,-0.277722,0.0821638,-0.0262924,0.0316307
68.8,-0.533332,-0.0329209,-0.0225787,0.657243,-0.316764,0.0279255,-0.69749,-0.0576606,-0.0645891,0.486178,0.00719643,-0.0278898,0.000575852,-0.000883069,0.00453597,0.00141414,-0.00926381,-0.013674,0.00538092,-0.000515322,0.00375058,-0.0034668,-0.00635164,-0.0117206,-0.0196901,0.00031159,-0.00355931,0.00246971,-0.00181777,-0.510604,-0.0423471,0.00687835,0.588255,-0.23349,0.000300592,-0.540071,-0.0704974,-0.0363893,0.723342,-0.234727,0.0834926,0,0,0,0,0,0,0,0,0,0,0,0,0,0,0,0,0,0.15256,1.69406,-0.797086,-0.8803,1.62018,-0.172935,-0.0428541,0.993747,-0.483394,3.85063,-3.04308,0.33915,0.00342833,0.0811517,-0.11957,-0.0506214,0.151864,0.19635,-0.125786,-0.00153398,-0.133518,0.0127627,0.0199418,0.154932,0.0352816,-0.363553,0.00306796,-0.0873755,-0.000981748,-0.727095,1.05469,-0.279652,0.615234,0.273415,-0.154416,13.4792,-12.1289,2.90838,5.09766,2.98737,3.39613,-1.78977,0.79391,-4.82217,-0.75,1.3125,0.4375,-0.9375,-0.125,-0.166016,0.078125,3.8125,1.875,1.0625,2.3125,-0.0625,-0.0292969,0.0683594,1.96774,-4.33074,4.53988,-6.82694,0.0905819,-0.759125,15.8277,-3.27117,3.78677,20.172,-3.59077,3.777,-0.18304,0.0214655,-1.00208,-0.0401711,0.622652,0.291001,-0.017473,0.0118404,0.058506,0.0565732,0.59528,0.862193,0.913941,0.711527,0.0681183,0.0379814,0.0373371
68.84,-0.511771,-0.0244329,-0.0120795,0.77841,-0.402556,0.000739328,-0.691866,-0.0547205,-0.0583083,0.667733,-0.124722,-0.0367461,-0.0026516,-0.0066074,0.00197091,0.00233692,-0.000395479,-0.003799,0.010654,-0.000443416,0.00724039,-0.00250806,0.00769387,0.00312788,-0.00813729,0.00202533,-0.00359527,0.00161835,-0.00167204,-0.524763,-0.0487806,0.0720285,0.636266,-0.451676,0.0546278,-0.518145,-0.0803274,0.0249269,0.531942,-0.168823,-0.024167,0,0,0,0,0,0,0,0,0,0,0,0,0,0,0,0,0,1.56503,-0.508327,0.35826,2.18821,-1.64358,0.309631,1.56674,0.0316341,0.903364,0.0501782,0.242298,-0.600971,0.0788515,0.14054,0.0650639,-0.463262,-0.138058,0.108913,-0.0429515,-0.0107379,0.299433,0.0461421,0.690291,-0.0322136,0.279184,0.147262,-0.0168738,-0.0608684,0,-4.13885,-1.49414,7.99805,-29.0918,2.51649,1.57967,14.3182,-3.16406,6.82351,-19.6875,-2.87873,0.941827,5.42525,11.3632,-5.57301,0.0625,0.1875,0.0625,-3.25,-0.0625,-1.30859,0.0390625,-7.1875,-0.6875,0,-0.6875,-0.0625,-0.0195312,0.0683594,-4.42925,-1.41812,7.69428,-30.0744,1.32237,1.53627,14.2385,-2.62395,6.51679,-20.5694,-2.24865,1.70511,0.558924,1.5606,-0.786464,0.692832,0.315664,-0.0278753,-0.446796,0.0196062,-0.444241,0.00401903,-2.14997,-0.248361,-0.151505,-0.395791,0.0887791,0.0285014,0.0334408
68.9,-0.453195,-0.0187657,-0.00779408,0.786532,-0.426077,0.0101662,-0.631508,-0.0444173,-0.0500187,0.687206,-0.162718,-0.0144733,0.000160703,-0.00139919,0.00183785,0.00363122,-0.00400273,-0.00153398,0.00880841,-0.000551274,0.00584447,-0.000567573,0.00151001,0.00173771,-0.00336757,0.00870055,-0.00347543,0.00650408,-0.00171039,-0.574649,-0.0465525,0.0200482,0.587052,-0.43909,0.0502636,-0.483476,0.0295157,-0.0314623,0.610145,-0.330779,0.0411811,0,0,0,0,0,0,0,0,0,0,0,0,0,0,0,0,0,1.39019,0.0654498,-0.114849,-0.548688,0.137964,0.251539,1.75359,-0.195259,0.209128,-0.440696,-0.355596,0.554051,-0.0274266,0.011617,0.0901571,-0.168738,0.0276117,0.0107379,-0.0122718,0.00920388,-0.0765763,0,-0.220893,-0.00613592,0.0322136,-0.0966408,-0.0245437,-0.119773,0.0019635,-12.8081,0.0878906,-1.39826,-33.5742,0.843848,0.562077,19.7994,4.21875,0.391513,-9.05273,-9.81827,2.26719,-0.335582,2.17875,-7.60763,-1.5625,0.5,0.1875,-2.5,-0.125,-0.478516,0.0390625,0.1875,-0.4375,0.25,-1.875,-0.0625,-0.410156,0.0683594,-14.9258,-2.90958,3.01393,-27.7272,-0.796445,1.10082,11.296,7.78381,1.43739,-9.79648,-6.01123,1.11807,0.034069,0.384905,-0.821828,-0.0256462,0.34505,0.0552233,-0.415877,0.0018216,-0.040313,0.0113515,0.290785,-0.161499,0.103951,-0.241746,0.0940522,-0.0103084,0.0322443
68.94,-0.408721,-0.02814,0.00728519,0.760266,-0.423328,0.0173672,-0.595002,-0.025251,-0.00787443,0.673971,-0.16337,-0.00833502,2.67838e-05,0.000468917,0.00249879,0.000275637,-0.00216914,-0.0026605,0.00642354,-0.000515322,0.00508515,-0.000859029,0.00367916,0.00200137,-0.00228899,0.00551274,-0.00342749,0.00437185,-0.00164903,-0.586322,-0.0518365,0.0240509,0.578613,-0.393187,0.0597831,-0.490584,0.00977641,-0.0283514,0.596074,-0.314448,0.0379467,0,0,0,0,0,0,0,0,0,0,0,0,0,0,0,0,0,-0.212556,-0.583595,0.755946,-0.242164,0.399499,0.689871,-0.454253,0.0938114,0.843368,-0.182169,0.07159,0.383969,0.0308549,-0.160702,-0.0827469,-0.0230097,0.0138058,-0.0291456,-0.257709,0,-0.0539961,-0.0284707,0.605922,0.0076699,0.0107379,-0.122718,0.0107379,-0.0657771,0.011781,-17.4503,-1.40625,0.503374,-27.0703,-1.53073,0.828623,11.3539,2.98828,-3.29989,-10.7227,-7.36302,1.27244,-0.950817,0.247586,-0.853917,-0.1875,0.25,0.3125,-0.875,-0.125,-0.46875,0.0683594,-4.0625,-0.5625,0.1875,-0.75,-0.0625,-0.3125,0.0488281,-17.335,-1.20246,0.164679,-26.2794,0.406641,0.316894,11.3503,3.31512,-3.73444,-10.9559,-6.18628,1.08333,-0.1006,0.341432,-0.501396,0.0184557,0.189303,0.191316,0.19424,0.0103064,-0.0477068,0.0456513,-1.57976,-0.215476,0.0929736,-0.0302003,0.0578119,-0.0216598,0.0211996
69,-0.387749,-0.0391336,0.0166729,0.752443,-0.418416,0.0280527,-0.577539,-0.0230012,0.0150257,0.672668,-0.155821,-0.00212131,-0.000133919,-0.000242022,0.000665656,0.00632767,-0.00355931,-0.00373908,0.00560862,-0.000515322,0.00361252,-0.00077466,0.00931174,0.00177367,-0.00218113,0.00746617,-0.00346344,0.00523087,-0.00164136,-0.291941,-0.0166802,0.00575555,0.671266,-0.359196,0.0301528,-0.309642,0.0810316,-0.0221662,0.633865,-0.327582,-0.0198523,0,0,0,0,0,0,0,0,0,0,0,0,0,0,0,0,0,-0.272552,-0.0719948,0.334262,-0.31525,0.109189,0.174009,-0.581101,-0.285798,0.596529,0.292343,0.540632,0.204295,0.0137133,-0.0764789,-0.350077,0.51235,0.0291456,0.0352816,0.0567573,-0.00613592,-0.201258,0.0147262,0.197884,0.0598252,0.00920388,0.105845,-0.0245437,0.216966,-0.0127627,-13.0877,-4.13086,4.25071,-22.1484,1.13464,0.100705,4.81001,4.21875,-2.51687,-12.5684,-3.85192,-0.635903,0.279652,0.841792,11.1026,-5.9375,0.5,0.3125,-2,-0.0625,0.0195312,0.0390625,-6.25,-0.5625,0.1875,-2.625,-0.0625,-0.859375,0.0683594,10.1259,2.38933,-1.76026,-10.9156,2.15041,-0.264014,27.9519,10.9749,-4.91225,-6.98973,-7.95168,-1.11783,-0.000964213,0.302043,0.850534,-1.65747,0.29764,0.116391,-0.393945,0.0164424,0.129008,0.000766991,-1.32694,-0.297017,0.0906487,-0.584998,0.0938125,-0.321584,0.0455899
69.04,-0.33998,-0.0366707,0.00901275,0.757838,-0.426882,0.0257628,-0.531806,-0.0213053,0.0163381,0.681079,-0.160819,-0.00608005,0.000482108,-0.00149867,0.000230735,0.00413456,-0.0029601,-0.00330765,0.0082811,-0.00053929,0.00469398,-0.00160301,0.00133025,0.0013662,-0.0036432,0.00575243,-0.00343947,0.00280719,-0.00174107,-0.255045,0.0272131,-0.00468179,0.626498,-0.413192,-0.0213047,-0.317896,0.120991,-0.0255969,0.680083,-0.290491,-0.0615396,0,0,0,0,0,0,0,0,0,0,0,0,0,0,0,0,0,3.46604,1.16719,-0.67538,-0.225802,-1.00733,-0.627662,2.70152,0.0829031,0.311978,0.795216,-1.32707,-0.148428,0.0428541,-0.175285,0.0734308,-0.720971,0,0.0506214,0.107379,0.00920388,0.0755946,-0.00490874,-0.558369,-0.00153398,-0.15033,0.0245437,0.0122718,-0.0755946,-0.0392699,2.06942,3.33984,-0.167791,-18.8965,2.58027,-1.49883,16.5554,14.3262,-4.75408,-2.72461,-2.09943,-2.3357,-1.00675,1.33598,-0.545032,0,0.3125,0.1875,-3.25,-0.125,-0.625,0.0878906,1.5,-0.375,0.5625,-1.8125,0,-0.117188,0.0878906,1.56144,4.054,-0.0186931,-18.7977,2.56229,-0.627375,15.9879,14.0638,-4.81746,-3.33027,-2.5327,-1.92153,-0.273195,0.975457,-0.289513,1.02849,0.29601,0.0641396,-0.628812,0.00158192,-0.169474,0.0369689,0.983713,-0.133552,0.48282,-0.336709,0.0565176,0.0194509,0.0740913
69.1,-0.293778,-0.0318727,0.0106466,0.758161,-0.431071,0.0352642,-0.481948,-0.013499,0.0222975,0.678548,-0.16582,-0.00502958,0.000361581,-0.00103941,0.00637858,-0.000347543,-0.00219311,0.00177367,0.00961135,-0.000359527,0.00539194,0.000314466,-0.000455401,0.00155795,-0.00208526,0.00620783,-0.00370313,0.00250039,-0.00148029,-0.602367,-0.091337,0.0628829,0.537817,-0.375799,0.0469469,-0.550259,0.0176502,-0.00563577,0.608807,-0.187049,-0.0102845,0,0,0,0,0,0,0,0,0,0,0,0,0,0,0,0,0,0.356546,0.135263,-0.114849,0.137445,-0.166318,0.11827,1.00107,0.771217,-0.010285,-0.414516,-0.165112,-0.497016,-0.010285,0.0327791,0.485898,-0.108913,0.0184078,0.0720971,0.208621,0.0414175,0.221875,0.203222,-0.108913,-0.0168738,0.0582913,0.303728,-0.076699,0.136463,0.00981748,11.5776,4.74609,-1.56605,-16.6992,5.83288,-2.22224,22.0925,10.5469,-4.4185,-0.439453,1.14283,-2.28202,-3.46768,-0.447502,-32.3445,0.75,0.25,-0.125,-4.625,-0.125,-0.917969,-0.166016,1.5,-0.375,0.1875,-3.3125,0,-0.322266,0.0488281,-31.572,-6.21695,5.45333,-33.6015,2.5435,0.230771,-8.83333,1.57248,-2.77276,-8.80301,-0.518943,0.783835,-0.0776194,0.213486,-3.37127,0.25258,0.182496,-0.232877,-0.89781,-0.0342269,-0.329714,-0.209511,0.263365,-0.122047,-0.0123198,-0.917848,0.150762,-0.186471,0.0197884
69.14,-0.309915,-0.0371394,0.020503,0.749921,-0.444698,0.0439843,-0.488818,-0.0135416,0.029047,0.668219,-0.18142,0.00606812,5.35676e-05,0.000520784,0.0035923,0.00466186,-0.000707069,0.00148604,0.0066872,-0.000371511,0.00621262,0.00100476,0.000838896,0.00297209,0.00578838,0.00629172,-0.0033436,0.00664981,-0.00106612,-0.661052,-0.0744697,0.0391846,0.500911,-0.426814,0.0667031,-0.524102,-0.0107518,-0.00220691,0.592554,-0.273519,0.00245009,0,0,0,0,0,0,0,0,0,0,0,0,0,0,0,0,0,-2.07242,-0.77449,0.73709,0.343612,-0.429721,1.28556,-3.0135,-0.355611,0.0239983,-0.52578,-0.897759,1.19321,-0.210842,0.152643,-0.356188,1.39592,-0.162602,-0.0889709,-0.230097,-0.0306796,0.0520326,0.015708,0.452524,-0.0475534,0.426447,-0.371223,0.0276117,-0.149226,0.0530144,-31.7125,-2.19727,0.727095,-39.9023,0.868466,-0.465467,2.18129,0.439453,-3.18803,-10.0195,-1.67241,-1.53848,3.69141,-0.992388,3.5783,-6.3125,0.3125,0.1875,-0.5,-0.0625,-0.800781,-0.0195312,-1.0625,-0.625,-0.9375,0.0625,-0.125,-0.400391,0.0195312,-30.9688,-2.18405,0.393979,-38.7259,1.57479,-1.66237,2.49858,0.990207,-3.17339,-9.24665,-1.88847,-2.53114,0.616456,-0.614163,-0.00912559,-3.25803,0.395911,0.10364,0.125834,0.0381098,-0.176285,-0.0358031,-0.988938,-0.202102,-1.14231,0.427861,0.0392603,0.0162295,-0.031692
69.2,-0.325704,-0.0400284,0.0170613,0.73787,-0.459871,0.050226,-0.510539,-0.0146495,0.0368277,0.672702,-0.212651,0.024842,0.00028123,-0.0010952,-0.00597109,0.011361,-0.000922785,0.00110255,0.00515322,-0.000551274,0.00393466,0.000882039,0.0117925,0.00331963,0.00648347,0.00490155,-0.0033436,0.00418777,-0.000145728,0.00374214,0.031569,-0.00467383,0.638292,0.06785,-0.0602444,-0.206363,0.0744866,-0.00696727,0.67578,0.263676,-0.0709858,0,0,0,0,0,0,0,0,0,0,0,0,0,0,0,0,0,-0.294836,-0.220348,-0.0942789,-0.499601,-0.15755,-0.0228791,0.227984,-0.371973,0.166274,0.688314,-0.914647,0.724991,-0.0257124,-0.0133131,-0.417504,-0.0536893,-0.00920388,-0.0337476,-0.328272,0.0184078,-0.473202,-0.0353429,0.0920388,-0.0598252,0.0168738,-0.079767,-0.0475534,-0.230711,-0.0255254,-42.7868,1.93359,-0.111861,-52.5586,-12.8463,0.697111,-5.81676,0.878906,-2.74059,-13.3594,-9.43099,-0.687874,0.111861,2.69053,27.5825,-7.3125,0.0625,0.1875,0.25,-0.125,0.351562,0.0292969,-7.75,-0.8125,-0.125,-0.1875,0,0.0976562,0.0683594,33.5343,7.60044,-1.98495,-12.9383,21.424,-4.37306,29.9617,9.65756,-4.71205,-2.29156,20.8823,-5.28309,-0.00723163,0.368498,3.04384,-1.02873,0.110686,0.0123677,0.398883,-0.00738228,0.394509,0.0177021,-1.36333,-0.212313,-0.357921,-0.0855434,0.114425,0.146955,0.02844
69.24,-0.264918,-0.0514395,0.0148516,0.717656,-0.421834,0.0331842,-0.464083,-0.0276713,0.0286185,0.660694,-0.172805,0.0040128,0.000656203,-0.00192873,0.00115275,0.00381098,-0.00328368,0.00234891,0.00637561,-0.000515322,0.00160301,0.000467864,0.00325971,0.0025047,0.00517719,0.00327169,-0.00336757,-0.000437185,-0.000115049,0.0387237,0.00410802,-0.00487017,0.61063,0.0718875,-0.0905516,-0.172351,0.0579284,0.000396787,0.707889,0.302945,-0.0613635,0,0,0,0,0,0,0,0,0,0,0,0,0,0,0,0,0,3.86887,-0.164715,-0.053139,-1.55116,5.24001,-1.89685,4.67452,-0.561778,0.0685665,-0.49851,5.33537,-2.6706,0.00342833,0.0562015,1.2041,-0.725573,-0.486272,0.474,0.288388,0.00920388,-0.271944,0,-0.355884,0.0582913,-0.079767,-0.0107379,-0.0184078,-0.164934,-0.0127627,23.2111,4.74609,-1.73384,-8.78906,1.09519,-3.65427,20.3587,9.22852,-2.46094,10.7227,2.98138,-0.200621,-1.8457,7.45089,-44.0634,0.375,1.125,-0.6875,-3.125,-0.125,0.390625,0.0390625,0.375,-0.75,0,-1,-0.0625,0.488281,0.0390625,22.6265,5.88418,-1.8659,-9.84927,9.26883,-1.15573,19.8242,9.68352,-2.9593,9.07329,8.35927,2.72616,-0.207146,0.410016,-3.95812,1.07005,1.30091,-1.06545,-0.895557,0.00110255,0.239884,-0.00935728,0.385796,-0.367053,-0.0993253,-0.142109,0.0857591,0.173677,0.0150637
69.3,-0.268574,-0.062612,0.00494161,0.679767,-0.390492,0.0555502,-0.467685,-0.0347106,0.0178648,0.643428,-0.142578,-0.00909915,0.000107135,-0.000241022,0.0076088,-0.00522512,-0.00203732,0.000323574,0.00792157,-0.000455401,0.000920388,0.000460194,-0.00348741,0.002277,0.00412257,0.00741824,-0.00298407,-0.00082835,-0.000207087,-0.766107,0.173276,-0.0491623,0.305841,-0.610489,0.0986905,-0.588891,0.0104851,-0.0403232,0.607997,-0.563656,0.0251783,0,0,0,0,0,0,0,0,0,0,0,0,0,0,0,0,0,-0.00514249,-0.385063,-0.154275,-0.78758,0.432543,0.422638,-0.617099,0.0109083,-0.272552,0.0949023,1.00468,0.364333,0.0582815,-0.0636299,0.27067,-0.148796,0.0368155,-0.0552233,1.07839,0.00460194,0.198313,0.00490874,-0.182544,0.0582913,0.0107379,1.07072,0.0444854,0.085412,-0.000981748,-25.6721,16.4355,-4.97781,-39.8145,-1.84726,-1.65005,2.46094,6.15234,-5.42525,-0.878906,-11.5677,0.0287439,-0.503374,1.74029,-28.7547,4.3125,0.25,0.1875,-7.125,-0.125,-0.371094,0.0195312,3,-0.6875,-0.0625,-8.875,-0.0625,-0.0488281,0.0390625,-49.7429,24.3589,-5.10184,-52.9386,-9.66499,0.880339,-10.8864,4.49775,-5.2737,-5.69426,-18.8525,0.642432,-0.206985,0.263196,-3.09465,0.820104,0.130101,0.0942679,-2.55286,0.00450607,-0.216721,-0.0141126,0.713828,-0.344283,-0.227604,-2.51235,0.015196,-0.0688451,0.0051235
69.34,-0.318674,-0.0578566,-0.0170479,0.624075,-0.394827,0.0811449,-0.531444,-0.0435736,-0.00223645,0.696504,-0.218583,0.0414791,0.000575852,-0.00122601,0.000298531,0.012176,-0.000275637,0.000683101,0.00923984,-5.99211e-05,0.0101856,0.000567573,0.0100068,0.00514123,0.00986302,0.0115168,-0.00245677,0.0105154,0.000713301,-0.829124,0.368892,-0.0991043,0.259612,-0.447488,0.237303,-0.545282,-0.152309,-0.0246503,0.862092,-0.399603,0.0484197,0,0,0,0,0,0,0,0,0,0,0,0,0,0,0,0,0,-2.53182,-0.477784,-0.406257,0.573777,-0.379304,1.4699,-4.47054,0.412334,-1.07992,2.72162,-2.2341,0.15447,-0.251982,-0.0957878,-1.11326,1.40052,0.199418,-0.0920388,-0.263845,0.0751651,0.204204,0.00981748,1.48796,0.538427,0.193282,0.0306796,0.14266,-0.366192,0.255254,-46.1426,42.1875,-7.32688,-58.0957,-2.02581,4.56124,6.65572,-13.0078,0.111861,14.4141,-1.32257,0.0327743,-2.01349,3.62906,44.8211,-12.25,-0.4375,0.25,-1.5625,-0.1875,-1.62109,-0.00976562,-11.375,-1.875,-0.8125,-3.5625,-0.1875,-0.498047,-0.214844,-45.9814,43.6304,-7.39313,-56.9644,-1.34785,3.30651,7.55727,-11.6982,-0.0815399,13.9517,-2.77259,-0.0313172,0.58319,0.655166,3.25023,-4.01865,-0.371271,0.149923,0.0656975,-0.0739666,-0.407916,-0.0211689,-3.97661,-1.59098,-0.879714,-0.637201,-0.0935249,0.155883,-0.26952
69.4,-0.338882,-0.0419032,-0.00389704,0.605147,-0.37094,0.0486228,-0.59219,-0.0449542,-0.0292613,0.843349,-0.288744,-0.0153898,0.000160703,-0.00242074,-0.00323541,0.00602807,5.99211e-05,0.00439821,0.00527306,-0.000491353,0.00444087,0.00160301,0.00270843,0.0024328,0.011373,0.00234891,-0.00285225,0.00394233,0.00276884,0.0756865,-0.00879917,-0.108881,0.644497,0.184125,0.0949353,-0.574015,0.0435706,-0.0237771,0.866138,-0.24017,-0.0956372,0,0,0,0,0,0,0,0,0,0,0,0,0,0,0,0,0,-0.851939,1.28827,2.00728,0.589049,0.177982,-0.151065,-0.359974,-0.999201,-1.44675,1.98531,-2.68478,-0.160574,-0.0925648,0.159812,-0.258087,-0.34668,-0.182544,-0.111981,-0.185612,0.0138058,-0.371101,-0.0441786,0.219359,-0.118117,-0.325204,-0.679554,-0.0966408,-0.24151,-0.0500691,20.2468,10.3711,-11.9691,-3.60352,18.658,2.59141,0.335582,0.527344,3.74734,-2.19727,7.56611,-2.78769,1.2864,3.74089,15.6329,-3,0.1875,0.1875,-0.5625,-0.125,0.166016,0.0292969,-2.375,-0.375,0.1875,2.375,0,0.117188,0.0195312,43.1607,0.733865,-14.5129,3.54631,21.8466,2.15463,2.53736,10.8509,3.44192,-4.52276,7.31252,-2.88875,0.229484,0.246784,1.74488,0.0905527,0.359095,0.00405067,0.10757,-0.00397876,0.282283,0.0121184,-0.709562,-0.00704674,0.0817564,1.24166,0.153686,0.162663,-0.00530758
69.44,-0.335762,-0.0778666,0.00219627,0.625804,-0.372758,0.0394042,-0.603278,-0.0414686,-8.03514e-05,0.898418,-0.32657,-0.0446989,0.000629419,-0.00490112,0.00133716,0.00189351,-0.000970722,0.000683101,0.0055487,-0.000491353,0.000567573,0.000897379,0.000743022,0.00171374,0.00254066,0.00275637,-0.00290018,0.00122718,0.00194816,0.0271496,0.0110111,-0.0866593,0.758723,0.238527,0.0766361,-0.625157,-0.0191383,0.0143497,0.815293,-0.350495,-0.0840086,0,0,0,0,0,0,0,0,0,0,0,0,0,0,0,0,0,0.178273,-0.757037,-0.622241,0.793034,-0.528624,-0.596874,2.87979,-0.194168,0.55196,-0.2498,-0.349512,-1.59385,0.0582815,-0.256526,0.604086,-0.193282,-0.0337476,-0.0122718,0.380427,0,0.0147262,-0.0019635,-0.0521553,-0.0306796,-0.243903,0.484738,-0.0138058,-0.0019635,-0.015708,35.7955,8.78906,-7.32688,16.6113,26.4642,1.89572,-7.27095,2.90039,0.559304,-10.9863,-0.729467,-0.306518,0.503374,12.9534,-20.772,-0.125,0.0625,0.1875,-3.5625,-0.0625,-0.078125,0.0292969,0.1875,-0.4375,0.5,-2.6875,-0.0625,-0.078125,0,35.9346,10.4018,-7.64108,16.7656,25.5087,2.68303,-7.94745,2.62137,0.339089,-11.4697,-0.257959,1.61531,-0.36367,2.23991,-2.21341,0.197212,0.164567,-0.00961135,-1.03829,0.00982706,-0.0260777,-0.0159841,0.0300085,-0.110015,0.360773,-1.10729,0.0718095,-0.0225802,-0.0232552
69.5,-0.391659,-0.0796136,0.0397605,0.679443,-0.390635,0.0334638,-0.561817,-0.0337305,0.0194049,0.773851,-0.3546,-0.0302517,0.0026382,0.00736876,0.0103439,0.000275637,-0.0100667,-0.00383495,0.0101387,-0.000575243,0.00906583,0.000859029,0.000683101,-0.00692688,-0.00512925,0.0143931,-0.00316384,0.00862864,0.000168738,-0.513337,-0.132604,0.0626666,0.703106,0.0727163,0.0727438,-0.475005,-0.149212,0.0292393,0.542222,0.441368,-0.061819,0,0,0,0,0,0,0,0,0,0,0,0,0,0,0,0,0,-2.07071,1.29918,1.41761,-0.742856,-0.205986,0.240781,-2.42554,0.890118,0.589672,-0.90648,0.382202,-0.106621,0.260553,0.234334,0.16717,-0.113515,0.0582913,-0.239301,-0.286854,-0.0352816,0.401535,0.0107992,-0.17334,-0.076699,0.219359,1.06918,0.0460194,1.40881,0.0343612,-7.94212,-7.03125,-0.111861,6.24023,19.4709,1.06285,13.5911,-12.3047,0.223722,-29.5312,31.2398,-1.46244,-16.4435,-17.1812,-30.1621,-0.3125,1.875,0.6875,-1.375,-0.0625,-1.83594,0,0.625,1.125,0.0625,-10.5,-0.0625,-3.58398,-0.0195312,-8.02632,-7.8974,-0.544623,6.52095,18.946,1.08964,13.5322,-13.3284,-0.195897,-31.1183,31.0743,-1.04945,-1.57312,-2.91363,-3.60468,0.199465,0.890092,0.67035,0.0667761,0.0467864,-0.582851,-0.0279798,0.27837,0.846086,-0.182256,-2.85802,0.0172573,-1.58138,-0.0377359
69.54,-0.444973,-0.0698387,0.0593529,0.664503,-0.322537,0.0300213,-0.577954,-0.0341396,0.0340556,0.705265,-0.310296,-0.0348554,-0.000267838,0.0034449,0.00905704,-0.000335558,-0.00258859,-0.00336757,0.00859269,-0.000263653,0.0086133,0.000306796,0.0117206,0.00375106,0.00165382,0.0129549,-0.00272042,0.00999389,0.000513884,-0.473386,-0.0200727,0.0595697,0.661833,-0.0549672,0.0253473,-0.494778,-0.0636697,0.0636338,0.673129,0.529299,-0.0978723,0,0,0,0,0,0,0,0,0,0,0,0,0,0,0,0,0,-1.55475,1.01229,0.685665,-0.2498,1.75928,-0.113671,-1.33362,0.155989,0.851939,-0.796306,1.7903,0.224689,-0.0239983,-0.489977,-0.499665,-0.0628932,-0.0138058,0.00613592,-0.240835,0.0122718,-0.375028,-0.17966,0.747049,0.078233,0.403437,-0.0368155,-0.0153398,-0.0137445,0.0147262,-0.167791,2.98828,-1.11861,0.263672,4.292,-0.351061,10.9624,-3.7793,1.45419,-1.66992,29.0975,-2.97036,-0.503374,-0.745777,1.1688,0.375,0.375,0.375,-1.3125,-0.125,-0.166016,0.175781,-10.0625,-1.0625,-0.6875,-3.1875,0,-0.9375,0,0.268096,2.95202,-1.34965,0.598622,7.18424,0.0403822,10.9848,-3.26498,1.25395,-1.63517,30.0032,-2.97006,0.152346,0.436462,-1.21812,0.159342,0.286471,0.156107,0.0520355,-0.00699879,0.202762,0.173524,-2.66615,-0.531572,-0.889565,-0.574116,0.0697482,-0.186133,-0.0250039
69.6,-0.464578,-0.0559562,0.0556835,0.650825,-0.268388,0.0355222,-0.538609,-0.00112492,0.0461083,0.612621,-0.256453,-0.037422,-0.000361581,0.000316999,0.00313493,0.00346344,-0.00598013,-0.00375106,0.00517719,-0.000443416,0.00456359,0.000467864,0.00433829,-0.000383495,0.00149803,0.00854475,-0.00285225,0.00674185,0.000705631,-0.372616,-0.0839563,0.057398,0.626181,0.209852,0.0486014,-0.0780934,0.00189213,0.0657776,0.648237,0.547739,-0.00357622,0,0,0,0,0,0,0,0,0,0,0,0,0,0,0,0,0,2.16156,0.199622,0.16456,-0.0970839,1.22289,0.023925,2.53353,0.53887,0.209128,-0.57814,1.19519,0.102402,-0.0394257,-0.094677,-0.276076,0.0628932,-0.0659612,-0.0214757,-0.236233,0.0076699,-0.233656,-0.107011,-0.520019,-0.0659612,-0.254641,-0.213223,0.0076699,-0.0559596,-0.011781,4.02699,-3.51562,0.111861,-3.95508,15.2322,0.188013,40.7733,-2.02148,1.90163,7.91016,29.6675,0.971986,1.67791,0.446575,5.36745,-2.6875,1.1875,0.375,-0.25,-0.125,-0.0292969,0.117188,-0.75,0,0.5,-1.1875,-0.0625,-0.556641,0.0195312,4.87308,-3.19925,-0.157672,-3.30828,16.6838,0.475319,40.9845,-0.776035,1.54868,7.65507,29.7773,1.14903,0.226752,0.188931,-0.11225,-0.472131,0.729935,0.230505,0.213607,0.00119842,0.142384,0.0976532,0.60621,0.170272,0.43438,-0.000790983,0.049375,-0.0788773,-0.00233165
69.64,-0.417291,-0.0393892,0.0470457,0.648192,-0.254503,0.0454319,-0.486795,0.0186038,0.042613,0.576572,-0.231109,-0.0409314,-0.000723162,-0.00204137,0.00678687,-0.00439821,-0.00461393,-0.00586029,0.00654339,-0.000467385,0.0034668,-0.00113515,-0.00232494,-0.0047098,-0.00793356,0.00125834,-0.00310391,-0.00152631,-0.00192515,-0.261978,-0.0665982,0.0558191,0.604199,0.208108,0.0402088,-0.119162,-0.00419923,0.0873764,0.659868,0.62963,-0.0457924,0,0,0,0,0,0,0,0,0,0,0,0,0,0,0,0,0,2.75123,0.779944,0.447396,-0.862847,-0.120205,-0.367136,2.06385,0.558505,0.93079,-0.291252,0.0928402,-0.0702369,-0.0805656,-0.228355,0.822476,-0.722505,0.500078,0.18868,0.110447,-0.0107379,0.00785398,0.0589049,-0.701029,-0.113515,-0.0414175,-0.0690291,-0.0598252,-0.105047,-0.252309,10.5149,-4.48242,0.335582,-3.16406,19.2133,-0.0664265,33.5582,-3.7793,2.79652,13.9746,35.7191,-0.356439,0.279652,5.04412,-38.389,5.75,0.0625,0,-2.3125,-0.0625,-0.371094,-0.00976562,3,0.875,0.75,-0.125,0,0.478516,0.332031,10.0288,-4.28078,-0.0174527,-3.14753,18.7449,0.525348,32.6357,-3.39731,2.61476,13.6594,34.2439,-0.0539663,0.458646,1.29748,-4.50349,1.88483,-0.538763,-0.084345,-0.548063,0.0200856,-0.0771899,-0.0362019,1.63455,0.698009,0.479513,0.0751411,0.121904,0.135573,0.290812
69.7,-0.41685,-0.0307307,0.0430683,0.627211,-0.262274,0.0428495,-0.500094,0.0322988,0.0459208,0.568169,-0.216972,-0.0438867,-0.000669595,0.000345747,0.00906847,-0.00450607,-0.00349939,-0.00412257,0.00876047,-0.000383495,0.00608223,-0.000751651,-0.00139017,-0.00252867,-0.0056206,0.00768189,-0.00346344,0.00540728,-0.00223194,-0.598947,-0.0231294,0.06919,0.560146,-0.0715653,0.0425141,-0.683176,0.00385329,0.0563626,0.616126,0.388163,-0.0441876,0,0,0,0,0,0,0,0,0,0,0,0,0,0,0,0,0,-3.98543,0.569414,0.257124,-1.25991,-0.789299,-0.0319408,-5.73216,0.0490874,-0.209128,-1.18573,-0.427035,-0.351615,0.0188558,-0.0259761,-0.127082,0.305262,-0.0245437,0.0521553,0.0659612,-0.0184078,0.728457,0.0402517,0.432583,0.184078,0.234699,0.34668,0.0076699,1.35776,0.0814851,-9.73189,-1.49414,2.40501,-4.48242,9.7602,-0.173331,-6.37607,-2.63672,1.45419,12.6562,26.407,0.0118637,-0.894886,-0.847972,-17.5685,1.5,0.625,0.1875,-3.6875,-0.0625,-2.10938,0,-0.3125,0,0,-4,-0.0625,-3.14453,0,-10.2389,-0.378688,2.09792,-5.0201,9.20697,0.0504657,-6.84389,-2.94273,1.46243,11.9365,25.0595,0.691194,0.144311,-0.0257957,-2.3393,-0.159917,0.399027,0.101818,-0.569946,0.0260777,-0.850101,-0.0252186,-0.726148,-0.115288,-0.188368,-1.07745,0.0615989,-1.4659,-0.0368462
69.74,-0.455766,-0.0199929,0.0477823,0.593591,-0.269986,0.0419636,-0.559527,0.0345742,0.0513713,0.573947,-0.209044,-0.0425491,0.000227662,0.000430213,0.00312049,0.00621981,-0.00238486,-0.000826912,0.00807737,0.000143811,0.00753185,0.000513884,0.00625577,0.0011385,-0.000167779,0.0062318,-0.00257661,0.00650408,-0.00191748,-0.661853,-0.0106851,0.0671915,0.549382,-0.1164,0.0591262,-0.674353,-0.00606776,0.0487715,0.604781,0.280578,-0.0403771,0,0,0,0,0,0,0,0,0,0,0,0,0,0,0,0,0,-3.38719,0.667588,0.119991,-0.0719948,0.544678,0.47678,-4.17056,0.238892,-0.00342833,0.371973,0.395267,-0.0917544,0.0377116,-0.301421,-0.872598,1.15662,-0.0736311,0.0122718,0.0138058,0.0674952,-0.22482,0.0019635,1.53705,0.104311,0.378893,-0.291456,0.0153398,-0.349502,0.00785398,-14.6538,-0.527344,1.78977,-6.94336,4.30085,0.0237338,-3.46768,-5.09766,0,3.07617,19.1557,-0.090118,-1.34233,-0.446575,28.5486,-8.25,0.375,0.1875,-2.6875,-0.1875,-0.380859,0.0195312,-8.875,-0.5625,-0.5625,0.375,-0.0625,0.0292969,0.0488281,-13.8343,-0.4044,1.70094,-6.34338,5.05409,-0.267052,-3.14151,-4.54198,-0.253128,3.13708,18.7943,0.270385,-0.181433,0.775198,1.68165,-2.93522,0.385748,0.0168019,-0.43148,-0.0703714,0.0741833,-0.0122412,-3.69967,-0.322472,-0.749398,0.271323,0.0361924,0.219421,0.0304955
69.8,-0.463654,-0.0199673,0.0555496,0.596582,-0.282079,0.0343826,-0.583927,0.0390569,0.0530453,0.600221,-0.209795,-0.0416979,0.000803514,1.51574e-05,-2.90009e-05,0.00367916,-0.00209724,-1.19842e-05,0.00481766,-0.000575243,0.00355884,0.000644272,0.00249272,0.00167779,0.00213319,0.00381098,-0.00244478,0.00363553,-0.00185612,-0.185376,-0.0835276,0.0419462,0.645678,0.225726,0.0587763,-0.107459,0.000215959,0.0805007,0.682096,0.495808,-0.0357762,0,0,0,0,0,0,0,0,0,0,0,0,0,0,0,0,0,5.7253,-0.407971,-0.327405,0.942478,0.320014,-0.27842,5.78358,0.188714,0.197129,1.75624,0.396205,0.0533314,-0.0565674,-0.118349,0.00618687,-0.223961,-0.0107379,0,-0.177942,-0.0245437,-0.430987,-0.00589049,-0.312932,-0.0291456,-0.0383495,-0.191748,-0.0613592,-0.186532,0.000981748,15.6605,-5.18555,-0.391513,2.54883,19.8977,0.999871,35.348,-5.27344,2.46094,5.18555,28.2901,-0.130659,-2.51687,1.18598,2.16949,-1.5625,0.25,0.125,-0.5,-0.0625,0.439453,0.0195312,-0.3125,-0.4375,0,0.0625,0,0.0488281,0.0683594,16.3773,-5.54009,-0.705524,3.59445,19.6722,1.53259,36.0796,-4.26152,2.35128,5.25626,27.4317,0.130204,-0.071352,0.3505,-0.00986032,0.0800067,0.2312,0.000599211,0.115001,0.0360486,0.359811,-0.00699495,0.376592,-0.109488,-0.0299606,0.192946,0.110255,0.113821,0.0361406
69.86,-0.452284,-0.0231631,0.0528444,0.604729,-0.295326,0.0339524,-0.576441,0.0406164,0.0551746,0.609468,-0.214576,-0.0431244,-4.01757e-05,-0.000150009,0.0117629,-0.00429035,-0.00352336,-0.000347543,0.00731038,-0.000551274,0.00279185,0.000674952,-0.00251669,0.00147406,0.00294812,0.0031159,-0.00236089,2.30097e-05,-0.00155699,-0.152779,-0.0956733,0.0507427,0.650819,0.116432,0.0541087,-0.171918,0.0061598,0.0919328,0.691354,0.499438,-0.044252,0,0,0,0,0,0,0,0,0,0,0,0,0,0,0,0,0,0.377116,-0.410152,0,-0.675224,-0.359001,0.0467357,0.637668,-0.244346,0.67538,-0.389427,-0.106232,-0.0654844,0.0617099,-0.259216,1.10292,-0.866699,0.302194,-0.0230097,0.366621,0,-0.11781,-0.0166897,-1.10293,0.00920388,-0.227029,-0.0368155,-0.00920388,0.015708,-0.0206167,29.8668,-5.97656,-0.111861,9.22852,17.6455,0.577808,39.8784,-3.16406,2.23722,14.3262,30.2189,-0.293744,-3.07617,2.20037,-63.2127,5.9375,0.1875,0.1875,-3.3125,-0.125,-0.0390625,0.0195312,4.5,-0.5,0.375,-0.25,-0.0625,0.117188,0.078125,29.1964,-6.43072,-0.210175,9.61428,17.1883,0.712782,39.1769,-2.95697,2.32506,13.8406,28.773,0.085862,-0.173077,0.822652,-6.83764,2.16243,-0.252052,0.0633966,-1.09876,0.0110255,0.0619728,0.00319068,2.45753,-0.165814,0.306652,-0.0821638,0.0564217,-0.0161682,0.0517565
69.9,-0.492648,-0.02889,0.0478626,0.594588,-0.303265,0.0331446,-0.609331,0.0375655,0.057103,0.58581,-0.223597,-0.0402743,-0.000549068,-0.00121508,0.012165,-0.00419448,-0.00336757,-0.00412257,0.00989897,-0.000407464,0.00764689,0,-0.00302002,0.000263653,-0.000503337,0.0105221,-0.00268447,0.00715602,-0.00184845,-0.687901,0.0180211,0.0601631,0.570553,-0.0781461,0.0323144,-0.756252,0.0269489,0.0461697,0.611168,0.378703,-0.067329,0,0,0,0,0,0,0,0,0,0,0,0,0,0,0,0,0,-5.39961,1.17264,0.162845,-1.57843,-0.986708,-0.126125,-6.04414,-0.349066,-0.505678,-2.35729,-1.46216,-0.212057,0.0377116,-0.293778,-0.39217,0.452524,-0.0168738,-0.170272,-0.0751651,-0.00153398,0.890445,-0.00687223,0.351282,0.079767,0.0490874,0.113515,-0.0444854,1.45986,0.0353429,-8.61328,0.878906,1.00675,2.28516,11.6833,-0.11256,-2.74059,-0.527344,0.279652,12.7441,29.1601,-1.219,3.46768,4.64438,-14.6297,1.25,0.625,0.6875,-3.0625,-0.0625,-2.59766,0.0292969,0.9375,-0.375,0.0625,-4.0625,0,-3.62305,0.0195312,-8.7261,2.34582,0.904361,2.7085,10.9782,0.219042,-2.60384,-0.363528,-0.081975,13.2328,27.0163,-0.658076,0.0515856,1.24586,-2.47299,-0.485601,0.370504,0.546672,-0.344618,0.00968325,-1.04338,0.00687223,-0.400561,-0.185899,-0.0730079,-0.753137,0.0981748,-1.60298,0.00162602
69.96,-0.544407,-0.0160727,0.0419568,0.584915,-0.313462,0.0268291,-0.663716,0.0403096,0.0517999,0.588043,-0.217337,-0.0328422,0.000522284,0.000166051,0.00291346,0.00535695,-0.00268447,-0.00251669,0.00699879,4.79369e-05,0.00716369,3.83495e-05,0.00382297,-0.000119842,-0.00161787,0.0065314,-0.00116247,0.00673418,-0.00179476,-0.23819,-0.124108,0.0400784,0.624445,0.313818,0.0876639,-0.135805,-0.0238467,0.0701667,0.689792,0.537642,0.0216142,0,0,0,0,0,0,0,0,0,0,0,0,0,0,0,0,0,-1.29762,0.449422,0.442254,-0.571595,0.167499,-0.702679,-2.66552,0.122173,-0.227984,1.22718,0.120705,0.196795,0.131991,0.00707786,-0.789669,0.980214,-0.0260777,0.0567573,-0.148796,0.0199418,-0.298451,-0.0137445,1.32536,0.156466,0.0490874,-0.222427,0.0720971,-0.417243,0.0412334,-17.4503,4.48242,-0.503374,-7.11914,5.89591,-0.250285,-1.73384,-2.90039,-0.838956,3.25195,16.6851,-0.218044,-3.46768,0.113315,20.0475,-7.125,0.4375,0.1875,-1.5,-0.1875,-0.234375,0.0292969,-6.3125,-0.375,0.125,-0.5,-0.1875,0.146484,0.0292969,33.2169,-11.7023,-1.07234,8.21579,24.7562,3.83875,58.1221,-6.65998,2.29265,10.3537,29.9578,1.78466,-0.552657,-0.071049,1.49497,-2.49612,0.320602,0.0123198,-0.0523471,-0.0209005,0.155177,0.0129775,-3.03302,-0.300948,-0.0172812,0.118284,-0.0488477,0.282559,-0.00533825
70,-0.530614,-0.0190214,0.0389972,0.561642,-0.323363,0.0306323,-0.66618,0.0344975,0.0394257,0.611198,-0.215538,-0.0288111,-0.000147311,0.000544549,0.00106119,0.00394281,-0.00186954,-0.000802943,0.00522512,-0.000802943,0.00474767,0.000222427,0.00533298,0.00105461,-0.000515322,0.00319979,-0.000719053,0.0036432,-0.00181777,-0.20816,-0.125172,0.0415948,0.637638,0.241983,0.0780466,-0.223225,-0.00748951,0.0551961,0.720728,0.401843,0.000520088,0,0,0,0,0,0,0,0,0,0,0,0,0,0,0,0,0,7.19605,-1.60898,0.438826,1.53044,0.480698,0.82106,3.99571,0.211621,0.287979,1.36245,1.24237,0.166401,0.0445682,-0.120043,0.19387,-0.823748,0.0352816,0.0352816,-0.291456,-0.0613592,-0.234638,-0.00589049,-0.635068,-0.0276117,-0.0291456,-0.421845,0.00920388,-0.205185,-0.0107992,18.4011,-6.50391,-0.447443,4.30664,22.4451,1.08715,38.1445,-6.06445,1.78977,11.0742,22.3618,0.792835,-2.68466,-0.841792,-6.91002,-0.1875,0.125,0.125,-0.1875,-0.0625,-0.0390625,0.0292969,-1.6875,-0.3125,0.1875,1.625,-0.125,0.078125,0.0683594,17.8532,-7.39715,-0.617895,5.27768,21.6525,0.254451,36.304,-4.62195,1.00107,10.9797,22.2105,0.840445,-0.0895114,0.196764,-0.899966,1.25321,0.116391,-0.030416,0.321657,0.0774181,0.139684,0.00144194,0.736838,-0.0502379,0.0840574,0.6837,0.00517718,0.132321,0.0471546
70.06,-0.525739,-0.034489,0.053581,0.585665,-0.316126,0.0334888,-0.676639,0.0227796,0.0438585,0.643778,-0.213451,-0.021016,0.000749946,-0.00811704,0.0169074,-0.00542885,-0.0020493,-0.000958738,0.00813729,-0.000659132,0.000498544,9.97088e-05,-0.00512925,0.00100667,-0.00230097,0.007598,-0.000503337,-0.000153398,-0.00184845,-0.98593,0.110292,-0.0189988,0.456098,-0.252495,0.0423033,-0.633542,0.0278963,-0.0456307,0.625689,-0.190891,0.000294048,0,0,0,0,0,0,0,0,0,0,0,0,0,0,0,0,0,0.5931,-0.596684,0.471395,-0.694859,1.05415,-0.238396,-0.829655,-0.739583,1.13135,1.16501,0.0603904,0.184842,0.178273,-0.897344,1.30703,-0.627398,-0.0613592,0.0291456,1.07685,-0.0199418,-0.164934,-0.00589049,-0.500078,0.0368155,-0.0076699,1.04617,-0.0230097,0,-0.0225802,51.9593,-2.90039,-1.34233,9.75586,18.7544,2.10281,26.7347,-0.175781,0.279652,11.7773,28.7686,2.41541,-4.81001,5.91965,-61.4154,6,0.3125,0.125,-6.625,-0.0625,0.322266,0.0292969,5.875,-0.4375,0.375,-6.1875,-0.0625,0.126953,0.078125,-47.2053,15.6715,-8.20077,-16.6556,0.436926,0.829372,5.96898,1.99083,-11.2116,-7.3734,0.781601,0.482716,-0.759803,5.12714,-8.99334,1.79768,0.327649,-0.0103544,-2.56057,0.0331244,0.154963,0.00389631,1.51308,-0.174299,0.130388,-2.47225,0.0330765,0.00306796,0.0595491
70.1,-0.58019,-0.0320772,0.0603707,0.579674,-0.33132,0.035126,-0.711619,0.00911014,0.0281364,0.639534,-0.236844,-0.0266519,0.000254446,-0.00183415,0.00947116,0.0025047,-0.00264851,-0.00190549,0.0104383,3.59527e-05,0.0100706,6.90291e-05,0.000203732,0.00281629,-0.000407464,0.0125715,-0.000131826,0.0117273,-0.00212456,-1.00074,0.0715739,-0.00532637,0.441789,-0.337505,0.0297868,-0.719097,0.0149968,-0.0628683,0.534072,-0.210729,-0.0176488,0,0,0,0,0,0,0,0,0,0,0,0,0,0,0,0,0,-3.3889,1.77696,-0.577673,-1.77587,-2.12078,-0.326835,-4.49111,0.0829031,-1.18449,-0.776671,-2.18461,-0.113254,-0.236554,0.0678658,-0.903365,1.5708,-0.00613592,-0.076699,-0.297592,0.0705631,-0.105047,0.00490874,0.279184,-0.0383495,0.0184078,0.148796,0.13499,1.37739,0.0245437,-37.2496,8.78906,-4.47443,-16.7871,5.28719,-0.197269,8.2777,0.439453,-6.09641,-13.4473,6.84745,0.130209,6.82351,-3.89294,14.6705,-5.25,0.375,0.375,-1.6875,-0.1875,-0.878906,0.0292969,-1.625,-0.75,0.0625,-4.875,-0.3125,-4.08203,0.0390625,-35.2771,6.81118,-5.41436,-13.5793,3.99418,0.440104,8.23439,0.42286,-6.7315,-12.7126,5.41382,0.586633,0.63333,0.346647,-0.131253,-3.39206,0.277123,0.248673,0.0732715,-0.0712822,-0.0963647,-0.00628932,-0.578742,-0.20493,-0.0164424,-0.926165,-0.132354,-1.61194,0.0179476
