time,q0,q1,q2,q3,q4,q5,q6,q7,q8,q9,q10,q11,q12,q13,q14,q15,q16,q17,q18,q19,q20,q21,q22,q23,q24,q25,q26,q27,q28,qdes0,qdes1,qdes2,qdes3,qdes4,qdes5,qdes6,qdes7,qdes8,qdes9,qdes10,qdes11,qdes12,qdes13,qdes14,qdes15,qdes16,qdes17,qdes18,qdes19,qdes20,qdes21,qdes22,qdes23,qdes24,qdes25,qdes26,qdes27,qdes28,tau0,tau1,tau2,tau3,tau4,tau5,tau6,tau7,tau8,tau9,tau10,tau11,tau12,tau13,tau14,tau15,tau16,tau17,tau18,tau19,tau20,tau21,tau22,tau23,tau24,tau25,tau26,tau27,tau28,taudes0,taudes1,taudes2,taudes3,taudes4,taudes5,taudes6,taudes7,taudes8,taudes9,taudes10,taudes11,taudes12,taudes13,taudes14,taudes15,taudes16,taudes17,taudes18,taudes19,taudes20,taudes21,taudes22,taudes23,taudes24,taudes25,taudes26,taudes27,taudes28
27.38,-0.102689,0.000178964,-0.000120527,0.298078,-0.217551,-0.000939065,-0.101738,0.00223279,-0.000308014,0.298623,-0.218933,-0.00222993,0.000241054,-3.89051e-17,0.00351045,0.00330765,-0.00076699,-0.00222907,0.0125954,1.19842e-05,0.0517565,0.0079767,0.00282828,0.000215716,-0.00248073,0.0126913,-0.0120441,0.05451,-0.0110753,-0.1,0,0,0.3,-0.2,0,-0.1,0,0,0.3,-0.2,0,0,0,0,0,0,0,0,0,0,0,0,0,0,0,0,0,0,4.08292,-0.615234,0.615234,4.92188,13.8021,0.671149,4.86594,-4.57031,0.894886,5.00977,15.1388,2.05408,-0.894886,-0.148858,-6.92323,-2.75,0.4375,0.25,-2.625,-0.0625,-0.996094,-0.126953,-2.0625,-0.3125,0.25,-2.375,0.125,-1.02539,0.234375,0.212338,-0.0113515,-0.0188022,0.315568,0.718431,0.0650676,0.240675,-0.220007,0.0925112,0.14649,0.758932,0.102916,-0.149454,0.00579655,-1.04944,-0.324629,0.082835,0.117589,-0.583752,-0.00330765,-0.981134,-0.156589,-0.298168,-0.0215716,0.114833,-0.65604,0.251621,-1.06173,0.22347
27.44,-0.102702,0.000136354,-0.000147311,0.298189,-0.217556,-0.000931934,-0.101685,0.00217314,-0.000267838,0.298692,-0.218912,-0.00222286,0.000227662,-3.89051e-17,0.00351045,0.00330765,-0.000743022,-0.00221708,0.0125235,-2.39685e-05,0.0484661,0.00798437,0.00281629,0.000215716,-0.00251669,0.0126673,-0.0120322,0.0539961,-0.0110677,-0.1,0,0,0.3,-0.2,0,-0.1,0,0,0.3,-0.2,0,0,0,0,0,0,0,0,0,0,0,0,0,0,0,0,0,0,4.81001,-0.527344,0.335582,5.53711,13.8021,0.671149,3.8592,-4.48242,0.615234,3.60352,15.1388,2.05408,-1.06268,-0.0496194,-6.92323,-2.75,0.4375,0.1875,-2.625,-0.0625,-0.917969,-0.117188,-2.0625,-0.3125,0.25,-2.375,0.0625,-1.03516,0.234375,0.17768,-0.0463603,-0.00583886,0.238956,0.705449,0.0317988,0.0450469,-0.217314,0.0473537,0.14717,0.764594,0.0916312,-0.145436,0.031881,-1.05129,-0.343036,0.0497585,0.0832424,-0.659923,0.0173532,-0.905509,-0.159687,-0.287765,-0.00929976,0.104359,-0.62723,0.252915,-1.0809,0.228226
27.48,-0.102649,0.000196009,-8.03514e-05,0.298163,-0.217556,-0.000946226,-0.101578,0.00201974,-0.000241054,0.298794,-0.218912,-0.00220855,0.00028123,-1.50952e-05,0.00349119,0.00330765,-0.00076699,-0.00222907,0.0123318,2.39685e-05,0.0466867,0.00798437,0.00281629,0.000203732,-0.00251669,0.0125715,-0.0120681,0.0539118,-0.0110523,-0.1,0,0,0.3,-0.2,0,-0.1,0,0,0.3,-0.2,0,0,0,0,0,0,0,0,0,0,0,0,0,0,0,0,0,0,5.87269,-0.703125,0.223722,5.625,13.7138,0.619155,2.40501,-4.30664,0.615234,3.60352,15.0505,2.10641,-0.894886,-0.0496194,-7.07881,-2.75,0.4375,0.1875,-2.5625,-0.125,-0.947266,-0.126953,-2.0625,-0.3125,0.3125,-2.375,0.0625,-1.03516,0.234375,0.213463,-0.0196009,0.00803514,0.368233,0.705601,0.0653092,0.0600454,-0.201974,-0.032462,0.11547,0.749958,0.104834,-0.125509,0.0277148,-1.03996,-0.330765,0.082835,0.151337,-0.598181,-0.0142852,-0.944533,-0.167541,-0.284697,-0.0203732,0.14731,-0.622437,0.235226,-1.06645,0.224974
27.54,-0.102743,0.000196009,-0.000107135,0.298231,-0.217551,-0.000939065,-0.101497,0.00188339,-0.000227662,0.298836,-0.218899,-0.00221576,0.000227662,-1.50952e-05,0.00349119,0.00330765,-0.000731038,-0.00215716,0.0122838,1.19842e-05,0.0465486,0.00798437,0.00281629,0.000215716,-0.00249272,0.0125475,-0.0120561,0.0538964,-0.0110447,-0.1,0,0,0.3,-0.2,0,-0.1,0,0,0.3,-0.2,0,0,0,0,0,0,0,0,0,0,0,0,0,0,0,0,0,0,4.64222,-0.615234,0.167791,5.53711,13.6247,0.776734,3.35582,-4.04297,0.671165,3.7793,15.0502,2.00162,0.0559304,-0.0992388,-7.00102,-2.75,0.4375,0.1875,-2.5625,-0.125,-0.947266,-0.126953,-2.125,-0.3125,0.3125,-2.3125,0.0625,-1.03516,0.234375,0.371969,-0.0392358,-0.0458539,0.325284,0.681114,0.078663,0.0108708,-0.181794,0.0227662,0.207252,0.749454,0.0996324,-0.0425862,0.0277148,-1.05475,-0.312357,0.0454921,0.0833143,-0.611124,-0.00177367,-0.929009,-0.168523,-0.269357,-0.0062318,0.152248,-0.654986,0.244191,-1.09364,0.227765
27.6,-0.102676,0.000178964,-0.000107135,0.298342,-0.217556,-0.000931934,-0.101511,0.00184078,-0.000200878,0.298956,-0.218908,-0.00221573,0.000254446,-2.26428e-05,0.00348638,0.00330765,-0.000707069,-0.00212121,0.0122718,0,0.0465256,0.0079767,0.00282828,0.000215716,-0.00238486,0.0125715,-0.0120322,0.0538887,-0.0110293,-0.1,0,0,0.3,-0.2,0,-0.1,0,0,0.3,-0.2,0,0,0,0,0,0,0,0,0,0,0,0,0,0,0,0,0,0,5.25746,-0.615234,0.559304,3.86719,13.8021,0.671149,4.13885,-3.86719,0.391513,2.90039,14.9619,2.05395,-0.559304,-0.148858,-7.07881,-2.75,0.4375,0.1875,-2.5,-0.125,-0.947266,-0.126953,-2.0625,-0.3125,0.3125,-2.3125,0.0625,-1.03516,0.234375,0.313848,-0.0178964,-0.0664238,0.292301,0.708824,0.0592589,0.0327796,-0.17426,0.00980287,0.151178,0.74166,0.107894,-0.158614,0.0154877,-1.05885,-0.312357,0.0584351,0.0968565,-0.576777,-0.00460194,-0.936403,-0.159534,-0.282828,-0.00316384,0.143787,-0.637776,0.239109,-1.07581,0.217641
27.64,-0.102609,0.00016192,-0.000120527,0.298308,-0.217539,-0.000917583,-0.101578,0.00183225,-0.000254446,0.29899,-0.218899,-0.00221576,0.000254446,-2.26428e-05,0.00348638,0.00330765,-0.000731038,-0.00214518,0.012176,-1.19842e-05,0.046495,0.0079767,0.00281629,0.0002277,-0.00239685,0.0125595,-0.0120202,0.0538811,-0.011014,-0.1,0,0,0.3,-0.2,0,-0.1,0,0,0.3,-0.2,0,0,0,0,0,0,0,0,0,0,0,0,0,0,0,0,0,0,4.4185,-0.703125,0.335582,5.44922,13.7138,0.619155,4.30664,-4.04297,0.559304,4.04297,14.9619,2.05395,-1.06268,-0.0496194,-6.76765,-2.75,0.4375,0.1875,-2.5,-0.125,-0.947266,-0.117188,-2.125,-0.3125,0.3125,-2.25,0.0625,-1.03516,0.234375,0.0705981,-0.0260095,0.00691022,0.439223,0.688419,0.00920951,0.486872,-0.183225,-0.0105528,-0.0230149,0.736445,0.110657,-0.138044,0.0473687,-1.04222,-0.315425,0.0638999,0.094987,-0.608799,0.0217154,-0.929899,-0.161498,-0.287765,-0.028906,0.129046,-0.600362,0.240404,-1.0786,0.22028
27.7,-0.102609,0.000187487,-8.03514e-05,0.298351,-0.217539,-0.000931875,-0.101551,0.00185782,-0.000254446,0.299058,-0.218895,-0.00222292,0.000160703,-2.26428e-05,0.00348638,0.00330765,-0.000719053,-0.00219311,0.012164,-1.19842e-05,0.0464796,0.00798437,0.00280431,0.0002277,-0.0024328,0.0125355,-0.0120322,0.0538811,-0.0110063,-0.1,0,0,0.3,-0.2,0,-0.1,0,0,0.3,-0.2,0,0,0,0,0,0,0,0,0,0,0,0,0,0,0,0,0,0,4.92188,-0.703125,0.335582,4.48242,13.7138,0.619155,2.74059,-4.13086,1.00675,3.60352,15.1388,2.05408,0.335582,-0.198478,-6.84544,-2.75,0.4375,0.1875,-2.5625,-0.125,-0.957031,-0.117188,-2.0625,-0.3125,0.3125,-2.3125,0.0625,-1.03516,0.234375,0.168305,-0.0187487,0.0131776,0.301931,0.693359,0.0235225,0.468766,-0.185782,0.128294,0.0212984,0.733013,0.127424,0.136919,0.0241825,-1.03112,-0.315425,0.0596335,0.0881799,-0.638879,0.00944357,-0.931556,-0.181286,-0.277363,-0.02277,0.112436,-0.632911,0.249847,-1.07959,0.219144
27.74,-0.102569,0.000196009,-0.000133919,0.298334,-0.21753,-0.000931846,-0.101457,0.00190043,-0.000254446,0.299033,-0.218903,-0.00222289,0.000133919,4.52857e-05,0.00346231,0.00330765,-0.000731038,-0.00213319,0.012164,0,0.0464643,0.00796903,0.00281629,0.0002277,-0.0024328,0.0125355,-0.0120322,0.0538734,-0.010991,-0.1,0,0,0.3,-0.2,0,-0.1,0,0,0.3,-0.2,0,0,0,0,0,0,0,0,0,0,0,0,0,0,0,0,0,0,5.03374,-0.615234,0.391513,4.57031,13.7138,0.619155,2.46094,-4.13086,0.615234,2.72461,15.0502,2.00162,1.2864,-0.198478,-6.84544,-2.75,0.4375,0.25,-2.5,-0.0625,-0.947266,-0.117188,-2.125,-0.3125,0.25,-2.3125,0.125,-1.03516,0.234375,0.174573,0.00330658,-0.00717805,0.299033,0.689869,0.0454692,0.155985,-0.203133,0.0357296,0.1124,0.748004,0.0916885,0.144954,-0.0280771,-1.04424,-0.315425,0.0700358,0.0913198,-0.608199,0.0138058,-0.927322,-0.155454,-0.278561,-0.02277,0.1063,-0.648251,0.248313,-1.07747,0.232582
27.8,-0.102622,0.000196009,-0.000107135,0.298368,-0.217526,-0.000938977,-0.101564,0.0020027,-0.000267838,0.298981,-0.218903,-0.00222289,0.000200878,7.54762e-06,0.00347675,0.00330765,-0.000731038,-0.00213319,0.01214,0,0.0463876,0.00799204,0.00281629,0.000215716,-0.00248073,0.0125235,-0.0120322,0.0538581,-0.0109756,-0.1,0,0,0.3,-0.2,0,-0.1,0,0,0.3,-0.2,0,0,0,0,0,0,0,0,0,0,0,0,0,0,0,0,0,0,5.25746,-0.615234,0.447443,4.92188,13.7138,0.619155,3.57955,-4.30664,0.894886,2.8125,15.1388,2.05408,-0.111861,-0.198478,-6.84544,-2.75,0.4375,0.25,-2.5,-0.125,-0.947266,-0.117188,-2.125,-0.3125,0.25,-2.3125,0.0625,-1.03516,0.234375,0.236497,-0.0425083,-0.00471395,0.0921202,0.678263,0.0319907,0.120416,-0.20027,0.0164988,0.207338,0.756131,0.0889155,-0.085976,-0.0109591,-1.04118,-0.321561,0.0792397,0.109728,-0.594729,-0.00460194,-0.923825,-0.180458,-0.275493,-0.0277075,0.117901,-0.626176,0.239109,-1.06931,0.215586
27.84,-0.102729,0.000178964,-0.000107135,0.298291,-0.21753,-0.000931846,-0.101631,0.00201122,-0.000241054,0.298956,-0.218916,-0.00221568,0.000254446,3.01905e-05,0.00347194,0.00330765,-0.000743022,-0.00222907,0.0121161,0,0.0463492,0.0079767,0.00281629,0.000215716,-0.00246875,0.0125355,-0.0120441,0.0537737,-0.010968,-0.1,0,0,0.3,-0.2,0,-0.1,0,0,0.3,-0.2,0,0,0,0,0,0,0,0,0,0,0,0,0,0,0,0,0,0,5.42525,-0.615234,0.279652,5.09766,13.8021,0.671149,4.25071,-4.39453,0.559304,4.21875,14.9619,2.05395,-1.2864,-0.0992388,-7.00102,-2.75,0.4375,0.1875,-2.5,-0.125,-0.947266,-0.126953,-2.0625,-0.3125,0.3125,-2.3125,0.0625,-1.03516,0.234375,0.37063,-0.0178964,0.000428542,0.425417,0.707659,0.0263167,0.0705448,-0.227302,0.00867795,0.16754,0.750131,0.0996293,-0.0403364,0.0286204,-1.04713,-0.303153,0.0558944,0.132929,-0.608871,0,-0.918149,-0.167388,-0.275493,-0.0246396,0.132641,-0.639047,0.248553,-1.07351,0.215432
27.9,-0.102702,0.000221575,-8.03514e-05,0.298283,-0.217534,-0.000939007,-0.101564,0.0020027,-0.000227662,0.298896,-0.218912,-0.00222286,0.000187487,1.50952e-05,0.00347194,0.00328368,-0.00076699,-0.00221708,0.0120681,1.19842e-05,0.0463339,0.00796903,0.00284026,0.0002277,-0.00245677,0.0125235,-0.0120202,0.0537584,-0.010945,-0.1,0,0,0.3,-0.2,0,-0.1,0,0,0.3,-0.2,0,0,0,0,0,0,0,0,0,0,0,0,0,0,0,0,0,0,6.04048,-0.703125,0.279652,5.44922,13.7138,0.619155,2.40501,-4.30664,0.727095,4.13086,15.1388,2.05408,-0.111861,-0.248097,-6.92323,-2.75,0.4375,0.1875,-2.5,-0.125,-0.947266,-0.117188,-2.0625,-0.3125,0.25,-2.3125,0.125,-1.03516,0.234375,0.342239,-0.0548824,-0.0382473,0.27398,0.691652,0.0430164,0.00213914,-0.170817,-0.0389436,0.220119,0.762967,0.0943817,0.000321407,-0.00163029,-1.04343,-0.316096,0.079767,0.10165,-0.615678,0.0104982,-0.923733,-0.159381,-0.330046,0.00177366,0.132042,-0.644584,0.248073,-1.07517,0.21399
27.94,-0.102783,0.000187487,-0.000133919,0.298248,-0.217534,-0.000924715,-0.101698,0.00198565,-0.00021427,0.298794,-0.218912,-0.00222286,0.000187487,1.50952e-05,0.00348156,0.00328368,-0.00076699,-0.00222907,0.0121041,0,0.0463262,0.00796136,0.00280431,0.000203732,-0.0025047,0.0125235,-0.0120202,0.0537584,-0.0109296,-0.1,0,0,0.3,-0.2,0,-0.1,0,0,0.3,-0.2,0,0,0,0,0,0,0,0,0,0,0,0,0,0,0,0,0,0,5.87269,-0.703125,0.503374,5.36133,13.8021,0.671149,2.79652,-4.13086,0.223722,3.33984,15.1388,2.05408,-0.111861,-0.148858,-6.92323,-2.75,0.4375,0.1875,-2.5,-0.125,-0.947266,-0.117188,-2.0625,-0.3125,0.3125,-2.25,0.0625,-1.03516,0.244141,0.283422,-0.0383836,0.0596743,0.311819,0.698225,0.0589365,0.185233,-0.185475,0.00599957,0.191828,0.753216,0.0944154,0.0157489,0.00126798,-1.04077,-0.334504,0.0674952,0.111453,-0.611339,-0.00613592,-0.925543,-0.14941,-0.280431,0.00110255,0.140575,-0.616972,0.246539,-1.07811,0.221538
28,-0.102716,0.000196009,-0.000120527,0.29818,-0.217539,-0.000946167,-0.101738,0.00196861,-0.000200878,0.298726,-0.218916,-0.00221568,0.000254446,1.50952e-05,0.00348156,0.00328368,-0.000743022,-0.00214518,0.0120681,2.39685e-05,0.0463032,0.00796136,0.00281629,0.0002277,-0.00239685,0.0125115,-0.0120322,0.0537507,-0.0109066,-0.1,0,0,0.3,-0.2,0,-0.1,0,0,0.3,-0.2,0,0,0,0,0,0,0,0,0,0,0,0,0,0,0,0,0,0,5.53711,-0.615234,0.335582,5.36133,13.8021,0.671149,2.90838,-4.13086,0.279652,4.48242,15.0505,2.10641,-0.503374,-0.148858,-6.76765,-2.75,0.4375,0.1875,-2.5,-0.125,-0.947266,-0.117188,-2.0625,-0.3125,0.3125,-2.375,0.0625,-1.03516,0.234375,0.107024,-0.0425083,0.0274802,0.382043,0.704874,0.0543273,0.410377,-0.223041,-0.0056246,0.223868,0.755001,0.107847,-0.148329,0.0128611,-1.03338,-0.355979,0.0988459,0.125667,-0.594202,0.00105461,-0.913302,-0.153337,-0.281629,-0.00743022,0.12291,-0.643984,0.243711,-1.07403,0.226968
28.04,-0.102836,0.000178964,-0.000133919,0.298104,-0.217551,-0.000939065,-0.101765,0.00194304,-0.000200878,0.29864,-0.218912,-0.00222286,0.00021427,-7.54762e-06,0.00348638,0.00325971,-0.000731038,-0.00218113,0.0120801,-1.19842e-05,0.0463109,0.00796903,0.00281629,0.0002277,-0.00244478,0.0124995,-0.0120202,0.0537507,-0.0108683,-0.1,0,0,0.3,-0.2,0,-0.1,0,0,0.3,-0.2,0,0,0,0,0,0,0,0,0,0,0,0,0,0,0,0,0,0,5.81676,-0.703125,0.391513,6.06445,13.7138,0.619155,3.80327,-4.21875,0.335582,5.36133,15.1388,2.05408,-0.223722,-0.198478,-6.84544,-2.75,0.4375,0.1875,-2.5,-0.125,-0.947266,-0.117188,-2.0625,-0.3125,0.25,-2.3125,0.0625,-1.03516,0.234375,0.263067,-0.0342589,0.0391043,0.300824,0.716695,0.040358,0.377058,-0.187759,0.0149454,0.373007,0.761332,0.108112,0.0179987,0.031247,-1.04222,-0.332107,0.0915115,0.102921,-0.604005,0.00330765,-0.924254,-0.164289,-0.306173,0.00177366,0.116103,-0.637249,0.254209,-1.076,0.216383
28.1,-0.10285,0.00016192,-0.000107135,0.298138,-0.217551,-0.000924773,-0.101805,0.00194304,-0.000187487,0.298649,-0.218912,-0.00222286,0.000227662,7.54762e-06,0.00348638,0.00325971,-0.000731038,-0.00214518,0.0120681,1.19842e-05,0.0463032,0.00796136,0.00281629,0.0002277,-0.00240883,0.0124995,-0.0120322,0.0537507,-0.0108146,-0.1,0,0,0.3,-0.2,0,-0.1,0,0,0.3,-0.2,0,0,0,0,0,0,0,0,0,0,0,0,0,0,0,0,0,0,5.03374,-0.351562,0.167791,5.80078,13.7134,0.723941,2.85245,-4.04297,0.950817,4.6582,15.2275,2.10653,-0.671165,-0.198478,-6.84544,-2.75,0.4375,0.25,-2.5,-0.125,-0.927734,-0.117188,-2.0625,-0.3125,0.3125,-2.3125,0.0625,-1.02539,0.244141,0.0998462,0.000170443,-0.0201414,0.192081,0.702152,0.0589501,0.303938,-0.171397,0.00332119,0.2681,0.759693,0.127332,-0.140294,0.00353227,-1.04222,-0.310631,0.0853756,0.125667,-0.591134,-0.00330765,-0.915265,-0.153337,-0.287765,-0.00743022,0.10817,-0.643385,0.260585,-1.07403,0.208437
28.14,-0.102877,0.000178964,-8.03514e-05,0.298044,-0.217551,-0.000939065,-0.101859,0.00196009,-0.00021427,0.29864,-0.218912,-0.00222286,0.00021427,1.50952e-05,0.00348156,0.00328368,-0.000719053,-0.00219311,0.0120681,1.19842e-05,0.0463032,0.00796136,0.00281629,0.0002277,-0.00245677,0.0124995,-0.0120202,0.0537507,-0.0107762,-0.1,0,0,0.3,-0.2,0,-0.1,0,0,0.3,-0.2,0,0,0,0,0,0,0,0,0,0,0,0,0,0,0,0,0,0,5.48118,-0.791016,0.503374,6.24023,13.7138,0.619155,4.4185,-4.21875,0.838956,4.30664,15.1388,2.05408,-0.559304,-0.0992388,-7.1566,-2.75,0.4375,0.1875,-2.5,-0.0625,-0.947266,-0.117188,-2.125,-0.3125,0.3125,-2.25,0.0625,-1.03516,0.244141,0.385362,-0.0408039,-0.0691022,0.287957,0.702056,0.0375626,0.103596,-0.192736,-0.0968502,0.0184871,0.761324,0.119092,-0.00257124,0.0244542,-1.05926,-0.337572,0.0657694,0.100452,-0.578862,0.0151001,-0.925083,-0.153337,-0.293901,-0.025838,0.153518,-0.615773,0.23887,-1.07501,0.227305
28.2,-0.102903,0.000178964,-8.03514e-05,0.298044,-0.217547,-0.000931904,-0.101872,0.00198565,-0.00021427,0.298572,-0.21892,-0.00220852,0.000267838,-3.80877e-17,0.00349119,0.00328368,-0.000731038,-0.0022051,0.0120801,0,0.0463032,0.00796903,0.00281629,0.000239685,-0.00245677,0.0124995,-0.0120322,0.053743,-0.0107225,-0.1,0,0,0.3,-0.2,0,-0.1,0,0,0.3,-0.2,0,0,0,0,0,0,0,0,0,0,0,0,0,0,0,0,0,0,6.48793,-0.703125,0,5.88867,13.7138,0.619155,2.46094,-4.21875,0.447443,5.80078,15.0502,2.00162,-1.23047,-0.198478,-6.84544,-2.75,0.4375,0.1875,-2.5,-0.125,-0.947266,-0.117188,-2.0625,-0.3125,0.25,-2.25,0.0625,-1.03516,0.234375,0.377755,-0.0309864,0.0337476,0.39704,0.695335,0.0262742,0.310635,-0.237835,-0.0608528,0.252336,0.758452,0.063631,-0.136919,0.0231862,-1.03996,-0.328368,0.051628,0.097983,-0.610141,-0.00460194,-0.931955,-0.15349,-0.287765,-0.0147646,0.113634,-0.615773,0.260585,-1.07093,0.211505
28.24,-0.102823,0.000178964,-0.000107135,0.298018,-0.217551,-0.000939065,-0.101912,0.00199417,-0.000254446,0.298555,-0.218929,-0.0022228,0.000187487,7.54762e-06,0.00348638,0.00325971,-0.000743022,-0.00218113,0.0120921,0,0.0462955,0.00796903,0.00281629,0.000215716,-0.0025047,0.0124995,-0.0120082,0.0537507,-0.0106612,-0.1,0,0,0.3,-0.2,0,-0.1,0,0,0.3,-0.2,0,0,0,0,0,0,0,0,0,0,0,0,0,0,0,0,0,0,4.97781,-0.527344,0.447443,5.80078,13.7138,0.619155,4.58629,-4.30664,0.503374,4.74609,15.1388,2.05408,-0.391513,-0.297716,-6.84544,-2.75,0.4375,0.25,-2.5,-0.125,-0.947266,-0.117188,-2.0625,-0.3125,0.25,-2.3125,0.0625,-1.03516,0.234375,0.18459,-0.0277139,-0.107564,0.384513,0.700443,0.0403019,0.489497,-0.225597,-0.0311228,0.23853,0.766906,0.0778987,0.190593,-0.0196539,-1.03482,-0.307563,0.089642,0.11826,-0.5954,0.0076699,-0.922966,-0.166253,-0.281629,0.00910801,0.103759,-0.618841,0.229426,-1.08385,0.207333
28.3,-0.10281,0.000187487,-0.000120527,0.298078,-0.217551,-0.000939065,-0.101966,0.00202826,-0.00021427,0.298572,-0.218924,-0.00222996,0.000254446,-3.80877e-17,0.00349119,0.00325971,-0.000743022,-0.00218113,0.0121041,2.39685e-05,0.0462955,0.00796136,0.00279232,0.000215716,-0.0025047,0.0125115,-0.0120322,0.053743,-0.0104924,-0.1,0,0,0.3,-0.2,0,-0.1,0,0,0.3,-0.2,0,0,0,0,0,0,0,0,0,0,0,0,0,0,0,0,0,0,4.92188,-0.703125,0.335582,5.88867,13.7138,0.619155,6.54386,-4.39453,1.06268,4.21875,15.0502,2.00162,-0.559304,-0.198478,-7.00102,-2.75,0.4375,0.1875,-2.5,-0.125,-0.947266,-0.107422,-2.0625,-0.3125,0.25,-2.3125,0.0625,-1.03516,0.224609,0.203821,-0.0220211,0.0480501,0.342839,0.70208,0.0430524,0.649128,-0.206099,0.052282,0.143253,0.743965,0.105713,-0.194611,0.0434741,-1.07139,-0.301427,0.09271,0.102921,-0.617475,-0.0173532,-0.923947,-0.150391,-0.276164,-0.0062318,0.106827,-0.625577,0.249847,-1.06701,0.202976
28.34,-0.102796,0.000187487,-0.000147311,0.298078,-0.217547,-0.000931904,-0.101939,0.00201122,-0.000147311,0.298555,-0.218929,-0.0022228,0.000200878,2.26428e-05,0.00349601,0.00325971,-0.000743022,-0.00221708,0.0120801,-1.19842e-05,0.0462879,0.00796136,0.00280431,0.000203732,-0.0024328,0.0124995,-0.0120202,0.0537507,-0.00991719,-0.1,0,0,0.3,-0.2,0,-0.1,0,0,0.3,-0.2,0,0,0,0,0,0,0,0,0,0,0,0,0,0,0,0,0,0,4.64222,-0.527344,0.559304,5.00977,13.7138,0.619155,5.7049,-4.30664,0.503374,4.21875,14.9619,2.05395,-0.111861,-0.198478,-6.84544,-2.75,0.4375,0.1875,-2.5,-0.125,-0.927734,-0.117188,-2.0625,-0.3125,0.25,-2.3125,0.0625,-1.02539,0.224609,0.331044,0.0107038,0.0198736,0.23921,0.680746,0.0344583,0.476748,-0.181487,-0.0212663,0.30398,0.760378,0.11635,-0.137401,0.00480025,-1.04141,-0.295291,0.0558944,0.0771065,-0.567189,0.00944357,-0.91594,-0.153337,-0.283499,0.00110255,0.115504,-0.646453,0.22353,-1.07403,0.184599
28.4,-0.102769,0.000196009,-0.000147311,0.298052,-0.217547,-0.000931904,-0.101805,0.00201122,-0.000227662,0.298572,-0.21892,-0.00222283,0.000227662,1.50952e-05,0.00348156,0.00325971,-0.000743022,-0.00222907,0.0120801,0,0.0462955,0.00796136,0.00280431,0.000203732,-0.0025047,0.0124995,-0.0120202,0.053743,-0.00977146,-0.1,0,0,0.3,-0.2,0,-0.1,0,0,0.3,-0.2,0,0,0,0,0,0,0,0,0,0,0,0,0,0,0,0,0,0,4.53036,-0.703125,0.447443,6.06445,13.8021,0.671149,5.31339,-4.21875,0.671165,5.09766,14.8736,2.10628,-0.335582,-0.198478,-7.00102,-2.75,0.4375,0.1875,-2.5,-0.0625,-0.947266,-0.126953,-2.0625,-0.3125,0.25,-2.3125,0.125,-1.03516,0.214844,0.323223,-0.0261458,-0.0109814,0.319404,0.703523,0.0400267,0.288511,-0.181487,0.00219627,0.361419,0.732394,0.141151,0.00369617,0.0157594,-1.05371,-0.325971,0.0528265,0.108385,-0.613209,0.00460194,-0.93671,-0.169045,-0.301907,0.00723847,0.152847,-0.631113,0.225064,-1.06995,0.192484
28.44,-0.102769,0.000144876,-0.000133919,0.298078,-0.217547,-0.000931904,-0.101832,0.00198565,-0.000241054,0.298632,-0.218916,-0.00221568,0.00021427,-3.80877e-17,0.00349119,0.00325971,-0.000755006,-0.0022051,0.0120801,1.19842e-05,0.0462879,0.00796136,0.00280431,0.000239685,-0.00244478,0.0124995,-0.0120322,0.053743,-0.00972544,-0.1,0,0,0.3,-0.2,0,-0.1,0,0,0.3,-0.2,0,0,0,0,0,0,0,0,0,0,0,0,0,0,0,0,0,0,4.64222,-0.527344,0.279652,5.09766,13.8021,0.671149,4.47443,-4.30664,0.559304,5.36133,14.9619,2.05395,-0.447443,-0.198478,-6.84544,-2.75,0.4375,0.1875,-2.5,-0.0625,-0.947266,-0.117188,-2.0625,-0.3125,0.25,-2.3125,0.125,-1.03516,0.214844,0.33865,0.0116923,-0.0123205,0.310114,0.708411,0.0427884,0.198625,-0.195293,0.0703878,0.156119,0.732256,0.0969462,-0.172273,0.0231862,-1.04366,-0.341311,0.109248,0.107187,-0.594801,0.0089642,-0.923794,-0.170026,-0.277363,-0.0116966,0.143715,-0.652589,0.257517,-1.06995,0.179783
28.5,-0.10281,0.000178964,-0.000107135,0.298087,-0.217547,-0.000931904,-0.101752,0.00196861,-0.00021427,0.298615,-0.21892,-0.00222283,0.000254446,-3.80877e-17,0.00349119,0.00325971,-0.000731038,-0.00221708,0.0120921,1.19842e-05,0.0462879,0.00795369,0.00280431,0.000239685,-0.00244478,0.0124876,-0.0120561,0.0537507,-0.00971777,-0.1,0,0,0.3,-0.2,0,-0.1,0,0,0.3,-0.2,0,0,0,0,0,0,0,0,0,0,0,0,0,0,0,0,0,0,5.20153,-0.615234,0.111861,4.57031,13.8021,0.671149,4.36257,-4.30664,0.559304,5.09766,14.9619,2.05395,-1.23047,-0.198478,-6.84544,-2.75,0.4375,0.1875,-2.5,-0.125,-0.947266,-0.117188,-2.0625,-0.3125,0.25,-2.3125,0.0625,-1.02539,0.224609,0.445518,0.0311909,-0.0767088,0.357923,0.70516,0.0427772,0.14945,-0.203406,0.0831369,0.262305,0.750277,0.132854,-0.143186,0.0260845,-1.04921,-0.304495,0.0792397,0.110854,-0.589264,0.00436226,-0.923794,-0.144348,-0.298839,-0.0485121,0.137579,-0.62131,0.250327,-1.08189,0.203191
28.54,-0.102743,0.000187487,-0.000107135,0.298112,-0.217547,-0.000946196,-0.101604,0.00196009,-0.000160703,0.298692,-0.218916,-0.00221568,0.000187487,-3.74074e-17,0.00348156,0.00325971,-0.000743022,-0.00219311,0.0120801,1.19842e-05,0.0462879,0.00795369,0.00279232,0.000215716,-0.00245677,0.0124995,-0.0120202,0.053743,-0.00969476,-0.1,0,0,0.3,-0.2,0,-0.1,0,0,0.3,-0.2,0,0,0,0,0,0,0,0,0,0,0,0,0,0,0,0,0,0,5.20153,-0.791016,0.223722,5.36133,13.7138,0.619155,3.80327,-4.13086,0.503374,4.04297,15.0505,2.10641,-0.111861,-0.198478,-6.84544,-2.75,0.4375,0.1875,-2.5625,-0.0625,-0.947266,-0.126953,-2.0625,-0.3125,0.25,-2.3125,0.0625,-1.03516,0.224609,0.274262,-0.0318386,-0.0407114,0.179554,0.698736,0.0597958,-0.0966933,-0.173101,0.0572102,0.168986,0.750124,0.110609,0.0311763,0.0173897,-1.04447,-0.316767,0.0835061,0.10352,-0.607073,0.0166341,-0.927721,-0.155147,-0.288436,-0.0123677,0.104431,-0.640317,0.229666,-1.07093,0.193895
28.6,-0.102743,0.000187487,-0.000120527,0.298155,-0.217547,-0.000931904,-0.101618,0.00196009,-0.00021427,0.298777,-0.218916,-0.00221568,0.000200878,7.54762e-06,0.00348638,0.00325971,-0.000731038,-0.00221708,0.0120801,-1.19842e-05,0.0462802,0.00796136,0.00279232,0.0002277,-0.00244478,0.0124995,-0.0120441,0.053743,-0.00969476,-0.1,0,0,0.3,-0.2,0,-0.1,0,0,0.3,-0.2,0,0,0,0,0,0,0,0,0,0,0,0,0,0,0,0,0,0,5.59304,-0.878906,0.279652,6.15234,13.8021,0.671149,2.74059,-4.13086,0.615234,4.21875,15.1388,2.05408,-0.503374,-0.0992388,-6.84544,-2.75,0.4375,0.1875,-2.5,-0.0625,-0.927734,-0.117188,-2.0625,-0.3125,0.3125,-2.3125,0.0625,-1.03516,0.214844,0.294832,-0.0252936,-0.0239447,0.205887,0.711686,0.0482894,-0.0850694,-0.212371,0.0831369,0.221656,0.766375,0.110553,-0.0602635,0.0238202,-1.04776,-0.304495,0.0853756,0.107786,-0.591733,0.0109775,-0.924622,-0.165118,-0.276164,-0.0135661,0.128375,-0.634181,0.257757,-1.07584,0.204694
28.64,-0.102729,0.000187487,-0.000107135,0.298206,-0.217547,-0.000931904,-0.101644,0.00195156,-0.000160703,0.298854,-0.218916,-0.00221568,0.000200878,1.50952e-05,0.00348156,0.00328368,-0.000731038,-0.00221708,0.0120921,0,0.0462879,0.00795369,0.00279232,0.000239685,-0.00244478,0.0124995,-0.0120322,0.0537584,-0.00967942,-0.1,0,0,0.3,-0.2,0,-0.1,0,0,0.3,-0.2,0,0,0,0,0,0,0,0,0,0,0,0,0,0,0,0,0,0,5.08967,-0.703125,0.391513,5.36133,13.7138,0.619155,4.13885,-4.04297,0.335582,2.8125,15.0502,2.00162,-0.950817,-0.148858,-6.92323,-2.75,0.4375,0.1875,-2.5,-0.0625,-0.947266,-0.117188,-2.0625,-0.3125,0.25,-2.3125,0.0625,-1.03516,0.224609,0.406628,-0.0449286,0.026141,0.13277,0.69536,0.0317639,0.0615987,-0.129707,0.0623527,0.0192535,0.756644,0.0831374,0.0477287,0.00126798,-1.05556,-0.331436,0.0792397,0.110854,-0.623012,0.0122718,-0.930666,-0.156129,-0.266961,-0.063852,0.125307,-0.624977,0.234507,-1.09088,0.189661
28.7,-0.102689,0.000187487,-0.000120527,0.298223,-0.217547,-0.000931904,-0.101644,0.00196009,-0.000227662,0.298888,-0.218912,-0.00222286,0.000254446,-3.67271e-17,0.00347194,0.00329566,-0.000719053,-0.00219311,0.0120801,-1.19842e-05,0.0462879,0.00796136,0.00280431,0.0002277,-0.00244478,0.0125115,-0.0120441,0.053743,-0.00967175,-0.1,0,0,0.3,-0.2,0,-0.1,0,0,0.3,-0.2,0,0,0,0,0,0,0,0,0,0,0,0,0,0,0,0,0,0,4.64222,-0.615234,0.503374,5.27344,13.8021,0.671149,4.86594,-4.21875,0.894886,2.98828,14.9619,2.05395,-1.51012,-0.248097,-6.92323,-2.75,0.4375,0.1875,-2.5,-0.125,-0.947266,-0.126953,-2.0625,-0.3125,0.3125,-2.3125,0.0625,-1.03516,0.224609,0.243193,0.00743129,-0.0753696,0.255659,0.710048,0.0455389,0.133594,-0.176374,0.0433362,0.0359561,0.743453,0.110919,-0.0403364,-0.00289828,-1.03603,-0.326498,0.0688374,0.10352,-0.597869,0.0171135,-0.931648,-0.164136,-0.265091,-0.0411778,0.109967,-0.653188,0.242417,-1.06995,0.185581
28.74,-0.102702,0.000178964,-0.000120527,0.298308,-0.217551,-0.000939065,-0.101537,0.00196861,-0.00021427,0.298854,-0.218912,-0.00222286,0.000200878,-3.67271e-17,0.00347194,0.00325971,-0.000731038,-0.00221708,0.0120801,-1.19842e-05,0.0462802,0.00795369,0.00281629,0.000215716,-0.00248073,0.0124876,-0.0120202,0.053743,-0.00967175,-0.1,0,0,0.3,-0.2,0,-0.1,0,0,0.3,-0.2,0,0,0,0,0,0,0,0,0,0,0,0,0,0,0,0,0,0,5.03374,-0.527344,0.335582,2.98828,13.7138,0.619155,3.57955,-4.21875,0.559304,3.33984,15.0505,2.10641,-0.167791,-0.198478,-6.84544,-2.75,0.4375,0.1875,-2.5,-0.0625,-0.947266,-0.117188,-2.0625,-0.3125,0.25,-2.3125,0.0625,-1.02539,0.224609,0.347382,0.011556,0.00176773,0.253782,0.705306,0.0375738,-0.0725342,-0.173953,-0.0608528,0.242874,0.758074,0.119103,-0.0139811,0.031881,-1.02494,-0.307563,0.0853756,0.0586987,-0.576393,0.00330765,-0.924622,-0.15122,-0.296969,-0.00316384,0.099493,-0.627446,0.234268,-1.07192,0.189508
28.8,-0.102676,0.000204531,-0.000107135,0.298274,-0.217539,-0.000931875,-0.101564,0.00196861,-0.000254446,0.298896,-0.218908,-0.00221573,0.000160703,7.54762e-06,0.00347675,0.00328368,-0.000731038,-0.0022051,0.0120801,2.39685e-05,0.0462879,0.00795369,0.00279232,0.0002277,-0.00248073,0.0124995,-0.0120322,0.053743,-0.00967175,-0.1,0,0,0.3,-0.2,0,-0.1,0,0,0.3,-0.2,0,0,0,0,0,0,0,0,0,0,0,0,0,0,0,0,0,0,5.76083,-0.615234,0.727095,5.00977,13.7138,0.619155,2.85245,-4.21875,0.838956,2.72461,15.1388,2.05408,0,-0.0496194,-6.76765,-2.75,0.4375,0.1875,-2.5,-0.125,-0.947266,-0.117188,-2.0625,-0.3125,0.1875,-2.3125,0.0625,-1.03516,0.224609,0.344703,-0.00736311,0.0621384,0.444337,0.690208,0.0454704,0.0484215,-0.203406,0.154007,0.0946732,0.766032,0.116045,0.0494964,0.0267185,-1.02084,-0.313028,0.0915115,0.0795753,-0.604005,-0.00354733,-0.934593,-0.156129,-0.291504,0.0109775,0.111765,-0.631113,0.254449,-1.07584,0.201289
28.84,-0.102716,0.00016192,-8.03514e-05,0.298283,-0.217539,-0.000917583,-0.101537,0.00196009,-0.000254446,0.298871,-0.218916,-0.00221568,0.000147311,-3.67271e-17,0.00347194,0.00325971,-0.000731038,-0.0022051,0.0120681,1.19842e-05,0.0462802,0.00795369,0.00280431,0.000203732,-0.0024328,0.0125115,-0.0120082,0.053743,-0.00967175,-0.1,0,0,0.3,-0.2,0,-0.1,0,0,0.3,-0.2,0,0,0,0,0,0,0,0,0,0,0,0,0,0,0,0,0,0,6.04048,-0.615234,0.447443,4.48242,13.7138,0.619155,1.8457,-4.04297,0.503374,3.42773,15.0505,2.10641,0,-0.148858,-6.76765,-2.75,0.4375,0.1875,-2.5,-0.125,-0.947266,-0.117188,-2.0625,-0.3125,0.3125,-2.3125,0.125,-1.02539,0.214844,0.379576,-0.00310205,0.00803514,0.268526,0.688444,0.0146993,0.076598,-0.163284,-0.0105528,0.15305,0.746865,0.1216,0.0895114,0.0260845,-1.02494,-0.316767,0.0669679,0.122527,-0.575794,-0.00484163,-0.924622,-0.155147,-0.308042,-0.00503338,0.130844,-0.643984,0.235562,-1.07192,0.205216
28.9,-0.102729,0.000196009,-8.03514e-05,0.298274,-0.217543,-0.000939036,-0.101564,0.00196009,-0.000241054,0.298896,-0.218912,-0.00222286,0.000267838,-3.67271e-17,0.00347194,0.00325971,-0.000731038,-0.00218113,0.0120801,1.19842e-05,0.0462725,0.00795369,0.00280431,0.000203732,-0.0024328,0.0124995,-0.0120202,0.053743,-0.00966408,-0.1,0,0,0.3,-0.2,0,-0.1,0,0,0.3,-0.2,0,0,0,0,0,0,0,0,0,0,0,0,0,0,0,0,0,0,5.59304,-0.615234,0.111861,5.44922,13.8021,0.671149,3.97106,-4.21875,0.671165,3.42773,15.0502,2.00162,-1.23047,-0.198478,-7.00102,-2.75,0.4375,0.1875,-2.5,-0.125,-0.947266,-0.126953,-2.0625,-0.3125,0.3125,-2.3125,0.0625,-1.02539,0.214844,0.442625,-0.0555983,-0.00739233,0.258896,0.705116,0.0705113,-0.0801407,-0.189464,-0.0427469,0.105582,0.746707,0.105418,-0.265481,0.00579655,-1.04528,-0.307563,0.0638999,0.105988,-0.604005,-0.00484163,-0.917597,-0.155147,-0.289635,-0.0142373,0.133912,-0.624977,0.254209,-1.07192,0.190336
28.94,-0.102783,0.000196009,-0.000107135,0.298257,-0.217547,-0.000931904,-0.101631,0.00196009,-0.00021427,0.298794,-0.218916,-0.00221568,0.000227662,7.54762e-06,0.00347675,0.00325971,-0.000731038,-0.00214518,0.0120801,0,0.0462879,0.00795369,0.00279232,0.000203732,-0.00246875,0.0124995,-0.0119842,0.053743,-0.00965641,-0.1,0,0,0.3,-0.2,0,-0.1,0,0,0.3,-0.2,0,0,0,0,0,0,0,0,0,0,0,0,0,0,0,0,0,0,6.20827,-0.966797,0.503374,4.48242,13.7138,0.619155,2.29315,-4.21875,0.615234,4.74609,14.9619,2.05395,-0.615234,-0.198478,-7.00102,-2.75,0.4375,0.25,-2.5625,-0.125,-0.947266,-0.117188,-2.0625,-0.3125,0.25,-2.25,0.0625,-1.02539,0.224609,0.293707,-0.0425083,0.015856,0.185095,0.706724,0.0290583,-0.0271625,-0.205826,0.041997,0.317273,0.742,0.107892,0.0191236,-0.00226428,-1.04303,-0.283019,0.0424242,0.131802,-0.604005,0,-0.933611,-0.154165,-0.270029,0.00110255,0.114234,-0.612706,0.244286,-1.06406,0.201964
29,-0.102823,0.000178964,-8.03514e-05,0.298231,-0.217551,-0.000939065,-0.101604,0.00196009,-0.000187487,0.298802,-0.218912,-0.00222286,0.000200878,7.54762e-06,0.00348638,0.00325971,-0.000743022,-0.00216914,0.0120801,0,0.0462725,0.00795369,0.00280431,0.000239685,-0.00240883,0.0124995,-0.0120082,0.053743,-0.00965641,-0.1,0,0,0.3,-0.2,0,-0.1,0,0,0.3,-0.2,0,0,0,0,0,0,0,0,0,0,0,0,0,0,0,0,0,0,5.81676,-0.703125,0.335582,4.57031,13.7138,0.619155,1.8457,-4.21875,0.559304,4.57031,15.0502,2.00162,0.447443,-0.198478,-6.84544,-2.75,0.4375,0.1875,-2.5,-0.0625,-0.947266,-0.117188,-2.0625,-0.3125,0.3125,-2.3125,0.125,-1.02539,0.214844,0.344007,-0.014624,0.0234626,0.216201,0.711807,0.0375963,0.00615649,-0.196009,-0.0121063,0.196003,0.748346,0.0861975,-0.0499786,0.0122271,-1.05146,-0.316767,0.0773702,0.133001,-0.585597,0.00460194,-0.917597,-0.159074,-0.301907,0.000575243,0.120441,-0.634181,0.263174,-1.07093,0.182329
29.06,-0.102796,0.000221575,-0.000133919,0.298163,-0.217551,-0.000939065,-0.101604,0.00196861,-0.000294622,0.298768,-0.21892,-0.00222283,0.000200878,7.54762e-06,0.00348638,0.00325971,-0.000743022,-0.00215716,0.0120801,-1.19842e-05,0.0462879,0.00794602,0.00281629,0.000215716,-0.00244478,0.0124876,-0.0120082,0.0537507,-0.00964874,-0.1,0,0,0.3,-0.2,0,-0.1,0,0,0.3,-0.2,0,0,0,0,0,0,0,0,0,0,0,0,0,0,0,0,0,0,6.09641,-0.703125,0.503374,6.15234,13.8021,0.671149,2.85245,-4.04297,0.727095,3.25195,15.0505,2.10641,0.0559304,-0.198478,-6.84544,-2.75,0.4375,0.1875,-2.5,-0.0625,-0.947266,-0.117188,-2.0625,-0.3125,0.25,-2.25,0.125,-1.03516,0.224609,0.346471,-0.0221575,0.0339618,0.297329,0.713444,0.0403468,-0.0761233,-0.141228,0.0397471,0.206572,0.760032,0.127331,-0.055121,0.0122271,-1.05516,-0.325971,0.114186,0.110926,-0.585597,0.00790959,-0.936557,-0.150085,-0.287765,-0.0399794,0.0976954,-0.602902,0.247834,-1.0809,0.191011
29.1,-0.102823,0.000196009,-0.000120527,0.29818,-0.217547,-0.000931904,-0.101631,0.00197713,-0.000254446,0.298709,-0.218916,-0.00221568,0.000160703,7.54762e-06,0.00348638,0.00325971,-0.000731038,-0.00219311,0.0120801,-1.19842e-05,0.0462725,0.00795369,0.00279232,0.000215716,-0.00240883,0.0124995,-0.0120202,0.0537507,-0.00964874,-0.1,0,0,0.3,-0.2,0,-0.1,0,0,0.3,-0.2,0,0,0,0,0,0,0,0,0,0,0,0,0,0,0,0,0,0,5.20153,-0.439453,0.615234,5.09766,13.7138,0.619155,3.46768,-4.21875,0.615234,4.6582,14.9619,2.05395,-0.391513,-0.248097,-6.92323,-2.75,0.4375,0.1875,-2.5,-0.125,-0.947266,-0.117188,-2.125,-0.3125,0.3125,-2.3125,0.0625,-1.03516,0.214844,0.313152,0.0425765,0.0840475,0.147514,0.700272,0.0400155,-0.0837298,-0.191168,0.00487465,0.368233,0.751751,0.107858,0.023784,0.00932882,-1.04961,-0.322903,0.0731038,0.10352,-0.597869,0.00944357,-0.920542,-0.161037,-0.306844,-0.0062318,0.114306,-0.637249,0.245006,-1.08287,0.200829
29.16,-0.102836,0.000196009,-5.35676e-05,0.298146,-0.217547,-0.000946196,-0.101698,0.00199417,-0.000227662,0.298717,-0.21892,-0.00220852,0.000187487,1.50952e-05,0.00348156,0.00327169,-0.000743022,-0.00214518,0.0121161,0,0.0462802,0.00795369,0.00280431,0.000203732,-0.00244478,0.0124876,-0.0119962,0.0537507,-0.00964107,-0.1,0,0,0.3,-0.2,0,-0.1,0,0,0.3,-0.2,0,0,0,0,0,0,0,0,0,0,0,0,0,0,0,0,0,0,5.98455,-0.791016,0.279652,5.36133,13.8021,0.671149,3.29989,-4.21875,1.17454,3.51562,15.1388,2.05408,-0.335582,-0.297716,-6.84544,-2.75,0.4375,0.25,-2.5,-0.125,-0.947266,-0.117188,-2.0625,-0.3125,0.25,-2.3125,0.125,-1.02539,0.195312,0.304207,-0.0457808,-0.0717806,0.321702,0.713351,0.0571014,-0.113031,-0.222325,0.0999035,0.143334,0.760063,0.0828398,-0.0408185,-0.0161217,-1.04077,-0.321033,0.0835061,0.107259,-0.608871,0.00920388,-0.925604,-0.161037,-0.286567,-0.0203732,0.0884915,-0.639718,0.250662,-1.08189,0.182022
29.2,-0.102796,0.000187487,-0.000107135,0.298155,-0.217551,-0.000939065,-0.101832,0.00198565,-0.00021427,0.298658,-0.21892,-0.00222283,0.000227662,7.54762e-06,0.00348638,0.00328368,-0.000731038,-0.00219311,0.0120681,-2.39685e-05,0.0462802,0.00794602,0.00279232,0.000215716,-0.00249272,0.0124995,-0.0120202,0.0537507,-0.00965641,-0.1,0,0,0.3,-0.2,0,-0.1,0,0,0.3,-0.2,0,0,0,0,0,0,0,0,0,0,0,0,0,0,0,0,0,0,5.31339,-0.615234,0.391513,5.36133,13.7138,0.619155,4.81001,-4.21875,0.447443,4.30664,14.9619,2.05395,-0.391513,-0.347336,-6.76765,-2.75,0.4375,0.1875,-2.5,-0.0625,-0.947266,-0.117188,-2.0625,-0.3125,0.3125,-2.3125,0.0625,-1.03516,0.214844,0.243621,-0.00565868,0.026141,0.320424,0.700443,0.0403019,0.22948,-0.188748,-0.00428541,0.283184,0.735668,0.108201,-0.181433,-0.0225522,-1.03667,-0.365183,0.057764,0.100452,-0.59727,0.0158192,-0.933458,-0.154993,-0.291504,-0.0185036,0.13384,-0.646453,0.261879,-1.08287,0.209818
29.26,-0.102796,0.000204531,-0.000147311,0.298104,-0.217547,-0.000931904,-0.101792,0.00198565,-0.000241054,0.298649,-0.218916,-0.00221568,0.000187487,1.50952e-05,0.00348156,0.00325971,-0.000755006,-0.0022051,0.0120681,0,0.0462725,0.00795369,0.00280431,0.000215716,-0.0024328,0.0124876,-0.0119842,0.053743,-0.00964107,-0.1,0,0,0.3,-0.2,0,-0.1,0,0,0.3,-0.2,0,0,0,0,0,0,0,0,0,0,0,0,0,0,0,0,0,0,5.25746,-0.527344,0.335582,5.53711,13.8021,0.671149,3.29989,-4.21875,0.447443,5.18555,15.0502,2.00162,-1.00675,-0.198478,-6.84544,-2.75,0.4375,0.1875,-2.5,-0.125,-0.947266,-0.117188,-2.0625,-0.3125,0.25,-2.3125,0.0625,-1.02539,0.224609,0.259049,-0.0564505,0.0095886,0.371728,0.701885,0.0372762,0.132897,-0.201838,0.0343904,0.300825,0.755017,0.0858879,-0.210521,0.0128611,-1.04817,-0.341311,0.0816365,0.0949151,-0.621814,0.0122718,-0.918578,-0.155147,-0.280431,-9.58741e-05,0.143116,-0.630514,0.251956,-1.0729,0.192821
29.3,-0.102823,0.000213053,-8.03514e-05,0.298112,-0.217547,-0.000946196,-0.101738,0.00198565,-0.000254446,0.298632,-0.21892,-0.00222283,0.000254446,1.50952e-05,0.00348156,0.00325971,-0.000743022,-0.00221708,0.0120681,0,0.0462802,0.00794602,0.00281629,0.0002277,-0.00246875,0.0124876,-0.0120082,0.053743,-0.00964874,-0.1,0,0,0.3,-0.2,0,-0.1,0,0,0.3,-0.2,0,0,0,0,0,0,0,0,0,0,0,0,0,0,0,0,0,0,5.08967,-0.791016,0.447443,4.39453,13.7134,0.723941,3.8592,-4.13086,1.17454,4.74609,14.9619,2.05395,-1.17454,-0.198478,-6.84544,-2.75,0.4375,0.1875,-2.5,-0.0625,-0.947266,-0.117188,-2.0625,-0.3125,0.25,-2.375,0.0625,-1.02539,0.214844,0.277155,-0.0311228,-0.0125348,0.364995,0.692261,0.0652631,0.112113,-0.198565,0.102582,0.276111,0.750293,0.110895,-0.0969038,0.00416626,-1.05002,-0.307563,0.0773702,0.0955143,-0.572726,0,-0.936403,-0.151066,-0.300037,-0.028906,0.086622,-0.645854,0.249368,-1.07388,0.194938
29.36,-0.102823,0.000178964,-8.03514e-05,0.298146,-0.217551,-0.000939065,-0.101752,0.00197713,-0.000241054,0.29864,-0.21892,-0.00222283,0.000241054,1.50952e-05,0.00350082,0.00325971,-0.000743022,-0.00221708,0.0120561,0,0.0462802,0.00795369,0.00280431,0.000191748,-0.00242081,0.0124876,-0.0120202,0.053743,-0.0096334,-0.1,0,0,0.3,-0.2,0,-0.1,0,0,0.3,-0.2,0,0,0,0,0,0,0,0,0,0,0,0,0,0,0,0,0,0,5.53711,-0.527344,0,4.48242,13.8021,0.671149,3.46768,-4.21875,0.391513,4.21875,15.0505,2.10641,-0.950817,-0.297716,-6.68986,-2.75,0.4375,0.1875,-2.5,-0.125,-0.947266,-0.117188,-2.0625,-0.3125,0.25,-2.3125,0.0625,-1.03516,0.214844,0.313152,0.0410084,-0.0639597,0.147169,0.697242,0.0512702,0.0774551,-0.171533,-0.00674952,0.203928,0.760024,0.13831,-0.144311,-0.01902,-1.0521,-0.322903,0.104982,0.104718,-0.596671,0.00306796,-0.930513,-0.163001,-0.295771,0.00536893,0.117973,-0.624378,0.255743,-1.07388,0.185796
29.4,-0.10281,0.000136354,-0.000107135,0.298112,-0.217551,-0.000939065,-0.101792,0.00198565,-0.000227662,0.298709,-0.218924,-0.00221567,0.000254446,-3.67271e-17,0.00347194,0.00325971,-0.000743022,-0.0022051,0.0121041,-1.19842e-05,0.0462725,0.00795369,0.00281629,0.000239685,-0.00244478,0.0125235,-0.0119962,0.053743,-0.00964107,-0.1,0,0,0.3,-0.2,0,-0.1,0,0,0.3,-0.2,0,0,0,0,0,0,0,0,0,0,0,0,0,0,0,0,0,0,5.1456,-0.263672,0.447443,4.57031,13.7138,0.619155,3.80327,-4.30664,0.503374,4.30664,15.0502,2.00162,-0.727095,-0.248097,-7.07881,-2.75,0.4375,0.1875,-2.5,-0.125,-0.947266,-0.117188,-2.0625,-0.3125,0.3125,-2.25,0.0625,-1.03516,0.224609,0.265531,0.0256345,-0.00471395,0.315908,0.692329,0.0430187,0.19975,-0.198565,0.0227662,0.210063,0.758606,0.0858763,-0.0197664,1.1433e-14,-1.04898,-0.329039,0.0497585,0.110255,-0.608271,0.0293853,-0.920542,-0.159074,-0.303105,-0.0699879,0.140647,-0.626176,0.233788,-1.06995,0.193803
29.46,-0.102836,0.000196009,-0.000107135,0.298138,-0.217547,-0.000931904,-0.101725,0.00198565,-0.000147311,0.298683,-0.218912,-0.00222286,0.000187487,7.54762e-06,0.00348638,0.00325971,-0.000743022,-0.0022051,0.0120681,0,0.0462802,0.00795369,0.00279232,0.000215716,-0.0024328,0.0124876,-0.0120082,0.0537507,-0.00964107,-0.1,0,0,0.3,-0.2,0,-0.1,0,0,0.3,-0.2,0,0,0,0,0,0,0,0,0,0,0,0,0,0,0,0,0,0,5.81676,-0.615234,0.503374,5.44922,13.7138,0.619155,3.46768,-4.13086,0.279652,4.30664,15.1388,2.05408,-0.671165,-0.198478,-6.84544,-2.75,0.4375,0.1875,-2.5,-0.0625,-0.947266,-0.126953,-2.0625,-0.3125,0.25,-2.3125,0.0625,-1.03516,0.214844,0.401914,-0.0261458,0.0672809,0.0829981,0.692134,0.0372425,0.0696342,-0.17893,-0.149829,0.197536,0.762943,0.127321,-0.0408185,0.0151254,-1.04591,-0.322903,0.0804381,0.101051,-0.59727,-0.00613592,-0.932476,-0.176745,-0.2823,-0.0246396,0.115504,-0.63665,0.244766,-1.08483,0.194785
29.5,-0.102783,0.000204531,-0.000133919,0.298121,-0.217547,-0.000931904,-0.101685,0.00198565,-0.00021427,0.298658,-0.21892,-0.00222283,0.000227662,-3.74074e-17,0.00348156,0.00325971,-0.000755006,-0.00218113,0.0120921,1.19842e-05,0.0462725,0.00795369,0.00279232,0.0002277,-0.00245677,0.0124876,-0.0119962,0.0537507,-0.0096334,-0.1,0,0,0.3,-0.2,0,-0.1,0,0,0.3,-0.2,0,0,0,0,0,0,0,0,0,0,0,0,0,0,0,0,0,0,5.48118,-0.615234,0.447443,5.44922,13.7138,0.619155,2.01349,-4.21875,0.503374,5.44922,15.0502,2.00162,-0.559304,-0.248097,-6.92323,-2.75,0.4375,0.25,-2.5,-0.125,-0.947266,-0.117188,-2.0625,-0.3125,0.25,-2.3125,0.125,-1.03516,0.224609,0.273137,-0.0204531,0.0339618,0.27645,0.692209,0.0537118,0.0501893,-0.195293,0.052282,0.397721,0.75192,0.108144,-0.0271588,-0.00289828,-1.04632,-0.316767,0.0785686,0.124396,-0.592332,-0.00790959,-0.925451,-0.16791,-0.273097,-0.0381098,0.107498,-0.630514,0.241458,-1.08385,0.189723
29.56,-0.102783,0.000213053,-0.000120527,0.29818,-0.217543,-0.000924744,-0.101658,0.00198565,-0.000227662,0.298675,-0.218916,-0.00223001,0.000200878,-3.74074e-17,0.00348156,0.00327169,-0.000743022,-0.00219311,0.0120801,0,0.0462802,0.00794602,0.00279232,0.000203732,-0.00246875,0.0124876,-0.0120202,0.053743,-0.00964107,-0.1,0,0,0.3,-0.2,0,-0.1,0,0,0.3,-0.2,0,0,0,0,0,0,0,0,0,0,0,0,0,0,0,0,0,0,6.37607,-0.615234,0.223722,5.00977,13.7138,0.619155,2.23722,-4.13086,0.615234,4.48242,15.0502,2.00162,-0.279652,-0.148858,-6.92323,-2.75,0.4375,0.1875,-2.5,-0.125,-0.947266,-0.117188,-2.0625,-0.3125,0.25,-2.3125,0.0625,-1.03516,0.224609,0.252567,0.00160216,0.0120527,0.0220684,0.693577,0.0342168,0.268638,-0.175658,0.0124812,0.335168,0.758243,0.119389,-0.00883865,0.0492707,-1.03523,-0.367053,0.09271,0.082044,-0.600937,0.0153398,-0.93444,-0.155975,-0.266961,0.0133744,0.101962,-0.642786,0.264947,-1.07388,0.201657
29.6,-0.102769,0.000196009,-0.000120527,0.298146,-0.217547,-0.000931904,-0.101631,0.00198565,-0.000227662,0.298726,-0.218916,-0.00221568,0.000200878,7.54762e-06,0.00347675,0.00327169,-0.000743022,-0.00215716,0.0120681,-1.19842e-05,0.0462725,0.00794602,0.00281629,0.000215716,-0.00246875,0.0124995,-0.0119842,0.053743,-0.0096334,-0.1,0,0,0.3,-0.2,0,-0.1,0,0,0.3,-0.2,0,0,0,0,0,0,0,0,0,0,0,0,0,0,0,0,0,0,5.59304,-0.878906,0.559304,5.53711,13.8021,0.671149,3.07617,-4.21875,0.503374,4.57031,15.0502,2.00162,-1.2864,-0.248097,-6.76765,-2.75,0.4375,0.1875,-2.5625,-0.0625,-0.947266,-0.107422,-2.0625,-0.3125,0.25,-2.3125,0.125,-1.03516,0.224609,0.384933,-0.0392358,0.0171952,0.441694,0.697047,0.045494,-0.12487,-0.188748,0.0999035,0.338405,0.755009,0.0968676,-0.132258,0.0180236,-1.03378,-0.327169,0.0743022,0.123198,-0.618746,-0.00743022,-0.923487,-0.152048,-0.290833,-0.0154357,0.111166,-0.634181,0.250422,-1.07584,0.192668
29.66,-0.102769,0.000170442,-9.37433e-05,0.29818,-0.217539,-0.000931875,-0.101658,0.00197713,-0.000254446,0.298785,-0.218916,-0.00221568,0.000227662,7.54762e-06,0.00348638,0.00325971,-0.000731038,-0.00216914,0.0120921,1.19842e-05,0.0462725,0.00794602,0.00279232,0.0002277,-0.00246875,0.0124995,-0.0119962,0.053743,-0.00964107,-0.1,0,0,0.3,-0.2,0,-0.1,0,0,0.3,-0.2,0,0,0,0,0,0,0,0,0,0,0,0,0,0,0,0,0,0,5.59304,-0.791016,0.167791,5.09766,13.8021,0.671149,3.8592,-4.21875,0.838956,4.30664,15.0502,2.00162,-1.00675,-0.297716,-6.68986,-2.75,0.4375,0.1875,-2.5,-0.125,-0.947266,-0.117188,-2.0625,-0.3125,0.25,-2.3125,0.0625,-1.02539,0.224609,0.405502,-0.00722675,-0.0883329,0.278414,0.696758,0.0564724,-0.0656239,-0.191168,-0.0105528,0.122202,0.743639,0.0886721,-0.0374437,-0.00226428,-1.04961,-0.301427,0.0884436,0.0961854,-0.576993,-0.00177367,-0.930359,-0.15892,-0.279232,-0.028906,0.0958259,-0.652589,0.241458,-1.0729,0.196748
29.7,-0.102662,0.000187487,-0.000120527,0.298163,-0.217543,-0.000939036,-0.101792,0.00197713,-0.000294622,0.298785,-0.218916,-0.00221568,0.000254446,7.54762e-06,0.00347675,0.00325971,-0.000743022,-0.0022051,0.0120801,1.19842e-05,0.0462725,0.00795369,0.00281629,0.0002277,-0.00245677,0.0124995,-0.0120082,0.053743,-0.00962573,-0.1,0,0,0.3,-0.2,0,-0.1,0,0,0.3,-0.2,0,0,0,0,0,0,0,0,0,0,0,0,0,0,0,0,0,0,4.4185,-0.703125,0.447443,5.625,13.8021,0.671149,4.58629,-4.21875,0.391513,3.86719,15.0505,2.10641,-1.00675,-0.297716,-6.68986,-2.75,0.4375,0.1875,-2.5,-0.125,-0.947266,-0.117188,-2.0625,-0.3125,0.3125,-2.3125,0.0625,-1.02539,0.224609,0.199375,-0.0187487,0.0377651,0.384595,0.704992,0.0430624,0.400307,-0.178078,0.0397471,0.187652,0.76476,0.0968339,-0.102046,-0.00516256,-1.03008,-0.286087,0.0804381,0.104119,-0.582529,0.0135661,-0.926432,-0.169873,-0.300037,-0.0166341,0.125906,-0.637249,0.241698,-1.07388,0.181715
29.76,-0.102702,0.000196009,-0.000120527,0.298172,-0.217547,-0.000946196,-0.101711,0.00198565,-0.000241054,0.298862,-0.218912,-0.00220855,0.000187487,1.50952e-05,0.00348156,0.00328368,-0.000743022,-0.00219311,0.0120921,-3.59527e-05,0.0462802,0.00795369,0.00280431,0.000215716,-0.00248073,0.0124876,-0.0119842,0.053743,-0.00962573,-0.1,0,0,0.3,-0.2,0,-0.1,0,0,0.3,-0.2,0,0,0,0,0,0,0,0,0,0,0,0,0,0,0,0,0,0,4.86594,-0.615234,0.615234,4.74609,13.7138,0.619155,5.87269,-4.21875,0.894886,2.63672,15.1388,2.05408,-0.447443,-0.148858,-6.76765,-2.75,0.4375,0.1875,-2.5,-0.125,-0.927734,-0.117188,-2.0625,-0.3125,0.1875,-2.3125,0.0625,-1.03516,0.214844,0.290814,0.00330658,0.0480501,0.274234,0.7068,0.0460994,0.196857,-0.198565,0.0446754,-0.0692915,0.756463,0.0993216,-0.112813,0.00416626,-1.03892,-0.337572,0.0743022,0.128063,-0.62608,-0.00234891,-0.93444,-0.177727,-0.271227,0.0152439,0.0933571,-0.630514,0.255024,-1.07093,0.205277
29.8,-0.102702,0.000196009,-0.000133919,0.298223,-0.217539,-0.000931875,-0.101738,0.00196861,-0.000227662,0.298777,-0.218916,-0.00221568,0.000227662,-3.67271e-17,0.00347194,0.00328368,-0.000731038,-0.00214518,0.0120681,-1.19842e-05,0.0462879,0.00794602,0.00281629,0.000239685,-0.00245677,0.0124876,-0.0119842,0.053743,-0.0096334,-0.1,0,0,0.3,-0.2,0,-0.1,0,0,0.3,-0.2,0,0,0,0,0,0,0,0,0,0,0,0,0,0,0,0,0,0,4.36257,-0.615234,0.335582,5.09766,13.8021,0.671149,4.25071,-4.30664,0.335582,3.25195,15.0502,2.00162,-1.17454,-0.198478,-7.00102,-2.75,0.4375,0.1875,-2.5,-0.125,-0.947266,-0.117188,-2.0625,-0.3125,0.3125,-2.25,0.0625,-1.03516,0.224609,0.11597,-0.0457808,0.0236769,0.272021,0.703184,0.0400255,0.405235,-0.203406,0.0330512,0.134389,0.766383,0.0995732,-0.238001,0.0115931,-1.04528,-0.34064,0.0792397,0.0857831,-0.591134,0.0201814,-0.940484,-0.159902,-0.293901,-0.0239685,0.13511,-0.60597,0.239685,-1.07388,0.198558
29.86,-0.102702,0.000178964,-0.000133919,0.298189,-0.217543,-0.000924744,-0.101685,0.00196861,-0.000227662,0.298794,-0.218916,-0.00221568,0.000200878,-3.67271e-17,0.00347194,0.00325971,-0.000731038,-0.0022051,0.0120561,1.19842e-05,0.0462725,0.00794602,0.00281629,0.0002277,-0.0024328,0.0124876,-0.0119722,0.053743,-0.00962573,-0.1,0,0,0.3,-0.2,0,-0.1,0,0,0.3,-0.2,0,0,0,0,0,0,0,0,0,0,0,0,0,0,0,0,0,0,5.25746,-0.439453,0.503374,5.18555,13.7138,0.619155,1.90163,-4.21875,0.838956,4.39453,15.0502,2.00162,-0.894886,-0.248097,-6.76765,-2.75,0.4375,0.1875,-2.5,-0.125,-0.947266,-0.126953,-2.0625,-0.3125,0.3125,-2.3125,0.125,-1.02539,0.224609,0.234247,0.0213735,0.0442468,0.228048,0.696703,0.00677911,0.338169,-0.196861,0.0741911,0.20819,0.746885,0.0941507,-0.00883865,0.0144914,-1.03234,-0.307563,0.0761717,0.107187,-0.593603,-0.0155795,-0.926432,-0.163829,-0.296969,-0.02277,0.124708,-0.615174,0.239445,-1.06504,0.199387
29.9,-0.102729,0.000204531,-0.000107135,0.298197,-0.217547,-0.000931904,-0.101698,0.00198565,-0.000241054,0.298802,-0.218916,-0.00221568,0.000254446,7.54762e-06,0.00349601,0.00325971,-0.000731038,-0.00219311,0.0120801,0,0.0462725,0.00794602,0.00280431,0.000215716,-0.00242081,0.0124995,-0.0119962,0.0537507,-0.00962573,-0.1,0,0,0.3,-0.2,0,-0.1,0,0,0.3,-0.2,0,0,0,0,0,0,0,0,0,0,0,0,0,0,0,0,0,0,5.25746,-0.615234,0.279652,4.30664,13.6247,0.776734,2.23722,-4.21875,0.727095,3.51562,14.9619,2.05395,-0.167791,-0.0992388,-6.84544,-2.75,0.4375,0.1875,-2.5,-0.125,-0.927734,-0.117188,-2.125,-0.3125,0.3125,-2.375,0.0625,-1.03516,0.214844,0.144361,0.00572686,-0.0304264,0.314036,0.695459,0.0537231,0.339508,-0.247653,0.0601028,0.114191,0.748492,0.118849,-0.179184,0.0238202,-1.06914,-0.304495,0.0853756,0.124995,-0.594801,0.00153398,-0.927414,-0.159902,-0.314178,-0.0307755,0.121041,-0.652589,0.233788,-1.07992,0.192515
29.96,-0.102729,0.000178964,-0.000107135,0.298223,-0.217551,-0.000939065,-0.101551,0.00198565,-0.000187487,0.298819,-0.218912,-0.00222286,0.000227662,7.54762e-06,0.00348638,0.00325971,-0.000743022,-0.00218113,0.0120681,1.19842e-05,0.0462725,0.00793835,0.00280431,0.0002277,-0.00246875,0.0124995,-0.0119842,0.053743,-0.00962573,-0.1,0,0,0.3,-0.2,0,-0.1,0,0,0.3,-0.2,0,0,0,0,0,0,0,0,0,0,0,0,0,0,0,0,0,0,5.64897,-0.791016,0.279652,5.36133,13.8021,0.671149,1.39826,-4.21875,0.727095,3.25195,15.0502,2.00162,-1.06268,-0.297716,-6.84544,-2.75,0.4375,0.25,-2.5,-0.125,-0.927734,-0.117188,-2.0625,-0.3125,0.3125,-2.3125,0.125,-1.03516,0.214844,0.211213,-0.00153398,0.000428542,0.255659,0.700468,0.0457917,-0.0146279,-0.211655,-0.0429612,0.193446,0.749958,0.105406,-0.135151,-0.00226428,-1.04591,-0.319835,0.0712342,0.145872,-0.594202,-0.00177367,-0.920542,-0.141096,-0.271227,-0.00743022,0.129573,-0.628045,0.244286,-1.07486,0.192515
30,-0.102743,0.000178964,-6.69595e-05,0.298172,-0.217543,-0.000939036,-0.101591,0.00197713,-0.000227662,0.298734,-0.218916,-0.00221568,0.000200878,7.54762e-06,0.00348638,0.00325971,-0.000743022,-0.00219311,0.0120801,-2.39685e-05,0.0462725,0.00796903,0.00279232,0.000215716,-0.00246875,0.0124876,-0.0119842,0.0537507,-0.00962573,-0.1,0,0,0.3,-0.2,0,-0.1,0,0,0.3,-0.2,0,0,0,0,0,0,0,0,0,0,0,0,0,0,0,0,0,0,5.76083,-0.527344,0,5.88867,13.7138,0.619155,1.8457,-4.21875,0.559304,4.57031,15.0502,2.00162,-0.727095,-0.297716,-6.68986,-2.75,0.4375,0.1875,-2.4375,-0.125,-0.947266,-0.117188,-2.125,-0.3125,0.3125,-2.3125,0.0625,-1.03516,0.224609,0.320544,-0.0178964,-0.0447289,0.312413,0.693703,0.0622374,-0.0928897,-0.197713,0.0433362,0.342581,0.746889,0.0886609,0.0477287,0.00643054,-1.03667,-0.304495,0.104982,0.115792,-0.570257,0.00201335,-0.935268,-0.171162,-0.291504,-0.0185036,0.123438,-0.648922,0.224345,-1.08189,0.192515
30.06,-0.102863,0.000187487,-0.000107135,0.298163,-0.217547,-0.000931904,-0.101685,0.00198565,-0.000187487,0.298726,-0.21892,-0.00222283,0.000200878,7.54762e-06,0.00347675,0.00324773,-0.000743022,-0.00221708,0.0120921,0,0.0462649,0.00794602,0.00281629,0.0002277,-0.00239685,0.0124876,-0.0119842,0.053743,-0.00962573,-0.1,0,0,0.3,-0.2,0,-0.1,0,0,0.3,-0.2,0,0,0,0,0,0,0,0,0,0,0,0,0,0,0,0,0,0,6.76758,-0.615234,0.279652,5.18555,13.8021,0.671149,2.5728,-4.30664,0,4.48242,15.1388,2.05408,-0.894886,-0.198478,-6.84544,-2.75,0.4375,0.1875,-2.5,-0.1875,-0.927734,-0.117188,-2.125,-0.3125,0.25,-2.3125,0.125,-1.03516,0.214844,0.435447,-0.00238619,0.00557103,0.280966,0.701984,0.0592353,0.255889,-0.211655,-0.181808,0.311135,0.761671,0.108111,-0.00883865,0.0180236,-1.03748,-0.297161,0.0743022,0.126194,-0.623012,0.0076699,-0.913516,-0.161866,-0.300037,-0.0135661,0.10757,-0.630514,0.244286,-1.07192,0.186624
30.1,-0.10281,0.000178964,-0.000147311,0.298155,-0.217547,-0.000931904,-0.101685,0.00198565,-0.000241054,0.298743,-0.218916,-0.00221568,0.000254446,7.54762e-06,0.00347675,0.00327169,-0.000743022,-0.00215716,0.0120681,2.39685e-05,0.0462725,0.00794602,0.00280431,0.0002277,-0.00245677,0.0124876,-0.0119722,0.053743,-0.00962573,-0.1,0,0,0.3,-0.2,0,-0.1,0,0,0.3,-0.2,0,0,0,0,0,0,0,0,0,0,0,0,0,0,0,0,0,0,6.432,-0.703125,0.391513,4.6582,13.8021,0.671149,2.79652,-4.04297,0.671165,4.21875,15.0502,2.00162,-1.45419,-0.198478,-6.84544,-2.75,0.4375,0.3125,-2.5,-0.125,-0.947266,-0.117188,-2.0625,-0.3125,0.3125,-2.3125,0.0625,-1.03516,0.224609,0.358096,-0.0342589,-0.00583886,0.413144,0.700272,0.0400155,-0.016663,-0.159295,0.0292479,0.215861,0.753378,0.105108,-0.0557639,0.0122271,-1.03378,-0.31183,0.0835061,0.110926,-0.572726,-0.00508131,-0.929378,-0.15892,-0.298839,-0.025838,0.128974,-0.645854,0.231775,-1.07192,0.190551
30.16,-0.102743,0.000178964,-0.000107135,0.298163,-0.217547,-0.000931904,-0.101738,0.00198565,-0.000227662,0.298777,-0.218916,-0.00221568,0.000227662,7.54762e-06,0.00348638,0.00327169,-0.000731038,-0.00221708,0.0120681,-2.39685e-05,0.0462649,0.00793835,0.00280431,0.0002277,-0.00242081,0.0124995,-0.0119842,0.053743,-0.0096334,-0.1,0,0,0.3,-0.2,0,-0.1,0,0,0.3,-0.2,0,0,0,0,0,0,0,0,0,0,0,0,0,0,0,0,0,0,5.25746,-0.703125,0.447443,5.53711,13.8021,0.671149,4.75408,-4.30664,0.894886,3.7793,15.1388,2.05408,0.0559304,-0.198478,-6.84544,-2.75,0.4375,0.1875,-2.5,-0.0625,-0.947266,-0.117188,-2.0625,-0.3125,0.25,-2.3125,0.0625,-1.03516,0.224609,0.18684,-0.0440764,0.036426,0.324599,0.718211,0.0538017,0.307527,-0.198565,-0.0235162,0.058031,0.755032,0.0639287,-0.0271588,0.00353227,-1.04961,-0.357849,0.0731038,0.110854,-0.569658,0.0112172,-0.92137,-0.150913,-0.280431,-0.02277,0.111837,-0.609638,0.24582,-1.07486,0.202485
30.2,-0.102796,0.000196009,-0.000120527,0.298155,-0.217551,-0.000939065,-0.101658,0.00198565,-0.000254446,0.298726,-0.218924,-0.00221567,0.000174095,2.26428e-05,0.00348638,0.00327169,-0.000731038,-0.00215716,0.0120561,2.39685e-05,0.0462649,0.00794602,0.00280431,0.000215716,-0.00242081,0.0124995,-0.0119722,0.053743,-0.00962573,-0.1,0,0,0.3,-0.2,0,-0.1,0,0,0.3,-0.2,0,0,0,0,0,0,0,0,0,0,0,0,0,0,0,0,0,0,5.48118,-0.615234,0.503374,6.41602,13.8021,0.671149,2.90838,-4.30664,0.447443,4.04297,15.1388,2.05408,-0.727095,-0.0992388,-6.84544,-2.75,0.4375,0.1875,-2.5,-0.0625,-0.947266,-0.126953,-2.0625,-0.3125,0.3125,-2.25,0.0625,-1.03516,0.224609,0.356756,-0.00978339,0.0943325,0.413144,0.702204,0.0705013,-0.0656239,-0.198565,0.0305871,0.262047,0.756979,0.0886268,0.0557639,0.00480025,-1.05701,-0.327169,0.0792397,0.0955862,-0.556787,-0.00661529,-0.932169,-0.165793,-0.298839,-0.0215716,0.121041,-0.628045,0.248649,-1.0729,0.193496
30.26,-0.102756,0.000196009,-0.000107135,0.298146,-0.217543,-0.000924744,-0.101832,0.00198565,-0.000187487,0.298709,-0.218912,-0.00222286,0.000254446,-7.54762e-06,0.00348638,0.00325971,-0.000743022,-0.0022051,0.0120681,-1.19842e-05,0.0462725,0.00794602,0.00280431,0.000215716,-0.00240883,0.0124995,-0.0119722,0.0537507,-0.00962573,-0.1,0,0,0.3,-0.2,0,-0.1,0,0,0.3,-0.2,0,0,0,0,0,0,0,0,0,0,0,0,0,0,0,0,0,0,4.69815,-0.878906,0.503374,5.27344,13.8021,0.671149,5.20153,-4.30664,0.727095,4.30664,15.0505,2.10641,-0.950817,-0.198478,-6.84544,-2.6875,0.4375,0.1875,-2.5,-0.125,-0.947266,-0.117188,-2.0625,-0.3125,0.3125,-2.25,0.0625,-1.02539,0.224609,0.260174,-0.0359633,-0.00985643,0.288977,0.706603,0.0397515,0.455749,-0.198565,-0.0018213,0.106434,0.746699,0.116397,-0.153471,0.0428401,-1.05331,-0.304495,0.0743022,0.113323,-0.557386,0.0171135,-0.926432,-0.160884,-0.277363,-0.00929976,0.120441,-0.628045,0.244047,-1.08287,0.191533
30.3,-0.102729,0.00016192,-0.000120527,0.298155,-0.217543,-0.000924744,-0.101805,0.00198565,-0.000174095,0.298743,-0.218916,-0.00221568,0.000187487,7.54762e-06,0.00347675,0.00328368,-0.000743022,-0.00219311,0.0120681,1.19842e-05,0.0462725,0.00794602,0.00280431,0.000239685,-0.0024328,0.0125115,-0.0119722,0.053743,-0.00961806,-0.1,0,0,0.3,-0.2,0,-0.1,0,0,0.3,-0.2,0,0,0,0,0,0,0,0,0,0,0,0,0,0,0,0,0,0,5.08967,-0.439453,0.559304,5.18555,13.7138,0.619155,3.46768,-4.13086,0.727095,3.25195,14.9619,2.05395,0.447443,-0.148858,-6.76765,-2.75,0.4375,0.1875,-2.5,-0.125,-0.947266,-0.117188,-2.0625,-0.3125,0.25,-2.25,0.0625,-1.02539,0.224609,0.031226,-0.00310205,0.0429076,0.24952,0.698489,0.0424683,0.463355,-0.224745,0.001982,0.09587,0.740369,0.116132,-0.0202485,0.0209219,-1.02824,-0.337572,0.0804381,0.0912479,-0.600338,0.0181681,-0.933305,-0.15303,-0.280431,-0.0393083,0.109368,-0.637848,0.247115,-1.0729,0.193343
30.36,-0.102769,0.000187487,-0.000107135,0.298155,-0.217547,-0.000931904,-0.101792,0.00198565,-0.000187487,0.298709,-0.218916,-0.00221568,0.000200878,1.50952e-05,0.00348156,0.00325971,-0.000743022,-0.00216914,0.0120801,-1.19842e-05,0.0462649,0.00794602,0.00280431,0.0002277,-0.00240883,0.0124876,-0.0119603,0.053743,-0.00962573,-0.1,0,0,0.3,-0.2,0,-0.1,0,0,0.3,-0.2,0,0,0,0,0,0,0,0,0,0,0,0,0,0,0,0,0,0,5.53711,-0.527344,0.167791,5.53711,13.7138,0.619155,3.18803,-4.13086,0.559304,3.07617,15.0502,2.00162,-0.838956,-0.148858,-6.92323,-2.75,0.4375,0.25,-2.5,-0.125,-0.947266,-0.126953,-2.0625,-0.3125,0.25,-2.375,0.0625,-1.02539,0.224609,0.102096,0.000886301,0.0209985,0.222249,0.700272,0.0400155,0.415734,-0.19202,0.0187487,0.220971,0.75177,0.0804094,-0.0139811,-0.0132234,-1.05002,-0.332107,0.086574,0.0992534,-0.604005,0.00177367,-0.928243,-0.166774,-0.280431,-0.0350419,0.120441,-0.661194,0.240739,-1.07388,0.191533
30.4,-0.102823,0.000213053,-0.000107135,0.298189,-0.217539,-0.000931875,-0.101778,0.00198565,-0.000254446,0.2987,-0.21892,-0.00220852,0.000160703,-3.74074e-17,0.00348156,0.00327169,-0.000743022,-0.00218113,0.0120561,-2.39685e-05,0.0462802,0.00794602,0.00281629,0.000215716,-0.0024328,0.0124995,-0.0119842,0.053743,-0.00962573,-0.1,0,0,0.3,-0.2,0,-0.1,0,0,0.3,-0.2,0,0,0,0,0,0,0,0,0,0,0,0,0,0,0,0,0,0,5.98455,-0.703125,0.503374,4.92188,13.8021,0.671149,3.8592,-4.30664,0.727095,3.86719,15.0502,2.00162,-0.615234,-0.148858,-6.92323,-2.75,0.4375,0.25,-2.5625,-0.125,-0.947266,-0.117188,-2.0625,-0.3125,0.3125,-2.3125,0.0625,-1.03516,0.214844,0.318295,-0.0736652,0.0415684,0.277135,0.701547,0.037275,0.301261,-0.2182,0.0151596,0.0968039,0.756809,0.0883408,-0.0482108,0.0347793,-1.05186,-0.333305,0.09271,0.115192,-0.605875,0.0142852,-0.933458,-0.162847,-0.296969,0.00297209,0.127776,-0.643385,0.258092,-1.0729,0.187606
30.46,-0.102743,0.000221575,-9.37433e-05,0.298163,-0.217547,-0.000931904,-0.101752,0.00196861,-0.000241054,0.298726,-0.218924,-0.00221567,0.000254446,7.54762e-06,0.00348638,0.00325971,-0.000731038,-0.0022051,0.0120681,-2.39685e-05,0.0462649,0.00793835,0.00280431,0.000215716,-0.00240883,0.0124995,-0.0119842,0.0537277,-0.00958738,-0.1,0,0,0.3,-0.2,0,-0.1,0,0,0.3,-0.2,0,0,0,0,0,0,0,0,0,0,0,0,0,0,0,0,0,0,5.42525,-0.615234,0.503374,4.6582,13.7138,0.619155,4.30664,-4.39453,0.838956,4.74609,15.0502,2.00162,-1.17454,-0.148858,-6.92323,-2.75,0.4375,0.1875,-2.5,-0.125,-0.947266,-0.117188,-2.125,-0.3125,0.25,-2.3125,0.0625,-1.03516,0.224609,0.274262,-0.0450649,-0.047193,0.313691,0.700248,0.0345257,0.206017,-0.183771,0.0446754,0.114785,0.752113,0.0749191,-0.163756,0.032515,-1.05331,-0.301427,0.0669679,0.107187,-0.569658,0.0173532,-0.920389,-0.151895,-0.304975,-0.0215716,0.114306,-0.634181,0.238151,-1.08339,0.160332
30.5,-0.102769,0.000178964,-0.000133919,0.298172,-0.217543,-0.000924744,-0.101765,0.00196861,-0.000267838,0.298743,-0.218916,-0.00221568,0.000187487,1.50952e-05,0.00348156,0.00325971,-0.000755006,-0.00221708,0.0120801,-2.39685e-05,0.0462649,0.00794602,0.00280431,0.0002277,-0.00246875,0.0124876,-0.0119842,0.053743,-0.00961806,-0.1,0,0,0.3,-0.2,0,-0.1,0,0,0.3,-0.2,0,0,0,0,0,0,0,0,0,0,0,0,0,0,0,0,0,0,5.03374,-0.527344,0.838956,5.09766,13.8021,0.671149,5.31339,-4.30664,0.671165,4.13086,14.9619,2.05395,-0.559304,-0.148858,-6.76765,-2.75,0.4375,0.1875,-2.5,-0.125,-0.947266,-0.117188,-2.125,-0.3125,0.25,-2.3125,0.0625,-1.03516,0.224609,0.431215,-0.00807897,0.0133919,0.257871,0.70174,0.0424795,0.181644,-0.193588,0.0422113,0.172228,0.746881,0.0996405,-0.164238,0.00996281,-1.03523,-0.322903,0.118452,0.113922,-0.600937,0.00508131,-0.92137,-0.162847,-0.292703,-0.00436226,0.123438,-0.630514,0.248888,-1.0729,0.183525
30.56,-0.102756,0.000170442,-8.03514e-05,0.298206,-0.217547,-0.000931904,-0.101685,0.00199417,-0.00028123,0.298717,-0.218908,-0.00221573,0.000227662,1.50952e-05,0.00348156,0.00325971,-0.000731038,-0.0022051,0.0120561,1.19842e-05,0.0462725,0.00794602,0.00280431,0.0002277,-0.00246875,0.0124995,-0.0119722,0.053743,-0.00962573,-0.1,0,0,0.3,-0.2,0,-0.1,0,0,0.3,-0.2,0,0,0,0,0,0,0,0,0,0,0,0,0,0,0,0,0,0,4.81001,-0.615234,0.111861,5.00977,13.8021,0.671149,5.76083,-4.13086,0.671165,4.74609,15.0502,2.00162,-1.06268,-0.148858,-6.92323,-2.75,0.4375,0.1875,-2.5,-0.0625,-0.947266,-0.117188,-2.125,-0.3125,0.25,-2.3125,0.0625,-1.03516,0.224609,0.301314,0.0124082,-0.0793872,0.280032,0.706773,0.0400379,0.214749,-0.179783,0.0898328,0.219692,0.756301,0.0886291,-0.0271588,-0.00452857,-1.04447,-0.325971,0.0485601,0.128663,-0.605875,0.00743022,-0.935268,-0.160884,-0.301907,-0.0166341,0.0927579,-0.618841,0.237911,-1.07192,0.197423
30.62,-0.102716,0.000213053,-8.03514e-05,0.298197,-0.217547,-0.000931904,-0.101738,0.00198565,-0.000241054,0.29876,-0.218916,-0.00221568,0.000254446,7.54762e-06,0.00348638,0.00327169,-0.000743022,-0.00215716,0.0120561,2.39685e-05,0.0462725,0.00793835,0.00280431,0.0002277,-0.00244478,0.0124876,-0.0119603,0.053743,-0.00962573,-0.1,0,0,0.3,-0.2,0,-0.1,0,0,0.3,-0.2,0,0,0,0,0,0,0,0,0,0,0,0,0,0,0,0,0,0,4.02699,-0.703125,0.279652,5.80078,13.7138,0.619155,4.75408,-4.21875,0.615234,3.86719,15.0502,2.00162,-0.727095,-0.198478,-6.84544,-2.75,0.4375,0.1875,-2.5,-0.125,-0.947266,-0.117188,-2.0625,-0.3125,0.25,-2.3125,0.0625,-1.02539,0.214844,0.261299,-0.0605752,-0.0331048,0.248586,0.708311,0.0208293,0.225248,-0.19202,0.0343904,0.229667,0.750124,0.110609,-0.148329,0.00353227,-1.04961,-0.345577,0.0712342,0.107858,-0.599739,-0.000479369,-0.926432,-0.156804,-0.277363,-0.00743022,0.0731517,-0.63665,0.239205,-1.06897,0.19546
30.66,-0.102716,0.000178964,-0.000133919,0.298172,-0.217547,-0.000931904,-0.101738,0.00196861,-0.00028123,0.298768,-0.218916,-0.00221568,0.000160703,1.50952e-05,0.00348156,0.00327169,-0.000743022,-0.0022051,0.0120681,0,0.0462649,0.00793835,0.00279232,0.0002277,-0.00244478,0.0124876,-0.0119722,0.053743,-0.00961806,-0.1,0,0,0.3,-0.2,0,-0.1,0,0,0.3,-0.2,0,0,0,0,0,0,0,0,0,0,0,0,0,0,0,0,0,0,4.30664,-0.615234,0.223722,5.53711,13.8021,0.671149,5.25746,-4.30664,1.00675,2.90039,15.0502,2.00162,0.503374,-0.148858,-6.92323,-2.75,0.4375,0.1875,-2.5,-0.125,-0.947266,-0.126953,-2.125,-0.3125,0.25,-2.3125,0.125,-1.03516,0.224609,0.343579,-0.0211689,-0.0328905,0.432404,0.703548,0.0455165,0.328097,-0.223041,0.0795479,0.0702178,0.75337,0.116088,0.0854939,0.00706453,-1.03707,-0.321033,0.09271,0.116391,-0.61261,-0.0076699,-0.925297,-0.156804,-0.2823,-0.025838,0.122239,-0.639718,0.237911,-1.07486,0.194325
30.72,-0.102662,0.00016192,-0.000120527,0.298206,-0.217547,-0.000931904,-0.101792,0.00197713,-0.000267838,0.29876,-0.218912,-0.00222286,0.000200878,1.50952e-05,0.00348156,0.00327169,-0.000731038,-0.0022051,0.0120561,-1.19842e-05,0.0462649,0.00794602,0.00281629,0.000203732,-0.00242081,0.0124876,-0.0119722,0.053743,-0.00962573,-0.1,0,0,0.3,-0.2,0,-0.1,0,0,0.3,-0.2,0,0,0,0,0,0,0,0,0,0,0,0,0,0,0,0,0,0,3.97106,-0.615234,0.503374,4.21875,13.8021,0.671149,5.03374,-4.30664,0.727095,4.04297,15.1388,2.05408,-0.167791,-0.297716,-6.68986,-2.75,0.4375,0.1875,-2.5,-0.125,-0.947266,-0.117188,-2.125,-0.3125,0.3125,-2.25,0.0625,-1.03516,0.214844,0.0605276,0.000170443,0.0531926,0.225491,0.702009,0.0647251,0.354024,-0.197713,0.155346,0.295117,0.74995,0.116386,-0.116831,-0.00163029,-1.03523,-0.342509,0.0638999,0.116391,-0.581331,0.00637561,-0.92137,-0.160884,-0.293901,-0.0203732,0.121041,-0.627446,0.231775,-1.0729,0.186624
30.76,-0.102649,0.000170442,-0.000133919,0.298248,-0.217547,-0.000931904,-0.101738,0.00197713,-0.000254446,0.298768,-0.218912,-0.00220855,0.000120527,1.50952e-05,0.00348156,0.00327169,-0.000731038,-0.0022051,0.0120681,2.39685e-05,0.0462649,0.00794602,0.00279232,0.000191748,-0.0024328,0.0124995,-0.0119603,0.053743,-0.00962573,-0.1,0,0,0.3,-0.2,0,-0.1,0,0,0.3,-0.2,0,0,0,0,0,0,0,0,0,0,0,0,0,0,0,0,0,0,4.36257,-0.527344,0.503374,3.7793,13.7138,0.619155,3.46768,-4.30664,0.447443,4.13086,15.0502,2.00162,-0.391513,-0.148858,-6.76765,-2.75,0.4375,0.1875,-2.5,-0.0625,-0.947266,-0.117188,-2.0625,-0.3125,0.3125,-2.3125,0.0625,-1.03516,0.234375,0.12604,0.0124082,-0.038033,0.224552,0.705061,0.0208181,0.43609,-0.200986,0.0254446,0.157484,0.749986,0.0664052,0.0204093,0.0215559,-1.04262,-0.31183,0.0638999,0.0826432,-0.603406,0.00105461,-0.926279,-0.162847,-0.270029,-0.000766991,0.12164,-0.631113,0.237671,-1.07781,0.20135
30.82,-0.102702,0.000178964,-0.000107135,0.29824,-0.217543,-0.000939036,-0.101738,0.00197713,-0.000254446,0.29876,-0.218916,-0.00221568,0.000254446,-3.67271e-17,0.00347194,0.00327169,-0.000743022,-0.00221708,0.0120681,-1.19842e-05,0.0462649,0.00794602,0.00280431,0.000203732,-0.00238486,0.0124876,-0.0119603,0.053743,-0.00962573,-0.1,0,0,0.3,-0.2,0,-0.1,0,0,0.3,-0.2,0,0,0,0,0,0,0,0,0,0,0,0,0,0,0,0,0,0,4.97781,-0.615234,0.447443,4.74609,13.8021,0.671149,5.31339,-4.21875,0.279652,5.18555,15.0505,2.10641,-0.838956,-0.148858,-6.92323,-2.75,0.4375,0.1875,-2.5,-0.125,-0.947266,-0.117188,-2.0625,-0.3125,0.25,-2.3125,0.0625,-1.02539,0.224609,0.213677,-0.0113515,-0.0252839,0.0894769,0.692041,0.0539971,0.338382,-0.164988,0.0254446,0.246029,0.753343,0.154516,-0.138044,0.0202879,-1.04343,-0.324101,0.0773702,0.110854,-0.594202,0.00944357,-0.928243,-0.168738,-0.289635,0.0133744,0.100835,-0.624378,0.253011,-1.07388,0.197423
30.86,-0.102769,0.00016192,-0.000107135,0.298223,-0.217547,-0.000946196,-0.101711,0.00196861,-0.000227662,0.298777,-0.218916,-0.00223001,0.00028123,1.50952e-05,0.00348156,0.00325971,-0.000731038,-0.00215716,0.0120921,1.19842e-05,0.0462649,0.00794602,0.00279232,0.000239685,-0.0024328,0.0124995,-0.0119722,0.053743,-0.00962573,-0.1,0,0,0.3,-0.2,0,-0.1,0,0,0.3,-0.2,0,0,0,0,0,0,0,0,0,0,0,0,0,0,0,0,0,0,5.7049,-0.703125,0.335582,3.16406,13.8021,0.671149,3.97106,-4.30664,0.671165,5.00977,15.1388,2.05408,-1.23047,-0.148858,-6.76765,-2.75,0.4375,0.1875,-2.5,-0.125,-0.947266,-0.117188,-2.0625,-0.3125,0.25,-2.3125,0.0625,-1.03516,0.214844,0.302653,-0.0129195,0.026141,0.282929,0.700399,0.068036,0.083722,-0.187043,0.00219627,0.145297,0.761493,0.119377,-0.0792265,0.0215559,-1.03523,-0.316767,0.0731038,0.10479,-0.619944,0.00589624,-0.928243,-0.164811,-0.279232,0.0036432,0.109368,-0.661793,0.244047,-1.07879,0.191533
30.92,-0.102729,0.000170442,-8.03514e-05,0.298206,-0.217543,-0.000924744,-0.101631,0.00197713,-0.000227662,0.298794,-0.218912,-0.00220855,0.00028123,-3.67271e-17,0.00347194,0.00327169,-0.000743022,-0.00219311,0.0120681,-1.19842e-05,0.0462725,0.00791534,0.00280431,0.000215716,-0.0024328,0.0124876,-0.0119722,0.0537507,-0.00961806,-0.1,0,0,0.3,-0.2,0,-0.1,0,0,0.3,-0.2,0,0,0,0,0,0,0,0,0,0,0,0,0,0,0,0,0,0,5.7049,-0.615234,0.335582,5.71289,13.7138,0.619155,2.68466,-4.21875,0.727095,3.42773,15.1388,2.05408,-0.950817,-0.148858,-6.76765,-2.75,0.4375,0.1875,-2.5,-0.125,-0.947266,-0.117188,-2.0625,-0.3125,0.25,-2.3125,0.0625,-1.03516,0.224609,0.375773,0.0254982,-0.0485322,0.203674,0.704916,0.0260214,-0.0683024,-0.187896,0.0227662,0.14274,0.75484,0.0965823,-0.0843689,0.0405759,-1.02679,-0.317965,0.0773702,0.100452,-0.55125,0.0109775,-0.93625,-0.141617,-0.283499,-0.0185036,0.12164,-0.609038,0.247115,-1.08287,0.192361
30.96,-0.102796,0.000196009,-0.000107135,0.298214,-0.217547,-0.000931904,-0.101711,0.00198565,-0.000241054,0.298768,-0.218912,-0.00220855,0.000200878,1.50952e-05,0.00348156,0.00327169,-0.000743022,-0.00216914,0.0120681,-2.39685e-05,0.0462725,0.00793068,0.00280431,0.000215716,-0.0024328,0.0124995,-0.0119842,0.053743,-0.00960272,-0.1,0,0,0.3,-0.2,0,-0.1,0,0,0.3,-0.2,0,0,0,0,0,0,0,0,0,0,0,0,0,0,0,0,0,0,5.53711,-0.703125,0.279652,4.74609,13.8021,0.671149,2.96431,-4.13086,0.838956,4.48242,15.1388,2.05408,-0.503374,-0.198478,-6.84544,-2.75,0.4375,0.1875,-2.5625,-0.125,-0.927734,-0.117188,-2.0625,-0.3125,0.25,-2.3125,0.0625,-1.03516,0.214844,0.428751,0.00657908,-0.0407114,0.371474,0.700248,0.0345257,0.0682945,-0.201838,0.0858153,0.277476,0.764587,0.102038,-0.0242661,0.00706453,-1.04817,-0.308762,0.0712342,0.123797,-0.603406,0.00508131,-0.932323,-0.153705,-0.280431,0.00297209,0.0878923,-0.612706,0.248888,-1.07093,0.176346
31.02,-0.10281,0.000178964,-0.000133919,0.298104,-0.217547,-0.000931904,-0.101819,0.00196861,-0.000174095,0.298768,-0.218916,-0.00221568,0.000227662,1.50952e-05,0.00348156,0.00327169,-0.000731038,-0.00221708,0.0120681,1.19842e-05,0.0462649,0.00793835,0.00281629,0.0002277,-0.00245677,0.0124876,-0.0119603,0.0537353,-0.00961806,-0.1,0,0,0.3,-0.2,0,-0.1,0,0,0.3,-0.2,0,0,0,0,0,0,0,0,0,0,0,0,0,0,0,0,0,0,6.37607,-0.615234,0.447443,6.32812,13.8021,0.671149,3.35582,-4.21875,0.559304,3.95508,15.1388,2.05408,-0.335582,-0.248097,-6.76765,-2.6875,0.4375,0.1875,-2.5,-0.0625,-0.947266,-0.117188,-2.0625,-0.3125,0.25,-2.3125,0.0625,-1.03516,0.224609,0.311813,0.011556,0.0596743,0.535353,0.703572,0.0510062,0.33099,-0.167408,-0.00830298,0.255659,0.771257,0.102301,-0.145436,-0.00452857,-1.04077,-0.321033,0.0700358,0.129262,-0.584998,0.0135661,-0.928243,-0.162694,-0.300037,-0.025838,0.122838,-0.627446,0.225399,-1.07667,0.189416
31.06,-0.102769,0.000178964,-0.000107135,0.29818,-0.217547,-0.000931904,-0.101738,0.00197713,-0.000200878,0.298743,-0.218916,-0.00221568,0.000267838,7.54762e-06,0.00347675,0.00325971,-0.000743022,-0.00221708,0.0120681,0,0.0462572,0.00793068,0.00280431,0.000203732,-0.00240883,0.0124876,-0.0119722,0.053743,-0.00961806,-0.1,0,0,0.3,-0.2,0,-0.1,0,0,0.3,-0.2,0,0,0,0,0,0,0,0,0,0,0,0,0,0,0,0,0,0,4.75408,-0.703125,0.279652,4.6582,13.7138,0.619155,4.81001,-4.21875,0.503374,3.42773,15.1388,2.05408,-1.11861,-0.248097,-6.92323,-2.75,0.4375,0.1875,-2.5,-0.125,-0.947266,-0.117188,-2.125,-0.3125,0.3125,-2.3125,0.0625,-1.03516,0.214844,0.225515,-0.0211689,-0.00985643,0.316593,0.713249,0.0345706,0.569794,-0.174806,-0.041622,0.139503,0.766375,0.110553,-0.286051,0.00932882,-1.04303,-0.298359,0.0835061,0.0955143,-0.584998,-0.00153398,-0.921217,-0.152723,-0.317246,-0.0173052,0.105102,-0.618242,0.239445,-1.07486,0.187452
31.12,-0.102649,0.00016192,-0.000107135,0.298197,-0.217543,-0.000939036,-0.101618,0.00198565,-0.000241054,0.298726,-0.218912,-0.00222286,0.000187487,1.50952e-05,0.00348156,0.00328368,-0.000719053,-0.00219311,0.0120681,-2.39685e-05,0.0462649,0.00793835,0.00280431,0.000215716,-0.00246875,0.0124876,-0.0119842,0.053743,-0.00961806,-0.1,0,0,0.3,-0.2,0,-0.1,0,0,0.3,-0.2,0,0,0,0,0,0,0,0,0,0,0,0,0,0,0,0,0,0,4.64222,-0.351562,0.223722,4.57031,13.7138,0.619155,2.12536,-4.30664,0.503374,5.09766,15.1388,2.05408,-0.727095,-0.148858,-6.76765,-2.75,0.4375,0.1875,-2.5,-0.0625,-0.947266,-0.126953,-2.0625,-0.3125,0.25,-2.3125,0.0625,-1.03516,0.214844,0.0231906,0.0328954,-0.0407114,0.259494,0.700129,0.0457905,0.249192,-0.214928,-0.0376044,0.343859,0.748338,0.0971772,-0.045961,0.00706453,-1.04447,-0.313028,0.0504296,0.131131,-0.575794,0.0127512,-0.924316,-0.164658,-0.271227,0.00297209,0.111166,-0.645854,0.25349,-1.08271,0.186471
31.16,-0.102783,0.000187487,-6.69595e-05,0.298155,-0.217543,-0.000939036,-0.101591,0.00198565,-0.000267838,0.298768,-0.218916,-0.00221568,0.000200878,-3.74074e-17,0.00348156,0.00327169,-0.000743022,-0.0022051,0.0120681,-1.19842e-05,0.0462725,0.00793068,0.00281629,0.0002277,-0.00248073,0.0124876,-0.0119603,0.053743,-0.00961039,-0.1,0,0,0.3,-0.2,0,-0.1,0,0,0.3,-0.2,0,0,0,0,0,0,0,0,0,0,0,0,0,0,0,0,0,0,6.59979,-0.615234,0.279652,5.18555,13.7138,0.619155,2.23722,-4.21875,0.615234,4.13086,15.0505,2.10641,-0.279652,-0.297716,-6.84544,-2.75,0.4375,0.1875,-2.5,-0.125,-0.927734,-0.117188,-2.125,-0.3125,0.25,-2.3125,0.125,-1.03516,0.224609,0.329705,-0.0122037,-0.0293015,0.282245,0.698492,0.04304,-0.0568922,-0.195293,0.150204,0.162938,0.766371,0.116043,-0.152828,1.12222e-14,-1.04447,-0.324101,0.0466905,0.101051,-0.603406,0.00944357,-0.931341,-0.155668,-0.324581,0.0140455,0.124037,-0.62131,0.226933,-1.08173,0.194171
31.22,-0.10281,0.000187487,-0.000107135,0.298172,-0.217543,-0.000939036,-0.101685,0.00198565,-0.000227662,0.2987,-0.218916,-0.00221568,0.00021427,7.54762e-06,0.00347675,0.00328368,-0.000743022,-0.00219311,0.0120681,1.19842e-05,0.0462572,0.00793068,0.00280431,0.000239685,-0.00245677,0.0124876,-0.0119483,0.0537507,-0.00961806,-0.1,0,0,0.3,-0.2,0,-0.1,0,0,0.3,-0.2,0,0,0,0,0,0,0,0,0,0,0,0,0,0,0,0,0,0,5.81676,-0.703125,0,4.30664,13.8021,0.671149,3.24396,-4.30664,0.447443,4.57031,15.1388,2.05408,-0.503374,-0.198478,-6.84544,-2.75,0.4375,0.1875,-2.5,-0.125,-0.947266,-0.107422,-2.0625,-0.3125,0.25,-2.3125,0.0625,-1.02539,0.224609,0.486658,-0.0547461,-0.0612813,0.219692,0.695365,0.0704777,0.0913293,-0.224745,0.00733876,0.271337,0.766375,0.110553,0.0385687,0.0151254,-1.02084,-0.319164,0.0743022,0.112724,-0.606474,0.0181681,-0.916308,-0.151741,-0.280431,-0.0301044,0.122838,-0.630514,0.252771,-1.08189,0.189416
31.26,-0.102743,0.000196009,-0.000133919,0.298172,-0.217551,-0.000939065,-0.101752,0.00198565,-0.000187487,0.2987,-0.218916,-0.00221568,0.000254446,-3.74074e-17,0.00348156,0.00325971,-0.000743022,-0.00219311,0.0120561,-2.39685e-05,0.0462572,0.00793835,0.00281629,0.0002277,-0.00249272,0.0124995,-0.0119483,0.0537353,-0.00961806,-0.1,0,0,0.3,-0.2,0,-0.1,0,0,0.3,-0.2,0,0,0,0,0,0,0,0,0,0,0,0,0,0,0,0,0,0,5.87269,-0.703125,0.391513,4.74609,13.7138,0.619155,2.90838,-4.21875,0.727095,3.86719,15.1388,2.05408,-1.2864,-0.198478,-6.84544,-2.75,0.4375,0.1875,-2.5,-0.125,-0.947266,-0.117188,-2.0625,-0.3125,0.25,-2.25,0.0625,-1.03516,0.224609,0.258834,-0.0294183,0.00310692,0.263325,0.711757,0.0266167,0.247157,-0.20511,0.0547461,0.260429,0.751755,0.102369,-0.138044,0.0405759,-1.04077,-0.304495,0.0957779,0.082044,-0.590535,0.00968325,-0.919253,-0.166621,-0.312309,-0.0197021,0.127704,-0.609638,0.23283,-1.06489,0.191379
31.32,-0.102823,0.000187487,-0.000120527,0.298163,-0.217551,-0.000939065,-0.101778,0.00198565,-0.000187487,0.298709,-0.218924,-0.00221567,0.000200878,1.50952e-05,0.00348156,0.00328368,-0.000743022,-0.00219311,0.0120441,0,0.0462649,0.00793068,0.00280431,0.0002277,-0.00246875,0.0124876,-0.0119722,0.0537353,-0.00961806,-0.1,0,0,0.3,-0.2,0,-0.1,0,0,0.3,-0.2,0,0,0,0,0,0,0,0,0,0,0,0,0,0,0,0,0,0,6.09641,-0.615234,0.391513,5.18555,13.8021,0.671149,3.35582,-4.13086,0.391513,4.21875,15.0505,2.10641,0,-0.148858,-6.76765,-2.75,0.4375,0.1875,-2.5,-0.125,-0.947266,-0.117188,-2.0625,-0.3125,0.25,-2.3125,0.0625,-1.03516,0.224609,0.18459,-0.0187487,0.0120527,0.28642,0.711881,0.0540656,0.146986,-0.211655,0.0187487,0.220971,0.771592,0.107791,0.0940111,-0.00742684,-1.03523,-0.359047,0.086574,0.109656,-0.577664,-0.00153398,-0.929224,-0.15076,-0.277363,-0.00743022,0.0620783,-0.62131,0.247115,-1.06293,0.194325
31.36,-0.102743,0.000178964,-0.000107135,0.29818,-0.217547,-0.000931904,-0.101792,0.00198565,-0.000241054,0.298726,-0.218912,-0.00220855,0.000200878,7.54762e-06,0.00347675,0.00325971,-0.000743022,-0.00219311,0.0120681,-3.59527e-05,0.0462725,0.00793068,0.00280431,0.000191748,-0.00245677,0.0124756,-0.0119722,0.053743,-0.00961806,-0.1,0,0,0.3,-0.2,0,-0.1,0,0,0.3,-0.2,0,0,0,0,0,0,0,0,0,0,0,0,0,0,0,0,0,0,4.97781,-0.615234,0.335582,4.74609,13.8021,0.671149,5.76083,-4.30664,0.559304,3.86719,15.1388,2.05408,-0.950817,-0.0496194,-7.07881,-2.75,0.4375,0.25,-2.5,-0.125,-0.947266,-0.117188,-2.125,-0.3125,0.25,-2.25,0.125,-1.03516,0.224609,0.294832,-0.0440764,0.0415684,0.343863,0.708386,0.0372986,0.436304,-0.208383,-0.00160703,0.131147,0.751577,0.113063,0.0477287,0.0354133,-1.04118,-0.313699,0.0743022,0.109656,-0.588066,0.005321,-0.938213,-0.160577,-0.295771,0.0207087,0.13511,-0.605371,0.236377,-1.07486,0.192361
31.42,-0.102743,0.000204531,-0.000147311,0.298197,-0.217547,-0.000946196,-0.101685,0.00197713,-0.000241054,0.298734,-0.218916,-0.00221568,0.000160703,7.54762e-06,0.00348638,0.00328368,-0.000743022,-0.00221708,0.0120681,1.19842e-05,0.0462649,0.00793068,0.00280431,0.0002277,-0.00245677,0.0124876,-0.0119603,0.053743,-0.00961806,-0.1,0,0,0.3,-0.2,0,-0.1,0,0,0.3,-0.2,0,0,0,0,0,0,0,0,0,0,0,0,0,0,0,0,0,0,5.87269,-0.527344,0,5.80078,13.7138,0.619155,2.51687,-4.21875,0.559304,4.13086,15.1388,2.05408,-0.391513,-0.198478,-6.84544,-2.75,0.4375,0.1875,-2.5,-0.0625,-0.947266,-0.117188,-2.0625,-0.3125,0.3125,-2.25,0.125,-1.03516,0.214844,0.310259,-0.0106356,0.0250161,0.341306,0.711614,0.0323918,0.343311,-0.168261,0.0549603,0.255314,0.759882,0.0995956,0.0906363,-0.00516256,-1.04776,-0.352911,0.0835061,0.104718,-0.594202,0.00589624,-0.929224,-0.15665,-0.292703,-0.0319739,0.128974,-0.62131,0.251477,-1.07388,0.192361
31.46,-0.102729,0.000178964,-0.000120527,0.298214,-0.217547,-0.000931904,-0.101752,0.00198565,-0.000241054,0.298709,-0.218924,-0.00221567,0.000160703,1.50952e-05,0.00348156,0.00328368,-0.000743022,-0.00218113,0.0120681,-1.19842e-05,0.0462649,0.00792301,0.00280431,0.000191748,-0.00242081,0.0124876,-0.0119722,0.0537584,-0.00961806,-0.1,0,0,0.3,-0.2,0,-0.1,0,0,0.3,-0.2,0,0,0,0,0,0,0,0,0,0,0,0,0,0,0,0,0,0,5.76083,-0.703125,0.279652,5.44922,13.8021,0.671149,1.90163,-4.21875,0.559304,4.48242,15.1388,2.05408,0.335582,-0.0496194,-6.76765,-2.75,0.4375,0.1875,-2.5,-0.0625,-0.947266,-0.117188,-2.125,-0.3125,0.25,-2.3125,0.0625,-1.03516,0.224609,0.164931,-0.0113515,0.0120527,0.180579,0.701885,0.0372762,0.355149,-0.19202,0.0703878,0.199154,0.765099,0.0968334,0.116349,0.0447421,-1.03523,-0.3253,0.0650983,0.0967846,-0.609542,0.0201814,-0.930206,-0.147661,-0.304975,0.0268447,0.121041,-0.630514,0.236377,-1.08498,0.194325
31.52,-0.10281,0.000178964,-0.000107135,0.298214,-0.217547,-0.000931904,-0.101604,0.00198565,-0.000241054,0.298683,-0.218912,-0.00222286,0.000254446,7.54762e-06,0.00347675,0.00327169,-0.000731038,-0.0022051,0.0120681,1.19842e-05,0.0462649,0.00793068,0.00281629,0.000203732,-0.0024328,0.0124876,-0.0119842,0.053743,-0.00961806,-0.1,0,0,0.3,-0.2,0,-0.1,0,0,0.3,-0.2,0,0,0,0,0,0,0,0,0,0,0,0,0,0,0,0,0,0,6.48793,-0.615234,0.111861,4.57031,13.7138,0.619155,3.35582,-4.21875,0.615234,4.74609,15.0502,2.00162,-0.894886,-0.148858,-6.92323,-2.75,0.4375,0.25,-2.5,-0.125,-0.947266,-0.117188,-2.0625,-0.3125,0.25,-2.3125,0.0625,-1.03516,0.224609,0.450661,0.0082835,-0.0252839,0.131492,0.696997,0.0345144,-0.0555534,-0.20511,0.0241054,0.355706,0.74508,0.108168,-0.127759,0.0151254,-1.04303,-0.302626,0.0823077,0.122527,-0.621814,-0.00330765,-0.927261,-0.163522,-0.296969,0.00417051,0.140048,-0.642786,0.244286,-1.07486,0.195306
31.56,-0.102743,0.000196009,-8.03514e-05,0.298172,-0.217547,-0.000931904,-0.101738,0.00198565,-0.000187487,0.298726,-0.218916,-0.00223001,0.000200878,-3.74074e-17,0.00348156,0.00325971,-0.000743022,-0.00216914,0.0120681,-2.39685e-05,0.0462649,0.00792301,0.00279232,0.000215716,-0.0024328,0.0124876,-0.0119722,0.0537353,-0.00961806,-0.1,0,0,0.3,-0.2,0,-0.1,0,0,0.3,-0.2,0,0,0,0,0,0,0,0,0,0,0,0,0,0,0,0,0,0,6.20827,-0.351562,0.447443,6.32812,13.7138,0.619155,2.96431,-4.21875,0.727095,4.13086,15.1388,2.05408,-0.615234,-0.198478,-7.00102,-2.75,0.4375,0.25,-2.5,-0.125,-0.947266,-0.117188,-2.0625,-0.3125,0.3125,-2.3125,0.125,-1.03516,0.224609,0.269119,-0.00651089,-0.0588172,0.274234,0.693697,0.0235237,0.25096,-0.195293,-0.0532462,0.27841,0.764755,0.102897,0.0425862,0.00869483,-1.06481,-0.301427,0.089642,0.145273,-0.588066,-0.00105461,-0.930206,-0.149624,-0.288436,-0.0215716,0.146184,-0.627446,0.250183,-1.06293,0.196288
31.62,-0.102796,0.000170442,-0.000107135,0.298138,-0.217539,-0.000931875,-0.101711,0.00198565,-0.00021427,0.298743,-0.218916,-0.00221568,0.00021427,-7.54762e-06,0.00348638,0.00327169,-0.000755006,-0.00215716,0.0120681,-1.19842e-05,0.0462649,0.00793835,0.00279232,0.000251669,-0.0024328,0.0124876,-0.0119842,0.053743,-0.00962573,-0.1,0,0,0.3,-0.2,0,-0.1,0,0,0.3,-0.2,0,0,0,0,0,0,0,0,0,0,0,0,0,0,0,0,0,0,5.87269,-0.703125,0.503374,5.18555,13.7138,0.619155,4.02699,-4.04297,0.391513,3.86719,15.1388,2.05408,-0.727095,-0.297716,-7.00102,-2.75,0.4375,0.25,-2.5,-0.125,-0.947266,-0.117188,-2.0625,-0.3125,0.3125,-2.3125,0.0625,-1.02539,0.214844,0.428751,-0.0694041,0.026141,0.393885,0.693458,0.0454816,0.253424,-0.17893,-0.0505678,0.204953,0.763133,0.0995844,-0.0334262,0.0138574,-1.07549,-0.324101,0.0755006,0.113994,-0.603406,0.0140455,-0.924316,-0.167603,-0.270029,-0.0313028,0.133912,-0.624378,0.244286,-1.07093,0.204296
31.66,-0.102743,0.000178964,-0.000107135,0.298189,-0.217547,-0.000931904,-0.101644,0.00198565,-0.00021427,0.298777,-0.218916,-0.00221568,0.000200878,-3.67271e-17,0.00347194,0.00325971,-0.000731038,-0.00216914,0.0120681,0,0.0462649,0.00793068,0.00279232,0.000203732,-0.00242081,0.0124756,-0.0119603,0.053743,-0.00961806,-0.1,0,0,0.3,-0.2,0,-0.1,0,0,0.3,-0.2,0,0,0,0,0,0,0,0,0,0,0,0,0,0,0,0,0,0,5.76083,-0.439453,0.503374,4.57031,13.8021,0.671149,4.92188,-4.30664,0.727095,3.86719,15.1388,2.05408,-1.00675,-0.198478,-7.00102,-2.75,0.4375,0.1875,-2.5,-0.0625,-0.947266,-0.117188,-2.0625,-0.3125,0.25,-2.3125,0.0625,-1.03516,0.214844,0.485104,0.0410084,-0.0201414,0.200777,0.705185,0.048267,-0.0103961,-0.214928,0.0677094,0.139843,0.763133,0.0995844,-0.116831,0.0115931,-1.04898,-0.316767,0.0761717,0.123797,-0.603406,0.00306796,-0.927261,-0.160577,-0.285368,-0.00196541,0.105701,-0.651391,0.253011,-1.07388,0.191379
31.72,-0.102756,0.000196009,-8.03514e-05,0.298138,-0.217543,-0.000924744,-0.101671,0.00198565,-0.000200878,0.298726,-0.218916,-0.00221568,0.00021427,-7.54762e-06,0.00347675,0.00327169,-0.000731038,-0.00219311,0.0120681,-2.39685e-05,0.0462572,0.00792301,0.00280431,0.000203732,-0.00244478,0.0124876,-0.0119842,0.053743,-0.00961039,-0.1,0,0,0.3,-0.2,0,-0.1,0,0,0.3,-0.2,0,0,0,0,0,0,0,0,0,0,0,0,0,0,0,0,0,0,5.53711,-0.791016,0.447443,5.53711,13.7138,0.619155,3.80327,-4.04297,0.559304,4.83398,14.9619,2.05395,-0.223722,-0.198478,-7.00102,-2.75,0.4375,0.1875,-2.5,-0.0625,-0.947266,-0.117188,-2.0625,-0.3125,0.3125,-2.375,0.0625,-1.03516,0.214844,0.265316,0.032759,-0.0896721,0.459335,0.706479,0.0123026,-0.00771762,-0.16584,0.0303728,0.283864,0.751755,0.102369,-0.0642811,0.0341453,-1.04487,-0.333305,0.0608319,0.0697722,-0.603406,0.00661529,-0.919253,-0.148643,-0.301907,0.0133744,0.162123,-0.639718,0.262694,-1.07977,0.18239
31.76,-0.10281,0.000178964,-0.000120527,0.298189,-0.217543,-0.000939036,-0.101644,0.00198565,-0.000227662,0.29876,-0.21892,-0.00222283,0.00021427,7.54762e-06,0.00347675,0.00328368,-0.000743022,-0.00214518,0.0120681,1.19842e-05,0.0462572,0.00793068,0.00280431,0.0002277,-0.00240883,0.0124876,-0.0119842,0.053743,-0.00961806,-0.1,0,0,0.3,-0.2,0,-0.1,0,0,0.3,-0.2,0,0,0,0,0,0,0,0,0,0,0,0,0,0,0,0,0,0,5.92862,-0.703125,0.279652,6.76758,13.7138,0.619155,4.58629,-4.13086,0.391513,5.27344,15.0505,2.10641,-1.34233,-0.148858,-6.92323,-2.75,0.4375,0.1875,-2.5,-0.0625,-0.947266,-0.117188,-2.0625,-0.3125,0.3125,-2.3125,0.0625,-1.03516,0.224609,0.419806,-0.0604388,0.00176773,0.288043,0.698467,0.0375502,-0.0155386,-0.19202,0.0536212,0.191488,0.756778,0.132832,-0.0539961,0.0354133,-1.03748,-0.346776,0.0804381,0.122599,-0.569658,-0.00330765,-0.925144,-0.155668,-0.277363,-0.0135661,0.123509,-0.627446,0.241218,-1.07584,0.194325
31.82,-0.102769,0.000178964,-0.000133919,0.298197,-0.217543,-0.000924744,-0.101604,0.00198565,-0.00021427,0.298726,-0.21892,-0.00220852,0.000241054,-3.67271e-17,0.00347194,0.00327169,-0.000731038,-0.00218113,0.0120681,-2.39685e-05,0.0462572,0.00793068,0.00280431,0.000239685,-0.00248073,0.0124876,-0.0119842,0.053743,-0.00961806,-0.1,0,0,0.3,-0.2,0,-0.1,0,0,0.3,-0.2,0,0,0,0,0,0,0,0,0,0,0,0,0,0,0,0,0,0,6.04048,-0.703125,0.503374,4.57031,13.7138,0.619155,2.06942,-4.21875,0.503374,4.83398,15.1388,2.05408,-1.17454,-0.198478,-6.84544,-2.6875,0.4375,0.1875,-2.5,-0.125,-0.947266,-0.117188,-2.0625,-0.3125,0.25,-2.3125,0.0625,-1.03516,0.224609,0.431215,0.024646,0.0545318,0.390394,0.699928,0.00130056,-0.0606959,-0.201838,0.052282,0.452943,0.769799,0.104765,-0.190593,0.0289828,-1.02309,-0.354781,0.0669679,0.109056,-0.594202,0.000479369,-0.921217,-0.167449,-0.283499,-0.0301044,0.114833,-0.642786,0.259626,-1.07682,0.201197
31.86,-0.102769,0.000178964,-0.000107135,0.298231,-0.217543,-0.000924744,-0.101631,0.00198565,-0.000200878,0.298751,-0.218908,-0.00220142,0.000227662,1.50952e-05,0.00348156,0.00328368,-0.000743022,-0.0022051,0.0120681,-2.39685e-05,0.0462572,0.00793068,0.00279232,0.000215716,-0.00245677,0.0124995,-0.0119603,0.053743,-0.00961806,-0.1,0,0,0.3,-0.2,0,-0.1,0,0,0.3,-0.2,0,0,0,0,0,0,0,0,0,0,0,0,0,0,0,0,0,0,5.25746,-0.878906,0.279652,5.36133,13.8021,0.671149,4.08292,-4.21875,0.447443,4.39453,15.1388,2.05408,-0.671165,-0.198478,-6.84544,-2.6875,0.4375,0.1875,-2.5,-0.125,-0.947266,-0.117188,-2.125,-0.3125,0.3125,-2.3125,0.125,-1.03516,0.214844,0.456927,-0.0211689,-0.0252839,0.150751,0.708215,0.0370122,-0.0065925,-0.185475,0.0303728,0.258216,0.75142,0.0963083,-0.130009,0.00996281,-1.05002,-0.300756,0.111118,0.110255,-0.588066,0.000479369,-0.921217,-0.165486,-0.29764,-0.0215716,0.138178,-0.640317,0.223865,-1.07879,0.192361
31.92,-0.102783,0.00016192,-8.03514e-05,0.298189,-0.217547,-0.000931904,-0.101644,0.00196861,-0.000227662,0.29876,-0.218916,-0.00221568,0.00021427,7.54762e-06,0.00347675,0.00327169,-0.000743022,-0.0022051,0.0120681,0,0.0462725,0.00792301,0.00281629,0.000203732,-0.00242081,0.0124876,-0.0119483,0.053743,-0.00961039,-0.1,0,0,0.3,-0.2,0,-0.1,0,0,0.3,-0.2,0,0,0,0,0,0,0,0,0,0,0,0,0,0,0,0,0,0,5.98455,-0.791016,0.223722,5.27344,13.7138,0.619155,3.02024,-4.39453,0.279652,4.57031,14.9619,2.05395,-0.335582,-0.248097,-6.76765,-2.75,0.4375,0.1875,-2.5,-0.125,-0.947266,-0.117188,-2.0625,-0.3125,0.3125,-2.3125,0.125,-1.02539,0.224609,0.437697,-0.0129195,-0.0433897,0.168052,0.675783,0.0152272,-0.051536,-0.200133,0.0227662,0.295117,0.748504,0.10238,-0.0231412,-0.00806084,-1.03563,-0.302626,0.086574,0.0918471,-0.588066,0.00920388,-0.941159,-0.15257,-0.281629,0.00723847,0.157856,-0.63665,0.22516,-1.06602,0.188281
31.96,-0.10281,0.00016192,-0.000107135,0.298223,-0.217551,-0.000939065,-0.101685,0.00196009,-0.00021427,0.298751,-0.218912,-0.00222286,0.00028123,7.54762e-06,0.00348638,0.00327169,-0.000755006,-0.00215716,0.0120801,1.19842e-05,0.0462572,0.00793068,0.00279232,0.000215716,-0.00244478,0.0124876,-0.0119483,0.053743,-0.00961039,-0.1,0,0,0.3,-0.2,0,-0.1,0,0,0.3,-0.2,0,0,0,0,0,0,0,0,0,0,0,0,0,0,0,0,0,0,5.59304,-0.703125,0.223722,4.74609,13.7134,0.723941,4.81001,-4.21875,0.615234,5.00977,15.0505,2.10641,-1.51012,-0.198478,-6.84544,-2.75,0.4375,0.1875,-2.5,-0.125,-0.947266,-0.117188,-2.0625,-0.3125,0.3125,-2.3125,0.0625,-1.03516,0.224609,0.388951,-0.0390995,-0.0149989,0.0974881,0.705455,0.0705125,0.0656168,-0.166556,-0.0094279,0.274579,0.7532,0.116375,-0.259214,0.000633991,-1.05146,-0.314898,0.0755006,0.0925182,-0.588665,0.0012943,-0.91729,-0.160577,-0.279232,-0.0461153,0.0976954,-0.642786,0.229762,-1.07584,0.18239
32.02,-0.102702,0.000170442,-0.000133919,0.298189,-0.217547,-0.000931904,-0.101765,0.00197713,-0.000187487,0.298777,-0.21892,-0.00222283,0.00028123,1.50952e-05,0.00348156,0.00325971,-0.000743022,-0.00215716,0.0120681,-1.19842e-05,0.0462572,0.00791534,0.00281629,0.000215716,-0.0024328,0.0124876,-0.0119722,0.053743,-0.00961039,-0.1,0,0,0.3,-0.2,0,-0.1,0,0,0.3,-0.2,0,0,0,0,0,0,0,0,0,0,0,0,0,0,0,0,0,0,4.64222,-0.878906,0.279652,5.44922,13.7134,0.723941,6.04048,-4.21875,0.503374,3.95508,15.0505,2.10641,-1.00675,-0.0496194,-7.07881,-2.6875,0.4375,0.1875,-2.5,-0.0625,-0.947266,-0.117188,-2.0625,-0.3125,0.3125,-2.25,0.125,-1.03516,0.224609,0.265102,-0.0464967,0.0802442,0.331677,0.698709,0.0537343,0.335918,-0.151898,0.0187487,0.00894359,0.771418,0.113567,-0.115224,0.0157594,-1.05371,-0.301427,0.09271,0.10479,-0.615678,0.00177367,-0.919253,-0.148489,-0.300037,-0.0430473,0.133912,-0.618242,0.247115,-1.07486,0.188281
32.08,-0.102769,0.000178964,-0.000107135,0.298172,-0.217543,-0.000939036,-0.101725,0.00197713,-0.000227662,0.298743,-0.218912,-0.00222286,0.000241054,1.50952e-05,0.00348156,0.00327169,-0.000731038,-0.00219311,0.0120681,-1.19842e-05,0.0462649,0.00793068,0.00279232,0.000191748,-0.00248073,0.0124756,-0.0119722,0.053743,-0.00961806,-0.1,0,0,0.3,-0.2,0,-0.1,0,0,0.3,-0.2,0,0,0,0,0,0,0,0,0,0,0,0,0,0,0,0,0,0,5.7049,-0.703125,0.391513,5.88867,13.7138,0.619155,3.97106,-4.13086,0.559304,5.27344,15.0505,2.10641,-1.06268,-0.0496194,-6.92323,-2.75,0.4375,0.1875,-2.5,-0.125,-0.947266,-0.117188,-2.0625,-0.3125,0.25,-2.375,0.125,-1.03516,0.224609,0.472355,-0.0113515,-0.0304264,0.263325,0.691991,0.0430175,0.0439217,-0.181351,-0.00808871,0.188591,0.745072,0.119148,-0.175166,0.00996281,-1.04632,-0.308762,0.0792397,0.11886,-0.603406,-0.00743022,-0.935115,-0.159595,-0.2823,-0.0161068,0.102561,-0.626847,0.267056,-1.07781,0.190398
32.12,-0.10281,0.000153398,-8.03514e-05,0.298189,-0.217547,-0.000931904,-0.101618,0.00198565,-0.000227662,0.298734,-0.21892,-0.00222283,0.000160703,7.54762e-06,0.00347675,0.00327169,-0.000731038,-0.00219311,0.0120801,1.19842e-05,0.0462572,0.00792301,0.00279232,0.000215716,-0.00245677,0.0124995,-0.0119483,0.053743,-0.00961039,-0.1,0,0,0.3,-0.2,0,-0.1,0,0,0.3,-0.2,0,0,0,0,0,0,0,0,0,0,0,0,0,0,0,0,0,0,5.87269,-0.527344,0,5.09766,13.8021,0.671149,3.35582,-4.30664,0.615234,5.00977,15.0502,2.00162,-0.503374,-0.248097,-6.92323,-2.75,0.4375,0.1875,-2.5,-0.125,-0.947266,-0.126953,-2.125,-0.3125,0.3125,-2.3125,0.0625,-1.03516,0.224609,0.404378,0.00756764,-0.0485322,0.331677,0.701984,0.0592353,-0.136494,-0.195293,0.0227662,0.348035,0.750301,0.0999153,-0.00707093,0.00932882,-1.03933,-0.299558,0.0792397,0.115792,-0.600937,0.00436226,-0.91729,-0.155515,-0.285368,0.00910801,0.128974,-0.637249,0.228228,-1.07486,0.195153
32.18,-0.102836,0.00016192,-0.000133919,0.29818,-0.217551,-0.000939065,-0.101644,0.00196861,-0.000174095,0.298743,-0.21892,-0.00220852,0.000227662,1.50952e-05,0.00348156,0.00327169,-0.000743022,-0.00221708,0.0120921,-1.19842e-05,0.0462649,0.00793068,0.00280431,0.000215716,-0.0024328,0.0124876,-0.0119363,0.053743,-0.00961039,-0.1,0,0,0.3,-0.2,0,-0.1,0,0,0.3,-0.2,0,0,0,0,0,0,0,0,0,0,0,0,0,0,0,0,0,0,5.76083,-0.703125,0.447443,5.53711,13.8021,0.671149,3.80327,-4.13086,1.11861,3.51562,15.1388,2.05408,-1.00675,-0.148858,-6.76765,-2.75,0.4375,0.25,-2.5,-0.125,-0.947266,-0.117188,-2.0625,-0.3125,0.25,-2.25,0.125,-1.03516,0.214844,0.432769,-0.022737,-0.00717805,0.240235,0.716695,0.040358,-0.0978184,-0.193588,0.0431219,0.188591,0.768179,0.0965362,-0.0425862,0.0186576,-1.03707,-0.321033,0.089642,0.126194,-0.619944,0.0140455,-0.931188,-0.159595,-0.280431,-0.0430473,0.124708,-0.624378,0.22492,-1.07486,0.191226
32.22,-0.102796,0.00016192,-0.000120527,0.298155,-0.217547,-0.000946196,-0.101738,0.00197713,-0.000254446,0.298717,-0.21892,-0.00220852,0.000254446,7.54762e-06,0.00347675,0.00327169,-0.000743022,-0.00221708,0.0120921,-3.59527e-05,0.0462649,0.00793068,0.00280431,0.000203732,-0.00242081,0.0124876,-0.0119603,0.0537584,-0.00961039,-0.1,0,0,0.3,-0.2,0,-0.1,0,0,0.3,-0.2,0,0,0,0,0,0,0,0,0,0,0,0,0,0,0,0,0,0,4.69815,-0.703125,0.223722,5.53711,13.8021,0.671149,4.97781,-4.30664,0.838956,4.04297,15.0502,2.00162,-1.06268,-0.198478,-6.84544,-2.75,0.4375,0.1875,-2.5,-0.0625,-0.947266,-0.117188,-2.0625,-0.3125,0.3125,-2.3125,0.0625,-1.02539,0.224609,0.382469,-0.022737,-0.0290872,0.276791,0.70355,0.0460881,0.101828,-0.197713,0.0305871,0.170605,0.753571,0.0718826,-0.138044,0.0209219,-1.02824,-0.317965,0.0804381,0.0985822,-0.619944,0.0114569,-0.928243,-0.158614,-0.304975,-0.00810134,0.114905,-0.63665,0.242273,-1.08106,0.192208
32.28,-0.102756,0.000170442,-0.000107135,0.298197,-0.217547,-0.000931904,-0.101738,0.00198565,-0.000200878,0.298734,-0.218908,-0.00221573,0.000227662,7.54762e-06,0.00347675,0.00327169,-0.000731038,-0.00215716,0.0120681,-1.19842e-05,0.0462649,0.00792301,0.00280431,0.0002277,-0.0024328,0.0124636,-0.0119603,0.053743,-0.00960272,-0.1,0,0,0.3,-0.2,0,-0.1,0,0,0.3,-0.2,0,0,0,0,0,0,0,0,0,0,0,0,0,0,0,0,0,0,4.19478,-0.703125,0.391513,5.27344,13.7138,0.619155,4.97781,-4.21875,0.503374,4.21875,15.1388,2.05408,-0.950817,-0.148858,-6.92323,-2.75,0.4375,0.1875,-2.5,-0.0625,-0.947266,-0.126953,-2.0625,-0.3125,0.3125,-2.3125,0.0625,-1.02539,0.214844,0.296171,-0.0334067,0.026141,0.232223,0.701836,0.0262966,0.112113,-0.201838,-0.0210521,0.195319,0.743284,0.110633,-0.160863,0.0267185,-1.05042,-0.327169,0.0700358,0.13547,-0.603406,0.0125115,-0.926279,-0.160424,-0.277363,-0.0534496,0.100164,-0.613976,0.231535,-1.07192,0.177328
32.32,-0.102743,0.000196009,-8.03514e-05,0.298197,-0.217547,-0.000931904,-0.101765,0.00198565,-0.00021427,0.298726,-0.21892,-0.00222283,0.000254446,7.54762e-06,0.00347675,0.00325971,-0.000743022,-0.00221708,0.0120921,-1.19842e-05,0.0462649,0.00792301,0.00280431,0.0002277,-0.00244478,0.0124876,-0.0119603,0.0537507,-0.00958738,-0.1,0,0,0.3,-0.2,0,-0.1,0,0,0.3,-0.2,0,0,0,0,0,0,0,0,0,0,0,0,0,0,0,0,0,0,4.92188,-0.615234,0.223722,4.92188,13.8021,0.671149,4.36257,-4.13086,0.615234,4.39453,15.1388,2.05408,-0.223722,-0.198478,-6.84544,-2.75,0.4375,0.1875,-2.5,-0.0625,-0.947266,-0.126953,-2.0625,-0.3125,0.25,-2.3125,0.0625,-1.03516,0.224609,0.243407,0.0163966,-0.0845297,0.281311,0.706847,0.0565073,0.125076,-0.195293,-0.0197129,0.180235,0.764913,0.119079,-0.0711913,0.0151254,-1.05042,-0.313699,0.0773702,0.120058,-0.601536,0.00790959,-0.929224,-0.160424,-0.258955,0.00790959,0.0915595,-0.630514,0.246875,-1.08483,0.182912
32.38,-0.102676,0.000187487,-0.000107135,0.29818,-0.217547,-0.000946196,-0.101805,0.00198565,-0.000227662,0.29876,-0.218912,-0.00222286,0.000241054,1.50952e-05,0.00348156,0.00327169,-0.000743022,-0.00221708,0.0120681,-2.39685e-05,0.0462649,0.00792301,0.00280431,0.000191748,-0.00244478,0.0124995,-0.0119722,0.053743,-0.00960272,-0.1,0,0,0.3,-0.2,0,-0.1,0,0,0.3,-0.2,0,0,0,0,0,0,0,0,0,0,0,0,0,0,0,0,0,0,4.30664,-0.527344,0.447443,4.30664,13.7138,0.619155,5.76083,-4.21875,0.671165,2.98828,15.1388,2.05408,-0.671165,-0.148858,-6.92323,-2.75,0.4375,0.1875,-2.5,-0.125,-0.947266,-0.117188,-2.125,-0.3125,0.25,-2.25,0.0625,-1.03516,0.224609,0.241854,-0.0187487,0.00557103,0.382043,0.695461,0.0542947,0.540493,-0.198565,-0.0492286,0.0987671,0.759701,0.116352,-0.0517463,0.0186576,-1.04817,-0.317965,0.0804381,0.123126,-0.603406,0.0142852,-0.930206,-0.156497,-0.292703,-0.0529223,0.137579,-0.637249,0.239445,-1.07486,0.185182
32.42,-0.102716,0.000178964,-0.000133919,0.298155,-0.217543,-0.000924744,-0.101778,0.00198565,-0.000254446,0.298777,-0.218916,-0.00221568,0.000160703,-3.67271e-17,0.00347194,0.00325971,-0.000743022,-0.00219311,0.0120681,-2.39685e-05,0.0462572,0.00792301,0.00280431,0.000191748,-0.00244478,0.0124876,-0.0119722,0.053743,-0.00960272,-0.1,0,0,0.3,-0.2,0,-0.1,0,0,0.3,-0.2,0,0,0,0,0,0,0,0,0,0,0,0,0,0,0,0,0,0,5.42525,-0.527344,0.223722,5.80078,13.7138,0.619155,3.97106,-4.30664,0.335582,3.51562,15.0502,2.00162,0.167791,-0.0992388,-7.00102,-2.6875,0.4375,0.1875,-2.5,-0.0625,-0.947266,-0.117188,-2.0625,-0.3125,0.25,-2.3125,0.0625,-1.03516,0.214844,0.0710271,-0.0277139,-0.00717805,0.233157,0.703253,0.0177811,0.388683,-0.19202,0.051157,0.0689393,0.753374,0.110598,0.0289265,0.0405759,-1.03788,-0.301427,0.0743022,0.082044,-0.575794,0.0127512,-0.920235,-0.160424,-0.280431,-0.0375825,0.125307,-0.624378,0.230241,-1.07584,0.186164
32.48,-0.102689,0.000178964,-0.000107135,0.29818,-0.217543,-0.000939036,-0.101765,0.00198565,-0.000187487,0.298751,-0.218916,-0.00221568,0.000187487,1.50952e-05,0.00348156,0.00327169,-0.000743022,-0.00218113,0.0120681,-2.39685e-05,0.0462572,0.00792301,0.00279232,0.000215716,-0.00246875,0.0124876,-0.0119722,0.053743,-0.00961039,-0.1,0,0,0.3,-0.2,0,-0.1,0,0,0.3,-0.2,0,0,0,0,0,0,0,0,0,0,0,0,0,0,0,0,0,0,4.4185,-0.703125,0.615234,4.92188,13.8021,0.671149,4.02699,-4.21875,0.559304,5.00977,15.1388,2.05408,-0.279652,-0.148858,-6.92323,-2.75,0.4375,0.1875,-2.5,-0.0625,-0.927734,-0.126953,-2.0625,-0.3125,0.25,-2.3125,0.0625,-1.03516,0.224609,0.207196,-0.0211689,0.0467109,0.251143,0.717994,0.0431073,0.485051,-0.2182,-0.130383,0.236399,0.764756,0.102324,-0.025391,0.0128611,-1.04817,-0.308762,0.0804381,0.0998526,-0.615678,0.0142852,-0.916308,-0.15846,-0.288436,-0.00929976,0.114234,-0.63665,0.242513,-1.07388,0.201044
32.52,-0.102702,0.000178964,-0.000133919,0.298206,-0.217543,-0.000939036,-0.101711,0.00198565,-0.000187487,0.298726,-0.218916,-0.00221568,0.000200878,7.54762e-06,0.00347675,0.00328368,-0.000743022,-0.00221708,0.0120681,-1.19842e-05,0.0462572,0.00791534,0.00281629,0.0002277,-0.00242081,0.0124876,-0.0119722,0.053743,-0.00961806,-0.1,0,0,0.3,-0.2,0,-0.1,0,0,0.3,-0.2,0,0,0,0,0,0,0,0,0,0,0,0,0,0,0,0,0,0,5.20153,-0.527344,0.335582,4.04297,13.8021,0.671149,3.52362,-4.30664,0.838956,5.71289,15.0502,2.00162,-0.559304,-0.198478,-6.84544,-2.75,0.4375,0.1875,-2.5625,-0.0625,-0.947266,-0.117188,-2.0625,-0.375,0.3125,-2.3125,0.0625,-1.02539,0.224609,0.234247,0.0344634,0.0133919,0.0509578,0.709979,0.0677833,0.464266,-0.208383,0.0444611,0.185689,0.753382,0.0996181,-0.163113,0.00353227,-1.04303,-0.322232,0.0804381,0.0924463,-0.621814,-0.00436226,-0.918272,-0.159289,-0.263222,-0.0595856,0.117973,-0.645854,0.250183,-1.07192,0.207087
32.58,-0.102729,0.000178964,-0.000133919,0.298155,-0.217547,-0.000931904,-0.101698,0.00198565,-0.000294622,0.298734,-0.218916,-0.00221568,0.000174095,1.50952e-05,0.00348156,0.00327169,-0.000755006,-0.0022051,0.0120681,-3.59527e-05,0.0462649,0.00792301,0.00281629,0.0002277,-0.00245677,0.0124876,-0.0119603,0.053743,-0.00961039,-0.1,0,0,0.3,-0.2,0,-0.1,0,0,0.3,-0.2,0,0,0,0,0,0,0,0,0,0,0,0,0,0,0,0,0,0,5.48118,-0.615234,0.503374,6.06445,13.6251,0.671948,2.85245,-4.13086,0.671165,4.83398,15.1388,2.05408,-0.391513,-0.198478,-7.00102,-2.75,0.4375,0.1875,-2.5,-0.125,-0.947266,-0.117188,-2.0625,-0.3125,0.25,-2.3125,0.0625,-1.02539,0.224609,0.206071,-0.0440764,0.0956717,0.369511,0.695434,0.0482333,0.313795,-0.211655,0.0860295,0.217135,0.774519,0.0858206,-0.0368009,-0.00452857,-1.04447,-0.324101,0.0847045,0.113323,-0.600338,-0.00695085,-0.920389,-0.15846,-0.296969,0.00484163,0.107498,-0.627446,0.245341,-1.07192,0.185336
32.62,-0.102702,0.000170442,-8.03514e-05,0.298223,-0.217543,-0.000924744,-0.101805,0.00198565,-0.000241054,0.298777,-0.218916,-0.00221568,0.000227662,-3.74074e-17,0.00348156,0.00328368,-0.000743022,-0.00222907,0.0120561,0,0.0462649,0.00792301,0.00280431,0.000215716,-0.00245677,0.0124876,-0.0119483,0.053743,-0.00961039,-0.1,0,0,0.3,-0.2,0,-0.1,0,0,0.3,-0.2,0,0,0,0,0,0,0,0,0,0,0,0,0,0,0,0,0,0,4.47443,-0.615234,0.279652,4.21875,13.8904,0.723142,4.86594,-4.21875,0.727095,4.13086,15.0505,2.10641,-1.00675,-0.248097,-6.76765,-2.75,0.4375,0.1875,-2.5625,-0.0625,-0.947266,-0.117188,-2.0625,-0.3125,0.25,-2.3125,0.0625,-1.03516,0.224609,0.15711,-0.0137717,-0.00739233,0.0811256,0.730968,0.0370908,0.360506,-0.198565,0.0395329,0.270743,0.740365,0.121622,-0.0940111,0.00289828,-1.04262,-0.334504,0.0773702,0.102249,-0.599739,0.0230097,-0.927261,-0.155515,-0.271227,-0.00316384,0.0798868,-0.63665,0.231296,-1.07977,0.19908
32.68,-0.102689,0.000170442,-8.03514e-05,0.29818,-0.217534,-0.000924715,-0.101671,0.00198565,-0.000241054,0.298794,-0.218916,-0.00221568,0.000200878,-1.50952e-05,0.00348156,0.00325971,-0.000743022,-0.00221708,0.0120681,-2.39685e-05,0.0462572,0.00792301,0.00279232,0.000215716,-0.00244478,0.0124756,-0.0119722,0.053743,-0.00961806,-0.1,0,0,0.3,-0.2,0,-0.1,0,0,0.3,-0.2,0,0,0,0,0,0,0,0,0,0,0,0,0,0,0,0,0,0,4.69815,-0.703125,0.391513,5.36133,13.8021,0.671149,2.18129,-4.13086,0.447443,2.98828,14.9619,2.05395,0.223722,-0.248097,-6.92323,-2.75,0.4375,0.1875,-2.5,-0.0625,-0.947266,-0.117188,-2.125,-0.3125,0.25,-2.375,0.0625,-1.03516,0.214844,0.130058,-0.0170442,-0.0279623,0.278414,0.699739,0.0342381,0.331687,-0.185475,0.00867795,0.202736,0.745238,0.12435,0.0785836,0.0306131,-1.06111,-0.322903,0.0773702,0.110854,-0.627949,0.0188871,-0.920235,-0.15846,-0.279232,-0.0307755,0.106899,-0.632983,0.247115,-1.07584,0.20316
32.72,-0.102756,0.000170442,-0.000147311,0.298172,-0.217547,-0.000931904,-0.101658,0.00198565,-0.000254446,0.298777,-0.218912,-0.00222286,0.000227662,7.54762e-06,0.00347675,0.00328368,-0.000743022,-0.00219311,0.0120681,-1.19842e-05,0.0462649,0.00791534,0.00279232,0.000215716,-0.00239685,0.0124876,-0.0119483,0.053743,-0.00960272,-0.1,0,0,0.3,-0.2,0,-0.1,0,0,0.3,-0.2,0,0,0,0,0,0,0,0,0,0,0,0,0,0,0,0,0,0,5.7049,-0.615234,0.391513,5.88867,13.8021,0.671149,2.85245,-4.21875,0,3.51562,15.0505,2.10641,-0.447443,-0.198478,-6.84544,-2.75,0.4375,0.25,-2.5,-0.125,-0.927734,-0.126953,-2.0625,-0.3125,0.3125,-2.3125,0.0625,-1.03516,0.224609,0.172752,-0.0104992,0.0764409,0.317867,0.698684,0.0482445,0.217213,-0.224745,0.0460146,0.167114,0.748311,0.135606,-0.0117313,-0.00516256,-1.03748,-0.316096,0.089642,0.131131,-0.606474,-0.0166341,-0.930206,-0.158307,-0.288436,0.0152439,0.125978,-0.630514,0.234364,-1.08173,0.186164
32.78,-0.102729,0.00016192,-0.000120527,0.298214,-0.217547,-0.000931904,-0.101618,0.00198565,-0.000241054,0.298726,-0.218916,-0.00221568,0.000200878,7.54762e-06,0.00347675,0.00327169,-0.000743022,-0.0022051,0.0120681,1.19842e-05,0.0462649,0.00792301,0.00279232,0.000251669,-0.00242081,0.0124636,-0.0119603,0.053743,-0.00960272,-0.1,0,0,0.3,-0.2,0,-0.1,0,0,0.3,-0.2,0,0,0,0,0,0,0,0,0,0,0,0,0,0,0,0,0,0,5.81676,-0.439453,0.279652,4.04297,13.8021,0.671149,2.18129,-4.21875,0.838956,5.18555,15.0502,2.00162,-0.447443,-0.148858,-6.92323,-2.75,0.4375,0.1875,-2.5,-0.125,-0.947266,-0.117188,-2.0625,-0.3125,0.3125,-2.3125,0.0625,-1.03516,0.224609,0.139218,0.0132604,0.099475,0.196941,0.700297,0.0455052,0.136058,-0.211655,0.00353546,0.27841,0.758267,0.0858767,-0.085976,0.0151254,-1.03933,-0.327169,0.0773702,0.119459,-0.615678,-0.00484163,-0.930206,-0.156497,-0.257757,-0.0220989,0.117973,-0.610908,0.251477,-1.07093,0.191073
32.82,-0.102796,0.000196009,-0.000107135,0.298163,-0.217543,-0.000924744,-0.101591,0.00198565,-0.000174095,0.298768,-0.218916,-0.00221568,0.00021427,7.54762e-06,0.00347675,0.00327169,-0.000743022,-0.00221708,0.0120681,-2.39685e-05,0.0462649,0.00793068,0.00279232,0.000203732,-0.0024328,0.0124876,-0.0119483,0.053743,-0.00961039,-0.1,0,0,0.3,-0.2,0,-0.1,0,0,0.3,-0.2,0,0,0,0,0,0,0,0,0,0,0,0,0,0,0,0,0,0,6.76758,-0.527344,0.223722,6.32812,13.7138,0.619155,2.12536,-4.13086,0.447443,4.21875,15.0502,2.00162,-0.615234,-0.198478,-6.84544,-2.75,0.4375,0.1875,-2.5,-0.125,-0.927734,-0.117188,-2.0625,-0.3125,0.25,-2.25,0.125,-1.02539,0.224609,0.459606,0.0294865,-0.0252839,0.357324,0.708116,0.0150531,-0.0106099,-0.198565,0.0174095,0.293838,0.758263,0.0913665,-0.125991,0.0209219,-1.03563,-0.31183,0.086574,0.113922,-0.58193,-0.00258859,-0.930206,-0.162541,-0.285368,0.00723847,0.133912,-0.627446,0.226694,-1.07486,0.198098
32.88,-0.10281,0.000187487,-0.000133919,0.298214,-0.217547,-0.000931904,-0.101591,0.00197713,-0.000227662,0.298743,-0.218916,-0.00221568,0.00021427,7.54762e-06,0.00347675,0.00328368,-0.000743022,-0.0022051,0.0120561,0,0.0462725,0.00792301,0.00279232,0.000215716,-0.00245677,0.0124756,-0.0119722,0.0537507,-0.00959505,-0.1,0,0,0.3,-0.2,0,-0.1,0,0,0.3,-0.2,0,0,0,0,0,0,0,0,0,0,0,0,0,0,0,0,0,0,6.37607,-0.703125,0.447443,4.04297,13.7138,0.619155,2.90838,-4.30664,0.503374,3.86719,15.0502,2.00162,-0.671165,-0.198478,-6.84544,-2.75,0.4375,0.1875,-2.5,-0.125,-0.947266,-0.117188,-2.0625,-0.3125,0.3125,-2.3125,0.0625,-1.03516,0.224609,0.496943,-0.0318386,-0.038033,0.256937,0.700272,0.0400155,-0.293447,-0.187896,-0.00294622,0.177682,0.759898,0.0776364,-0.00257124,0.00353227,-1.03563,-0.30996,0.0650983,0.110255,-0.590535,-0.0168738,-0.940177,-0.161405,-0.285368,-0.0215716,0.101363,-0.629915,0.257853,-1.08679,0.171284
32.92,-0.102716,0.000196009,-0.000147311,0.298214,-0.217547,-0.000931904,-0.101765,0.00197713,-0.000200878,0.298777,-0.218916,-0.00221568,0.000227662,1.50952e-05,0.00348156,0.00327169,-0.000755006,-0.0022051,0.0120921,0,0.0462572,0.00791534,0.00280431,0.000203732,-0.00244478,0.0124876,-0.0119483,0.053743,-0.00958738,-0.1,0,0,0.3,-0.2,0,-0.1,0,0,0.3,-0.2,0,0,0,0,0,0,0,0,0,0,0,0,0,0,0,0,0,0,4.75408,-0.615234,0.391513,5.27344,13.8021,0.671149,5.7049,-4.13086,0.615234,4.13086,15.0502,2.00162,-0.950817,-0.198478,-6.84544,-2.75,0.4375,0.1875,-2.5,-0.0625,-0.947266,-0.117188,-2.0625,-0.3125,0.25,-2.3125,0.0625,-1.02539,0.224609,0.251014,-0.0555983,-0.0212663,0.218758,0.709999,0.0345594,0.284494,-0.181351,-0.0827619,0.156206,0.751755,0.102369,0.0448361,0.00416626,-1.05371,-0.317965,0.0877725,0.0795753,-0.632216,0.00153398,-0.922199,-0.153398,-0.298839,-0.032645,0.103831,-0.615174,0.243567,-1.07192,0.178985
32.98,-0.102729,0.000187487,-0.000107135,0.298214,-0.217547,-0.000931904,-0.101792,0.00197713,-0.00021427,0.298726,-0.218916,-0.00221568,0.000187487,7.54762e-06,0.00347675,0.00325971,-0.000755006,-0.0022051,0.0120681,1.19842e-05,0.0462572,0.00792301,0.00279232,0.000191748,-0.00245677,0.0124876,-0.0119243,0.053743,-0.00959505,-0.1,0,0,0.3,-0.2,0,-0.1,0,0,0.3,-0.2,0,0,0,0,0,0,0,0,0,0,0,0,0,0,0,0,0,0,4.19478,-0.615234,0.279652,4.57031,13.7138,0.619155,4.97781,-4.13086,0.615234,4.21875,15.0505,2.10641,-0.167791,-0.198478,-6.84544,-2.75,0.4375,0.1875,-2.5,-0.125,-0.947266,-0.117188,-2.0625,-0.3125,0.25,-2.25,0.0625,-1.03516,0.214844,0.339775,-0.00893118,-0.00985643,0.213304,0.69866,0.0427547,0.246032,-0.187896,-0.0299978,0.30568,0.761486,0.129784,-0.0511035,0.000633991,-1.04487,-0.313699,0.103112,0.116391,-0.560454,-0.000239685,-0.926126,-0.163369,-0.291504,-0.00997088,0.132042,-0.624378,0.246156,-1.07584,0.176193
33.02,-0.102729,0.000178964,-0.000107135,0.298163,-0.217547,-0.000946196,-0.101792,0.00198565,-0.00021427,0.298743,-0.218908,-0.00221573,0.000241054,-3.80877e-17,0.00349119,0.00327169,-0.00076699,-0.00222907,0.0120561,-2.39685e-05,0.0462649,0.00792301,0.00281629,0.000191748,-0.00245677,0.0124876,-0.0119483,0.053743,-0.00961039,-0.1,0,0,0.3,-0.2,0,-0.1,0,0,0.3,-0.2,0,0,0,0,0,0,0,0,0,0,0,0,0,0,0,0,0,0,4.81001,-0.439453,0.391513,6.32812,13.8021,0.671149,4.86594,-4.21875,0.559304,5.00977,15.1388,2.05408,-0.391513,-0.248097,-6.92323,-2.75,0.4375,0.1875,-2.5625,-0.0625,-0.947266,-0.117188,-2.0625,-0.3125,0.25,-2.3125,0.125,-1.03516,0.214844,0.247211,-0.00153398,-0.0715663,0.48277,0.698712,0.054306,0.22032,-0.188748,-0.0454253,0.281311,0.749784,0.110611,-0.0774587,0.0202879,-1.07879,-0.314898,0.082835,0.132929,-0.621214,0.0204211,-0.932169,-0.15846,-0.296969,-0.00690291,0.113634,-0.633582,0.258907,-1.07879,0.195153
33.08,-0.102729,0.000230097,-0.000133919,0.298163,-0.217547,-0.000931904,-0.101792,0.00198565,-0.000227662,0.29876,-0.218916,-0.00223001,0.00028123,7.54762e-06,0.00347675,0.00327169,-0.000743022,-0.00214518,0.0120681,-2.39685e-05,0.0462495,0.00790767,0.00279232,0.000215716,-0.0024328,0.0124876,-0.0119363,0.0537507,-0.00960272,-0.1,0,0,0.3,-0.2,0,-0.1,0,0,0.3,-0.2,0,0,0,0,0,0,0,0,0,0,0,0,0,0,0,0,0,0,4.64222,-0.791016,0.391513,5.80078,13.8021,0.671149,3.69141,-4.21875,0.727095,3.95508,14.9619,2.05395,-0.894886,-0.198478,-6.84544,-2.75,0.4375,0.1875,-2.5,-0.125,-0.947266,-0.117188,-2.125,-0.3125,0.25,-2.3125,0.0625,-1.03516,0.224609,0.180358,-0.0884596,0.0545318,0.466407,0.709949,0.0235798,0.22032,-0.2182,0.0124812,0.202396,0.741983,0.130424,-0.207789,-0.00516256,-1.02269,-0.333305,0.0804381,0.0735112,-0.603406,0.00201335,-0.911246,-0.144409,-0.285368,-0.0215716,0.0970962,-0.633582,0.204978,-1.08581,0.195
33.12,-0.102743,0.000196009,-0.000107135,0.298189,-0.217547,-0.000931904,-0.101752,0.00198565,-0.000254446,0.298709,-0.218916,-0.00221568,0.000227662,-3.80877e-17,0.00349119,0.00327169,-0.000731038,-0.00218113,0.0120681,1.19842e-05,0.0462572,0.00791534,0.00279232,0.000239685,-0.00246875,0.0124876,-0.0119363,0.053743,-0.00960272,-0.1,0,0,0.3,-0.2,0,-0.1,0,0,0.3,-0.2,0,0,0,0,0,0,0,0,0,0,0,0,0,0,0,0,0,0,4.36257,-0.703125,0.447443,5.36133,13.7138,0.619155,5.48118,-4.21875,0.950817,5.00977,15.0505,2.10641,-0.838956,-0.148858,-6.76765,-2.75,0.4375,0.25,-2.5,-0.125,-0.947266,-0.117188,-2.0625,-0.3125,0.25,-2.25,0.125,-1.03516,0.224609,0.289689,-0.0294183,-0.0252839,0.337131,0.700322,0.050995,0.283155,-0.19202,0.0665845,0.275513,0.743627,0.105142,-0.0220163,0.0376776,-1.0529,-0.324101,0.057764,0.145872,-0.584998,-0.00177367,-0.925144,-0.155362,-0.285368,-0.057716,0.101962,-0.627446,0.237192,-1.07584,0.198927
33.18,-0.102729,0.000170442,-0.000133919,0.298206,-0.217547,-0.000931904,-0.101792,0.00198565,-0.000187487,0.298717,-0.21892,-0.00222283,0.000227662,1.50952e-05,0.00348156,0.00327169,-0.000743022,-0.0022051,0.0120681,1.19842e-05,0.0462649,0.00791534,0.00280431,0.000203732,-0.0024328,0.0124756,-0.0119842,0.053743,-0.00961039,-0.1,0,0,0.3,-0.2,0,-0.1,0,0,0.3,-0.2,0,0,0,0,0,0,0,0,0,0,0,0,0,0,0,0,0,0,4.97781,-0.439453,0.335582,4.04297,13.7134,0.723941,4.4185,-4.21875,0.391513,3.60352,14.9619,2.05395,-0.950817,-0.148858,-6.92323,-2.75,0.4375,0.1875,-2.5,-0.125,-0.927734,-0.126953,-2.0625,-0.3125,0.25,-2.3125,0.0625,-1.03516,0.214844,0.30892,0.0156807,0.0545318,0.367299,0.713423,0.0729991,0.441447,-0.221473,0.0393186,0.252417,0.76004,0.116351,-0.0323013,0.0273525,-1.05371,-0.305694,0.0712342,0.097983,-0.603406,-0.00484163,-0.932169,-0.157325,-0.277363,0.0195103,0.127776,-0.605371,0.251956,-1.07584,0.19908
33.22,-0.102702,0.000187487,-0.000107135,0.298172,-0.217543,-0.000939036,-0.101752,0.00196861,-0.000267838,0.298743,-0.218916,-0.00221568,0.000200878,1.50952e-05,0.00348156,0.00327169,-0.000743022,-0.00221708,0.0120681,-1.19842e-05,0.0462649,0.00791534,0.00280431,0.000215716,-0.00242081,0.0124756,-0.0119483,0.053743,-0.00961039,-0.1,0,0,0.3,-0.2,0,-0.1,0,0,0.3,-0.2,0,0,0,0,0,0,0,0,0,0,0,0,0,0,0,0,0,0,4.53036,-0.615234,0.223722,5.18555,13.8021,0.671149,5.1456,-4.21875,0.447443,3.25195,15.1388,2.05408,-0.391513,-0.198478,-6.84544,-2.75,0.4375,0.1875,-2.5,-0.0625,-0.927734,-0.126953,-2.0625,-0.3125,0.3125,-2.3125,0.0625,-1.03516,0.224609,0.290814,0.000886301,0.0107135,0.29605,0.709905,0.051314,0.375719,-0.196861,-0.0297836,0.188591,0.753382,0.0996181,-0.0602635,-0.0103251,-1.02968,-0.317965,0.0804381,0.126194,-0.594202,0.0247834,-0.925297,-0.157325,-0.280431,-0.0369114,0.124109,-0.608439,0.248169,-1.07486,0.195153
33.28,-0.102702,0.000178964,-8.03514e-05,0.298197,-0.217547,-0.000931904,-0.101805,0.00198565,-0.000254446,0.298743,-0.218912,-0.00222286,0.000227662,1.50952e-05,0.00348156,0.00327169,-0.000743022,-0.0022051,0.0120801,-2.39685e-05,0.0462572,0.00790767,0.00279232,0.000191748,-0.00245677,0.0124756,-0.0119363,0.053743,-0.00960272,-0.1,0,0,0.3,-0.2,0,-0.1,0,0,0.3,-0.2,0,0,0,0,0,0,0,0,0,0,0,0,0,0,0,0,0,0,5.03374,-0.615234,0.167791,5.53711,13.8021,0.671149,5.20153,-4.30664,0.559304,4.13086,15.0502,2.00162,-0.559304,-0.0992388,-6.84544,-2.75,0.4375,0.1875,-2.5,-0.0625,-0.947266,-0.117188,-2.0625,-0.3125,0.3125,-2.3125,0.0625,-1.03516,0.224609,0.131397,-0.0440764,-0.0485322,0.417665,0.700272,0.0400155,0.442786,-0.221473,0.0665845,0.221316,0.749954,0.110896,-0.0785836,0.0215559,-1.03892,-0.317965,0.086574,0.104119,-0.610141,0.00508131,-0.91729,-0.154226,-0.2823,0.0145728,0.138178,-0.620711,0.241794,-1.07486,0.192054
33.32,-0.102649,0.000170442,-0.000147311,0.298172,-0.217543,-0.000924744,-0.101792,0.00198565,-0.000227662,0.298743,-0.218916,-0.00223001,0.000200878,7.54762e-06,0.00347675,0.00327169,-0.000743022,-0.00221708,0.0120921,1.19842e-05,0.0462649,0.00791534,0.00280431,0.000203732,-0.0024328,0.0124995,-0.0119483,0.0537353,-0.00960272,-0.1,0,0,0.3,-0.2,0,-0.1,0,0,0.3,-0.2,0,0,0,0,0,0,0,0,0,0,0,0,0,0,0,0,0,0,4.25071,-0.703125,0.279652,4.04297,13.7138,0.619155,3.8592,-4.13086,0.503374,5.36133,15.1388,2.05408,-0.447443,-0.148858,-6.92323,-2.75,0.4375,0.1875,-2.5,-0.125,-0.947266,-0.117188,-2.0625,-0.3125,0.3125,-2.3125,0.0625,-1.02539,0.214844,0.136325,-0.0301342,0.0147311,0.274234,0.700077,0.0342392,0.426019,-0.182203,0.0844761,0.183136,0.75987,0.116638,-0.0602635,0.0122271,-1.04857,-0.324101,0.0804381,0.0924463,-0.61074,-0.00177367,-0.934133,-0.153398,-0.289635,0.0133744,0.118572,-0.640317,0.252771,-1.06587,0.181255
33.38,-0.102743,0.000187487,-6.69595e-05,0.298206,-0.217547,-0.000931904,-0.101765,0.00198565,-0.000147311,0.298751,-0.21892,-0.00222283,0.000254446,7.54762e-06,0.00347675,0.00327169,-0.000731038,-0.00221708,0.0120681,-1.19842e-05,0.0462572,0.00793068,0.00279232,0.000203732,-0.0024328,0.0124876,-0.0119722,0.053743,-0.00961806,-0.1,0,0,0.3,-0.2,0,-0.1,0,0,0.3,-0.2,0,0,0,0,0,0,0,0,0,0,0,0,0,0,0,0,0,0,4.53036,-0.791016,0.223722,5.44922,13.7138,0.619155,3.29989,-4.13086,0.503374,4.13086,15.0505,2.10641,-0.167791,-0.198478,-6.84544,-2.75,0.4375,0.1875,-2.5,-0.0625,-0.927734,-0.117188,-2.0625,-0.3125,0.25,-2.3125,0.125,-1.02539,0.214844,0.207409,-0.0220211,-0.0652989,0.230945,0.700272,0.0400155,0.402771,-0.195293,-0.0161238,0.241854,0.761663,0.11909,-0.0351939,0.000633991,-1.03748,-0.327169,0.0731038,0.123126,-0.588066,0.0186475,-0.913363,-0.168431,-0.279232,0.0195103,0.12164,-0.630514,0.259387,-1.07486,0.177635
33.42,-0.102769,0.00016192,-0.000107135,0.298214,-0.217543,-0.000939036,-0.101738,0.00198565,-0.000187487,0.298726,-0.218916,-0.00220139,0.000254446,1.50952e-05,0.00348156,0.00327169,-0.000743022,-0.0022051,0.0120681,-1.19842e-05,0.0462495,0.00792301,0.00280431,0.0002277,-0.00246875,0.0124995,-0.0119363,0.053743,-0.00961039,-0.1,0,0,0.3,-0.2,0,-0.1,0,0,0.3,-0.2,0,0,0,0,0,0,0,0,0,0,0,0,0,0,0,0,0,0,5.31339,-0.791016,-0.279652,5.44922,13.8021,0.671149,2.79652,-4.13086,0.671165,4.39453,15.1388,2.05408,-0.950817,-0.248097,-6.76765,-2.75,0.4375,0.1875,-2.5,-0.0625,-0.947266,-0.117188,-2.0625,-0.3125,0.25,-2.25,0.0625,-1.03516,0.214844,0.323223,-0.00310205,-0.0767088,0.36602,0.714743,0.0430961,0.338382,-0.188748,-0.135526,0.21296,0.756644,0.0825657,-0.0763338,-0.0132234,-1.03523,-0.314898,0.0804381,0.119459,-0.59727,0.00330765,-0.922045,-0.165332,-0.271227,-0.0473137,0.0927579,-0.60657,0.220318,-1.07486,0.192208
33.48,-0.102756,0.000178964,-0.000107135,0.298172,-0.217547,-0.000931904,-0.101658,0.00198565,-0.00028123,0.298785,-0.218903,-0.0022086,0.000267838,1.50952e-05,0.00348156,0.00325971,-0.000743022,-0.0022051,0.0120681,-3.59527e-05,0.0462649,0.00791534,0.00280431,0.0002277,-0.00245677,0.0124636,-0.0119483,0.053743,-0.00961039,-0.1,0,0,0.3,-0.2,0,-0.1,0,0,0.3,-0.2,0,0,0,0,0,0,0,0,0,0,0,0,0,0,0,0,0,0,6.59979,-0.703125,0.391513,4.92188,13.7138,0.619155,2.51687,-4.13086,0.615234,3.16406,15.1388,2.05408,-1.23047,-0.0992388,-6.84544,-2.75,0.4375,0.1875,-2.5,-0.125,-0.947266,-0.117188,-2.0625,-0.3125,0.3125,-2.3125,0.125,-1.02539,0.224609,0.399021,-0.0669838,0.026141,0.274234,0.688933,0.0482108,0.0629383,-0.185475,0.0229805,0.23674,0.762629,0.0938112,-0.0597814,0.0302507,-1.03707,-0.319835,0.0681663,0.101051,-0.557386,-0.0100188,-0.929224,-0.15438,-0.280431,-0.0381098,0.13511,-0.62318,0.258907,-1.07486,0.203007
33.54,-0.102702,0.000196009,-0.000133919,0.298231,-0.217547,-0.000931904,-0.101618,0.00196861,-0.000200878,0.298734,-0.218912,-0.00220855,0.00021427,7.54762e-06,0.00348638,0.00327169,-0.00076699,-0.00221708,0.0120681,-3.59527e-05,0.0462649,0.00791534,0.00279232,0.000203732,-0.00248073,0.0124876,-0.0119603,0.053743,-0.00960272,-0.1,0,0,0.3,-0.2,0,-0.1,0,0,0.3,-0.2,0,0,0,0,0,0,0,0,0,0,0,0,0,0,0,0,0,0,4.69815,-0.703125,0.335582,5.36133,13.7138,0.619155,3.8592,-4.21875,0.727095,3.86719,15.0505,2.10641,-0.279652,-0.198478,-6.84544,-2.75,0.4375,0.1875,-2.5,-0.125,-0.947266,-0.117188,-2.0625,-0.3125,0.25,-2.3125,0.0625,-1.03516,0.224609,0.25996,-0.00978339,-0.038033,0.259834,0.692184,0.0482221,-0.069642,-0.177226,0.0663702,0.271677,0.748335,0.102095,-0.105421,0.0209219,-1.05331,-0.324101,0.082835,0.11699,-0.591134,0.00225303,-0.934133,-0.156343,-0.273097,0.0195103,0.0933571,-0.618242,0.239205,-1.07584,0.195981
33.58,-0.102729,0.000153398,-0.000133919,0.298155,-0.217543,-0.000924744,-0.101765,0.00199417,-0.000187487,0.298751,-0.218916,-0.00220139,0.000200878,-3.67271e-17,0.00347194,0.00328368,-0.000743022,-0.00219311,0.0120681,0,0.0462572,0.00791534,0.00279232,0.000203732,-0.00246875,0.0124756,-0.0119603,0.053743,-0.00961039,-0.1,0,0,0.3,-0.2,0,-0.1,0,0,0.3,-0.2,0,0,0,0,0,0,0,0,0,0,0,0,0,0,0,0,0,0,4.92188,-0.527344,0.503374,6.50391,13.8021,0.671149,4.97781,-4.13086,0.223722,4.30664,15.1388,2.05408,-0.671165,-0.148858,-6.92323,-2.6875,0.4375,0.1875,-2.5,-0.125,-0.947266,-0.117188,-2.0625,-0.3125,0.25,-2.3125,0.0625,-1.03516,0.224609,0.422055,0.00756764,-0.027748,0.478594,0.70824,0.042502,0.305063,-0.209235,-0.0429612,0.26367,0.763133,0.0990127,-0.00883865,0.0376776,-1.05082,-0.291552,0.0957779,0.0943159,-0.584998,0.0138058,-0.925144,-0.15438,-0.2823,-0.0203732,0.114234,-0.617643,0.228467,-1.08075,0.201044
33.64,-0.102702,0.000204531,-0.000107135,0.298189,-0.217543,-0.000939036,-0.101644,0.00196861,-0.00021427,0.298726,-0.218916,-0.00221568,0.000200878,7.54762e-06,0.00347675,0.00327169,-0.000743022,-0.00218113,0.0120681,0,0.0462649,0.00791534,0.00280431,0.000191748,-0.00245677,0.0124876,-0.0119363,0.053743,-0.00962573,-0.1,0,0,0.3,-0.2,0,-0.1,0,0,0.3,-0.2,0,0,0,0,0,0,0,0,0,0,0,0,0,0,0,0,0,0,4.25071,-0.615234,0.335582,5.18555,13.8021,0.671149,4.30664,-4.13086,0.503374,3.95508,14.9619,2.05395,-0.223722,-0.297716,-6.84544,-2.75,0.4375,0.1875,-2.5,-0.125,-0.947266,-0.117188,-2.0625,-0.25,0.3125,-2.25,0.0625,-1.03516,0.214844,0.244532,-0.040088,-0.0664238,0.206231,0.698516,0.0485298,0.0358863,-0.177226,-0.0917077,0.202051,0.740365,0.121622,-0.0808335,-0.00516256,-1.04118,-0.327169,0.0497585,0.11826,-0.591134,0,-0.932169,-0.166161,-0.283499,-0.0191748,0.138178,-0.596766,0.246396,-1.07781,0.220004
33.68,-0.102796,0.000187487,-0.000107135,0.298189,-0.217551,-0.000939065,-0.101698,0.00197713,-0.000227662,0.29876,-0.218916,-0.00221568,0.000200878,7.54762e-06,0.00347675,0.00325971,-0.000731038,-0.00216914,0.0120681,0,0.0462649,0.00790767,0.00280431,0.000191748,-0.00239685,0.0124636,-0.0119483,0.0537507,-0.00958738,-0.1,0,0,0.3,-0.2,0,-0.1,0,0,0.3,-0.2,0,0,0,0,0,0,0,0,0,0,0,0,0,0,0,0,0,0,5.7049,-0.703125,0.391513,5.36133,13.8021,0.671149,4.53036,-4.13086,0.391513,4.6582,15.0502,2.00162,-0.335582,-0.198478,-6.84544,-2.75,0.4375,0.1875,-2.5,-0.0625,-0.947266,-0.126953,-2.0625,-0.3125,0.3125,-2.3125,0.0625,-1.03516,0.224609,0.444178,-0.0187487,0.0518534,0.271681,0.705356,0.0485534,0.00524583,-0.184623,-0.0492286,0.191488,0.753382,0.0996181,0.0528712,0.0122271,-1.03378,-0.307563,0.0731038,0.0747097,-0.624882,0.0107379,-0.928243,-0.168953,-0.277363,0.0299126,0.113706,-0.60784,0.235897,-1.08581,0.185857
33.74,-0.10281,0.000196009,-0.000120527,0.298189,-0.217551,-0.000939065,-0.101564,0.00198565,-0.00021427,0.298777,-0.218912,-0.00222286,0.00021427,-3.74074e-17,0.00348156,0.00328368,-0.000743022,-0.00219311,0.0120681,-2.39685e-05,0.0462649,0.00791534,0.00279232,0.000203732,-0.00244478,0.0124876,-0.0119483,0.0537507,-0.00961039,-0.1,0,0,0.3,-0.2,0,-0.1,0,0,0.3,-0.2,0,0,0,0,0,0,0,0,0,0,0,0,0,0,0,0,0,0,6.37607,-0.878906,0.503374,5.88867,13.8021,0.671149,3.74734,-4.30664,0.615234,4.39453,14.9619,2.05395,-0.950817,-0.297716,-6.68986,-2.75,0.4375,0.1875,-2.5,-0.0625,-0.947266,-0.146484,-2.0625,-0.3125,0.3125,-2.3125,0.0625,-1.03516,0.214844,0.460945,-0.0261458,-0.00851724,0.342585,0.715231,0.076036,-0.110996,-0.24438,-0.0094279,0.150752,0.740195,0.121909,-0.0694236,0.00579655,-1.02968,-0.331436,0.0558944,0.085112,-0.594202,0.000479369,-0.927261,-0.170088,-0.279232,-0.0633246,0.122239,-0.630514,0.243567,-1.08679,0.204971
33.78,-0.102769,0.000187487,-8.03514e-05,0.29818,-0.217547,-0.000931904,-0.101698,0.00198565,-0.000267838,0.298777,-0.218912,-0.00222286,0.000200878,7.54762e-06,0.00347675,0.00325971,-0.000743022,-0.00216914,0.0120681,0,0.0462649,0.00791534,0.00280431,0.000203732,-0.00242081,0.0124876,-0.0119483,0.053743,-0.00960272,-0.1,0,0,0.3,-0.2,0,-0.1,0,0,0.3,-0.2,0,0,0,0,0,0,0,0,0,0,0,0,0,0,0,0,0,0,5.48118,-0.615234,0.615234,4.30664,13.7138,0.619155,5.20153,-4.21875,0.671165,3.42773,15.0505,2.10641,-0.894886,-0.198478,-7.00102,-2.75,0.4375,0.25,-2.5,-0.125,-0.947266,-0.117188,-2.125,-0.3125,0.3125,-2.25,0.0625,-1.02539,0.214844,0.369505,0.0630637,0.00803514,0.272959,0.695335,0.0262742,0.0772406,-0.201838,0.0782087,0.0525768,0.764555,0.146529,-0.0139811,0.00353227,-1.05042,-0.310631,0.10805,0.120729,-0.603406,-0.0199418,-0.934133,-0.157325,-0.298839,0.0103064,0.133313,-0.615174,0.245101,-1.0729,0.193036
33.84,-0.102769,0.000178964,-0.000107135,0.298189,-0.217547,-0.000931904,-0.101685,0.00197713,-0.000227662,0.298743,-0.218912,-0.00222286,0.000227662,-3.80877e-17,0.00349119,0.00327169,-0.000743022,-0.00215716,0.0120681,1.19842e-05,0.0462572,0.00790767,0.00281629,0.0002277,-0.0024328,0.0124756,-0.0119483,0.053743,-0.00961039,-0.1,0,0,0.3,-0.2,0,-0.1,0,0,0.3,-0.2,0,0,0,0,0,0,0,0,0,0,0,0,0,0,0,0,0,0,5.20153,-0.703125,0.447443,5.88867,13.8021,0.671149,3.29989,-4.04297,0.335582,4.21875,15.0505,2.10641,-0.950817,-0.198478,-6.68986,-2.75,0.4375,0.25,-2.5,-0.125,-0.947266,-0.117188,-2.0625,-0.3125,0.25,-2.3125,0.0625,-1.02539,0.214844,0.451785,-0.0342589,-0.0252839,0.380764,0.703498,0.0345369,-0.0835153,-0.168261,0.0330512,0.172228,0.754819,0.124604,-0.0323013,0.00289828,-1.03442,-0.314898,0.089642,0.126266,-0.618746,-0.00330765,-0.922199,-0.151281,-0.296969,0.00177366,0.127776,-0.599235,0.231296,-1.0621,0.197117
33.88,-0.102743,0.000170442,-9.37433e-05,0.298197,-0.217547,-0.000931904,-0.101578,0.00198565,-0.000147311,0.298743,-0.218916,-0.00221568,0.000200878,7.54762e-06,0.00348638,0.00327169,-0.000743022,-0.00219311,0.0120921,2.39685e-05,0.0462649,0.00791534,0.00279232,0.000203732,-0.00242081,0.0124756,-0.0119243,0.0537353,-0.00961806,-0.1,0,0,0.3,-0.2,0,-0.1,0,0,0.3,-0.2,0,0,0,0,0,0,0,0,0,0,0,0,0,0,0,0,0,0,5.1456,-0.791016,0.279652,5.18555,13.8021,0.671149,2.18129,-4.21875,0.615234,4.21875,15.0502,2.00162,-0.838956,-0.148858,-6.92323,-2.75,0.4375,0.1875,-2.5,-0.125,-0.947266,-0.117188,-2.0625,-0.25,0.25,-2.375,0.0625,-1.03516,0.224609,0.191982,-0.0235892,-0.047193,0.434027,0.698635,0.037265,0.0189055,-0.198565,0.0147311,0.275857,0.758271,0.0803869,-0.00883865,0.0209219,-1.0607,-0.321033,0.0589624,0.0943159,-0.616876,-0.000479369,-0.93806,-0.155362,-0.291504,-0.0203732,0.0903611,-0.660594,0.249224,-1.06489,0.204142
33.94,-0.10281,0.000196009,-8.03514e-05,0.298172,-0.217547,-0.000946196,-0.101658,0.00198565,-0.000254446,0.298726,-0.218916,-0.00223001,0.000254446,7.54762e-06,0.00348638,0.00325971,-0.000731038,-0.00221708,0.0120681,2.39685e-05,0.0462572,0.00790767,0.00280431,0.000215716,-0.0025047,0.0124756,-0.0119483,0.053743,-0.00960272,-0.1,0,0,0.3,-0.2,0,-0.1,0,0,0.3,-0.2,0,0,0,0,0,0,0,0,0,0,0,0,0,0,0,0,0,0,6.432,-0.703125,0.559304,5.625,13.7138,0.619155,3.24396,-4.04297,0.335582,4.83398,15.0502,2.00162,-0.503374,-0.148858,-6.76765,-2.6875,0.4375,0.1875,-2.5,-0.125,-0.947266,-0.126953,-2.0625,-0.3125,0.25,-2.3125,0.0625,-1.03516,0.224609,0.358096,-0.0294183,-0.0742447,0.372408,0.7068,0.0460994,-0.132476,-0.16584,-0.0825476,0.289318,0.748504,0.102953,-0.230608,0.0238202,-1.03667,-0.295291,0.054696,0.13233,-0.600338,-0.0112172,-0.916308,-0.154226,-0.292703,-0.00316384,0.0976235,-0.620711,0.234364,-1.07486,0.190091
33.98,-0.102729,0.000196009,-0.000107135,0.298138,-0.217539,-0.000946167,-0.101859,0.00198565,-0.000241054,0.298743,-0.218916,-0.00221568,0.000187487,1.50952e-05,0.00348156,0.00328368,-0.000743022,-0.00221708,0.0120681,-3.59527e-05,0.0462649,0.00790767,0.00279232,0.000215716,-0.00246875,0.0124756,-0.0119483,0.053743,-0.00960272,-0.1,0,0,0.3,-0.2,0,-0.1,0,0,0.3,-0.2,0,0,0,0,0,0,0,0,0,0,0,0,0,0,0,0,0,0,5.20153,-0.791016,0.279652,5.625,13.7138,0.619155,4.92188,-4.13086,0.335582,3.86719,15.1388,2.05408,-0.391513,-0.148858,-6.92323,-2.75,0.4375,0.25,-2.5,-0.0625,-0.927734,-0.117188,-2.0625,-0.3125,0.25,-2.3125,0.0625,-1.03516,0.224609,0.236926,-0.0457808,0.036426,0.415701,0.691823,0.0433028,0.540707,-0.169113,-0.0427469,-0.0132131,0.769633,0.099562,-0.0202485,0.00996281,-1.04632,-0.34064,0.0773702,0.13233,-0.603406,0.0221948,-0.93806,-0.152263,-0.260825,-0.0246396,0.129573,-0.626847,0.231296,-1.07584,0.192054
34.04,-0.102676,0.000204531,-0.000107135,0.298197,-0.217543,-0.000939036,-0.101685,0.00197713,-0.000227662,0.298717,-0.218916,-0.00221568,0.000254446,7.54762e-06,0.00347675,0.00328368,-0.000731038,-0.00218113,0.0120681,0,0.0462725,0.00790767,0.00279232,0.000203732,-0.00248073,0.0124756,-0.0119483,0.053743,-0.00961039,-0.1,0,0,0.3,-0.2,0,-0.1,0,0,0.3,-0.2,0,0,0,0,0,0,0,0,0,0,0,0,0,0,0,0,0,0,4.75408,-0.527344,0.447443,4.74609,13.8021,0.671149,4.97781,-4.21875,0.950817,4.74609,14.9619,2.05395,-0.391513,-0.0992388,-6.84544,-2.75,0.4375,0.1875,-2.5,-0.125,-0.947266,-0.126953,-2.0625,-0.25,0.25,-2.375,0.125,-1.03516,0.224609,0.0875789,0.00899936,0.0467109,0.194044,0.690428,0.0567364,0.163324,-0.181351,0.0947611,0.170605,0.733891,0.083216,-0.0763338,0.032515,-1.04672,-0.343708,0.0792397,0.0569011,-0.59727,0.00153398,-0.934286,-0.159135,-0.29764,-0.0203732,0.111765,-0.632983,0.23283,-1.07584,0.201044
34.08,-0.102769,0.000178964,-0.000133919,0.298197,-0.217547,-0.000931904,-0.101859,0.00198565,-0.000241054,0.298777,-0.218912,-0.00222286,0.000200878,1.50952e-05,0.00348156,0.00327169,-0.000743022,-0.00219311,0.0120681,-2.39685e-05,0.0462495,0.00790767,0.00280431,0.000203732,-0.00242081,0.0124876,-0.0119603,0.0537353,-0.00959505,-0.1,0,0,0.3,-0.2,0,-0.1,0,0,0.3,-0.2,0,0,0,0,0,0,0,0,0,0,0,0,0,0,0,0,0,0,4.53036,-0.703125,0.503374,4.30664,13.8021,0.671149,5.08967,-4.21875,0.671165,3.86719,14.9619,2.05395,-0.111861,-0.0992388,-6.84544,-2.75,0.4375,0.1875,-2.5,-0.125,-0.947266,-0.117188,-2.0625,-0.3125,0.3125,-2.3125,0.0625,-1.03516,0.224609,0.312938,0.0082835,0.141954,0.259494,0.705111,0.0317976,0.448142,-0.20511,0.0343904,0.0525768,0.740222,0.0834807,0.0528712,0.00416626,-1.05002,-0.321033,0.0743022,0.112724,-0.588066,0.0173532,-0.912228,-0.154226,-0.301907,0.0133744,0.127177,-0.645854,0.259147,-1.05998,0.185029
34.14,-0.102743,0.000187487,-0.000147311,0.29818,-0.217543,-0.000924744,-0.101792,0.00197713,-0.000254446,0.298751,-0.218912,-0.00220855,0.00021427,-3.67271e-17,0.00347194,0.00328368,-0.000743022,-0.0022051,0.0120561,-2.39685e-05,0.0462572,0.00790767,0.00280431,0.000215716,-0.0024328,0.0124756,-0.0119603,0.053743,-0.00961039,-0.1,0,0,0.3,-0.2,0,-0.1,0,0,0.3,-0.2,0,0,0,0,0,0,0,0,0,0,0,0,0,0,0,0,0,0,4.69815,-0.527344,0.503374,5.09766,13.7138,0.619155,3.63548,-4.21875,1.17454,3.60352,15.1388,2.05408,0.223722,-0.198478,-6.84544,-2.75,0.4375,0.1875,-2.5,-0.0625,-0.947266,-0.117188,-2.0625,-0.3125,0.3125,-2.25,0.125,-1.03516,0.224609,0.18684,0.000886301,0.0815834,0.278414,0.696827,0.034228,0.534011,-0.174806,0.061442,0.0345958,0.753224,0.0828634,0.0437111,0.0144914,-1.03603,-0.346776,0.0773702,0.110255,-0.584399,0.0127512,-0.92318,-0.160117,-0.304975,-0.0215716,0.115504,-0.593099,0.240739,-1.07584,0.206934
34.18,-0.102676,0.000204531,-0.000107135,0.298146,-0.217547,-0.000931904,-0.101725,0.00197713,-0.000227662,0.298743,-0.218912,-0.00222286,0.000107135,7.54762e-06,0.00347675,0.00325971,-0.000743022,-0.00215716,0.0120681,-2.39685e-05,0.0462572,0.00790767,0.00281629,0.000191748,-0.00240883,0.0124876,-0.0119722,0.0537277,-0.00961039,-0.1,0,0,0.3,-0.2,0,-0.1,0,0,0.3,-0.2,0,0,0,0,0,0,0,0,0,0,0,0,0,0,0,0,0,0,5.48118,-0.703125,0.503374,4.57031,13.8021,0.671149,2.40501,-4.21875,0.391513,4.04297,14.9619,2.05395,0.503374,-0.148858,-6.92323,-2.75,0.4375,0.1875,-2.5,-0.125,-0.947266,-0.126953,-2.0625,-0.3125,0.25,-2.3125,0.125,-1.03516,0.224609,0.0515815,-0.0237256,0.0312835,0.283523,0.70516,0.0427772,0.419323,-0.168261,-0.0492286,0.314036,0.74508,0.108168,0.230126,0.0122271,-1.04118,-0.295291,0.0804381,0.0833143,-0.603406,0.00814927,-0.920235,-0.148336,-0.312309,0.0115049,0.0928298,-0.615174,0.26859,-1.05983,0.200062
34.24,-0.102836,0.000204531,-0.000107135,0.29818,-0.217543,-0.000939036,-0.101591,0.00198565,-0.000160703,0.298743,-0.218912,-0.00222286,0.000187487,1.50952e-05,0.00348156,0.00329566,-0.000743022,-0.0022051,0.0120921,2.39685e-05,0.0462572,0.0079,0.00280431,0.0002277,-0.00244478,0.0124876,-0.0119483,0.053743,-0.00960272,-0.1,0,0,0.3,-0.2,0,-0.1,0,0,0.3,-0.2,0,0,0,0,0,0,0,0,0,0,0,0,0,0,0,0,0,0,6.59979,-0.703125,0.279652,4.48242,13.8021,0.671149,2.46094,-4.21875,0.727095,3.86719,15.0502,2.00162,-0.111861,-0.0992388,-6.84544,-2.75,0.4375,0.1875,-2.5,-0.125,-0.947266,-0.117188,-2.0625,-0.3125,0.25,-2.3125,0.0625,-1.03516,0.224609,0.504764,-0.0302706,-0.0355689,0.322047,0.692041,0.0539971,-0.221452,-0.214928,-0.00964217,0.237678,0.743461,0.0999389,0.0311763,0.0157594,-1.04262,-0.326498,0.0804381,0.107187,-0.632216,0.00412257,-0.92318,-0.151128,-0.280431,0.00790959,0.113035,-0.648922,0.219024,-1.07486,0.192054
34.28,-0.102783,0.000178964,-0.000133919,0.298155,-0.217547,-0.000931904,-0.101658,0.00197713,-0.000227662,0.298734,-0.218916,-0.00221568,0.000241054,1.50952e-05,0.00348156,0.00328368,-0.000755006,-0.0022051,0.0120801,-3.59527e-05,0.0462649,0.00790767,0.00281629,0.000191748,-0.0024328,0.0124756,-0.0119363,0.053743,-0.00959505,-0.1,0,0,0.3,-0.2,0,-0.1,0,0,0.3,-0.2,0,0,0,0,0,0,0,0,0,0,0,0,0,0,0,0,0,0,6.09641,-0.439453,0.335582,5.44922,13.7138,0.619155,3.02024,-4.21875,0.727095,2.98828,15.0505,2.10641,-0.894886,-0.148858,-6.92323,-2.75,0.4375,0.1875,-2.5,-0.125,-0.947266,-0.117188,-2.0625,-0.25,0.3125,-2.3125,0.0625,-1.02539,0.214844,0.355417,-0.0113515,0.0339618,0.331332,0.703523,0.0400267,-0.106764,-0.164988,0.0639061,0.271677,0.741996,0.113382,-0.113456,-0.00452857,-1.04447,-0.322232,0.0785686,0.0949151,-0.604005,-0.00695085,-0.929224,-0.158153,-0.281629,0.0207087,0.12164,-0.623779,0.226454,-1.07192,0.193865
34.34,-0.102743,0.000221575,-8.03514e-05,0.298172,-0.217543,-0.000939036,-0.101711,0.00197713,-0.000187487,0.298777,-0.218916,-0.00221568,0.000187487,7.54762e-06,0.00348638,0.00327169,-0.000731038,-0.00219311,0.0120681,-2.39685e-05,0.0462572,0.00793068,0.00280431,0.0002277,-0.00242081,0.0124756,-0.0119363,0.053743,-0.00958738,-0.1,0,0,0.3,-0.2,0,-0.1,0,0,0.3,-0.2,0,0,0,0,0,0,0,0,0,0,0,0,0,0,0,0,0,0,5.87269,-0.791016,0.279652,5.36133,13.8021,0.671149,2.90838,-4.30664,1.11861,3.60352,14.9619,2.05395,0.0559304,-0.248097,-6.76765,-2.75,0.4375,0.1875,-2.5625,-0.125,-0.927734,-0.117188,-2.0625,-0.3125,0.3125,-2.3125,0.125,-1.03516,0.214844,0.243407,-0.0450649,-0.0228198,0.257871,0.701816,0.0595206,0.335704,-0.161716,0.0136062,0.0471227,0.751758,0.0968788,0.118599,-0.00516256,-1.04037,-0.308762,0.0731038,0.10352,-0.606474,0.0112172,-0.930053,-0.170395,-0.271227,-0.0104982,0.121041,-0.620711,0.238726,-1.07584,0.178985
34.38,-0.102756,0.000153398,-0.000120527,0.298172,-0.217543,-0.000939036,-0.101711,0.00196861,-0.000174095,0.298726,-0.21892,-0.00220852,0.000200878,1.50952e-05,0.00348156,0.00327169,-0.000743022,-0.00219311,0.0120921,-1.19842e-05,0.0462572,0.00790767,0.00280431,0.000215716,-0.00244478,0.0124876,-0.0119363,0.053743,-0.00959505,-0.1,0,0,0.3,-0.2,0,-0.1,0,0,0.3,-0.2,0,0,0,0,0,0,0,0,0,0,0,0,0,0,0,0,0,0,5.81676,-0.703125,0.335582,5.44922,13.6251,0.671948,2.29315,-4.13086,1.11861,4.30664,15.1388,2.05408,-0.671165,-0.148858,-6.92323,-2.75,0.4375,0.1875,-2.5,-0.0625,-0.947266,-0.117188,-2.0625,-0.3125,0.25,-2.3125,0.0625,-1.02539,0.224609,0.224177,-0.0186123,0.0737626,0.334229,0.680677,0.0567027,0.207142,-0.137956,0.0276944,0.169327,0.769803,0.0992755,0.0837261,0.00706453,-1.05186,-0.314898,0.086574,0.085112,-0.589264,0.0201814,-0.924162,-0.158153,-0.283499,-0.0277075,0.125307,-0.627446,0.238726,-1.07486,0.187974
34.44,-0.102796,0.000178964,-0.000120527,0.298138,-0.217547,-0.000931904,-0.101725,0.00198565,-0.000267838,0.298709,-0.218916,-0.00221568,0.000200878,2.26428e-05,0.00348638,0.00327169,-0.000743022,-0.00215716,0.0120801,0,0.0462572,0.00791534,0.00280431,0.000215716,-0.00239685,0.0124756,-0.0119363,0.053743,-0.00960272,-0.1,0,0,0.3,-0.2,0,-0.1,0,0,0.3,-0.2,0,0,0,0,0,0,0,0,0,0,0,0,0,0,0,0,0,0,5.87269,-0.703125,0.335582,4.6582,13.7138,0.619155,2.12536,-4.21875,0.447443,3.60352,14.9619,2.05395,-0.727095,-0.0496194,-6.92323,-2.75,0.4375,0.25,-2.5,-0.125,-0.947266,-0.117188,-2.125,-0.3125,0.3125,-2.25,0.0625,-1.03516,0.214844,0.315616,-0.0309864,0.0120527,0.393885,0.700248,0.0345257,0.208481,-0.198565,-0.0143561,0.253696,0.751758,0.0968788,0.0425862,0.0192916,-1.04776,-0.31183,0.104982,0.0925182,-0.588665,0,-0.926126,-0.164197,-0.283499,-0.0277075,0.0830267,-0.608439,0.241794,-1.07486,0.190091
34.48,-0.102769,0.000153398,-0.000120527,0.29818,-0.217539,-0.000931875,-0.101618,0.00197713,-0.000227662,0.298726,-0.21892,-0.00222283,0.000160703,7.54762e-06,0.00348638,0.00327169,-0.000743022,-0.00216914,0.0120921,1.19842e-05,0.0462649,0.00790767,0.00280431,0.000191748,-0.00245677,0.0124636,-0.0119483,0.053743,-0.00960272,-0.1,0,0,0.3,-0.2,0,-0.1,0,0,0.3,-0.2,0,0,0,0,0,0,0,0,0,0,0,0,0,0,0,0,0,0,6.20827,-0.703125,0.503374,4.6582,13.8021,0.671149,1.8457,-4.21875,0.503374,4.39453,15.1388,2.05408,0.111861,-0.0496194,-6.76765,-2.75,0.4375,0.1875,-2.5,-0.125,-0.947266,-0.117188,-2.0625,-0.3125,0.25,-2.3125,0.0625,-1.03516,0.224609,0.266655,-0.00879482,0.0223377,0.218418,0.693483,0.0509714,0.22348,-0.194441,0.00219627,0.14751,0.77141,0.124546,0.023784,0.052803,-1.05885,-0.324101,0.0835061,0.0931174,-0.592332,0.00282828,-0.934133,-0.159135,-0.314178,0.0115049,0.116702,-0.617044,0.245101,-1.08075,0.192054
34.54,-0.102783,0.000187487,-0.000133919,0.29818,-0.217547,-0.000931904,-0.101604,0.00198565,-0.000200878,0.298734,-0.218916,-0.00223001,0.000200878,1.50952e-05,0.00348156,0.00327169,-0.000743022,-0.00219311,0.0120561,-2.39685e-05,0.0462649,0.0079,0.00280431,0.000203732,-0.00246875,0.0124876,-0.0119483,0.053743,-0.00959505,-0.1,0,0,0.3,-0.2,0,-0.1,0,0,0.3,-0.2,0,0,0,0,0,0,0,0,0,0,0,0,0,0,0,0,0,0,6.54386,-0.703125,0.391513,5.27344,13.7134,0.723941,2.29315,-4.21875,0.727095,3.86719,15.1388,2.05408,-0.559304,-0.248097,-6.76765,-2.75,0.4375,0.1875,-2.5,-0.125,-0.927734,-0.117188,-2.0625,-0.3125,0.25,-2.3125,0.0625,-1.03516,0.224609,0.519977,0.0172488,0.116242,0.256597,0.693871,0.0619521,-0.019556,-0.201838,0.0920827,0.0589649,0.77611,0.133051,-0.0448361,0.00416626,-1.03892,-0.317965,0.0743022,0.115792,-0.581331,0.00508131,-0.930206,-0.161927,-0.280431,-0.00810134,0.129573,-0.630514,0.246635,-1.06602,0.181102
34.58,-0.102729,0.000178964,-9.37433e-05,0.298214,-0.217551,-0.000939065,-0.101671,0.00198565,-0.000187487,0.298743,-0.218916,-0.00221568,0.000174095,7.54762e-06,0.00347675,0.00325971,-0.000743022,-0.00216914,0.0120921,1.19842e-05,0.0462572,0.00789233,0.00280431,0.000191748,-0.00242081,0.0124995,-0.0119243,0.0537353,-0.00961039,-0.1,0,0,0.3,-0.2,0,-0.1,0,0,0.3,-0.2,0,0,0,0,0,0,0,0,0,0,0,0,0,0,0,0,0,0,5.08967,-0.527344,-0.111861,5.27344,13.8021,0.671149,2.06942,-4.13086,0.279652,3.60352,15.0505,2.10641,0,-0.198478,-6.84544,-2.6875,0.4375,0.1875,-2.5,-0.125,-0.947266,-0.117188,-2.0625,-0.3125,0.25,-2.25,0.125,-1.03516,0.224609,0.216356,-0.014624,-0.0523355,0.158762,0.715007,0.026628,0.141415,-0.169113,-0.0635311,0.139503,0.741996,0.113382,-0.0573709,0.0122271,-1.03378,-0.276884,0.0835061,0.108457,-0.604604,-0.00637561,-0.919253,-0.146066,-0.301907,-0.0222427,0.121041,-0.618841,0.244622,-1.06783,0.194171
34.64,-0.102823,0.00016192,-0.000107135,0.298138,-0.217543,-0.000939036,-0.101711,0.00198565,-0.000187487,0.298726,-0.218916,-0.00221568,0.000200878,1.50952e-05,0.00348156,0.00324773,-0.000743022,-0.00219311,0.0120681,-2.39685e-05,0.0462572,0.00788466,0.00280431,0.000179763,-0.00242081,0.0124636,-0.0119603,0.053743,-0.00960272,-0.1,0,0,0.3,-0.2,0,-0.1,0,0,0.3,-0.2,0,0,0,0,0,0,0,0,0,0,0,0,0,0,0,0,0,0,5.98455,-0.439453,0.335582,5.44922,13.7138,0.619155,1.78977,-4.21875,0.391513,4.04297,15.1388,2.05408,-0.111861,-0.198478,-6.84544,-2.75,0.4375,0.1875,-2.5625,-0.125,-0.947266,-0.117188,-2.0625,-0.3125,0.25,-2.3125,0.125,-1.03516,0.224609,0.333722,-0.0260095,0.036426,0.268439,0.708267,0.0485634,0.109434,-0.17893,-0.0275337,0.163872,0.761513,0.0913553,0.0220163,0.00126798,-1.04077,-0.321705,0.09271,0.100452,-0.606474,-0.0102585,-0.922199,-0.141004,-0.283499,-0.0363841,0.0995649,-0.62318,0.228467,-1.07486,0.195
34.68,-0.10281,0.000170442,-9.37433e-05,0.298189,-0.217551,-0.000939065,-0.101604,0.00196861,-0.000200878,0.298726,-0.218912,-0.00222286,0.000227662,7.54762e-06,0.00348638,0.00325971,-0.000743022,-0.00218113,0.0120681,-3.59527e-05,0.0462572,0.00790767,0.00279232,0.000215716,-0.00244478,0.0124756,-0.0119483,0.053743,-0.00960272,-0.1,0,0,0.3,-0.2,0,-0.1,0,0,0.3,-0.2,0,0,0,0,0,0,0,0,0,0,0,0,0,0,0,0,0,0,5.92862,-0.615234,0.335582,4.39453,13.8021,0.671149,2.12536,-4.21875,0.559304,4.30664,15.0505,2.10641,-0.671165,-0.0992388,-6.84544,-2.75,0.4375,0.1875,-2.5,-0.125,-0.947266,-0.117188,-2.0625,-0.3125,0.25,-2.25,0.0625,-1.03516,0.214844,0.332383,-0.00395426,0.0145168,0.222594,0.707068,0.0677732,-0.127548,-0.196861,-0.0159096,0.311135,0.746703,0.110907,-0.0734412,0.0122271,-1.05516,-0.310631,0.0773702,0.109056,-0.61261,0.000719053,-0.925144,-0.165026,-0.266961,0.00604005,0.100763,-0.596167,0.257373,-1.07584,0.194018
34.74,-0.102743,0.000187487,-0.000147311,0.298163,-0.217547,-0.000931904,-0.101671,0.00198565,-0.000241054,0.298743,-0.218916,-0.00221568,0.000227662,-3.67271e-17,0.00347194,0.00327169,-0.000743022,-0.00216914,0.0120681,1.19842e-05,0.0462649,0.0079,0.00280431,0.000191748,-0.00244478,0.0124636,-0.0119483,0.053743,-0.00961039,-0.1,0,0,0.3,-0.2,0,-0.1,0,0,0.3,-0.2,0,0,0,0,0,0,0,0,0,0,0,0,0,0,0,0,0,0,5.03374,-0.527344,0.391513,5.00977,13.7138,0.619155,2.51687,-4.21875,0.727095,4.6582,15.1388,2.05408,-0.671165,-0.148858,-7.07881,-2.75,0.4375,0.1875,-2.5,-0.125,-0.947266,-0.117188,-2.0625,-0.3125,0.3125,-2.25,0.0625,-1.03516,0.224609,0.222837,-0.0351111,0.035301,0.264604,0.705111,0.0317976,0.280262,-0.228018,0.0241054,0.155866,0.74852,0.0804206,0.0602635,0.0231862,-1.05267,-0.31183,0.0804381,0.0961854,-0.61261,-0.00637561,-0.933151,-0.157018,-0.280431,-0.000766991,0.122239,-0.5925,0.246635,-1.07486,0.196135
34.78,-0.10281,0.000178964,-0.000133919,0.298172,-0.217547,-0.000931904,-0.101618,0.00198565,-0.000187487,0.29876,-0.218916,-0.00223001,0.00021427,1.50952e-05,0.00348156,0.00327169,-0.000731038,-0.00221708,0.0120921,-1.19842e-05,0.0462649,0.0079,0.00279232,0.0002277,-0.00245677,0.0124756,-0.0119483,0.053743,-0.00957971,-0.1,0,0,0.3,-0.2,0,-0.1,0,0,0.3,-0.2,0,0,0,0,0,0,0,0,0,0,0,0,0,0,0,0,0,0,6.76758,-0.703125,0.335582,5.27344,13.7138,0.619155,1.8457,-4.30664,0.671165,4.21875,15.1388,2.05408,-0.447443,-0.198478,-7.00102,-2.75,0.4375,0.1875,-2.5,-0.125,-0.947266,-0.126953,-2.0625,-0.3125,0.25,-2.3125,0.125,-1.03516,0.214844,0.358096,-0.0244414,-0.017463,0.214238,0.690472,0.0290022,0.10006,-0.201838,-0.0223912,0.147854,0.761501,0.108398,0.00257125,0.00126798,-1.05186,-0.336373,0.0731038,0.0985822,-0.592332,0.00330765,-0.936096,-0.165854,-0.257757,-0.0473137,0.122838,-0.645255,0.235897,-1.07486,0.174904
34.84,-0.102729,0.000170442,-0.000107135,0.298197,-0.217543,-0.000924744,-0.101738,0.00197713,-0.00021427,0.298743,-0.218912,-0.00222286,0.000160703,1.50952e-05,0.00348156,0.00325971,-0.000743022,-0.00221708,0.0120681,1.19842e-05,0.0462572,0.00790767,0.00279232,0.000203732,-0.00239685,0.0124636,-0.0119483,0.0537353,-0.00959505,-0.1,0,0,0.3,-0.2,0,-0.1,0,0,0.3,-0.2,0,0,0,0,0,0,0,0,0,0,0,0,0,0,0,0,0,0,5.7049,-0.615234,0.279652,4.57031,13.7138,0.619155,1.90163,-4.30664,0.615234,4.83398,15.1388,2.05408,0.167791,-0.248097,-6.92323,-2.75,0.4375,0.1875,-2.5,-0.1875,-0.947266,-0.117188,-2.0625,-0.3125,0.3125,-2.3125,0.125,-1.02539,0.214844,0.319205,0.0156807,0.0467109,0.199498,0.685389,0.0204643,0.117255,-0.181351,0.0625669,0.204953,0.766205,0.11084,0.0597814,-0.0161217,-1.05186,-0.322903,0.0835061,0.135398,-0.569658,-0.00790959,-0.916308,-0.158153,-0.270029,-0.0203732,0.116774,-0.617044,0.255839,-1.06293,0.171284
34.88,-0.102769,0.00016192,-0.000107135,0.298146,-0.217543,-0.000924744,-0.101644,0.00197713,-0.000187487,0.298726,-0.21892,-0.00222283,0.000241054,7.54762e-06,0.00347675,0.00328368,-0.000743022,-0.0022051,0.0120681,-2.39685e-05,0.0462572,0.0079,0.00279232,0.000239685,-0.00245677,0.0124756,-0.0119483,0.0537353,-0.00959505,-0.1,0,0,0.3,-0.2,0,-0.1,0,0,0.3,-0.2,0,0,0,0,0,0,0,0,0,0,0,0,0,0,0,0,0,0,5.98455,-0.703125,0.279652,6.32812,13.7138,0.619155,3.07617,-4.21875,0.894886,4.21875,15.0502,2.00162,-0.727095,-0.248097,-6.92323,-2.75,0.4375,0.1875,-2.5,-0.0625,-0.947266,-0.117188,-2.0625,-0.3125,0.25,-2.3125,0.0625,-1.02539,0.224609,0.240943,0.00671543,0.0672809,0.321702,0.688639,0.0204755,0.149021,-0.184623,0.0444611,0.322043,0.763302,0.0998704,-0.134026,-0.00806084,-1.03563,-0.3253,0.10805,0.0918471,-0.560454,0.00968325,-0.921217,-0.147201,-0.2823,-0.0301044,0.110566,-0.629915,0.242033,-1.06293,0.184047
34.94,-0.102743,0.000170442,-8.03514e-05,0.29818,-0.217551,-0.000939065,-0.101644,0.00197713,-0.000187487,0.2987,-0.21892,-0.00222283,0.000160703,-3.67271e-17,0.00347194,0.00327169,-0.000743022,-0.0022051,0.0120921,-2.39685e-05,0.0462649,0.00790767,0.00280431,0.000203732,-0.00242081,0.0124636,-0.0119363,0.053743,-0.00960272,-0.1,0,0,0.3,-0.2,0,-0.1,0,0,0.3,-0.2,0,0,0,0,0,0,0,0,0,0,0,0,0,0,0,0,0,0,6.2642,-0.615234,0.503374,5.09766,13.8021,0.671149,2.12536,-4.21875,0.447443,4.6582,15.0505,2.10641,-0.503374,-0.198478,-6.84544,-2.75,0.4375,0.1875,-2.5,-0.125,-0.947266,-0.117188,-2.0625,-0.3125,0.3125,-2.3125,0.0625,-1.03516,0.224609,0.371969,0.00259072,-0.0176773,0.251143,0.724783,0.0321514,0.138736,-0.200986,-0.0532462,0.309516,0.74867,0.108156,0.034069,0.00869483,-1.03973,-0.330237,0.0804381,0.107187,-0.616876,0.00354733,-0.935115,-0.160117,-0.301907,-0.0203732,0.124109,-0.626248,0.237192,-1.07486,0.20089
35,-0.102743,0.000204531,-0.000107135,0.298189,-0.217547,-0.000931904,-0.101832,0.00198565,-0.000227662,0.298743,-0.218912,-0.00220855,0.000187487,1.50952e-05,0.00348156,0.00327169,-0.000743022,-0.00216914,0.0120681,-2.39685e-05,0.0462572,0.0079,0.00279232,0.000191748,-0.00246875,0.0124636,-0.0119363,0.053743,-0.00961806,-0.1,0,0,0.3,-0.2,0,-0.1,0,0,0.3,-0.2,0,0,0,0,0,0,0,0,0,0,0,0,0,0,0,0,0,0,4.53036,-0.703125,0.279652,5.00977,13.7138,0.619155,4.13885,-4.21875,0.559304,4.13086,15.1388,2.05408,-0.727095,-0.248097,-6.92323,-2.75,0.4375,0.1875,-2.5,-0.125,-0.947266,-0.117188,-2.0625,-0.3125,0.25,-2.3125,0.0625,-1.03516,0.224609,0.274262,-0.0368155,0.0312835,0.189869,0.705111,0.0317976,0.368327,-0.198565,0.0227662,0.243132,0.764587,0.102038,-0.0305335,-0.0219182,-1.03338,-0.342509,0.086574,0.0839135,-0.588066,0.00508131,-0.925144,-0.149164,-0.291504,-0.00997088,0.12037,-0.629316,0.246396,-1.07486,0.208069
35.04,-0.102676,0.000170442,-0.000133919,0.29818,-0.217539,-0.000931875,-0.101765,0.00198565,-0.000160703,0.298726,-0.218912,-0.00222286,0.000187487,7.54762e-06,0.00348638,0.00327169,-0.000743022,-0.00221708,0.0120681,-2.39685e-05,0.0462649,0.00790767,0.00280431,0.000203732,-0.00245677,0.0124756,-0.0119483,0.0537507,-0.00960272,-0.1,0,0,0.3,-0.2,0,-0.1,0,0,0.3,-0.2,0,0,0,0,0,0,0,0,0,0,0,0,0,0,0,0,0,0,4.30664,-0.703125,0.391513,6.06445,13.8021,0.671149,5.03374,-4.30664,0.671165,5.625,15.1388,2.05408,-0.167791,-0.198478,-6.84544,-2.75,0.4375,0.1875,-2.5,-0.0625,-0.947266,-0.126953,-2.0625,-0.3125,0.25,-2.3125,0.0625,-1.03516,0.224609,0.067009,-0.00722675,0.0133919,0.322047,0.693433,0.0399918,0.443911,-0.188748,0.0212128,0.267501,0.764574,0.11908,-0.00482108,0.00643054,-1.04406,-0.314898,0.0773702,0.0617667,-0.578862,0.00508131,-0.936096,-0.166007,-0.308042,-0.00196541,0.110566,-0.632983,0.243567,-1.08483,0.196963
35.1,-0.102729,0.000170442,-0.000133919,0.298172,-0.217547,-0.000931904,-0.101832,0.00197713,-0.000294622,0.298743,-0.218912,-0.00223717,0.000227662,-3.74074e-17,0.00348156,0.00325971,-0.000731038,-0.0022051,0.0120681,-2.39685e-05,0.0462649,0.0079,0.00279232,0.000203732,-0.00248073,0.0124756,-0.0119363,0.053743,-0.00961039,-0.1,0,0,0.3,-0.2,0,-0.1,0,0,0.3,-0.2,0,0,0,0,0,0,0,0,0,0,0,0,0,0,0,0,0,0,4.47443,-0.703125,0.447443,5.27344,13.6251,0.671948,5.31339,-4.30664,0.335582,3.86719,15.0502,2.00162,-1.23047,-0.148858,-6.92323,-2.75,0.4375,0.1875,-2.5,-0.125,-0.947266,-0.126953,-2.0625,-0.3125,0.25,-2.3125,0.0625,-1.03516,0.214844,0.170073,-0.0563141,0.0751018,0.279688,0.689008,0.0646802,0.481461,-0.207531,-0.0116777,0.112232,0.746699,0.11697,-0.0785836,0.0434741,-1.04632,-0.307563,0.0700358,0.0887791,-0.600338,0.00354733,-0.929224,-0.156037,-0.2823,0.00723847,0.0902892,-0.657526,0.246396,-1.0837,0.203989
35.14,-0.102729,0.000170442,-0.000107135,0.29818,-0.217547,-0.000931904,-0.101805,0.00198565,-0.000187487,0.298726,-0.218916,-0.00221568,0.000254446,-3.67271e-17,0.00347194,0.00327169,-0.000731038,-0.00221708,0.0120681,0,0.0462572,0.0079,0.00280431,0.000191748,-0.00242081,0.0124756,-0.0119363,0.053743,-0.00958738,-0.1,0,0,0.3,-0.2,0,-0.1,0,0,0.3,-0.2,0,0,0,0,0,0,0,0,0,0,0,0,0,0,0,0,0,0,4.97781,-0.615234,0.559304,4.30664,13.7138,0.619155,3.69141,-4.21875,0.447443,4.13086,14.9619,2.05395,-0.950817,-0.198478,-7.00102,-2.75,0.4375,0.1875,-2.5,-0.125,-0.947266,-0.117188,-2.0625,-0.3125,0.25,-2.25,0.0625,-1.03516,0.214844,0.144361,0.0156807,0.0621384,0.229326,0.69201,0.00979359,0.334793,-0.198565,-0.0583887,0.174781,0.737126,0.105164,-0.0866188,0.00579655,-1.03419,-0.308762,0.0731038,0.110854,-0.600338,0,-0.932016,-0.154073,-0.295771,0.00230097,0.093429,-0.620711,0.249464,-1.06995,0.177021
35.2,-0.102689,0.000178964,-0.000107135,0.298172,-0.217543,-0.000939036,-0.101752,0.00198565,-0.000227662,0.29876,-0.218916,-0.00223001,0.000187487,2.26428e-05,0.00348638,0.00327169,-0.000755006,-0.00216914,0.0120681,-1.19842e-05,0.0462572,0.00790767,0.00279232,0.000203732,-0.00244478,0.0124636,-0.0119483,0.053743,-0.00960272,-0.1,0,0,0.3,-0.2,0,-0.1,0,0,0.3,-0.2,0,0,0,0,0,0,0,0,0,0,0,0,0,0,0,0,0,0,4.86594,-0.527344,0.167791,5.53711,13.6251,0.671948,5.25746,-4.21875,0.615234,3.95508,15.0502,2.00162,0.279652,-0.148858,-6.92323,-2.75,0.4375,0.1875,-2.5,-0.0625,-0.947266,-0.126953,-2.0625,-0.3125,0.3125,-2.3125,0.0625,-1.03516,0.224609,0.186626,-0.00153398,-0.00985643,0.312413,0.675789,0.0539409,0.396289,-0.198565,-0.0132312,0.235121,0.756604,0.138609,0.103171,-0.0154877,-1.05146,-0.321033,0.0755006,0.0961854,-0.584998,0.00944357,-0.925144,-0.171898,-0.2823,-0.0203732,0.134511,-0.626248,0.240499,-1.07486,0.195
35.24,-0.102716,0.00016192,-0.000107135,0.298206,-0.217551,-0.000939065,-0.101805,0.00196861,-0.000187487,0.298743,-0.21892,-0.00222283,0.000200878,7.54762e-06,0.00347675,0.00325971,-0.000743022,-0.00216914,0.0120921,-2.39685e-05,0.0462572,0.0079,0.00280431,0.000203732,-0.00245677,0.0124756,-0.0119483,0.0537353,-0.00960272,-0.1,0,0,0.3,-0.2,0,-0.1,0,0,0.3,-0.2,0,0,0,0,0,0,0,0,0,0,0,0,0,0,0,0,0,0,4.53036,-0.527344,0.391513,5.80078,13.7138,0.619155,3.35582,-4.30664,0.559304,4.13086,15.0505,2.10641,-0.615234,-0.198478,-6.84544,-2.75,0.4375,0.1875,-2.5,-0.125,-0.947266,-0.117188,-2.0625,-0.3125,0.3125,-2.3125,0.0625,-1.02539,0.224609,0.209874,0.0296229,0.0107135,0.285486,0.719871,0.0238999,0.45307,-0.173953,-0.0172488,0.144957,0.76816,0.124558,-0.0499786,0.0151254,-1.03563,-0.298359,0.0589624,0.105389,-0.583128,-0.00105461,-0.929071,-0.159964,-0.295771,-0.0203732,0.132042,-0.645255,0.248169,-1.06194,0.192054
35.3,-0.102729,0.000187487,-0.000147311,0.298197,-0.217547,-0.000931904,-0.101671,0.00198565,-0.000227662,0.298717,-0.218916,-0.00221568,0.000227662,-7.54762e-06,0.00348638,0.00325971,-0.000731038,-0.00221708,0.0120921,-1.19842e-05,0.0462649,0.0079,0.00280431,0.0002277,-0.00244478,0.0124636,-0.0119363,0.0537507,-0.00960272,-0.1,0,0,0.3,-0.2,0,-0.1,0,0,0.3,-0.2,0,0,0,0,0,0,0,0,0,0,0,0,0,0,0,0,0,0,5.42525,-0.527344,0.335582,5.00977,13.8021,0.671149,2.68466,-4.21875,0.671165,3.86719,15.0502,2.00162,-0.894886,-0.148858,-6.76765,-2.75,0.4375,0.1875,-2.5,-0.125,-0.947266,-0.126953,-2.0625,-0.25,0.25,-2.3125,0.0625,-1.02539,0.224609,0.180358,0.000886301,-0.0212663,0.199498,0.711661,0.0427996,0.197982,-0.221473,0.0793336,0.170605,0.751766,0.0858992,0.00369617,0.0399419,-1.03297,-0.310631,0.0638999,0.0955143,-0.604604,-0.00436226,-0.933151,-0.171744,-0.295771,-0.0104982,0.116103,-0.629316,0.229522,-1.076,0.198927
35.34,-0.102716,0.000196009,-0.000120527,0.298248,-0.217543,-0.000924744,-0.101752,0.00196861,-0.000187487,0.298777,-0.218912,-0.00220855,0.000294622,-3.67271e-17,0.00347194,0.00327169,-0.000743022,-0.00219311,0.0120681,-2.39685e-05,0.0462649,0.0079,0.00279232,0.000203732,-0.00242081,0.0124756,-0.0119603,0.053743,-0.00961039,-0.1,0,0,0.3,-0.2,0,-0.1,0,0,0.3,-0.2,0,0,0,0,0,0,0,0,0,0,0,0,0,0,0,0,0,0,4.69815,-0.703125,0.167791,5.00977,13.7138,0.619155,3.35582,-4.21875,0.279652,3.95508,15.0505,2.10641,-1.2864,-0.347336,-6.76765,-2.75,0.4375,0.1875,-2.5,-0.125,-0.947266,-0.117188,-2.0625,-0.3125,0.25,-2.375,0.0625,-1.03516,0.214844,0.189304,-0.0621433,-0.0136597,0.306365,0.688763,0.0479244,0.509424,-0.180498,-0.109814,0.150752,0.75482,0.124031,-0.180951,-0.0231862,-1.0194,-0.330237,0.086574,0.128063,-0.578862,0.00201335,-0.941005,-0.160945,-0.260825,-0.0265091,0.114905,-0.669798,0.256079,-1.06799,0.204971
35.4,-0.102743,0.000196009,-0.000120527,0.298197,-0.217547,-0.000931904,-0.101738,0.00198565,-0.000241054,0.298743,-0.218916,-0.00221568,0.000227662,7.54762e-06,0.00347675,0.00325971,-0.000743022,-0.00219311,0.0120561,1.19842e-05,0.0462572,0.0079,0.00279232,0.000215716,-0.00240883,0.0124636,-0.0119603,0.053743,-0.00960272,-0.1,0,0,0.3,-0.2,0,-0.1,0,0,0.3,-0.2,0,0,0,0,0,0,0,0,0,0,0,0,0,0,0,0,0,0,6.2642,-0.527344,0.335582,4.74609,13.7138,0.619155,2.74059,-4.21875,0.950817,5.27344,15.1388,2.05408,-0.671165,-0.0496194,-6.92323,-2.75,0.4375,0.1875,-2.5,-0.125,-0.947266,-0.117188,-2.0625,-0.3125,0.25,-2.3125,0.0625,-1.02539,0.214844,0.274262,0.0360315,0.0171952,0.232223,0.703498,0.0345369,0.420662,-0.19202,0.0138204,0.22677,0.767994,0.118782,-0.0374437,0.0383116,-1.03933,-0.325971,0.09271,0.109656,-0.587467,0.0012943,-0.922199,-0.159964,-0.279232,0.00910801,0.10817,-0.641587,0.259147,-1.07486,0.195
35.44,-0.102796,0.000178964,-0.000107135,0.298172,-0.217547,-0.000931904,-0.101658,0.00198565,-0.00021427,0.298768,-0.218916,-0.00221568,0.000227662,1.50952e-05,0.00348156,0.00328368,-0.000731038,-0.00216914,0.0120921,-1.19842e-05,0.0462649,0.00789233,0.00280431,0.0002277,-0.00239685,0.0124636,-0.0119483,0.0537353,-0.00960272,-0.1,0,0,0.3,-0.2,0,-0.1,0,0,0.3,-0.2,0,0,0,0,0,0,0,0,0,0,0,0,0,0,0,0,0,0,6.04048,-0.615234,0.279652,4.48242,13.8021,0.671149,2.23722,-4.21875,0,4.39453,15.1388,2.05408,-0.559304,-0.0992388,-6.68986,-2.75,0.4375,0.25,-2.5,-0.125,-0.947266,-0.117188,-2.0625,-0.3125,0.3125,-2.3125,0.0625,-1.02539,0.224609,0.408181,-0.0178964,-0.0509963,0.176059,0.695434,0.0482333,-0.163331,-0.195293,0.0162845,0.201117,0.772892,0.0885711,-0.0477287,-0.00163029,-1.02783,-0.328368,0.0608319,0.126865,-0.604604,0.00177367,-0.93806,-0.15392,-0.277363,-0.0381098,0.129046,-0.647723,0.255839,-1.06391,0.194018
35.5,-0.102796,0.000196009,-8.03514e-05,0.298189,-0.217543,-0.000939036,-0.101618,0.00198565,-0.00021427,0.29876,-0.21892,-0.00222283,0.000200878,1.50952e-05,0.00348156,0.00327169,-0.000743022,-0.0022051,0.0120681,1.19842e-05,0.0462572,0.0079,0.00280431,0.000191748,-0.0024328,0.0124876,-0.0119483,0.0537353,-0.00959505,-0.1,0,0,0.3,-0.2,0,-0.1,0,0,0.3,-0.2,0,0,0,0,0,0,0,0,0,0,0,0,0,0,0,0,0,0,6.04048,-0.703125,0.223722,5.27344,13.8021,0.671149,2.29315,-4.04297,0.559304,3.07617,15.0502,2.00162,-1.06268,-0.248097,-6.76765,-2.6875,0.4375,0.25,-2.5,-0.125,-0.947266,-0.117188,-2.0625,-0.3125,0.25,-2.3125,0.0625,-1.03516,0.224609,0.351614,-0.00651089,-0.0331048,0.348039,0.71318,0.056815,-0.0747845,-0.188748,-0.00428541,0.147854,0.760056,0.0943918,0.0323013,-0.00452857,-1.02968,-0.290354,0.0743022,0.107187,-0.600338,-0.000239685,-0.92318,-0.158,-0.295771,-0.00997088,0.112436,-0.630514,0.251237,-1.06587,0.184047
35.54,-0.102743,0.000196009,-8.03514e-05,0.298189,-0.217551,-0.000939065,-0.101644,0.00196861,-0.000174095,0.298734,-0.21892,-0.00222283,0.000160703,7.54762e-06,0.00347675,0.00325971,-0.000743022,-0.00215716,0.0120561,-2.39685e-05,0.0462572,0.00789233,0.00279232,0.000203732,-0.0024328,0.0124756,-0.0119603,0.0537507,-0.00960272,-0.1,0,0,0.3,-0.2,0,-0.1,0,0,0.3,-0.2,0,0,0,0,0,0,0,0,0,0,0,0,0,0,0,0,0,0,5.64897,-0.791016,0.167791,5.71289,13.7138,0.619155,4.25071,-4.30664,0.391513,4.57031,15.1388,2.05408,-0.727095,-0.148858,-7.07881,-2.75,0.4375,0.1875,-2.5,-0.125,-0.927734,-0.126953,-2.0625,-0.3125,0.25,-2.3125,0.0625,-1.03516,0.224609,0.418252,-0.0359633,-0.1051,0.200777,0.703693,0.0403131,-0.051536,-0.173953,-0.0802978,0.386214,0.761675,0.102621,-0.0276409,0.0267185,-1.05412,-0.286087,0.0773702,0.0925182,-0.565991,0.000479369,-0.922199,-0.15392,-0.260825,-0.0142373,0.12164,-0.639119,0.260681,-1.07501,0.193036
35.6,-0.102729,0.000178964,-0.000133919,0.298197,-0.217547,-0.000931904,-0.101778,0.00198565,-0.00021427,0.298734,-0.218916,-0.00221568,0.00021427,-3.74074e-17,0.00348156,0.00325971,-0.000743022,-0.00216914,0.0120921,-1.19842e-05,0.0462495,0.00788466,0.00281629,0.000203732,-0.0024328,0.0124756,-0.0119483,0.053743,-0.00959505,-0.1,0,0,0.3,-0.2,0,-0.1,0,0,0.3,-0.2,0,0,0,0,0,0,0,0,0,0,0,0,0,0,0,0,0,0,4.13885,-0.703125,0.391513,5.53711,13.8021,0.671149,4.97781,-4.30664,0.447443,5.53711,15.0502,2.00162,-0.838956,-0.148858,-6.92323,-2.75,0.4375,0.1875,-2.5,-0.125,-0.947266,-0.117188,-2.0625,-0.25,0.3125,-2.3125,0.125,-1.03516,0.224609,0.26778,-0.0178964,-0.0328905,0.330398,0.718186,0.0483119,0.167556,-0.23129,-0.00428541,0.228044,0.753389,0.0886385,-0.0797086,0.0492707,-1.04262,-0.310631,0.086574,0.117661,-0.601536,0.0125115,-0.915173,-0.148858,-0.296969,0.047122,0.164591,-0.620711,0.228228,-1.07781,0.187974
35.64,-0.102769,0.000196009,-0.000120527,0.298206,-0.217543,-0.000939036,-0.101685,0.00198565,-0.000174095,0.298734,-0.218912,-0.00222286,0.000227662,1.50952e-05,0.00347194,0.00325971,-0.00076699,-0.00219311,0.0120681,-2.39685e-05,0.0462572,0.0079,0.00279232,0.000215716,-0.00242081,0.0124756,-0.0119363,0.053743,-0.00960272,-0.1,0,0,0.3,-0.2,0,-0.1,0,0,0.3,-0.2,0,0,0,0,0,0,0,0,0,0,0,0,0,0,0,0,0,0,4.47443,-0.703125,0.335582,5.27344,13.5364,0.724741,4.58629,-4.21875,0.894886,4.04297,14.9615,1.94917,-0.559304,-0.148858,-6.92323,-2.75,0.4375,0.1875,-2.5,-0.125,-0.947266,-0.117188,-2.0625,-0.25,0.25,-2.3125,0.125,-1.02539,0.214844,0.292368,-0.0523258,-0.00337476,0.285486,0.672638,0.0758888,0.0553318,-0.182203,0.0174095,0.255314,0.745096,0.0862088,-0.119724,-0.00452857,-1.03788,-0.316767,0.0859029,0.100452,-0.594202,-0.00719053,-0.922199,-0.170763,-0.273097,0.00910801,0.093429,-0.639119,0.244862,-1.07486,0.191073
35.7,-0.102756,0.000204531,-0.000107135,0.298223,-0.217547,-0.000931904,-0.101497,0.00198565,-0.000187487,0.29876,-0.218912,-0.00220855,0.000227662,1.50952e-05,0.00348156,0.00327169,-0.000743022,-0.00221708,0.0120561,1.19842e-05,0.0462802,0.0079,0.00279232,0.000215716,-0.00245677,0.0124756,-0.0119603,0.053743,-0.00959505,-0.1,0,0,0.3,-0.2,0,-0.1,0,0,0.3,-0.2,0,0,0,0,0,0,0,0,0,0,0,0,0,0,0,0,0,0,5.48118,-0.703125,0.671165,4.13086,13.7138,0.619155,2.85245,-4.13086,0.335582,4.30664,15.1388,2.05408,-1.39826,-0.248097,-6.76765,-2.75,0.4375,0.1875,-2.5,-0.125,-0.947266,-0.117188,-2.0625,-0.3125,0.3125,-2.25,0.0625,-1.03516,0.214844,0.419591,-0.0204531,-0.0252839,0.293838,0.693697,0.0235237,-0.0868365,-0.188748,-0.0532462,0.180579,0.754843,0.0910925,-0.0631562,-0.0103251,-1.03707,-0.317965,0.089642,0.0955143,-0.602807,-0.000239685,-0.949166,-0.159964,-0.279232,-0.00929976,0.147382,-0.623779,0.254545,-1.07584,0.183065
35.74,-0.102796,0.000178964,-0.000120527,0.298223,-0.217543,-0.000939036,-0.101604,0.00198565,-0.000241054,0.298717,-0.218912,-0.00222286,0.000200878,-3.74074e-17,0.00348156,0.00327169,-0.000743022,-0.00216914,0.0120681,-1.19842e-05,0.0462572,0.00790767,0.00280431,0.000167779,-0.00249272,0.0124876,-0.0119483,0.053743,-0.00960272,-0.1,0,0,0.3,-0.2,0,-0.1,0,0,0.3,-0.2,0,0,0,0,0,0,0,0,0,0,0,0,0,0,0,0,0,0,5.42525,-0.615234,0.615234,5.625,13.8021,0.671149,3.8592,-4.13086,0.615234,3.51562,15.0505,2.10641,-0.223722,-0.148858,-6.92323,-2.75,0.4375,0.1875,-2.5,-0.0625,-0.947266,-0.117188,-2.0625,-0.3125,0.25,-2.3125,0.0625,-1.03516,0.224609,0.428751,0.0311909,0.0326227,0.250204,0.708168,0.0266043,-0.106978,-0.185475,0.0549603,0.236055,0.745061,0.135617,0.109439,0.0434741,-1.03523,-0.333305,0.086574,0.102321,-0.575794,0.00790959,-0.932016,-0.171898,-0.292703,-0.0781371,0.13384,-0.648922,0.246635,-1.07486,0.188127
35.8,-0.102729,0.000196009,-0.000147311,0.298172,-0.217543,-0.000939036,-0.101644,0.00198565,-0.000187487,0.298777,-0.218916,-0.00221568,0.00028123,1.50952e-05,0.00348156,0.00327169,-0.000731038,-0.00221708,0.0120681,-1.19842e-05,0.0462572,0.0079,0.00281629,0.000215716,-0.0024328,0.0124756,-0.0119483,0.053743,-0.00960272,-0.1,0,0,0.3,-0.2,0,-0.1,0,0,0.3,-0.2,0,0,0,0,0,0,0,0,0,0,0,0,0,0,0,0,0,0,4.19478,-0.703125,0.559304,4.30664,13.7138,0.619155,5.20153,-4.13086,0.559304,3.16406,15.1388,2.05408,-1.00675,-0.198478,-6.84544,-2.75,0.4375,0.1875,-2.5,-0.125,-0.927734,-0.117188,-2.0625,-0.3125,0.25,-2.3125,0.125,-1.03516,0.224609,0.339775,3.40901e-05,-0.00583886,0.481491,0.682314,0.0594532,0.0821687,-0.172385,-0.0378187,0.0907559,0.766379,0.105063,-0.151221,0.00416626,-1.04632,-0.321033,0.0669679,0.123126,-0.603406,0.00484163,-0.921217,-0.158982,-0.281629,-0.0246396,0.0970962,-0.623779,0.260441,-1.07682,0.199908
35.84,-0.102702,0.000178964,-8.03514e-05,0.298197,-0.217551,-0.000939065,-0.101725,0.00197713,-0.000241054,0.298709,-0.21892,-0.00220852,0.000200878,-3.80877e-17,0.00349119,0.00327169,-0.000743022,-0.00218113,0.0120681,-2.39685e-05,0.0462572,0.0079,0.00279232,0.0002277,-0.00244478,0.0124636,-0.0119483,0.053743,-0.00959505,-0.1,0,0,0.3,-0.2,0,-0.1,0,0,0.3,-0.2,0,0,0,0,0,0,0,0,0,0,0,0,0,0,0,0,0,0,4.36257,-0.703125,0.447443,4.57031,13.5368,0.619955,5.25746,-4.21875,0.503374,3.7793,15.0502,2.00162,-1.00675,-0.347336,-6.76765,-2.75,0.4375,0.1875,-2.5,-0.125,-0.947266,-0.117188,-2.125,-0.3125,0.25,-2.25,0.125,-1.03516,0.224609,0.203392,-0.014624,0.05946,0.324944,0.685804,0.0375065,0.301046,-0.171533,0.0806728,0.226425,0.764933,0.0910577,0.00144633,-0.00579655,-1.04736,-0.305694,0.0835061,0.121328,-0.569658,0.00508131,-0.908454,-0.158982,-0.325252,-0.0718574,0.119171,-0.604772,0.249703,-1.07781,0.188956
35.9,-0.102689,0.000196009,-8.03514e-05,0.298172,-0.217539,-0.000931875,-0.101819,0.00198565,-0.00021427,0.298751,-0.218916,-0.00221568,0.000254446,1.50952e-05,0.00348156,0.00327169,-0.000743022,-0.0022051,0.0120801,1.19842e-05,0.0462572,0.00789233,0.00280431,0.0002277,-0.0024328,0.0124636,-0.0119243,0.0537353,-0.00958738,-0.1,0,0,0.3,-0.2,0,-0.1,0,0,0.3,-0.2,0,0,0,0,0,0,0,0,0,0,0,0,0,0,0,0,0,0,4.19478,-0.703125,0.559304,5.36133,13.7138,0.619155,5.36932,-4.13086,0.223722,3.95508,14.9619,2.05395,-1.11861,-0.198478,-6.84544,-2.75,0.4375,0.1875,-2.5,-0.125,-0.947266,-0.107422,-2.0625,-0.3125,0.3125,-2.3125,0.0625,-1.03516,0.224609,0.171198,-0.0130559,0.069745,0.268779,0.706261,0.00160827,0.47498,-0.198565,-0.101993,0.203675,0.75662,0.116076,-0.174041,-0.00742684,-1.04262,-0.327169,0.0773702,0.0918471,-0.610141,-0.00484163,-0.925144,-0.150974,-0.292703,-0.0135661,0.133912,-0.629316,0.230816,-1.06685,0.175058
35.94,-0.102689,0.00016192,-0.000133919,0.298214,-0.217547,-0.000931904,-0.101792,0.00198565,-0.000241054,0.298743,-0.218916,-0.00221568,0.000174095,1.50952e-05,0.00348156,0.00325971,-0.000731038,-0.00214518,0.0120681,1.19842e-05,0.0462572,0.0079,0.00279232,0.000215716,-0.00244478,0.0124756,-0.0119483,0.053743,-0.00961039,-0.1,0,0,0.3,-0.2,0,-0.1,0,0,0.3,-0.2,0,0,0,0,0,0,0,0,0,0,0,0,0,0,0,0,0,0,5.03374,-0.703125,0.335582,4.48242,13.8021,0.671149,3.74734,-4.30664,0.615234,4.21875,15.1388,2.05408,-0.223722,-0.0992388,-7.00102,-2.75,0.4375,0.3125,-2.5,-0.125,-0.947266,-0.126953,-2.125,-0.25,0.3125,-2.3125,0.125,-1.03516,0.224609,0.119773,0.00998792,-0.00203557,0.196941,0.709999,0.0345594,0.549439,-0.185475,0.0189629,0.09587,0.755005,0.102357,-0.0316584,0.0273525,-1.06111,-0.295291,0.0792397,0.153278,-0.618746,0.0166341,-0.920235,-0.166836,-0.294572,0.0275158,0.137579,-0.632983,0.242033,-1.07682,0.208898
36,-0.102716,0.000178964,-8.03514e-05,0.298189,-0.217547,-0.000946196,-0.101912,0.00198565,-0.000187487,0.298734,-0.218916,-0.00223001,0.000227662,-3.74074e-17,0.00348156,0.00327169,-0.000743022,-0.0022051,0.0120681,-3.59527e-05,0.0462649,0.0079,0.00280431,0.0002277,-0.00246875,0.0124636,-0.0119363,0.053743,-0.00959505,-0.1,0,0,0.3,-0.2,0,-0.1,0,0,0.3,-0.2,0,0,0,0,0,0,0,0,0,0,0,0,0,0,0,0,0,0,5.08967,-0.615234,0.167791,5.80078,13.7138,0.619155,3.63548,-4.21875,0.447443,4.57031,15.0505,2.10641,-0.950817,-0.248097,-6.92323,-2.75,0.4375,0.1875,-2.5,-0.125,-0.947266,-0.126953,-2.0625,-0.3125,0.25,-2.3125,0.0625,-1.03516,0.224609,0.0658846,-0.0342589,-0.0382473,0.24441,0.708438,0.0488499,0.592347,-0.19202,-0.130383,0.348035,0.741979,0.135914,-0.207146,0.0115931,-1.05556,-0.308762,0.0743022,0.101051,-0.603406,-0.00541687,-0.931188,-0.161927,-0.280431,-0.0197021,0.10503,-0.629316,0.243328,-1.07682,0.181102
36.04,-0.102743,0.00016192,-8.03514e-05,0.298206,-0.217547,-0.000946196,-0.101671,0.00198565,-0.000254446,0.298743,-0.218916,-0.00221568,0.000160703,7.54762e-06,0.00347675,0.00327169,-0.000731038,-0.00219311,0.0120561,-2.39685e-05,0.0462572,0.00789233,0.00280431,0.000215716,-0.00246875,0.0124636,-0.0119483,0.053743,-0.00961039,-0.1,0,0,0.3,-0.2,0,-0.1,0,0,0.3,-0.2,0,0,0,0,0,0,0,0,0,0,0,0,0,0,0,0,0,0,5.7049,-0.527344,0.167791,5.00977,13.8021,0.671149,2.90838,-4.21875,0.727095,3.95508,15.0502,2.00162,-0.279652,-0.198478,-6.84544,-2.75,0.4375,0.1875,-2.5,-0.125,-0.947266,-0.117188,-2.0625,-0.3125,0.3125,-2.3125,0.0625,-1.02539,0.214844,0.197125,-0.0129195,-0.00739233,0.181857,0.721414,0.043405,0.372826,-0.224745,0.0768695,0.177682,0.750135,0.0941395,0.0649239,0.00643054,-1.04118,-0.314898,0.0792397,0.100452,-0.605875,-0.00258859,-0.925144,-0.155883,-0.292703,-0.0123677,0.160253,-0.626248,0.255839,-1.07093,0.204971
36.1,-0.102743,0.00016192,-0.000120527,0.298189,-0.217547,-0.000931904,-0.101644,0.00198565,-0.000227662,0.298717,-0.218912,-0.00222286,0.000160703,7.54762e-06,0.00347675,0.00325971,-0.000743022,-0.00221708,0.0120681,1.19842e-05,0.0462649,0.00789233,0.00280431,0.0002277,-0.00245677,0.0124756,-0.0119483,0.053743,-0.00959505,-0.1,0,0,0.3,-0.2,0,-0.1,0,0,0.3,-0.2,0,0,0,0,0,0,0,0,0,0,0,0,0,0,0,0,0,0,5.87269,-0.615234,0.223722,4.6582,13.7134,0.723941,1.51012,-4.13086,0.335582,4.57031,15.0502,2.00162,0.223722,-0.0992388,-7.00102,-2.75,0.4375,0.1875,-2.5625,-0.0625,-0.947266,-0.117188,-2.0625,-0.3125,0.25,-2.3125,0.0625,-1.03516,0.224609,0.140557,-0.0194645,0.00691022,0.271681,0.708584,0.0812169,-0.0978184,-0.198565,-0.0440861,0.437859,0.762967,0.0943817,0.126634,0.0238202,-1.04118,-0.319835,0.0743022,0.104718,-0.603406,-0.000239685,-0.934133,-0.15392,-0.280431,-0.0381098,0.0982946,-0.623779,0.252771,-1.07584,0.188956
36.14,-0.102769,0.000178964,-0.000120527,0.298172,-0.217539,-0.000931875,-0.101765,0.00197713,-0.000254446,0.298751,-0.21892,-0.00222283,0.000187487,1.50952e-05,0.00348156,0.00327169,-0.000731038,-0.00219311,0.0120921,-2.39685e-05,0.0462495,0.00789233,0.00279232,0.000191748,-0.00245677,0.0124756,-0.0119483,0.053743,-0.00961039,-0.1,0,0,0.3,-0.2,0,-0.1,0,0,0.3,-0.2,0,0,0,0,0,0,0,0,0,0,0,0,0,0,0,0,0,0,6.20827,-0.703125,0.111861,5.71289,13.8021,0.671149,2.62873,-4.30664,0.671165,3.33984,15.0502,2.00162,0.111861,-0.198478,-6.84544,-2.75,0.4375,0.25,-2.5,-0.0625,-0.947266,-0.117188,-2.0625,-0.3125,0.1875,-2.3125,0.0625,-1.03516,0.224609,0.27694,-0.0309864,-0.0393722,0.306958,0.714548,0.0373199,0.166216,-0.204258,0.092297,0.209129,0.756809,0.0889132,0.0106064,-0.00163029,-1.04262,-0.345577,0.0731038,0.106588,-0.61074,0.00201335,-0.915173,-0.15392,-0.2823,-0.0283786,0.0952266,-0.629915,0.23283,-1.07682,0.206934
36.2,-0.102769,0.000187487,-0.000120527,0.298206,-0.217547,-0.000931904,-0.101618,0.00196861,-0.000267838,0.298717,-0.21892,-0.00222283,0.000174095,1.50952e-05,0.00348156,0.00327169,-0.000743022,-0.0022051,0.0120681,-2.39685e-05,0.0462495,0.00789233,0.00280431,0.0002277,-0.00240883,0.0124756,-0.0119363,0.053743,-0.00960272,-0.1,0,0,0.3,-0.2,0,-0.1,0,0,0.3,-0.2,0,0,0,0,0,0,0,0,0,0,0,0,0,0,0,0,0,0,6.32014,-0.615234,0.223722,5.625,13.8021,0.671149,2.01349,-4.30664,0.335582,4.13086,15.1388,2.05408,-0.447443,-0.148858,-6.92323,-2.75,0.4375,0.1875,-2.5,-0.125,-0.947266,-0.117188,-2.0625,-0.3125,0.25,-2.3125,0.0625,-1.03516,0.224609,0.230658,0.0728811,0.00691022,0.367299,0.706823,0.0510175,0.130915,-0.180498,-0.0400686,0.328776,0.761671,0.108111,0.00433898,0.0273525,-1.03523,-0.308762,0.086574,0.128663,-0.588066,-0.0286663,-0.912228,-0.154901,-0.280431,-0.0657215,0.102034,-0.629915,0.237192,-1.07486,0.190091
36.24,-0.10281,0.000196009,-0.000133919,0.298197,-0.217543,-0.000924744,-0.101644,0.00198565,-0.000227662,0.298726,-0.218916,-0.00221568,0.000254446,7.54762e-06,0.00348638,0.00328368,-0.000743022,-0.00221708,0.0120681,-2.39685e-05,0.0462572,0.00789233,0.00281629,0.000203732,-0.0024328,0.0124756,-0.0119363,0.053743,-0.00959505,-0.1,0,0,0.3,-0.2,0,-0.1,0,0,0.3,-0.2,0,0,0,0,0,0,0,0,0,0,0,0,0,0,0,0,0,0,5.20153,-0.615234,0.503374,6.06445,13.7138,0.619155,4.4185,-4.13086,0.503374,5.18555,15.0502,2.00162,-1.34233,-0.148858,-6.92323,-2.75,0.4375,0.1875,-2.5,-0.125,-0.947266,-0.117188,-2.125,-0.3125,0.3125,-2.375,0.0625,-1.03516,0.224609,0.409521,0.00985157,0.0236769,0.330398,0.69509,0.00951839,-0.0155386,-0.19202,-0.0183737,0.223868,0.751762,0.091389,-0.220323,0.0151254,-1.05701,-0.355979,0.0835061,0.110854,-0.609542,0.00354733,-0.924162,-0.154901,-0.309241,-0.032645,0.115504,-0.642187,0.260201,-1.07486,0.188956
36.3,-0.102769,0.000187487,-8.03514e-05,0.298172,-0.217547,-0.000931904,-0.101685,0.00198565,-0.000241054,0.298777,-0.218912,-0.00220855,0.000200878,-3.74074e-17,0.00348156,0.00325971,-0.000743022,-0.00216914,0.0121041,1.19842e-05,0.0462572,0.00789233,0.00279232,0.000215716,-0.00242081,0.0124756,-0.0119483,0.053743,-0.00961039,-0.1,0,0,0.3,-0.2,0,-0.1,0,0,0.3,-0.2,0,0,0,0,0,0,0,0,0,0,0,0,0,0,0,0,0,0,4.86594,-0.615234,0.223722,6.15234,13.8021,0.671149,4.4185,-4.21875,0.503374,4.13086,15.0505,2.10641,-0.111861,-0.148858,-6.92323,-2.75,0.4375,0.25,-2.5,-0.0625,-0.947266,-0.117188,-2.0625,-0.3125,0.25,-2.3125,0.125,-1.03516,0.224609,0.431215,-0.0220211,-0.0588172,0.372408,0.703572,0.0510062,0.00904945,-0.20511,0.0961002,0.259835,0.75482,0.124031,-0.0345511,0.0347793,-1.04817,-0.325971,0.09271,0.114593,-0.592932,0.00282828,-0.924162,-0.156865,-0.263893,-9.58741e-05,0.0995649,-0.632983,0.242033,-1.07682,0.195153
36.34,-0.102769,0.000196009,-8.03514e-05,0.298172,-0.217547,-0.000931904,-0.101752,0.00198565,-0.000174095,0.29876,-0.218912,-0.00222286,0.000227662,7.54762e-06,0.00348638,0.00327169,-0.000743022,-0.00218113,0.0120681,-3.59527e-05,0.0462572,0.00789233,0.00279232,0.000191748,-0.00244478,0.0124876,-0.0119483,0.0537507,-0.00959505,-0.1,0,0,0.3,-0.2,0,-0.1,0,0,0.3,-0.2,0,0,0,0,0,0,0,0,0,0,0,0,0,0,0,0,0,0,4.75408,-0.615234,-0.0559304,5.00977,13.7134,0.723941,4.75408,-4.30664,0.503374,3.7793,15.1388,2.05408,-0.950817,-0.148858,-6.92323,-2.75,0.4375,0.1875,-2.5,-0.125,-0.947266,-0.126953,-2.0625,-0.3125,0.25,-2.25,0.125,-1.03516,0.224609,0.405502,3.40901e-05,-0.0588172,0.301504,0.703548,0.0455165,0.154592,-0.20511,-0.00830298,0.153309,0.751589,0.0971659,-0.109439,0.0238202,-1.05146,-0.327169,0.0804381,0.112124,-0.588066,-0.000814927,-0.918272,-0.161774,-0.279232,-0.0283786,0.103831,-0.63665,0.242033,-1.08483,0.186992
36.4,-0.102729,0.000178964,-0.000107135,0.298214,-0.217543,-0.000924744,-0.101792,0.00197713,-0.000200878,0.298785,-0.218916,-0.00221568,0.000227662,1.50952e-05,0.00348156,0.00325971,-0.000743022,-0.00216914,0.0120681,-1.19842e-05,0.0462649,0.00789233,0.00279232,0.000203732,-0.0024328,0.0124756,-0.0119243,0.0537353,-0.00959505,-0.1,0,0,0.3,-0.2,0,-0.1,0,0,0.3,-0.2,0,0,0,0,0,0,0,0,0,0,0,0,0,0,0,0,0,0,4.36257,-0.703125,0.559304,4.21875,13.7138,0.619155,5.59304,-4.21875,0.559304,2.8125,15.0502,2.00162,-0.167791,-0.198478,-6.84544,-2.75,0.4375,0.1875,-2.5,-0.0625,-0.947266,-0.126953,-2.125,-0.3125,0.3125,-2.3125,0.125,-1.03516,0.224609,0.28835,-0.0440764,0.0569959,0.2733,0.701665,0.0260102,0.390022,-0.181351,0.00466038,0.0131192,0.753386,0.0941283,-0.0425862,-0.00163029,-1.03523,-0.298359,0.086574,0.0869815,-0.575794,0.00944357,-0.933151,-0.157847,-0.294572,-0.0203732,0.155387,-0.623779,0.238486,-1.06194,0.188956
36.46,-0.102729,0.000170442,-0.000107135,0.298172,-0.217551,-0.000939065,-0.101564,0.00196861,-0.000241054,0.298743,-0.218916,-0.00221568,0.000241054,2.26428e-05,0.00348638,0.00327169,-0.000731038,-0.00216914,0.0120801,-4.79369e-05,0.0462572,0.0079,0.00281629,0.0002277,-0.00242081,0.0124756,-0.0119603,0.053743,-0.00959505,-0.1,0,0,0.3,-0.2,0,-0.1,0,0,0.3,-0.2,0,0,0,0,0,0,0,0,0,0,0,0,0,0,0,0,0,0,4.75408,-0.615234,0.391513,6.15234,13.5364,0.724741,2.46094,-4.21875,0.727095,4.74609,14.9619,2.05395,-1.17454,-0.198478,-6.84544,-2.75,0.4375,0.1875,-2.5,-0.125,-0.947266,-0.117188,-2.0625,-0.3125,0.25,-2.3125,0.0625,-1.03516,0.214844,0.272923,-0.00395426,0.00557103,0.312413,0.694165,0.0896875,-0.157278,-0.170681,0.00353546,0.155866,0.753382,0.0996181,-0.149454,0.0308847,-1.05516,-0.336373,0.057764,0.105389,-0.610141,0.0101626,-0.922199,-0.162909,-0.281629,-0.0135661,0.124109,-0.626847,0.240739,-1.06897,0.187974
36.5,-0.102796,0.000213053,-0.000120527,0.298197,-0.217543,-0.000939036,-0.101685,0.00198565,-0.000174095,0.298734,-0.218912,-0.00222286,0.000187487,-7.54762e-06,0.00349601,0.00325971,-0.000731038,-0.00219311,0.0120681,-2.39685e-05,0.0462572,0.0079,0.00279232,0.000191748,-0.00242081,0.0124516,-0.0119722,0.053743,-0.00961039,-0.1,0,0,0.3,-0.2,0,-0.1,0,0,0.3,-0.2,0,0,0,0,0,0,0,0,0,0,0,0,0,0,0,0,0,0,6.09641,-0.703125,0.447443,4.92188,13.7138,0.619155,2.85245,-4.21875,0.447443,4.13086,14.9619,2.05395,-0.279652,-0.198478,-6.84544,-2.75,0.4375,0.1875,-2.5,-0.125,-0.947266,-0.117188,-2.0625,-0.3125,0.3125,-2.25,0.0625,-1.03516,0.224609,0.310474,0.00160216,0.0377651,0.232223,0.706679,0.0567925,0.147897,-0.195293,0.0431219,0.358943,0.740191,0.127399,0.0671737,0.0254505,-1.0562,-0.325971,0.0362882,0.082044,-0.609542,-0.0102585,-0.924162,-0.163891,-0.263893,0.0115049,0.145584,-0.594969,0.253251,-1.07584,0.201044
36.56,-0.102716,0.000178964,-8.03514e-05,0.298197,-0.217551,-0.000939065,-0.101778,0.00198565,-0.000200878,0.298768,-0.218912,-0.00220855,0.000200878,1.50952e-05,0.00348156,0.00325971,-0.000743022,-0.00221708,0.0120921,-3.59527e-05,0.0462572,0.00789233,0.00280431,0.000215716,-0.00245677,0.0124756,-0.0119363,0.0537353,-0.00959505,-0.1,0,0,0.3,-0.2,0,-0.1,0,0,0.3,-0.2,0,0,0,0,0,0,0,0,0,0,0,0,0,0,0,0,0,0,4.36257,-0.703125,0.223722,5.71289,13.7138,0.619155,5.48118,-4.21875,0.391513,4.39453,15.1388,2.05408,-0.615234,-0.0496194,-7.07881,-2.75,0.4375,0.1875,-2.5,-0.0625,-0.947266,-0.126953,-2.125,-0.3125,0.25,-2.3125,0.0625,-1.02539,0.224609,0.281869,-0.0277139,0.00289265,0.31949,0.690692,0.0402682,0.44525,-0.198565,0.0200878,0.184755,0.759721,0.0883308,0.0477287,0.0302507,-1.06665,-0.304495,0.0988459,0.10165,-0.619944,0.0237288,-0.92318,-0.160792,-0.298839,-0.0185036,0.104431,-0.657526,0.243328,-1.06194,0.199755
36.6,-0.102729,0.000213053,-0.000133919,0.298197,-0.217543,-0.000939036,-0.101738,0.00198565,-0.000254446,0.29876,-0.218912,-0.00222286,0.000241054,2.26428e-05,0.00348638,0.00327169,-0.000743022,-0.00221708,0.0120681,-2.39685e-05,0.0462572,0.00789233,0.00279232,0.000203732,-0.00240883,0.0124756,-0.0119483,0.0537353,-0.00959505,-0.1,0,0,0.3,-0.2,0,-0.1,0,0,0.3,-0.2,0,0,0,0,0,0,0,0,0,0,0,0,0,0,0,0,0,0,4.13885,-0.615234,0.391513,5.27344,13.7138,0.619155,4.47443,-4.21875,0.894886,4.21875,15.1388,2.05408,-0.335582,-0.148858,-6.76765,-2.75,0.4375,0.1875,-2.5,-0.125,-0.947266,-0.126953,-2.0625,-0.3125,0.3125,-2.25,0.125,-1.03516,0.224609,0.211213,-0.0114878,-0.0123205,0.248586,0.699931,0.00187223,0.194393,-0.195293,0.0357296,0.153309,0.751577,0.113635,-0.0517463,0.00480025,-1.05331,-0.342509,0.0743022,0.113922,-0.600338,0.00201335,-0.925144,-0.154901,-0.276164,-0.0203732,0.126577,-0.608439,0.242033,-1.06882,0.198773
36.66,-0.102729,0.000213053,-8.03514e-05,0.298163,-0.217547,-0.000931904,-0.101711,0.00197713,-0.000267838,0.298777,-0.218912,-0.00222286,0.000187487,7.54762e-06,0.00347675,0.00327169,-0.000731038,-0.00221708,0.0120801,1.19842e-05,0.0462572,0.00789233,0.00279232,0.000191748,-0.00242081,0.0124636,-0.0119483,0.053743,-0.00960272,-0.1,0,0,0.3,-0.2,0,-0.1,0,0,0.3,-0.2,0,0,0,0,0,0,0,0,0,0,0,0,0,0,0,0,0,0,4.69815,-0.878906,0.167791,4.57031,13.8021,0.671149,5.03374,-4.30664,0.950817,3.51562,15.1388,2.05408,0.0559304,-0.148858,-6.92323,-2.75,0.4375,0.1875,-2.5,-0.125,-0.947266,-0.126953,-2.0625,-0.3125,0.25,-2.25,0.0625,-1.03516,0.224609,0.226641,-0.0442127,-0.0433897,0.253695,0.710098,0.0565185,0.124862,-0.197713,0.103921,0.0634851,0.753204,0.110885,-0.00996357,0.0122271,-1.03378,-0.299558,0.0700358,0.104718,-0.597869,-0.0140455,-0.924162,-0.156865,-0.270029,0.0360485,0.102633,-0.604772,0.235897,-1.07584,0.201872
36.7,-0.102769,0.000187487,-0.000107135,0.298146,-0.217543,-0.000924744,-0.101671,0.00198565,-0.000174095,0.29876,-0.218912,-0.00222286,0.00021427,-7.54762e-06,0.00347675,0.00327169,-0.000743022,-0.00219311,0.0120681,-1.19842e-05,0.0462649,0.00789233,0.00281629,0.000191748,-0.00246875,0.0124636,-0.0119243,0.053743,-0.00959505,-0.1,0,0,0.3,-0.2,0,-0.1,0,0,0.3,-0.2,0,0,0,0,0,0,0,0,0,0,0,0,0,0,0,0,0,0,5.64897,-0.791016,0.279652,5.625,13.7138,0.619155,4.30664,-4.30664,0.671165,3.95508,14.9619,2.05395,-1.00675,-0.148858,-6.92323,-2.75,0.4375,0.1875,-2.5,-0.125,-0.947266,-0.117188,-2.125,-0.3125,0.1875,-2.3125,0.0625,-1.02539,0.224609,0.40036,-0.0645636,-0.0304264,0.403515,0.688738,0.0424346,0.0282798,-0.211655,-0.0597278,0.0442255,0.733694,0.121932,-0.172273,0.0428401,-1.02824,-0.333305,0.089642,0.085112,-0.58193,0.000239685,-0.932169,-0.156865,-0.306173,-0.0191748,0.126505,-0.62318,0.230816,-1.07682,0.187974
36.76,-0.102796,0.000178964,-0.000107135,0.298155,-0.217543,-0.000924744,-0.101671,0.00198565,-0.00021427,0.298717,-0.218916,-0.00221568,0.000200878,7.54762e-06,0.00347675,0.00327169,-0.000731038,-0.0022051,0.0120681,-1.19842e-05,0.0462495,0.00789233,0.00280431,0.000203732,-0.00245677,0.0124756,-0.0119603,0.053743,-0.00960272,-0.1,0,0,0.3,-0.2,0,-0.1,0,0,0.3,-0.2,0,0,0,0,0,0,0,0,0,0,0,0,0,0,0,0,0,0,5.1456,-0.966797,0.223722,5.36133,13.7138,0.619155,4.02699,-4.30664,0.503374,4.04297,15.0502,2.00162,-0.671165,-0.148858,-6.92323,-2.75,0.4375,0.1875,-2.5,-0.0625,-0.947266,-0.117188,-2.0625,-0.3125,0.25,-2.25,0.0625,-1.03516,0.224609,0.444178,-0.0277139,-0.0458539,0.391328,0.701715,0.0369898,-0.0128601,-0.208383,-0.00428541,0.296051,0.746881,0.0996405,-0.0602635,0.0383116,-1.04672,-0.327169,0.0915115,0.110255,-0.59727,0.0232494,-0.913209,-0.157847,-0.283499,-0.00503338,0.122838,-0.608439,0.225399,-1.07781,0.197945
36.8,-0.102783,0.000196009,-0.000107135,0.298223,-0.217543,-0.000939036,-0.101738,0.00197713,-0.000200878,0.298751,-0.218916,-0.00221568,0.00021427,1.50952e-05,0.00348156,0.00327169,-0.000743022,-0.00219311,0.0120921,-1.19842e-05,0.0462572,0.0079,0.00280431,0.000215716,-0.00248073,0.0124876,-0.0119603,0.053743,-0.00960272,-0.1,0,0,0.3,-0.2,0,-0.1,0,0,0.3,-0.2,0,0,0,0,0,0,0,0,0,0,0,0,0,0,0,0,0,0,4.86594,-0.527344,0.391513,5.71289,13.8021,0.671149,4.47443,-4.30664,0.615234,4.04297,15.0502,2.00162,-0.950817,-0.198478,-7.00102,-2.75,0.4375,0.1875,-2.5,-0.0625,-0.947266,-0.117188,-2.0625,-0.3125,0.3125,-2.3125,0.0625,-1.03516,0.224609,0.4017,-0.0294183,-0.00471395,0.190209,0.705067,0.0595318,0.091543,-0.204258,0.0355153,0.138225,0.753389,0.0886385,-0.172273,0.00126798,-1.05556,-0.327169,0.0773702,0.082044,-0.5954,0.00790959,-0.924162,-0.160945,-0.286567,-0.0246396,0.142444,-0.633582,0.251477,-1.07584,0.205799
36.86,-0.102796,0.000187487,-0.000133919,0.298189,-0.217547,-0.000931904,-0.101631,0.00197713,-0.00021427,0.298692,-0.218916,-0.00221568,0.000174095,1.50952e-05,0.00348156,0.00327169,-0.000731038,-0.0022051,0.0121041,1.19842e-05,0.0462649,0.00789233,0.00280431,0.0002277,-0.00240883,0.0124636,-0.0119363,0.0537353,-0.00960272,-0.1,0,0,0.3,-0.2,0,-0.1,0,0,0.3,-0.2,0,0,0,0,0,0,0,0,0,0,0,0,0,0,0,0,0,0,5.81676,-0.615234,0.391513,5.09766,13.6251,0.671948,2.62873,-4.30664,0.279652,5.80078,14.9619,2.05395,0.391513,-0.198478,-6.84544,-2.75,0.4375,0.1875,-2.5,-0.125,-0.947266,-0.126953,-2.0625,-0.3125,0.3125,-2.25,0.0625,-1.03516,0.214844,0.439036,0.0237937,-0.0226055,0.17896,0.674468,0.0838439,-0.0683024,-0.178078,-0.0402828,0.272615,0.741996,0.113382,0.0403364,0.00706453,-1.04817,-0.339441,0.0945795,0.0918471,-0.617475,-0.00484163,-0.936096,-0.163737,-0.274295,-0.0135661,0.120441,-0.60784,0.243328,-1.06783,0.195
36.9,-0.102756,0.00016192,-8.03514e-05,0.298172,-0.217543,-0.000939036,-0.101644,0.00196861,-0.000227662,0.298768,-0.21892,-0.00220852,0.000294622,-3.74074e-17,0.00348156,0.00325971,-0.000743022,-0.0022051,0.0120921,-1.19842e-05,0.0462725,0.00789233,0.00280431,0.000203732,-0.00240883,0.0124636,-0.0119363,0.0537353,-0.00959505,-0.1,0,0,0.3,-0.2,0,-0.1,0,0,0.3,-0.2,0,0,0,0,0,0,0,0,0,0,0,0,0,0,0,0,0,0,5.92862,-0.439453,0.167791,3.86719,13.7138,0.619155,2.23722,-4.04297,0.335582,4.04297,15.0502,2.00162,-1.17454,-0.347336,-6.61207,-2.75,0.4375,0.1875,-2.5,-0.125,-0.947266,-0.117188,-2.0625,-0.3125,0.25,-2.25,0.0625,-1.03516,0.224609,0.285886,0.0492578,-0.0331048,0.334229,0.704918,0.0265931,0.0873112,-0.154318,0.0176237,0.21748,0.761687,0.0855791,-0.108956,-0.0173897,-1.01489,-0.310631,0.0712342,0.116391,-0.61074,-0.0089642,-0.933305,-0.160792,-0.295771,-0.032645,0.120441,-0.604772,0.250998,-1.06685,0.186992
36.96,-0.102729,0.000196009,-6.69595e-05,0.298197,-0.217547,-0.000931904,-0.101711,0.00198565,-0.00021427,0.298751,-0.218916,-0.00221568,0.000200878,1.50952e-05,0.00348156,0.00327169,-0.000755006,-0.00215716,0.0120921,-1.19842e-05,0.0462572,0.00789233,0.00279232,0.000203732,-0.00242081,0.0124636,-0.0119603,0.0537353,-0.00961039,-0.1,0,0,0.3,-0.2,0,-0.1,0,0,0.3,-0.2,0,0,0,0,0,0,0,0,0,0,0,0,0,0,0,0,0,0,5.31339,-0.615234,0.167791,5.53711,13.8021,0.671149,2.79652,-4.30664,0.447443,4.13086,15.0505,2.10641,-0.894886,-0.0992388,-7.00102,-2.75,0.4375,0.1875,-2.5,-0.0625,-0.947266,-0.117188,-2.0625,-0.3125,0.25,-2.3125,0.125,-1.03516,0.224609,0.236926,-0.00978339,-0.0447289,0.341306,0.711735,0.059269,0.166002,-0.198565,0.0625669,0.236399,0.750116,0.121589,0.0374437,0.0244542,-1.05186,-0.324101,0.0755006,0.101722,-0.613808,0.00484163,-0.921217,-0.160792,-0.2823,-0.0203732,0.130245,-0.638519,0.246875,-1.07274,0.203989
37,-0.102676,0.000170442,-0.000107135,0.298206,-0.217547,-0.000931904,-0.101805,0.00198565,-0.000227662,0.298717,-0.21892,-0.00222283,0.000187487,7.54762e-06,0.00347675,0.00327169,-0.000743022,-0.00221708,0.0120801,-1.19842e-05,0.0462572,0.00789233,0.00281629,0.000215716,-0.00242081,0.0124756,-0.0119243,0.0537353,-0.00960272,-0.1,0,0,0.3,-0.2,0,-0.1,0,0,0.3,-0.2,0,0,0,0,0,0,0,0,0,0,0,0,0,0,0,0,0,0,4.69815,-0.527344,0.391513,5.27344,13.8021,0.671149,5.08967,-4.13086,1.06268,5.71289,15.0505,2.10641,-0.391513,-0.198478,-6.84544,-2.75,0.4375,0.1875,-2.5,-0.125,-0.947266,-0.117188,-2.0625,-0.3125,0.3125,-2.3125,0.125,-1.03516,0.224609,0.272708,-0.000681769,0.000428542,0.209128,0.703572,0.0510062,0.499353,-0.185475,0.0381937,0.356046,0.745411,0.119146,-0.0511035,0.000633991,-1.04487,-0.327169,0.0712342,0.104718,-0.582529,0.00944357,-0.924162,-0.158828,-0.290833,0.0213799,0.13638,-0.626847,0.235418,-1.06685,0.20089
37.06,-0.102729,0.000178964,-9.37433e-05,0.298155,-0.217551,-0.000939065,-0.101832,0.00198565,-0.000187487,0.29876,-0.218916,-0.00221568,0.000200878,7.54762e-06,0.00347675,0.00327169,-0.000743022,-0.00219311,0.0120561,-4.79369e-05,0.0462495,0.00789233,0.00280431,0.000215716,-0.00242081,0.0124636,-0.0119363,0.053743,-0.00960272,-0.1,0,0,0.3,-0.2,0,-0.1,0,0,0.3,-0.2,0,0,0,0,0,0,0,0,0,0,0,0,0,0,0,0,0,0,4.53036,-0.615234,0.447443,4.6582,13.6251,0.671948,4.25071,-4.30664,0.615234,4.21875,14.9619,2.05395,-0.167791,-0.0992388,-6.84544,-2.75,0.4375,0.1875,-2.5625,-0.125,-0.927734,-0.117188,-2.0625,-0.3125,0.3125,-2.375,0.125,-1.03516,0.224609,0.118648,-0.0342589,-0.0369081,0.331332,0.700468,0.0457917,0.435179,-0.237835,0.0496036,0.246029,0.750127,0.105119,-0.0602635,0.032515,-1.04672,-0.330237,0.0773702,0.112724,-0.602807,-0.00210922,-0.909283,-0.150974,-0.286567,-0.0399794,0.133313,-0.635451,0.226454,-1.07781,0.195
37.1,-0.102702,0.00016192,-0.000147311,0.298189,-0.217547,-0.000946196,-0.101618,0.00197713,-0.000187487,0.298768,-0.218916,-0.00221568,0.000200878,1.50952e-05,0.00348156,0.00327169,-0.000743022,-0.00219311,0.0120921,-4.79369e-05,0.0462572,0.0079,0.00280431,0.000191748,-0.00242081,0.0124636,-0.0119483,0.0537353,-0.00959505,-0.1,0,0,0.3,-0.2,0,-0.1,0,0,0.3,-0.2,0,0,0,0,0,0,0,0,0,0,0,0,0,0,0,0,0,0,5.59304,-0.527344,0.391513,4.48242,13.8908,0.618356,1.78977,-4.30664,0.671165,5.88867,15.0505,2.10641,0.223722,-0.0496194,-6.76765,-2.75,0.4375,0.1875,-2.5,-0.125,-0.947266,-0.117188,-2.0625,-0.3125,0.25,-2.25,0.125,-1.03516,0.214844,0.203392,0.0296229,-0.0212663,0.489847,0.729577,0.0516677,0.0846327,-0.191168,0.101028,0.222934,0.758255,0.102346,-0.075691,0.00996281,-1.03523,-0.333305,0.09271,0.0881799,-0.616876,-0.0113131,-0.925144,-0.170763,-0.31111,0.00536893,0.124109,-0.60784,0.237431,-1.06587,0.179138
37.16,-0.102743,0.000187487,-8.03514e-05,0.298231,-0.217551,-0.000939065,-0.101658,0.00196861,-0.000267838,0.298734,-0.218916,-0.00221568,0.000187487,7.54762e-06,0.00347675,0.00327169,-0.000731038,-0.0022051,0.0120801,-1.19842e-05,0.0462649,0.00789233,0.00280431,0.000215716,-0.00249272,0.0124636,-0.0119483,0.053743,-0.00960272,-0.1,0,0,0.3,-0.2,0,-0.1,0,0,0.3,-0.2,0,0,0,0,0,0,0,0,0,0,0,0,0,0,0,0,0,0,6.37607,-0.703125,0.335582,4.92188,13.8021,0.671149,2.85245,-4.21875,0.615234,4.83398,14.9619,2.05395,-0.671165,-0.198478,-6.84544,-2.75,0.4375,0.1875,-2.5,-0.0625,-0.947266,-0.117188,-2.0625,-0.3125,0.25,-2.3125,0.125,-1.03516,0.224609,0.294832,0.0172488,-0.0331048,0.0525763,0.718431,0.0650676,0.0372259,-0.154318,-0.0349261,0.0753274,0.746869,0.11611,0.0208913,-0.0109591,-1.03748,-0.333305,0.054696,0.119459,-0.597869,0.00330765,-0.935115,-0.15981,-0.295771,-0.0307755,0.10316,-0.626248,0.248169,-1.08075,0.197945
37.2,-0.10281,0.000187487,-8.03514e-05,0.298172,-0.217543,-0.000939036,-0.101644,0.00197713,-0.000227662,0.298785,-0.218912,-0.00222286,0.000174095,7.54762e-06,0.00348638,0.00325971,-0.000743022,-0.00221708,0.0120921,0,0.0462495,0.0079,0.00281629,0.000215716,-0.00248073,0.0124636,-0.0119483,0.053743,-0.00959505,-0.1,0,0,0.3,-0.2,0,-0.1,0,0,0.3,-0.2,0,0,0,0,0,0,0,0,0,0,0,0,0,0,0,0,0,0,6.09641,-0.615234,-0.0559304,4.92188,13.8021,0.671149,3.02024,-4.21875,0.559304,2.90039,15.0505,2.10641,0.0559304,-0.148858,-6.92323,-2.75,0.4375,0.1875,-2.5,-0.125,-0.947266,-0.117188,-2.125,-0.3125,0.25,-2.3125,0.125,-1.02539,0.214844,0.301528,0.0270662,-0.0279623,0.2306,0.713081,0.0348558,0.205588,-0.187896,-0.0492286,-0.030514,0.762943,0.127321,0.0197664,0.00932882,-1.0607,-0.304495,0.0773702,0.113922,-0.5954,-0.0107379,-0.914191,-0.164872,-0.309241,-0.0215716,0.108697,-0.62318,0.237431,-1.07388,0.18012
37.26,-0.102729,0.00016192,-0.000133919,0.29818,-0.217539,-0.000931875,-0.101765,0.00198565,-0.000254446,0.298743,-0.218912,-0.00222286,0.000227662,7.54762e-06,0.00347675,0.00325971,-0.000743022,-0.00216914,0.0120801,0,0.0462572,0.00789233,0.00280431,0.000203732,-0.00245677,0.0124636,-0.0119483,0.053743,-0.00961039,-0.1,0,0,0.3,-0.2,0,-0.1,0,0,0.3,-0.2,0,0,0,0,0,0,0,0,0,0,0,0,0,0,0,0,0,0,5.08967,-0.527344,0.111861,6.24023,13.7138,0.619155,3.07617,-4.04297,0.503374,5.09766,15.1388,2.05408,-0.671165,-0.148858,-6.76765,-2.75,0.4375,0.1875,-2.5,-0.0625,-0.947266,-0.117188,-2.0625,-0.3125,0.25,-2.25,0.0625,-1.03516,0.214844,0.139218,0.0132604,0.0339618,0.403859,0.701497,0.0262954,0.330776,-0.162568,-0.0259803,0.29222,0.777572,0.124525,-0.0168738,0.0122271,-1.03748,-0.347447,0.086574,0.114593,-0.594801,-0.00153398,-0.926126,-0.149993,-0.277363,0.0287142,0.0952266,-0.589432,0.23283,-1.07584,0.19319
37.3,-0.102769,0.000178964,-0.000107135,0.298197,-0.217543,-0.000924744,-0.101631,0.00196861,-0.000254446,0.298751,-0.218912,-0.00220855,0.000187487,7.54762e-06,0.00347675,0.00325971,-0.00076699,-0.00216914,0.0120681,-2.39685e-05,0.0462802,0.00789233,0.00280431,0.000203732,-0.0024328,0.0124876,-0.0119603,0.0537277,-0.00960272,-0.1,0,0,0.3,-0.2,0,-0.1,0,0,0.3,-0.2,0,0,0,0,0,0,0,0,0,0,0,0,0,0,0,0,0,0,4.97781,-0.615234,0.671165,5.80078,13.7138,0.619155,3.69141,-4.21875,0.335582,5.00977,15.1388,2.05408,-0.838956,-0.248097,-6.76765,-2.6875,0.4375,0.25,-2.5,-0.0625,-0.947266,-0.117188,-2.0625,-0.3125,0.25,-2.3125,0.125,-1.03516,0.224609,0.292368,0.0344634,0.0312835,0.297673,0.695165,0.0259877,-0.011735,-0.167408,-0.0105528,0.110954,0.759713,0.0993104,-0.0973859,0.00932882,-1.03933,-0.289155,0.104311,0.105389,-0.58193,0.0112172,-0.943276,-0.157847,-0.289635,-0.0111693,0.112436,-0.65199,0.257613,-1.0667,0.196963
37.36,-0.102796,0.000196009,-0.000120527,0.298223,-0.217543,-0.000939036,-0.101805,0.00196861,-0.00021427,0.298717,-0.218916,-0.00221568,0.000174095,7.54762e-06,0.00347675,0.00327169,-0.000743022,-0.00219311,0.0120681,-2.39685e-05,0.0462495,0.00789233,0.00279232,0.000203732,-0.00242081,0.0124636,-0.0119483,0.053743,-0.00959505,-0.1,0,0,0.3,-0.2,0,-0.1,0,0,0.3,-0.2,0,0,0,0,0,0,0,0,0,0,0,0,0,0,0,0,0,0,5.42525,-0.703125,0.167791,3.86719,13.7138,0.619155,5.08967,-4.13086,0.671165,5.80078,15.0505,2.10641,0,-0.0496194,-6.76765,-2.75,0.4375,0.1875,-2.5,-0.125,-0.927734,-0.117188,-2.0625,-0.3125,0.3125,-2.3125,0.125,-1.03516,0.224609,0.485318,-0.0326908,0.00691022,0.146575,0.682364,0.0704328,0.237086,-0.173953,0.108849,0.176059,0.764736,0.129773,0.117474,0.0296168,-1.02269,-0.327169,0.086574,0.0912479,-0.603406,0.00968325,-0.913209,-0.158828,-0.279232,0.0133744,0.15172,-0.632384,0.248169,-1.06995,0.188956
37.4,-0.102783,0.000204531,-0.000120527,0.298206,-0.217547,-0.000931904,-0.101765,0.00197713,-0.000227662,0.298768,-0.218916,-0.00220139,0.000254446,-3.74074e-17,0.00348156,0.00327169,-0.000743022,-0.00216914,0.0120681,0,0.0462649,0.00789233,0.00279232,0.000215716,-0.00246875,0.0124636,-0.0119363,0.053743,-0.00960272,-0.1,0,0,0.3,-0.2,0,-0.1,0,0,0.3,-0.2,0,0,0,0,0,0,0,0,0,0,0,0,0,0,0,0,0,0,5.03374,-0.791016,0.223722,5.44922,13.8021,0.671149,5.7049,-4.21875,0.615234,3.42773,15.0505,2.10641,-1.00675,-0.248097,-6.92323,-2.75,0.4375,0.25,-2.5,-0.0625,-0.947266,-0.117188,-2.0625,-0.3125,0.25,-2.3125,0.0625,-1.03516,0.224609,0.494264,-0.0629955,-0.0188022,0.290941,0.713274,0.0400604,0.243354,-0.164988,0.0124812,0.168393,0.764745,0.118221,-0.158614,0.00289828,-1.04632,-0.324101,0.0743022,0.123797,-0.591134,0,-0.936096,-0.15981,-0.29764,-0.0154357,0.114234,-0.62318,0.246396,-1.07879,0.182237
37.46,-0.102796,0.000204531,-8.03514e-05,0.29818,-0.217543,-0.000924744,-0.101778,0.00197713,-0.00021427,0.298811,-0.218916,-0.00221568,0.000200878,7.54762e-06,0.00347675,0.00327169,-0.000743022,-0.00215716,0.0120681,-2.39685e-05,0.0462572,0.00789233,0.00279232,0.000191748,-0.00245677,0.0124756,-0.0119483,0.053743,-0.00959505,-0.1,0,0,0.3,-0.2,0,-0.1,0,0,0.3,-0.2,0,0,0,0,0,0,0,0,0,0,0,0,0,0,0,0,0,0,5.1456,-0.703125,0.447443,4.13086,13.7138,0.619155,5.31339,-4.30664,0.279652,2.63672,15.0502,2.00162,-0.559304,-0.198478,-6.84544,-2.75,0.4375,0.1875,-2.5,-0.0625,-0.927734,-0.117188,-2.0625,-0.3125,0.1875,-2.3125,0.0625,-1.02539,0.224609,0.418466,0.0220893,-0.0691022,0.218418,0.695288,0.0534366,0.254978,-0.207531,-0.0505678,-0.0398037,0.764775,0.0748746,-0.106546,0.00353227,-1.04672,-0.324101,0.0773702,0.107858,-0.591134,0.0127512,-0.914345,-0.158828,-0.285368,-0.0191748,0.0553432,-0.632983,0.257373,-1.07486,0.191901
37.5,-0.102743,0.000204531,-0.000120527,0.298172,-0.217543,-0.000924744,-0.101819,0.00198565,-0.000227662,0.298726,-0.218916,-0.00221568,0.000200878,7.54762e-06,0.00347675,0.00328368,-0.00076699,-0.00219311,0.0120681,1.19842e-05,0.0462649,0.00789233,0.00280431,0.000215716,-0.00245677,0.0124876,-0.0119603,0.053743,-0.00959505,-0.1,0,0,0.3,-0.2,0,-0.1,0,0,0.3,-0.2,0,0,0,0,0,0,0,0,0,0,0,0,0,0,0,0,0,0,4.36257,-0.791016,0.671165,5.00977,13.7134,0.723941,5.1456,-4.21875,0.615234,5.53711,15.0502,2.00162,-0.559304,-0.0992388,-7.00102,-2.75,0.4375,0.1875,-2.5,-0.125,-0.947266,-0.126953,-2.0625,-0.3125,0.3125,-2.3125,0.0625,-1.03516,0.224609,0.305117,-0.0499055,-0.0188022,0.312413,0.700152,0.0507086,0.228141,-0.214928,0.0433362,0.21296,0.751751,0.107858,-0.0911185,0.0209219,-1.04672,-0.306892,0.079767,0.0759081,-0.588066,-0.00637561,-0.933151,-0.155883,-0.277363,-0.0583871,0.122838,-0.661194,0.248409,-1.07682,0.186992
37.56,-0.102756,0.000204531,-0.000147311,0.298189,-0.217539,-0.000931875,-0.101778,0.00198565,-0.000174095,0.29876,-0.218912,-0.00222286,0.000200878,7.54762e-06,0.00347675,0.00328368,-0.000743022,-0.00219311,0.0120681,-4.79369e-05,0.0462572,0.00788466,0.00280431,0.000203732,-0.00249272,0.0124636,-0.0119363,0.053743,-0.00959505,-0.1,0,0,0.3,-0.2,0,-0.1,0,0,0.3,-0.2,0,0,0,0,0,0,0,0,0,0,0,0,0,0,0,0,0,0,4.08292,-0.791016,0.335582,5.00977,13.7138,0.619155,6.09641,-4.30664,0.167791,4.21875,15.1388,2.05408,-0.615234,-0.297716,-7.00102,-2.75,0.4375,0.1875,-2.5,-0.125,-0.947266,-0.117188,-2.0625,-0.3125,0.25,-2.375,0.125,-1.03516,0.214844,0.378451,-0.0269981,-0.0418363,0.266227,0.698197,0.0153047,0.306403,-0.224745,0.0328369,0.175125,0.746699,0.116397,-0.0602635,-0.00516256,-1.04487,-0.349844,0.089642,0.0881799,-0.600338,-0.0036432,-0.920235,-0.153766,-0.286567,0.00110255,0.0878204,-0.656927,0.229522,-1.07781,0.186992
37.6,-0.102702,0.000221575,-0.000133919,0.298223,-0.217547,-0.000931904,-0.101765,0.00198565,-0.000241054,0.298717,-0.218916,-0.00221568,0.000227662,7.54762e-06,0.00347675,0.00327169,-0.000731038,-0.00219311,0.0120561,0,0.0462572,0.00789233,0.00280431,0.000191748,-0.00248073,0.0124756,-0.0119483,0.0537353,-0.00959505,-0.1,0,0,0.3,-0.2,0,-0.1,0,0,0.3,-0.2,0,0,0,0,0,0,0,0,0,0,0,0,0,0,0,0,0,0,4.30664,-0.878906,0.894886,5.18555,13.8021,0.671149,5.76083,-4.13086,0.671165,4.6582,15.0502,2.00162,-1.34233,-0.198478,-6.84544,-2.75,0.4375,0.3125,-2.5,-0.0625,-0.927734,-0.117188,-2.0625,-0.3125,0.3125,-2.3125,0.0625,-1.03516,0.214844,0.172537,-0.0516099,0.0288194,0.212025,0.706773,0.0400379,0.459338,-0.188748,-0.011892,0.263326,0.761521,0.0803757,-0.140294,0.0267185,-1.04303,-0.348645,0.0669679,0.149539,-0.602807,0.00153398,-0.921217,-0.164719,-0.283499,-0.0253107,0.111765,-0.623779,0.257373,-1.06882,0.186992
37.66,-0.102743,0.000170442,-0.000107135,0.298172,-0.217547,-0.000931904,-0.101792,0.00198565,-0.000241054,0.298709,-0.21892,-0.00220852,0.000267838,7.54762e-06,0.00348638,0.00325971,-0.000731038,-0.00215716,0.0120681,-3.59527e-05,0.0462495,0.00788466,0.00281629,0.000191748,-0.00244478,0.0124636,-0.0119603,0.053743,-0.00961806,-0.1,0,0,0.3,-0.2,0,-0.1,0,0,0.3,-0.2,0,0,0,0,0,0,0,0,0,0,0,0,0,0,0,0,0,0,4.30664,-0.615234,0.223722,4.92188,13.8021,0.671149,4.97781,-4.21875,0.894886,4.21875,15.1388,2.05408,-1.00675,-0.248097,-6.76765,-2.75,0.4375,0.25,-2.5,-0.125,-0.947266,-0.117188,-2.0625,-0.3125,0.25,-2.25,0.0625,-1.03516,0.224609,0.253692,0.0254982,0.0209985,0.328775,0.701984,0.0592353,0.215177,-0.195293,0.0446754,0.280967,0.761679,0.0965587,-0.219199,0.00643054,-1.05146,-0.319835,0.0608319,0.123198,-0.603406,-0.00234891,-0.915173,-0.157693,-0.290833,-0.00690291,0.0976954,-0.613976,0.257613,-1.07682,0.210033
37.7,-0.102743,0.000187487,-8.03514e-05,0.298231,-0.217547,-0.000931904,-0.101819,0.00198565,-0.000187487,0.298751,-0.218916,-0.00221568,0.000160703,7.54762e-06,0.00347675,0.00327169,-0.000743022,-0.00221708,0.0120801,0,0.0462649,0.00788466,0.00279232,0.000215716,-0.00245677,0.0124876,-0.0119483,0.053743,-0.00959505,-0.1,0,0,0.3,-0.2,0,-0.1,0,0,0.3,-0.2,0,0,0,0,0,0,0,0,0,0,0,0,0,0,0,0,0,0,4.47443,-0.439453,0.447443,5.09766,13.7138,0.619155,5.53711,-4.21875,0.615234,4.74609,14.9619,2.05395,0,-0.148858,-6.92323,-2.6875,0.4375,0.1875,-2.5,-0.125,-0.947266,-0.117188,-2.0625,-0.3125,0.3125,-2.3125,0.0625,-1.03516,0.224609,0.233122,0.0630637,0.0388901,0.210747,0.692085,0.0262629,0.531547,-0.201838,-0.0995286,0.241854,0.738745,0.113393,0.0186415,0.0180236,-1.04487,-0.330237,0.0743022,0.104718,-0.604005,0.00306796,-0.933151,-0.149839,-0.276164,-0.0062318,0.138178,-0.65199,0.235897,-1.07584,0.192883
37.76,-0.102676,0.000178964,-0.000107135,0.298163,-0.217547,-0.000931904,-0.101778,0.00198565,-0.000227662,0.298743,-0.21892,-0.00220852,0.000187487,1.50952e-05,0.00348156,0.00327169,-0.000731038,-0.00215716,0.0120921,-2.39685e-05,0.0462572,0.00788466,0.00279232,0.000215716,-0.00245677,0.0124756,-0.0119363,0.0537353,-0.00958738,-0.1,0,0,0.3,-0.2,0,-0.1,0,0,0.3,-0.2,0,0,0,0,0,0,0,0,0,0,0,0,0,0,0,0,0,0,5.31339,-0.791016,0.279652,5.80078,13.8021,0.671149,3.74734,-4.21875,0.671165,4.04297,15.0505,2.10641,-0.223722,-0.248097,-6.92323,-2.75,0.4375,0.25,-2.5,-0.0625,-0.947266,-0.126953,-2.0625,-0.3125,0.3125,-2.3125,0.0625,-1.03516,0.224609,0.0875789,-0.0768013,-0.0767088,0.35187,0.706823,0.0510175,0.440108,-0.228018,0.0176237,0.16132,0.740542,0.110356,0.00546389,-0.00742684,-1.05371,-0.317965,0.0638999,0.0894503,-0.613808,0.00201335,-0.925144,-0.154748,-0.257757,-0.0491833,0.125906,-0.626847,0.252532,-1.06882,0.187821
37.8,-0.102702,0.000170442,-8.03514e-05,0.29818,-0.217543,-0.000939036,-0.101738,0.00197713,-0.00021427,0.298777,-0.218916,-0.00221568,0.00021427,1.50952e-05,0.00348156,0.00327169,-0.000743022,-0.00221708,0.0120801,-2.39685e-05,0.0462649,0.00789233,0.00279232,0.000203732,-0.00245677,0.0124636,-0.0119603,0.053743,-0.00961039,-0.1,0,0,0.3,-0.2,0,-0.1,0,0,0.3,-0.2,0,0,0,0,0,0,0,0,0,0,0,0,0,0,0,0,0,0,5.20153,-0.615234,-0.279652,5.18555,13.7138,0.619155,4.13885,-4.13086,0.279652,3.7793,15.0505,2.10641,-0.335582,-0.198478,-6.68986,-2.75,0.4375,0.1875,-2.5625,-0.0625,-0.947266,-0.126953,-2.0625,-0.3125,0.3125,-2.3125,0.0625,-1.03516,0.195312,0.15711,-0.00395426,-0.0176773,0.332955,0.706605,0.0403232,0.379522,-0.158443,0.021427,0.0198519,0.761513,0.0913553,-0.0539961,-0.0219182,-1.02228,-0.336373,0.0743022,0.123126,-0.628549,0.0112172,-0.933151,-0.173555,-0.276164,0.00723847,0.138178,-0.635451,0.236137,-1.07781,0.200062
37.86,-0.102729,0.000187487,-0.000133919,0.298214,-0.217543,-0.000924744,-0.101778,0.00198565,-0.000254446,0.298743,-0.218912,-0.00222286,0.00021427,7.54762e-06,0.00347675,0.00328368,-0.000743022,-0.00221708,0.0120561,-3.59527e-05,0.0462572,0.00788466,0.00280431,0.000239685,-0.00246875,0.0124636,-0.0119483,0.053743,-0.00960272,-0.1,0,0,0.3,-0.2,0,-0.1,0,0,0.3,-0.2,0,0,0,0,0,0,0,0,0,0,0,0,0,0,0,0,0,0,5.76083,-0.878906,0.447443,4.39453,13.7138,0.619155,3.63548,-4.30664,0.447443,5.27344,14.9615,1.94917,-0.167791,-0.248097,-6.76765,-2.75,0.4375,0.1875,-2.5625,-0.0625,-0.947266,-0.117188,-2.0625,-0.3125,0.1875,-2.3125,0.0625,-1.03516,0.224609,0.190643,-0.100561,-0.0123205,0.20785,0.696728,0.0122689,0.337258,-0.20511,0.051157,0.363124,0.75647,0.0889144,-0.131133,-0.0167557,-1.02639,-0.319164,0.0743022,0.110854,-0.621214,0.00378702,-0.925144,-0.157693,-0.274295,-0.0485121,0.10503,-0.62318,0.234364,-1.07977,0.202854
37.92,-0.102716,0.000178964,-8.03514e-05,0.298172,-0.217547,-0.000931904,-0.101792,0.00198565,-0.00021427,0.298743,-0.218912,-0.00222286,0.000200878,-3.74074e-17,0.00348156,0.00327169,-0.000743022,-0.0022051,0.0120681,0,0.0462495,0.00789233,0.00280431,0.000215716,-0.00245677,0.0124756,-0.0119483,0.053743,-0.00960272,-0.1,0,0,0.3,-0.2,0,-0.1,0,0,0.3,-0.2,0,0,0,0,0,0,0,0,0,0,0,0,0,0,0,0,0,0,4.92188,-0.966797,0.335582,5.71289,13.8021,0.671149,4.4185,-4.21875,0.111861,5.53711,15.0502,2.00162,-0.167791,-0.347336,-6.76765,-2.75,0.4375,0.1875,-2.5,-0.125,-0.947266,-0.126953,-2.0625,-0.3125,0.25,-2.3125,0.125,-1.03516,0.224609,0.179019,-0.0768013,-0.0125348,0.377862,0.69866,0.0427547,0.431162,-0.182203,0.021427,0.232224,0.753212,0.0999052,-0.0345511,-0.0144914,-1.02783,-0.317965,0.0620303,0.0949151,-0.591134,0,-0.915173,-0.165701,-0.295771,-0.0399794,0.110566,-0.645255,0.238965,-1.07682,0.195
37.96,-0.102743,0.000178964,-0.000120527,0.298138,-0.217547,-0.000931904,-0.101765,0.00198565,-0.000241054,0.29876,-0.218912,-0.00222286,0.000160703,-3.67271e-17,0.00347194,0.00325971,-0.000731038,-0.00221708,0.0120681,-2.39685e-05,0.0462649,0.00788466,0.00280431,0.0002277,-0.0025047,0.0124756,-0.0119123,0.053743,-0.00959505,-0.1,0,0,0.3,-0.2,0,-0.1,0,0,0.3,-0.2,0,0,0,0,0,0,0,0,0,0,0,0,0,0,0,0,0,0,4.81001,-0.791016,0.615234,6.5918,13.8021,0.671149,5.03374,-4.13086,0.335582,4.6582,15.1388,2.05408,-0.111861,-0.248097,-6.92323,-2.75,0.4375,0.1875,-2.5,-0.125,-0.927734,-0.117188,-2.0625,-0.3125,0.1875,-2.25,0.0625,-1.03516,0.224609,0.269119,0.024646,0.0326227,0.453881,0.701935,0.0482557,0.191929,-0.188748,0.0652453,0.218758,0.758074,0.119103,0.111206,0.0173897,-1.06007,-0.298359,0.0669679,0.0955143,-0.594202,-0.00565655,-0.928243,-0.15573,-0.283499,-0.02277,0.100691,-0.605371,0.252052,-1.07584,0.184047
38.02,-0.102729,0.000178964,-0.000120527,0.298155,-0.217547,-0.000931904,-0.101725,0.00198565,-0.000227662,0.298751,-0.21892,-0.00220852,0.000187487,7.54762e-06,0.00349601,0.00328368,-0.000743022,-0.00221708,0.0120681,-1.19842e-05,0.0462572,0.00788466,0.00280431,0.000215716,-0.00242081,0.0124636,-0.0119483,0.0537353,-0.00960272,-0.1,0,0,0.3,-0.2,0,-0.1,0,0,0.3,-0.2,0,0,0,0,0,0,0,0,0,0,0,0,0,0,0,0,0,0,4.81001,-0.527344,0.167791,5.53711,13.8021,0.671149,3.97106,-4.21875,0.447443,3.86719,15.1388,2.05408,-0.727095,-0.148858,-6.76765,-2.6875,0.4375,0.1875,-2.5,-0.0625,-0.947266,-0.117188,-2.0625,-0.3125,0.3125,-2.3125,0.125,-1.03516,0.224609,0.113506,-0.00480647,0.0634776,0.31497,0.721437,0.0483231,0.496461,-0.172385,-0.0800835,0.187312,0.761671,0.107538,-0.0665309,0.00932882,-1.05989,-0.319164,0.0743022,0.0893783,-0.606474,-0.00589624,-0.920235,-0.157693,-0.298839,-0.0185036,0.105701,-0.647723,0.255839,-1.06587,0.199908
38.06,-0.102702,0.000196009,-0.000147311,0.298172,-0.217547,-0.000931904,-0.101792,0.00198565,-0.00021427,0.298743,-0.218916,-0.00221568,0.000200878,-3.74074e-17,0.00348156,0.00325971,-0.000743022,-0.00221708,0.0120801,-1.19842e-05,0.0462572,0.00789233,0.00280431,0.000191748,-0.00248073,0.0124636,-0.0119363,0.053743,-0.00960272,-0.1,0,0,0.3,-0.2,0,-0.1,0,0,0.3,-0.2,0,0,0,0,0,0,0,0,0,0,0,0,0,0,0,0,0,0,4.30664,-0.439453,0.615234,5.36133,13.8021,0.671149,3.97106,-4.30664,0.335582,4.13086,15.0502,2.00162,-0.727095,-0.148858,-6.92323,-2.75,0.4375,0.1875,-2.5,-0.0625,-0.947266,-0.117188,-2.125,-0.3125,0.25,-2.3125,0.0625,-1.03516,0.214844,0.100542,-0.00651089,0.0404435,0.148788,0.706748,0.0345481,0.451732,-0.20511,-0.0299978,0.221316,0.753393,0.0831486,-0.0602635,0.0434741,-1.05371,-0.319835,0.0743022,0.110854,-0.604005,0.0155795,-0.922199,-0.166682,-0.304975,0.00536893,0.117901,-0.650791,0.24026,-1.06897,0.186164
38.12,-0.102756,0.000187487,-0.000133919,0.298163,-0.217556,-0.000946226,-0.101765,0.00198565,-0.000187487,0.298734,-0.218912,-0.00222286,0.000187487,7.54762e-06,0.00347675,0.00327169,-0.000731038,-0.00221708,0.0120921,-2.39685e-05,0.0462572,0.00787699,0.00279232,0.000215716,-0.00244478,0.0124636,-0.0119483,0.053743,-0.00959505,-0.1,0,0,0.3,-0.2,0,-0.1,0,0,0.3,-0.2,0,0,0,0,0,0,0,0,0,0,0,0,0,0,0,0,0,0,4.64222,-0.351562,0.615234,5.80078,13.7138,0.619155,5.31339,-4.13086,0.559304,4.21875,15.1388,2.05408,-0.391513,-0.248097,-6.92323,-2.6875,0.4375,0.1875,-2.5625,-0.125,-0.947266,-0.117188,-2.0625,-0.3125,0.25,-2.3125,0.125,-1.02539,0.224609,0.291029,0.0107038,-0.017463,0.406412,0.700638,0.0460781,0.320491,-0.20511,0.0598886,0.260769,0.762955,0.110851,-0.0408185,0.000633991,-1.04118,-0.299558,0.0608319,0.10165,-0.638352,0.00201335,-0.925144,-0.151649,-0.279232,-0.0154357,0.109967,-0.626248,0.242033,-1.07388,0.190919
38.16,-0.102756,0.000204531,-6.69595e-05,0.298197,-0.217551,-0.000939065,-0.101792,0.00196009,-0.000200878,0.298785,-0.218916,-0.00223001,0.000200878,1.50952e-05,0.00348156,0.00328368,-0.000743022,-0.0022051,0.0120921,-1.19842e-05,0.0462649,0.00788466,0.00280431,0.000203732,-0.00246875,0.0124636,-0.0119363,0.0537353,-0.00958738,-0.1,0,0,0.3,-0.2,0,-0.1,0,0,0.3,-0.2,0,0,0,0,0,0,0,0,0,0,0,0,0,0,0,0,0,0,4.53036,-0.703125,0.559304,5.53711,13.7138,0.619155,4.4185,-4.13086,0.279652,3.60352,15.0502,2.00162,-0.559304,-0.198478,-6.84544,-2.75,0.4375,0.1875,-2.5,-0.0625,-0.947266,-0.117188,-2.0625,-0.3125,0.1875,-2.25,0.0625,-1.03516,0.214844,0.234462,-0.0564505,-0.0704414,0.303127,0.703693,0.0403131,0.472302,-0.150194,0.0149454,0.302189,0.750119,0.116672,-0.00883865,-0.00163029,-1.03153,-0.316096,0.0743022,0.110255,-0.629148,0.0140455,-0.936096,-0.168492,-0.283499,0.00417051,0.0988938,-0.60784,0.246396,-1.06783,0.177021
38.22,-0.102769,0.000204531,-0.000120527,0.298206,-0.217551,-0.000924773,-0.101765,0.00198565,-0.000187487,0.298726,-0.218912,-0.00222286,0.000160703,-7.54762e-06,0.00348638,0.00327169,-0.000731038,-0.0022051,0.0120561,1.19842e-05,0.0462572,0.00788466,0.00279232,0.000203732,-0.00242081,0.0124756,-0.0119363,0.053743,-0.00959505,-0.1,0,0,0.3,-0.2,0,-0.1,0,0,0.3,-0.2,0,0,0,0,0,0,0,0,0,0,0,0,0,0,0,0,0,0,5.08967,-0.703125,0.559304,5.27344,13.8021,0.671149,4.58629,-4.30664,0.503374,5.00977,15.1388,2.05408,0.391513,-0.297716,-6.68986,-2.6875,0.4375,0.1875,-2.5,-0.0625,-0.947266,-0.126953,-2.0625,-0.375,0.25,-2.3125,0.0625,-1.03516,0.224609,0.354078,-0.0302706,0.0120527,0.247307,0.713417,0.0342853,0.459338,-0.198565,-0.0121063,0.234776,0.753216,0.0944154,0.121491,0.00806084,-1.04222,-0.293422,0.0700358,0.125595,-0.587467,-0.00790959,-0.924162,-0.156711,-0.270029,-0.0541208,0.096497,-0.617643,0.231056,-1.07781,0.191901
38.26,-0.102702,0.000221575,-8.03514e-05,0.298163,-0.217543,-0.000939036,-0.101738,0.00196861,-0.000254446,0.298743,-0.218908,-0.00221573,0.000187487,7.54762e-06,0.00347675,0.00327169,-0.000743022,-0.00219311,0.0120921,-2.39685e-05,0.0462572,0.00787699,0.00280431,0.000215716,-0.00242081,0.0124636,-0.0119483,0.053743,-0.00959505,-0.1,0,0,0.3,-0.2,0,-0.1,0,0,0.3,-0.2,0,0,0,0,0,0,0,0,0,0,0,0,0,0,0,0,0,0,5.31339,-0.527344,0.335582,6.06445,13.8021,0.671149,3.24396,-4.21875,0.894886,4.30664,15.1388,2.05408,0.223722,-0.198478,-7.00102,-2.75,0.4375,0.25,-2.5,-0.0625,-0.947266,-0.117188,-2.0625,-0.3125,0.3125,-2.25,0.0625,-1.03516,0.224609,0.126255,-0.00579504,0.049175,0.319145,0.70663,0.0458129,0.405235,-0.157591,0.0974394,0.177682,0.759555,0.0831281,-0.00482108,0.00932882,-1.03933,-0.330237,0.0835061,0.11886,-0.61074,0.00201335,-0.924162,-0.147722,-0.283499,0.00297209,0.124109,-0.598636,0.223626,-1.07682,0.195828
38.32,-0.102702,0.000196009,-0.000107135,0.298248,-0.217547,-0.000946196,-0.101792,0.00198565,-0.000187487,0.298777,-0.218916,-0.00221568,0.000241054,7.54762e-06,0.00347675,0.00325971,-0.000743022,-0.00216914,0.0120681,-2.39685e-05,0.0462649,0.00787699,0.00280431,0.000203732,-0.00244478,0.0124636,-0.0119363,0.053743,-0.00958738,-0.1,0,0,0.3,-0.2,0,-0.1,0,0,0.3,-0.2,0,0,0,0,0,0,0,0,0,0,0,0,0,0,0,0,0,0,4.69815,-0.703125,0.279652,5.00977,13.7138,0.619155,4.36257,-4.30664,0.894886,4.13086,15.1388,2.05408,-0.559304,-0.198478,-6.84544,-2.75,0.4375,0.1875,-2.5,-0.0625,-0.927734,-0.117188,-2.0625,-0.3125,0.25,-2.3125,0.0625,-1.03516,0.224609,0.352524,-0.0490533,-0.0201414,0.137286,0.706875,0.0625687,0.451732,-0.19202,0.111313,0.167114,0.766383,0.0995732,-0.154596,-0.00806084,-1.03563,-0.310631,0.0773702,0.0655058,-0.572726,0.00201335,-0.931188,-0.151649,-0.280431,0.0133744,0.131443,-0.60784,0.257134,-1.0837,0.178985
38.36,-0.102783,0.000187487,-0.000107135,0.298172,-0.217547,-0.000931904,-0.101738,0.00196861,-0.00021427,0.298726,-0.218916,-0.00221568,0.000200878,-7.54762e-06,0.00347675,0.00327169,-0.000731038,-0.00222907,0.0120561,-3.59527e-05,0.0462649,0.00787699,0.00280431,0.0002277,-0.00245677,0.0124636,-0.0119243,0.053743,-0.00961039,-0.1,0,0,0.3,-0.2,0,-0.1,0,0,0.3,-0.2,0,0,0,0,0,0,0,0,0,0,0,0,0,0,0,0,0,0,5.25746,-0.703125,0.671165,6.06445,13.7134,0.723941,4.53036,-4.21875,0,4.6582,15.1388,2.05408,-0.615234,-0.248097,-6.92323,-2.75,0.4375,0.1875,-2.5,-0.0625,-0.927734,-0.117188,-2.0625,-0.3125,0.3125,-2.25,0.125,-1.03516,0.224609,0.489122,0.0630637,-0.00985643,0.328775,0.708411,0.0427884,0.184108,-0.164136,-0.0917077,0.272955,0.766379,0.105063,-0.0911185,0.0138574,-1.03563,-0.333305,0.0731038,0.0685018,-0.578263,0.0221948,-0.931188,-0.144777,-0.277363,-0.0319739,0.107498,-0.604772,0.244622,-1.07682,0.195153
38.42,-0.102769,0.000187487,-0.000107135,0.298197,-0.217547,-0.000931904,-0.101738,0.00198565,-0.000200878,0.29876,-0.218908,-0.00221573,0.000294622,-3.74074e-17,0.00348156,0.00327169,-0.000743022,-0.00221708,0.0120921,-1.19842e-05,0.0462495,0.00787699,0.00280431,0.0002277,-0.00248073,0.0124756,-0.0119483,0.053743,-0.00959505,-0.1,0,0,0.3,-0.2,0,-0.1,0,0,0.3,-0.2,0,0,0,0,0,0,0,0,0,0,0,0,0,0,0,0,0,0,5.08967,-0.615234,0.391513,6.06445,13.8021,0.671149,4.58629,-4.30664,0.279652,4.83398,15.1388,2.05408,-1.73384,-0.347336,-6.76765,-2.75,0.4375,0.1875,-2.5,-0.0625,-0.947266,-0.126953,-2.0625,-0.3125,0.25,-2.3125,0.125,-1.03516,0.224609,0.426072,0.00743129,0.00557103,0.243132,0.70526,0.0647363,0.0864005,-0.224745,-0.031337,0.126038,0.738406,0.113395,-0.129526,-0.0115931,-1.04077,-0.321033,0.0957779,0.0955143,-0.604604,0.0217154,-0.92499,-0.148704,-0.289635,-0.0104982,0.117901,-0.632983,0.21749,-1.07682,0.188956
38.46,-0.102823,0.000178964,-0.000133919,0.298172,-0.217547,-0.000931904,-0.101738,0.00198565,-0.000187487,0.298709,-0.218912,-0.00220855,0.000241054,7.54762e-06,0.00347675,0.00327169,-0.000743022,-0.00221708,0.0120681,-2.39685e-05,0.0462572,0.00788466,0.00279232,0.000215716,-0.00246875,0.0124756,-0.0119603,0.053743,-0.00958738,-0.1,0,0,0.3,-0.2,0,-0.1,0,0,0.3,-0.2,0,0,0,0,0,0,0,0,0,0,0,0,0,0,0,0,0,0,5.31339,-0.615234,0.223722,4.48242,13.7138,0.619155,3.80327,-4.30664,0.727095,4.13086,15.0502,2.00162,-0.615234,-0.148858,-6.92323,-2.75,0.4375,0.1875,-2.5,-0.0625,-0.947266,-0.117188,-2.125,-0.3125,0.1875,-2.3125,0.0625,-1.03516,0.224609,0.416002,0.0213735,0.0699593,0.366954,0.695335,0.0262742,0.261245,-0.211655,0.0187487,0.308237,0.756471,0.088342,-0.0620313,0.0180236,-1.04118,-0.330237,0.0773702,0.110854,-0.584998,0.00354733,-0.929071,-0.157693,-0.294572,0.00604005,0.0927579,-0.654459,0.239205,-1.07682,0.189784
38.52,-0.102702,0.000178964,-0.000107135,0.298172,-0.217543,-0.000924744,-0.101644,0.00197713,-0.000267838,0.298768,-0.218916,-0.00221568,0.000187487,7.54762e-06,0.00347675,0.00325971,-0.000743022,-0.00219311,0.0120681,-1.19842e-05,0.0462572,0.00788466,0.00280431,0.000215716,-0.00245677,0.0124636,-0.0119603,0.053743,-0.00959505,-0.1,0,0,0.3,-0.2,0,-0.1,0,0,0.3,-0.2,0,0,0,0,0,0,0,0,0,0,0,0,0,0,0,0,0,0,4.69815,-0.615234,0.615234,6.15234,13.7138,0.619155,2.51687,-4.21875,0.950817,4.83398,15.1388,2.05408,-0.503374,-0.198478,-6.84544,-2.75,0.4375,0.1875,-2.5,-0.125,-0.947266,-0.126953,-2.125,-0.3125,0.3125,-2.25,0.0625,-1.03516,0.214844,0.0851149,-0.0178964,-0.00471395,0.225146,0.688713,0.0369448,0.138736,-0.155171,0.0833512,0.239297,0.758263,0.0913665,0.0157489,0.00353227,-1.03563,-0.298359,0.09271,0.0759081,-0.584998,-0.0120322,-0.925144,-0.165547,-0.301907,0.00910801,0.128974,-0.589432,0.259147,-1.07682,0.183065
38.56,-0.102729,0.000153398,-0.000133919,0.29818,-0.217547,-0.000931904,-0.101832,0.00198565,-0.000227662,0.29876,-0.218916,-0.00221568,0.00021427,-3.80877e-17,0.00349119,0.00327169,-0.000743022,-0.00221708,0.0120921,-2.39685e-05,0.0462572,0.00787699,0.00280431,0.000215716,-0.00244478,0.0124756,-0.0119363,0.053743,-0.00958738,-0.1,0,0,0.3,-0.2,0,-0.1,0,0,0.3,-0.2,0,0,0,0,0,0,0,0,0,0,0,0,0,0,0,0,0,0,4.4185,-0.527344,0.279652,5.88867,13.8021,0.671149,5.1456,-4.13086,0.671165,3.86719,15.1388,2.05408,-0.167791,-0.248097,-6.76765,-2.6875,0.4375,0.1875,-2.5,-0.0625,-0.947266,-0.117188,-2.0625,-0.3125,0.25,-2.3125,0.125,-1.02539,0.214844,0.231783,-0.0186123,0.0185344,0.332955,0.703498,0.0345369,0.471176,-0.211655,0.00219627,0.120584,0.751758,0.0968788,-0.0745661,0.00579655,-1.04366,-0.317965,0.0957779,0.0955143,-0.613808,0.0112172,-0.925144,-0.159503,-0.280431,0.00297209,0.116103,-0.620711,0.23259,-1.07388,0.180948
38.62,-0.102729,0.000221575,-0.000133919,0.298172,-0.217543,-0.000924744,-0.101778,0.00198565,-0.000254446,0.298777,-0.218916,-0.00221568,0.000200878,-3.80877e-17,0.00349119,0.00327169,-0.000719053,-0.00221708,0.0120921,0,0.0462495,0.00787699,0.00279232,0.000239685,-0.0024328,0.0124636,-0.0119483,0.0537353,-0.00959505,-0.1,0,0,0.3,-0.2,0,-0.1,0,0,0.3,-0.2,0,0,0,0,0,0,0,0,0,0,0,0,0,0,0,0,0,0,4.69815,-0.351562,0.447443,5.18555,13.8021,0.671149,3.63548,-4.30664,0.111861,4.30664,15.1388,2.05408,-0.167791,-0.248097,-6.92323,-2.6875,0.5,0.25,-2.5,-0.0625,-0.947266,-0.117188,-2.125,-0.3125,0.3125,-2.3125,0.0625,-1.03516,0.224609,0.149503,0.0236574,0.0133919,0.377862,0.696777,0.0232485,0.40411,-0.185475,0.051157,0.150752,0.758243,0.118816,0.0117313,0.0347793,-1.06215,-0.29649,0.099517,0.120058,-0.607672,-0.00920388,-0.915173,-0.151649,-0.29764,-0.0116966,0.118572,-0.632384,0.238965,-1.06783,0.194846
38.66,-0.102729,0.000187487,-0.000120527,0.298223,-0.217551,-0.000939065,-0.101845,0.00198565,-0.000254446,0.298751,-0.218916,-0.00221568,0.000241054,1.50952e-05,0.00348156,0.00328368,-0.000731038,-0.0022051,0.0120921,-2.39685e-05,0.0462495,0.00787699,0.00279232,0.0002277,-0.00246875,0.0124756,-0.0119483,0.053743,-0.00958738,-0.1,0,0,0.3,-0.2,0,-0.1,0,0,0.3,-0.2,0,0,0,0,0,0,0,0,0,0,0,0,0,0,0,0,0,0,5.03374,-0.703125,0.279652,4.92188,13.8021,0.671149,5.08967,-4.21875,0.671165,3.86719,15.1388,2.05408,-0.615234,-0.198478,-6.84544,-2.6875,0.4375,0.1875,-2.5,-0.0625,-0.927734,-0.126953,-2.0625,-0.3125,0.25,-2.3125,0.0625,-1.03516,0.214844,0.247211,-0.0252936,-0.00337476,0.184755,0.713469,0.0458366,0.534226,-0.195293,0.0665845,0.149133,0.761509,0.0968451,-0.195736,-0.00452857,-1.04447,-0.300756,0.0731038,0.0795753,-0.573925,0.0204211,-0.923027,-0.153613,-0.270029,-0.0135661,0.114234,-0.629915,0.254305,-1.07781,0.185857
38.72,-0.102689,0.000187487,-6.69595e-05,0.298206,-0.217543,-0.000924744,-0.101792,0.00198565,-0.000174095,0.298726,-0.218916,-0.00221568,0.000254446,7.54762e-06,0.00347675,0.00327169,-0.000731038,-0.00221708,0.0120681,-1.19842e-05,0.0462572,0.00787699,0.00279232,0.000239685,-0.0025047,0.0124636,-0.0119483,0.0537353,-0.00960272,-0.1,0,0,0.3,-0.2,0,-0.1,0,0,0.3,-0.2,0,0,0,0,0,0,0,0,0,0,0,0,0,0,0,0,0,0,4.92188,-0.439453,0.447443,4.74609,13.8021,0.671149,3.8592,-4.21875,0.727095,4.48242,15.0502,2.00162,-1.11861,-0.248097,-6.92323,-2.75,0.4375,0.25,-2.5,-0.125,-0.947266,-0.117188,-2.0625,-0.3125,0.25,-2.3125,0.0625,-1.03516,0.224609,0.0889185,0.0139763,-0.0293015,0.138224,0.704866,0.0150419,0.415734,-0.208383,0.0174095,0.311135,0.750127,0.105119,-0.174041,-0.00226428,-1.04303,-0.314898,0.0700358,0.135398,-0.588066,0.0125115,-0.92318,-0.153613,-0.276164,-0.0331723,0.116031,-0.610908,0.260441,-1.06685,0.199908
38.76,-0.102743,0.000178964,-8.03514e-05,0.298231,-0.217547,-0.000931904,-0.101551,0.00196861,-0.000241054,0.298743,-0.218912,-0.00222286,0.00021427,-7.54762e-06,0.00347675,0.00327169,-0.000743022,-0.00222907,0.0120921,-3.59527e-05,0.0462495,0.00787699,0.00279232,0.000215716,-0.00248073,0.0124756,-0.0119483,0.0537353,-0.00959505,-0.1,0,0,0.3,-0.2,0,-0.1,0,0,0.3,-0.2,0,0,0,0,0,0,0,0,0,0,0,0,0,0,0,0,0,0,6.32014,-0.527344,0.223722,3.95508,13.7138,0.619155,2.5728,-4.13086,0.671165,4.13086,14.9619,2.05395,-0.391513,-0.198478,-7.00102,-2.75,0.4375,0.1875,-2.5,-0.125,-0.947266,-0.117188,-2.125,-0.3125,0.25,-2.25,0.0625,-1.03516,0.214844,0.233122,-0.00153398,-0.12567,0.101664,0.703374,0.00708799,-0.16376,-0.154318,0.0292479,0.155866,0.74508,0.108168,-0.110563,0.051535,-1.05966,-0.336373,0.0743022,0.105317,-0.607672,0.00685498,-0.916155,-0.15754,-0.294572,-0.0215716,0.114833,-0.617643,0.257373,-1.06783,0.192883
38.82,-0.102743,0.000178964,-8.03514e-05,0.298155,-0.217547,-0.000931904,-0.101564,0.00198565,-0.000241054,0.298743,-0.21892,-0.00220852,0.000254446,7.54762e-06,0.00347675,0.00327169,-0.000743022,-0.00221708,0.0120921,-2.39685e-05,0.0462495,0.00787699,0.00279232,0.000215716,-0.00248073,0.0124756,-0.0119722,0.053743,-0.00958738,-0.1,0,0,0.3,-0.2,0,-0.1,0,0,0.3,-0.2,0,0,0,0,0,0,0,0,0,0,0,0,0,0,0,0,0,0,5.87269,-0.615234,0.279652,5.09766,13.8021,0.671149,1.23047,-4.13086,0.223722,4.39453,15.1388,2.05408,-0.950817,-0.198478,-6.84544,-2.75,0.4375,0.1875,-2.5,-0.125,-0.947266,-0.117188,-2.0625,-0.3125,0.3125,-2.25,0.125,-1.03516,0.214844,0.181697,-0.0309864,-0.0125348,0.31497,0.734339,0.0264089,0.032994,-0.20511,0.0292479,0.134049,0.771422,0.107505,-0.0454789,-0.0138574,-1.02824,-0.336373,0.0957779,0.123126,-0.601536,0.0142852,-0.917136,-0.150668,-0.285368,-0.0277075,0.127105,-0.617643,0.240979,-1.07584,0.18193
38.86,-0.102769,0.000196009,-0.000107135,0.29818,-0.217551,-0.000924773,-0.101671,0.00198565,-0.00028123,0.298726,-0.218912,-0.00222286,0.000187487,1.50952e-05,0.00348156,0.00327169,-0.000731038,-0.00216914,0.0120681,-3.59527e-05,0.0462572,0.00788466,0.00279232,0.000203732,-0.00246875,0.0124636,-0.0119483,0.053743,-0.00961806,-0.1,0,0,0.3,-0.2,0,-0.1,0,0,0.3,-0.2,0,0,0,0,0,0,0,0,0,0,0,0,0,0,0,0,0,0,5.7049,-0.703125,0.223722,5.53711,13.7138,0.619155,2.40501,-4.21875,0.727095,3.25195,15.1388,2.05408,-0.615234,-0.198478,-7.00102,-2.75,0.4375,0.1875,-2.5,-0.0625,-0.947266,-0.117188,-2.0625,-0.3125,0.25,-2.3125,0.125,-1.03516,0.214844,0.282083,-0.0196009,0.0312835,0.245689,0.709993,-0.00415437,0.244264,-0.2182,0.151543,0.136602,0.749965,0.0944266,-0.0768159,-0.00163029,-1.05371,-0.324101,0.0700358,0.0900495,-0.600338,0.000719053,-0.924162,-0.169474,-0.273097,-0.0295771,0.10503,-0.620112,0.237431,-1.07781,0.199233
38.92,-0.10281,0.000187487,-0.000107135,0.298172,-0.217543,-0.000924744,-0.101644,0.00198565,-0.000241054,0.298751,-0.218916,-0.00221568,0.000254446,-3.74074e-17,0.00348156,0.00327169,-0.000743022,-0.00219311,0.0120681,-3.59527e-05,0.0462495,0.00787699,0.00279232,0.000203732,-0.00245677,0.0124636,-0.0119483,0.053743,-0.00959505,-0.1,0,0,0.3,-0.2,0,-0.1,0,0,0.3,-0.2,0,0,0,0,0,0,0,0,0,0,0,0,0,0,0,0,0,0,6.59979,-0.615234,0.671165,6.15234,13.8021,0.671149,3.02024,-4.30664,0.838956,3.86719,15.0502,2.00162,-1.45419,-0.297716,-6.68986,-2.6875,0.4375,0.1875,-2.5,-0.0625,-0.947266,-0.117188,-2.0625,-0.3125,0.3125,-2.3125,0.125,-1.03516,0.224609,0.51237,-0.0122037,-0.0252839,0.312413,0.706553,0.0287719,-0.118388,-0.211655,0.0292479,0.192766,0.756624,0.110586,-0.163756,0.00289828,-1.04262,-0.339441,0.0712342,0.082044,-0.591134,0.00225303,-0.916155,-0.154595,-0.2823,0.00110255,0.141246,-0.620112,0.242033,-1.07682,0.194846
38.96,-0.102796,0.000170442,-6.69595e-05,0.29818,-0.217551,-0.000939065,-0.101644,0.00197713,-0.000200878,0.298768,-0.218916,-0.00221568,0.000267838,-3.67271e-17,0.00347194,0.00327169,-0.000743022,-0.00221708,0.0120681,-4.79369e-05,0.0462572,0.00787699,0.00279232,0.000203732,-0.00246875,0.0124756,-0.0119483,0.053743,-0.00961039,-0.1,0,0,0.3,-0.2,0,-0.1,0,0,0.3,-0.2,0,0,0,0,0,0,0,0,0,0,0,0,0,0,0,0,0,0,5.76083,-0.791016,0.559304,5.36133,13.8021,0.671149,2.12536,-4.30664,0.391513,3.86719,14.9619,2.05395,-1.17454,-0.248097,-6.92323,-2.75,0.4375,0.1875,-2.5,-0.125,-0.947266,-0.117188,-2.0625,-0.3125,0.25,-2.3125,0.0625,-1.03516,0.224609,0.531601,0.0189532,-0.034444,0.332955,0.726545,0.0623508,-0.226381,-0.191168,-0.031337,0.272021,0.738761,0.0914339,-0.224341,0.00579655,-1.03788,-0.324101,0.0835061,0.126194,-0.603406,-0.00517719,-0.922199,-0.153613,-0.263893,0.00723847,0.123438,-0.629915,0.220558,-1.07879,0.208898
39.02,-0.102783,0.000187487,-8.03514e-05,0.298155,-0.217547,-0.000931904,-0.101671,0.00198565,-0.000174095,0.298777,-0.218912,-0.00222286,0.000227662,-7.54762e-06,0.00348638,0.00325971,-0.000743022,-0.00222907,0.0120801,-2.39685e-05,0.0462495,0.00787699,0.00280431,0.000215716,-0.00242081,0.0124636,-0.0119363,0.053743,-0.00960272,-0.1,0,0,0.3,-0.2,0,-0.1,0,0,0.3,-0.2,0,0,0,0,0,0,0,0,0,0,0,0,0,0,0,0,0,0,5.20153,-0.703125,0.559304,6.32812,13.8021,0.671149,3.80327,-4.13086,0.167791,3.16406,15.1388,2.05408,-1.23047,-0.148858,-6.76765,-2.75,0.4375,0.1875,-2.5,-0.0625,-0.947266,-0.117188,-2.0625,-0.3125,0.25,-2.3125,0.0625,-1.03516,0.224609,0.483979,-0.0351111,0.00803514,0.309515,0.723074,0.0510736,-0.00771762,-0.198565,0.022552,0.058031,0.754823,0.119114,-0.0374437,0.0544332,-1.03852,-0.304495,0.0773702,0.0991815,-0.604005,0.0127512,-0.915173,-0.154595,-0.298839,-0.0123677,0.121041,-0.635451,0.244862,-1.08173,0.206781
39.06,-0.102796,0.000196009,-0.000147311,0.298189,-0.217543,-0.000939036,-0.101671,0.00198565,-0.00021427,0.298794,-0.218916,-0.00221568,0.00021427,-3.67271e-17,0.00347194,0.00327169,-0.000743022,-0.0022051,0.0120681,-2.39685e-05,0.0462572,0.00788466,0.00280431,0.000203732,-0.00248073,0.0124516,-0.0119363,0.053743,-0.00959505,-0.1,0,0,0.3,-0.2,0,-0.1,0,0,0.3,-0.2,0,0,0,0,0,0,0,0,0,0,0,0,0,0,0,0,0,0,5.76083,-0.703125,0.503374,5.53711,13.7138,0.619155,2.96431,-4.21875,0.838956,3.51562,15.0502,2.00162,-0.671165,-0.248097,-6.92323,-2.75,0.4375,0.1875,-2.5,-0.0625,-0.947266,-0.126953,-2.0625,-0.3125,0.25,-2.3125,0.125,-1.03516,0.224609,0.480176,-0.00978339,0.0147311,0.320768,0.690329,0.0347772,0.00256735,-0.221473,0.0265695,-0.00452177,0.751755,0.102369,0.0642811,-0.0115931,-1.04898,-0.357849,0.086574,0.110255,-0.572726,0.00201335,-0.925144,-0.164565,-0.274295,-0.038781,0.0933571,-0.619512,0.227988,-1.07486,0.192883
39.12,-0.102783,0.000170442,-8.03514e-05,0.298189,-0.217551,-0.000953357,-0.101685,0.00198565,-0.000254446,0.298743,-0.218912,-0.00220855,0.000200878,-7.54762e-06,0.00348638,0.00327169,-0.000743022,-0.00219311,0.0120681,-3.59527e-05,0.0462572,0.00787699,0.00280431,0.000215716,-0.00246875,0.0124636,-0.0119483,0.053743,-0.00959505,-0.1,0,0,0.3,-0.2,0,-0.1,0,0,0.3,-0.2,0,0,0,0,0,0,0,0,0,0,0,0,0,0,0,0,0,0,5.7049,-0.527344,-0.111861,5.00977,13.8021,0.671149,3.52362,-4.30664,0.838956,3.60352,15.1388,2.05408,-0.503374,-0.248097,-6.92323,-2.75,0.4375,0.1875,-2.5,-0.0625,-0.947266,-0.117188,-2.0625,-0.3125,0.3125,-2.3125,0.125,-1.02539,0.224609,0.432555,0.00913571,-0.0639597,0.304406,0.716895,0.0848479,-0.129798,-0.221473,0.0562995,0.183136,0.749962,0.0993441,-0.0911185,0.0196539,-1.04961,-0.330237,0.086574,0.0759081,-0.591134,0.0114569,-0.92318,-0.156558,-0.277363,-0.0399794,0.141845,-0.620112,0.260441,-1.07093,0.192883
39.18,-0.102676,0.000178964,-8.03514e-05,0.298189,-0.217551,-0.000939065,-0.101738,0.00198565,-0.000254446,0.298802,-0.218912,-0.00222286,0.000187487,1.50952e-05,0.00348156,0.00327169,-0.000743022,-0.00221708,0.0120681,-3.59527e-05,0.0462572,0.00788466,0.00279232,0.0002277,-0.00246875,0.0124636,-0.0119363,0.0537353,-0.00958738,-0.1,0,0,0.3,-0.2,0,-0.1,0,0,0.3,-0.2,0,0,0,0,0,0,0,0,0,0,0,0,0,0,0,0,0,0,4.4185,-0.615234,0.391513,5.09766,13.7138,0.619155,3.63548,-4.21875,0.503374,2.54883,15.1388,2.05408,-1.11861,-0.198478,-7.00102,-2.75,0.4375,0.1875,-2.5,-0.125,-0.947266,-0.126953,-2.0625,-0.3125,0.25,-2.3125,0.0625,-1.03516,0.224609,0.0412965,0.018101,-0.0125348,0.446214,0.705331,0.0430636,0.508085,-0.195293,-0.00541033,0.136008,0.758078,0.113613,0.0517463,0.00416626,-1.05741,-0.336373,0.0743022,0.120058,-0.603406,0.000719053,-0.925144,-0.168492,-0.2823,-0.0166341,0.117302,-0.644655,0.252532,-1.06783,0.182912
39.22,-0.102769,0.000213053,-0.000107135,0.298172,-0.217547,-0.000931904,-0.101618,0.00198565,-0.00028123,0.29876,-0.218916,-0.00221568,0.000160703,-3.74074e-17,0.00348156,0.00325971,-0.000731038,-0.00219311,0.0120921,-2.39685e-05,0.0462495,0.00788466,0.00280431,0.0002277,-0.00246875,0.0124516,-0.0119363,0.053743,-0.00961039,-0.1,0,0,0.3,-0.2,0,-0.1,0,0,0.3,-0.2,0,0,0,0,0,0,0,0,0,0,0,0,0,0,0,0,0,0,5.48118,-0.615234,0.279652,5.36133,13.8021,0.671149,2.40501,-4.21875,0.838956,3.95508,15.0502,2.00162,-0.559304,-1.5854e-13,-7.00102,-2.6875,0.4375,0.1875,-2.5,-0.0625,-0.947266,-0.117188,-2.0625,-0.3125,0.25,-2.3125,0.125,-1.03516,0.224609,0.328365,0.0114196,-0.0304264,0.328775,0.703498,0.0345369,0.16177,-0.16584,0.0692629,0.0278631,0.746877,0.10513,0.00835655,0.0463724,-1.03707,-0.289155,0.0638999,0.109656,-0.644488,0.0234891,-0.916155,-0.163584,-0.286567,-0.025838,0.0896899,-0.63792,0.231056,-1.07781,0.203007
39.28,-0.102689,0.000178964,-0.000120527,0.298231,-0.217547,-0.000931904,-0.101725,0.00198565,-0.000241054,0.29876,-0.218916,-0.00221568,0.000200878,1.50952e-05,0.00348156,0.00325971,-0.000731038,-0.00219311,0.0120681,0,0.0462649,0.00786165,0.00279232,0.000203732,-0.0024328,0.0124636,-0.0119483,0.053743,-0.00961806,-0.1,0,0,0.3,-0.2,0,-0.1,0,0,0.3,-0.2,0,0,0,0,0,0,0,0,0,0,0,0,0,0,0,0,0,0,4.86594,-0.527344,0.559304,4.74609,13.7138,0.619155,2.46094,-4.21875,0.671165,3.51562,15.0502,2.00162,-0.167791,-0.148858,-6.92323,-2.75,0.4375,0.1875,-2.5,-0.0625,-0.947266,-0.117188,-2.0625,-0.3125,0.25,-2.3125,0.125,-1.03516,0.214844,0.0734911,-0.00153398,0.0223377,0.112572,0.693722,0.0290134,0.357614,-0.195293,-0.00160703,0.0278631,0.761506,0.102335,-0.00883865,0.0157594,-1.04262,-0.322903,0.0731038,0.085112,-0.572726,0.00153398,-0.935115,-0.145452,-0.270029,-0.032645,0.109368,-0.638519,0.226694,-1.07682,0.207087
39.32,-0.102743,0.000196009,-0.000107135,0.298172,-0.217539,-0.000931875,-0.101618,0.00198565,-0.000227662,0.298751,-0.218908,-0.00221573,0.000147311,7.54762e-06,0.00347675,0.00327169,-0.000731038,-0.00221708,0.0120681,-1.19842e-05,0.0462649,0.00787699,0.00280431,0.000179763,-0.00244478,0.0124756,-0.0119363,0.0537507,-0.00959505,-0.1,0,0,0.3,-0.2,0,-0.1,0,0,0.3,-0.2,0,0,0,0,0,0,0,0,0,0,0,0,0,0,0,0,0,0,5.59304,-0.703125,0.111861,5.44922,13.8021,0.671149,2.01349,-4.30664,0.559304,3.42773,14.9619,2.05395,-0.391513,-0.198478,-6.84544,-2.75,0.4375,0.1875,-2.5625,-0.0625,-0.947266,-0.117188,-2.0625,-0.3125,0.25,-2.25,0.0625,-1.03516,0.214844,0.202267,-0.0032384,-0.0304264,0.301504,0.704723,0.0208169,0.16177,-0.23129,-0.0492286,0.187312,0.746542,0.0996424,0.0329441,0.0238202,-1.02269,-0.339441,0.0731038,0.110854,-0.652493,0.0155795,-0.93806,-0.15754,-0.277363,-0.0179763,0.0578119,-0.620711,0.234124,-1.08679,0.181102
39.38,-0.102836,0.000178964,-0.000120527,0.298172,-0.217547,-0.000931904,-0.101685,0.00198565,-0.000241054,0.298726,-0.218916,-0.00221568,0.000254446,1.50952e-05,0.00348156,0.00327169,-0.000743022,-0.00218113,0.0120801,-3.59527e-05,0.0462572,0.00786932,0.00279232,0.000203732,-0.00245677,0.0124636,-0.0119483,0.0537507,-0.00961039,-0.1,0,0,0.3,-0.2,0,-0.1,0,0,0.3,-0.2,0,0,0,0,0,0,0,0,0,0,0,0,0,0,0,0,0,0,6.37607,-0.703125,0.503374,5.53711,13.8021,0.671149,2.40501,-4.21875,0.111861,4.04297,15.0502,2.00162,-1.11861,-0.198478,-6.84544,-2.75,0.4375,0.25,-2.5,-0.0625,-0.947266,-0.117188,-2.0625,-0.3125,0.3125,-2.25,0.0625,-1.03516,0.224609,0.473909,-0.0309864,0.125187,0.257871,0.70516,0.0427772,-0.0218055,-0.211655,0.0498179,0.267501,0.761525,0.0748859,0.026516,0.00126798,-1.04447,-0.317965,0.089642,0.130532,-0.616277,0.0129909,-0.925144,-0.146587,-0.279232,-0.0449169,0.113634,-0.604772,0.251237,-1.08778,0.210861
39.42,-0.102783,0.000230097,-0.000120527,0.298189,-0.217539,-0.000931875,-0.101725,0.00197713,-0.000254446,0.298777,-0.218912,-0.00222286,0.000227662,-7.54762e-06,0.00348638,0.00328368,-0.000731038,-0.0022051,0.0120801,-2.39685e-05,0.0462572,0.00786165,0.00280431,0.000215716,-0.00248073,0.0124636,-0.0119363,0.053743,-0.00960272,-0.1,0,0,0.3,-0.2,0,-0.1,0,0,0.3,-0.2,0,0,0,0,0,0,0,0,0,0,0,0,0,0,0,0,0,0,5.53711,-0.791016,0.615234,6.5918,13.8021,0.671149,4.92188,-4.30664,0.727095,2.8125,15.0502,2.00162,-0.838956,-0.148858,-6.92323,-2.75,0.4375,0.1875,-2.5,-0.0625,-0.947266,-0.117188,-2.0625,-0.3125,0.25,-2.3125,0.0625,-1.03516,0.224609,0.375987,-0.0230097,0.0531926,0.195323,0.701547,0.037275,0.0799191,-0.220621,0.00487465,0.167114,0.749954,0.110896,-0.0220163,0.0457384,-1.03667,-0.319164,0.0669679,0.0857112,-0.604005,0.00968325,-0.930053,-0.139562,-0.292703,-0.0277075,0.105629,-0.638519,0.244862,-1.07879,0.195981
39.48,-0.102743,0.000178964,-0.000133919,0.298138,-0.217547,-0.000946196,-0.101618,0.00197713,-0.00028123,0.298726,-0.218912,-0.00222286,0.000254446,-7.54762e-06,0.00348638,0.00327169,-0.000743022,-0.00219311,0.0120681,-2.39685e-05,0.0462495,0.00787699,0.00279232,0.000215716,-0.0024328,0.0124636,-0.0119483,0.053743,-0.00960272,-0.1,0,0,0.3,-0.2,0,-0.1,0,0,0.3,-0.2,0,0,0,0,0,0,0,0,0,0,0,0,0,0,0,0,0,0,4.81001,-0.527344,0.559304,6.06445,13.8021,0.671149,2.46094,-4.13086,0.559304,5.00977,15.1388,2.05408,-1.06268,-0.198478,-6.84544,-2.6875,0.4375,0.1875,-2.5,-0.125,-0.947266,-0.126953,-2.0625,-0.3125,0.3125,-2.3125,0.0625,-1.03516,0.224609,0.356542,0.00173851,0.0288194,0.508422,0.718114,0.0324142,-0.167349,-0.178078,0.0898328,0.043881,0.753204,0.110885,-0.0557639,0.0225522,-1.04406,-0.330237,0.086574,0.106588,-0.584998,-0.00412257,-0.914191,-0.159503,-0.291504,0.00604005,0.109368,-0.629316,0.246635,-1.07584,0.199908
39.52,-0.102743,0.000187487,-0.000107135,0.298172,-0.217547,-0.000931904,-0.101671,0.00198565,-0.00021427,0.298709,-0.218916,-0.00223001,0.000187487,7.54762e-06,0.00347675,0.00327169,-0.000743022,-0.0022051,0.0120921,-2.39685e-05,0.0462572,0.00788466,0.00279232,0.000191748,-0.00244478,0.0124756,-0.0119483,0.053743,-0.00959505,-0.1,0,0,0.3,-0.2,0,-0.1,0,0,0.3,-0.2,0,0,0,0,0,0,0,0,0,0,0,0,0,0,0,0,0,0,5.98455,-0.703125,-0.167791,5.88867,13.8021,0.671149,2.46094,-4.21875,0.615234,3.86719,15.1388,2.05408,-0.503374,-0.198478,-6.84544,-2.75,0.4375,0.25,-2.5,-0.125,-0.947266,-0.126953,-2.0625,-0.3125,0.25,-2.25,0.0625,-1.03516,0.224609,0.217694,0.000886301,0.000428542,0.290596,0.714936,0.0483007,0.254549,-0.185475,-0.0402828,0.1937,0.76799,0.124845,-0.045961,-0.00226428,-1.03563,-0.327169,0.0743022,0.131731,-0.583128,0.000479369,-0.927107,-0.165547,-0.2823,-0.0191748,0.106899,-0.608439,0.228228,-1.07584,0.192883
39.58,-0.102769,0.000204531,-8.03514e-05,0.298197,-0.217543,-0.000924744,-0.101644,0.00198565,-0.00028123,0.298743,-0.218916,-0.00221568,0.00021427,1.50952e-05,0.00348156,0.00328368,-0.000755006,-0.0022051,0.0120561,1.19842e-05,0.0462649,0.00787699,0.00280431,0.000203732,-0.00246875,0.0124636,-0.0119483,0.0537353,-0.00958738,-0.1,0,0,0.3,-0.2,0,-0.1,0,0,0.3,-0.2,0,0,0,0,0,0,0,0,0,0,0,0,0,0,0,0,0,0,5.1456,-0.703125,0.279652,5.71289,13.7138,0.619155,5.25746,-4.21875,0.671165,3.86719,15.0505,2.10641,-0.223722,-0.198478,-6.84544,-2.75,0.4375,0.1875,-2.5,-0.125,-0.947266,-0.117188,-2.125,-0.3125,0.3125,-2.3125,0.0625,-1.03516,0.214844,0.426072,-0.0106356,-0.0433897,0.324944,0.690277,0.023226,0.00503135,-0.182203,0.120688,0.16132,0.746877,0.10513,-0.0179987,-0.0132234,-1.04262,-0.334504,0.0755006,0.119459,-0.569059,-0.00637561,-0.940023,-0.15754,-0.301907,-0.0142373,0.138777,-0.626248,0.240499,-1.06882,0.179967
39.62,-0.102769,0.000187487,-9.37433e-05,0.29818,-0.217547,-0.000931904,-0.101658,0.00196861,-0.000187487,0.29876,-0.218916,-0.00221568,0.000254446,1.50952e-05,0.00348156,0.00327169,-0.000731038,-0.00221708,0.0120561,0,0.0462572,0.00787699,0.00280431,0.000203732,-0.00242081,0.0124636,-0.0119603,0.0537353,-0.00959505,-0.1,0,0,0.3,-0.2,0,-0.1,0,0,0.3,-0.2,0,0,0,0,0,0,0,0,0,0,0,0,0,0,0,0,0,0,5.59304,-0.878906,0.167791,5.09766,13.8021,0.671149,2.90838,-4.21875,0.503374,3.7793,15.1388,2.05408,-0.727095,-0.248097,-6.92323,-2.75,0.4375,0.1875,-2.5,-0.0625,-0.947266,-0.117188,-2.0625,-0.3125,0.3125,-2.3125,0.0625,-1.03516,0.224609,0.436357,0.0237937,-0.00605314,0.212964,0.702059,0.0757046,-0.204471,-0.147773,-0.0326762,0.191488,0.763133,0.0995844,-0.220323,-0.0161217,-1.05186,-0.314898,0.0700358,0.0771065,-0.587467,0.00153398,-0.926126,-0.161467,-0.280431,-0.0234411,0.111837,-0.62318,0.230001,-1.06882,0.191901
39.68,-0.102689,0.000178964,-0.000120527,0.298206,-0.217547,-0.000931904,-0.101765,0.00196861,-0.000200878,0.298777,-0.218916,-0.00221568,0.000200878,7.54762e-06,0.00347675,0.00325971,-0.000743022,-0.0022051,0.0120681,-4.79369e-05,0.0462572,0.00787699,0.00279232,0.000203732,-0.0024328,0.0124756,-0.0119363,0.053743,-0.00960272,-0.1,0,0,0.3,-0.2,0,-0.1,0,0,0.3,-0.2,0,0,0,0,0,0,0,0,0,0,0,0,0,0,0,0,0,0,3.74734,-0.703125,0.391513,6.32812,13.6251,0.671948,5.36932,-4.21875,0.335582,3.07617,15.1388,2.05408,-0.111861,-0.297716,-6.84544,-2.75,0.4375,0.1875,-2.5,-0.0625,-0.947266,-0.117188,-2.0625,-0.3125,0.3125,-2.3125,0.125,-1.02539,0.224609,0.202053,-0.0309864,0.0840475,0.269124,0.695385,0.0372537,0.269066,-0.187043,-0.0776194,0.276197,0.766387,0.0940834,0.0580137,0.0122271,-1.04118,-0.313699,0.0773702,0.0611675,-0.572726,0.0285704,-0.924162,-0.166376,-0.270029,-0.00503338,0.12164,-0.648323,0.241794,-1.06308,0.208744
39.72,-0.102836,0.000221575,-0.000133919,0.29818,-0.217551,-0.000939065,-0.101738,0.00198565,-0.000254446,0.29876,-0.218916,-0.00221568,0.000254446,7.54762e-06,0.00347675,0.00327169,-0.000743022,-0.0022051,0.0120681,-1.19842e-05,0.0462572,0.00787699,0.00280431,0.000191748,-0.00240883,0.0124636,-0.0119483,0.053743,-0.00959505,-0.1,0,0,0.3,-0.2,0,-0.1,0,0,0.3,-0.2,0,0,0,0,0,0,0,0,0,0,0,0,0,0,0,0,0,0,5.81676,-0.878906,0.615234,6.50391,13.7138,0.619155,3.57955,-4.21875,0.559304,3.07617,15.1388,2.05408,-1.06268,-0.198478,-6.84544,-2.75,0.4375,0.1875,-2.5,-0.0625,-0.947266,-0.126953,-2.0625,-0.3125,0.25,-2.3125,0.0625,-1.03516,0.224609,0.535619,-0.0679724,-0.0123205,0.474763,0.69558,0.0430299,0.112113,-0.198565,-0.0722627,-0.0539492,0.774487,0.129739,-0.163756,-0.00226428,-1.04303,-0.330237,0.0743022,0.0795753,-0.591134,0.000239685,-0.924162,-0.165394,-0.283499,-0.0191748,0.10817,-0.659995,0.238965,-1.07781,0.194846
39.78,-0.102783,0.000178964,-0.000147311,0.298189,-0.217551,-0.000939065,-0.101685,0.00196861,-0.000254446,0.298692,-0.218916,-0.00221568,0.000200878,7.54762e-06,0.00347675,0.00328368,-0.000743022,-0.00222907,0.0120681,0,0.0462572,0.00787699,0.00279232,0.000215716,-0.00240883,0.0124756,-0.0119483,0.053743,-0.00958738,-0.1,0,0,0.3,-0.2,0,-0.1,0,0,0.3,-0.2,0,0,0,0,0,0,0,0,0,0,0,0,0,0,0,0,0,0,6.32014,-0.878906,0.447443,6.24023,13.8021,0.671149,3.97106,-4.30664,1.00675,5.80078,15.1388,2.05408,-0.335582,-0.248097,-6.92323,-2.75,0.4375,0.1875,-2.5,-0.125,-0.947266,-0.117188,-2.0625,-0.3125,0.25,-2.3125,0.0625,-1.03516,0.224609,0.458267,-0.0702563,0.00444611,0.271681,0.718506,0.081537,-0.0680879,-0.154318,0.118009,0.23989,0.76474,0.124283,0.0168738,-0.0167557,-1.04118,-0.313028,0.0497585,0.111453,-0.603406,-0.0153398,-0.919253,-0.160485,-0.266961,-0.00929976,0.102034,-0.623779,0.23283,-1.07486,0.178985
39.82,-0.102769,0.000178964,-0.000107135,0.298172,-0.217547,-0.000931904,-0.101752,0.00198565,-0.000160703,0.298717,-0.218912,-0.00222286,0.000187487,1.50952e-05,0.00348156,0.00328368,-0.000743022,-0.00221708,0.0120921,-1.19842e-05,0.0462495,0.00786932,0.00279232,0.000203732,-0.00245677,0.0124636,-0.0119603,0.0537353,-0.00960272,-0.1,0,0,0.3,-0.2,0,-0.1,0,0,0.3,-0.2,0,0,0,0,0,0,0,0,0,0,0,0,0,0,0,0,0,0,5.25746,-0.615234,0.391513,5.625,13.7138,0.619155,5.53711,-4.04297,0.615234,5.27344,15.0505,2.10641,-0.838956,-0.198478,-6.84544,-2.75,0.4375,0.1875,-2.5,-0.0625,-0.947266,-0.117188,-2.0625,-0.3125,0.3125,-2.3125,0.0625,-1.03516,0.214844,0.395218,-0.00153398,0.0467109,0.252417,0.692085,0.0262629,0.123738,-0.188748,-0.061067,0.345138,0.740191,0.127399,0.00546389,-0.00452857,-1.04447,-0.319164,0.0681663,0.107786,-0.604604,0.00637561,-0.915173,-0.148551,-0.2823,-0.032645,0.141246,-0.62318,0.257613,-1.07176,0.196963
39.88,-0.102796,0.000153398,-0.000133919,0.298189,-0.217539,-0.000931875,-0.101618,0.00198565,-0.000200878,0.298734,-0.218912,-0.00220855,0.000160703,1.50952e-05,0.00348156,0.00327169,-0.000743022,-0.00222907,0.0120561,-2.39685e-05,0.0462725,0.00786932,0.00280431,0.000215716,-0.00242081,0.0124636,-0.0119363,0.053743,-0.00957971,-0.1,0,0,0.3,-0.2,0,-0.1,0,0,0.3,-0.2,0,0,0,0,0,0,0,0,0,0,0,0,0,0,0,0,0,0,5.92862,-0.439453,0.559304,5.27344,13.8021,0.671149,2.90838,-4.30664,0.559304,3.7793,14.9619,2.05395,-0.727095,-0.248097,-6.92323,-2.75,0.4375,0.1875,-2.5,-0.0625,-0.947266,-0.126953,-2.0625,-0.3125,0.3125,-2.25,0.0625,-1.03516,0.224609,0.490461,-0.0120673,-0.00717805,0.386218,0.703159,0.0345357,-0.0747845,-0.188748,-0.0467645,0.140777,0.749962,0.0993441,0.0546389,-0.0103251,-1.04817,-0.327169,0.086574,0.0838416,-0.569059,0.0112172,-0.938213,-0.157386,-0.277363,-0.0154357,0.127177,-0.62318,0.24026,-1.07388,0.184722
39.92,-0.102796,0.000204531,-8.03514e-05,0.298172,-0.217547,-0.000931904,-0.101671,0.00198565,-0.000241054,0.298726,-0.218916,-0.00223001,0.000160703,7.54762e-06,0.00347675,0.00328368,-0.000743022,-0.00221708,0.0120561,-1.19842e-05,0.0462649,0.00789233,0.00279232,0.000191748,-0.00246875,0.0124636,-0.0119483,0.053743,-0.00958738,-0.1,0,0,0.3,-0.2,0,-0.1,0,0,0.3,-0.2,0,0,0,0,0,0,0,0,0,0,0,0,0,0,0,0,0,0,5.92862,-0.878906,0.279652,6.76758,13.7138,0.619155,4.58629,-4.30664,0.503374,4.57031,15.1388,2.05408,0.111861,-0.198478,-6.84544,-2.75,0.4375,0.25,-2.4375,-0.0625,-0.947266,-0.117188,-2.0625,-0.3125,0.25,-2.3125,0.0625,-1.03516,0.224609,0.469891,-0.0237256,-0.0742447,0.405133,0.708386,0.0372986,0.0231373,-0.20511,-0.011892,0.322043,0.764755,0.102897,0.00835655,-0.00516256,-1.03008,-0.337572,0.0743022,0.138466,-0.581331,0.00330765,-0.937078,-0.150974,-0.279232,-0.0529223,0.12037,-0.632384,0.261975,-1.07584,0.183894
39.98,-0.102769,0.000187487,-0.000107135,0.298172,-0.217551,-0.000939065,-0.101738,0.00199417,-0.000187487,0.298743,-0.218912,-0.00222286,0.000174095,1.50952e-05,0.00348156,0.00327169,-0.000743022,-0.0022051,0.0120921,-1.19842e-05,0.0462572,0.00787699,0.00280431,0.000215716,-0.00240883,0.0124636,-0.0119483,0.0537507,-0.00960272,-0.1,0,0,0.3,-0.2,0,-0.1,0,0,0.3,-0.2,0,0,0,0,0,0,0,0,0,0,0,0,0,0,0,0,0,0,4.47443,-0.615234,0.615234,5.36133,13.8021,0.671149,5.03374,-4.13086,0.727095,3.51562,15.0502,2.00162,-0.279652,-0.148858,-7.07881,-2.75,0.4375,0.1875,-2.5,-0.0625,-0.947266,-0.126953,-2.0625,-0.3125,0.3125,-2.3125,0.0625,-1.03516,0.224609,0.37979,0.0139763,-0.0201414,0.42695,0.715057,0.0376075,0.12754,-0.192872,0.0444611,0.16132,0.767832,0.108089,-0.0522284,0.0244542,-1.07035,-0.321033,0.09271,0.101051,-0.604604,-0.00436226,-0.927107,-0.168339,-0.280431,-0.0307755,0.126577,-0.620112,0.234364,-1.08679,0.211689
40.02,-0.102796,0.000187487,-8.03514e-05,0.298197,-0.217547,-0.000931904,-0.101671,0.00198565,-0.000227662,0.298717,-0.218912,-0.00222286,0.000187487,7.54762e-06,0.00347675,0.00327169,-0.000743022,-0.00222907,0.0120681,-2.39685e-05,0.0462495,0.00786932,0.00280431,0.000203732,-0.00242081,0.0124876,-0.0119483,0.053743,-0.00958738,-0.1,0,0,0.3,-0.2,0,-0.1,0,0,0.3,-0.2,0,0,0,0,0,0,0,0,0,0,0,0,0,0,0,0,0,0,6.04048,-0.615234,0.279652,4.92188,13.8021,0.671149,2.18129,-4.30664,0.391513,4.04297,14.9619,2.05395,-0.279652,-0.148858,-6.76765,-2.75,0.4375,0.1875,-2.5,-0.0625,-0.947266,-0.126953,-2.0625,-0.3125,0.3125,-2.25,0.125,-1.03516,0.224609,0.382469,-0.00238619,-0.0742447,0.259494,0.710023,0.0400491,0.00256735,-0.20511,0.00219627,0.192422,0.749954,0.110896,-0.0665309,0.032515,-1.03563,-0.321033,0.086574,0.111453,-0.603406,0.00968325,-0.915173,-0.157386,-0.274295,-0.038781,0.124109,-0.639718,0.234364,-1.07879,0.185857
40.08,-0.102676,0.000196009,-0.000107135,0.298206,-0.217547,-0.000931904,-0.101711,0.00198565,-0.000267838,0.298726,-0.218916,-0.00221568,0.000187487,7.54762e-06,0.00348638,0.00328368,-0.000743022,-0.00221708,0.0120681,-1.19842e-05,0.0462572,0.00787699,0.00280431,0.000215716,-0.00244478,0.0124636,-0.0119363,0.0537353,-0.00959505,-0.1,0,0,0.3,-0.2,0,-0.1,0,0,0.3,-0.2,0,0,0,0,0,0,0,0,0,0,0,0,0,0,0,0,0,0,5.08967,-0.703125,0.335582,3.16406,13.8021,0.671149,2.23722,-4.13086,0.671165,4.39453,15.0502,2.00162,-0.727095,-0.0992388,-6.68986,-2.75,0.4375,0.1875,-2.5,0,-0.947266,-0.126953,-2.0625,-0.3125,0.3125,-2.3125,0.125,-1.03516,0.214844,0.0875789,-0.0196009,0.0312835,0.252761,0.703473,0.0290471,0.253424,-0.201838,0.0422113,0.327497,0.75664,0.0886272,-0.0151061,0.032515,-1.04961,-0.328368,0.0743022,0.0709706,-0.603406,0.00790959,-0.925144,-0.16343,-0.265091,-0.0277075,0.140647,-0.617044,0.215716,-1.07471,0.189938
40.12,-0.102769,0.000196009,-0.000107135,0.298197,-0.217547,-0.000931904,-0.101711,0.00196009,-0.00028123,0.298726,-0.218916,-0.00221568,0.000174095,-7.54762e-06,0.00348638,0.00325971,-0.000743022,-0.00221708,0.0120681,-4.79369e-05,0.0462495,0.00786932,0.00281629,0.000215716,-0.00242081,0.0124756,-0.0119483,0.053743,-0.00958738,-0.1,0,0,0.3,-0.2,0,-0.1,0,0,0.3,-0.2,0,0,0,0,0,0,0,0,0,0,0,0,0,0,0,0,0,0,5.59304,-0.615234,0.167791,5.27344,13.8021,0.671149,2.40501,-4.21875,0.503374,4.83398,15.0502,2.00162,-0.167791,-0.248097,-6.92323,-2.75,0.4375,0.1875,-2.5,-0.125,-0.947266,-0.126953,-2.125,-0.3125,0.25,-2.3125,0.0625,-1.03516,0.224609,0.204945,-0.0490533,-0.0149989,0.210407,0.703622,0.0619858,0.150574,-0.150194,0.0744054,0.354768,0.75664,0.0886272,0.0711913,0.00226428,-1.04961,-0.295291,0.0773702,0.0832424,-0.603406,0.00556068,-0.9191,-0.154441,-0.303105,-0.0461153,0.121041,-0.642187,0.257373,-1.07682,0.182912
40.18,-0.102716,0.000196009,-0.000107135,0.298163,-0.217551,-0.000939065,-0.101738,0.00198565,-0.000241054,0.298692,-0.218912,-0.00220855,0.000147311,1.50952e-05,0.00348156,0.00328368,-0.000743022,-0.0022051,0.0120681,-1.19842e-05,0.0462649,0.00786932,0.00280431,0.0002277,-0.00242081,0.0124636,-0.0119363,0.053743,-0.00959505,-0.1,0,0,0.3,-0.2,0,-0.1,0,0,0.3,-0.2,0,0,0,0,0,0,0,0,0,0,0,0,0,0,0,0,0,0,4.92188,-0.439453,0.223722,5.18555,13.8021,0.671149,3.41175,-4.21875,0.615234,5.44922,15.0505,2.10641,0.279652,-0.198478,-6.84544,-2.75,0.4375,0.25,-2.5,-0.125,-0.947266,-0.117188,-2.0625,-0.3125,0.3125,-2.3125,0.0625,-1.03516,0.224609,0.107024,-0.0294183,0.0878508,0.373687,0.713543,0.0623059,0.508085,-0.185475,0.0189629,0.299886,0.746708,0.104845,0.161506,0.00126798,-1.02598,-0.328368,0.0681663,0.137867,-0.578862,-0.00589624,-0.936096,-0.154441,-0.295771,0.00484163,0.13638,-0.632384,0.238726,-1.0837,0.191901
40.22,-0.102756,0.000170442,-8.03514e-05,0.298163,-0.217551,-0.000939065,-0.101644,0.00197713,-0.000227662,0.29876,-0.218916,-0.00221568,0.000227662,7.54762e-06,0.00348638,0.00325971,-0.000743022,-0.0022051,0.0120921,-2.39685e-05,0.0462572,0.00786932,0.00279232,0.0002277,-0.00239685,0.0124756,-0.0119483,0.0537353,-0.00959505,-0.1,0,0,0.3,-0.2,0,-0.1,0,0,0.3,-0.2,0,0,0,0,0,0,0,0,0,0,0,0,0,0,0,0,0,0,5.25746,-0.527344,0.447443,5.27344,13.8021,0.671149,4.02699,-4.39453,0.559304,2.8125,14.9619,2.05395,-1.17454,-0.198478,-7.00102,-2.75,0.4375,0.25,-2.5,-0.125,-0.927734,-0.117188,-2.0625,-0.3125,0.25,-2.3125,0.0625,-1.03516,0.214844,0.465874,-0.0137717,-0.00739233,0.297329,0.69888,0.0540207,-0.102961,-0.210803,-0.0235162,0.311479,0.750131,0.0996293,-0.0682987,0.0296168,-1.06995,-0.310631,0.0743022,0.134799,-0.613808,-0.0117925,-0.921217,-0.156405,-0.288436,-0.0319739,0.10757,-0.660594,0.248169,-1.07373,0.187974
40.28,-0.102769,0.000187487,-8.03514e-05,0.298155,-0.217543,-0.000939036,-0.101711,0.00198565,-0.000241054,0.298692,-0.21892,-0.00222283,0.000147311,7.54762e-06,0.00348638,0.00327169,-0.000743022,-0.00221708,0.0120921,-2.39685e-05,0.0462649,0.00785398,0.00279232,0.000203732,-0.00242081,0.0124636,-0.0119603,0.0537353,-0.00958738,-0.1,0,0,0.3,-0.2,0,-0.1,0,0,0.3,-0.2,0,0,0,0,0,0,0,0,0,0,0,0,0,0,0,0,0,0,4.92188,-0.615234,0.279652,5.44922,13.7138,0.619155,5.76083,-4.30664,0.167791,4.39453,15.0502,2.00162,-0.279652,-0.248097,-6.76765,-2.75,0.4375,0.1875,-2.5,-0.0625,-0.947266,-0.117188,-2.0625,-0.3125,0.3125,-2.25,0.0625,-1.03516,0.224609,0.46207,-0.0547461,-0.1051,0.565861,0.691941,0.032038,0.114577,-0.208383,0.0703878,0.283524,0.755182,0.0916637,0.063799,0.0238202,-1.04037,-0.330237,0.0650983,0.11699,-0.616876,0.0173532,-0.934133,-0.136463,-0.279232,-0.038781,0.121041,-0.598636,0.243807,-1.09434,0.183894
40.32,-0.102796,0.000187487,-0.000133919,0.298197,-0.217543,-0.000924744,-0.101698,0.00198565,-0.000241054,0.298743,-0.218916,-0.00221568,0.000160703,2.26428e-05,0.00349601,0.00328368,-0.000743022,-0.00221708,0.0120921,-1.19842e-05,0.0462572,0.00786932,0.00279232,0.000215716,-0.00244478,0.0124636,-0.0119483,0.0537277,-0.00959505,-0.1,0,0,0.3,-0.2,0,-0.1,0,0,0.3,-0.2,0,0,0,0,0,0,0,0,0,0,0,0,0,0,0,0,0,0,5.81676,-0.703125,0.615234,4.74609,13.7138,0.619155,3.02024,-4.13086,0.279652,4.04297,15.0505,2.10641,-0.838956,-0.198478,-6.84544,-2.75,0.4375,0.1875,-2.5,-0.0625,-0.957031,-0.117188,-2.125,-0.3125,0.25,-2.25,0.0625,-1.03516,0.224609,0.444178,-0.0351111,0.0648168,0.161319,0.70494,0.0315112,0.0258158,-0.136388,0.0189629,0.275857,0.754989,0.124317,0.116349,-0.000996301,-1.05989,-0.328368,0.0681663,0.0955143,-0.576993,0.0171135,-0.931034,-0.156405,-0.29764,-0.0430473,0.146783,-0.613976,0.229762,-1.06768,0.186992
40.38,-0.102662,0.000178964,-0.000133919,0.298155,-0.217543,-0.000939036,-0.101966,0.00198565,-0.000120527,0.298675,-0.218916,-0.00221568,0.000120527,8.30235e-05,0.00349601,0.00324773,-0.000743022,-0.00215716,0.0120681,1.19842e-05,0.0462572,0.00786932,0.00279232,0.000215716,-0.00242081,0.0124636,-0.0119363,0.0537277,-0.00959505,-0.1,0,0,0.3,-0.2,0,-0.1,0,0,0.3,-0.2,0,0,0,0,0,0,0,0,0,0,0,0,0,0,0,0,0,0,4.97781,-0.615234,0.447443,5.27344,13.7138,0.619155,2.96431,-4.04297,0.111861,4.21875,15.0502,2.00162,0,-0.347336,-7.07881,-2.6875,0.4375,0.1875,-2.5,-0.0625,-0.947266,-0.117188,-2.0625,-0.3125,0.25,-2.3125,0.125,-1.03516,0.224609,0.0193877,-0.0178964,0.0288194,0.331332,0.70008,0.0348109,0.443429,-0.16584,-0.00851724,0.171544,0.769645,0.0830925,-0.0155882,-0.0191105,-1.0488,-0.324773,0.086574,0.10479,-0.59727,-0.00944357,-0.935943,-0.152478,-0.270029,-0.0123677,0.096497,-0.617044,0.234124,-1.07848,0.190919
40.42,-0.102729,0.000187487,-0.000133919,0.298172,-0.217543,-0.000924744,-0.102019,0.00204531,-0.000147311,0.298649,-0.218916,-0.00221568,9.37433e-05,8.30235e-05,0.00350564,0.00327169,-0.000731038,-0.00219311,0.0120921,-4.79369e-05,0.0462572,0.00786932,0.00278034,0.000239685,-0.00244478,0.0124516,-0.0119483,0.0537047,-0.00961806,-0.1,0,0,0.3,-0.2,0,-0.1,0,0,0.3,-0.2,0,0,0,0,0,0,0,0,0,0,0,0,0,0,0,0,0,0,5.53711,-0.703125,0.447443,6.15234,13.7138,0.619155,5.76083,-4.39453,0.391513,4.74609,15.0502,2.00162,0,-0.248097,-7.07881,-2.75,0.4375,0.1875,-2.5,-0.0625,-0.927734,-0.117188,-2.0625,-0.3125,0.3125,-2.3125,0.0625,-1.02539,0.214844,0.200928,-0.0612911,0.0185344,0.323321,0.691914,0.0259765,0.70591,-0.197986,0.0250161,0.257191,0.755024,0.0749083,0.0387294,-0.00461911,-1.06093,-0.330237,0.0823077,0.134199,-0.616876,0.00249272,-0.922199,-0.16524,-0.265762,-0.0270364,0.149851,-0.644056,0.248169,-1.07213,0.169781
40.48,-0.10289,0.000178964,-0.000133919,0.298104,-0.217539,-0.000931875,-0.102113,0.00210496,-0.000133919,0.298606,-0.218924,-0.00222996,1.33919e-05,0.000135857,0.00354897,0.00323574,-0.000743022,-0.00226502,0.0120681,-1.19842e-05,0.0462495,0.00786165,0.00281629,0.000215716,-0.00246875,0.0124636,-0.0119483,0.053697,-0.00960272,-0.1,0,0,0.3,-0.2,0,-0.1,0,0,0.3,-0.2,0,0,0,0,0,0,0,0,0,0,0,0,0,0,0,0,0,0,5.31339,-0.703125,0.447443,5.27344,13.8021,0.671149,5.81676,-4.30664,0.447443,3.86719,15.0502,2.00162,-0.503374,-0.446575,-7.23439,-2.6875,0.4375,0.1875,-2.5,-0.0625,-0.947266,-0.126953,-2.125,-0.3125,0.25,-2.25,0.125,-1.03516,0.224609,0.412413,-0.0342589,0.0288194,0.317187,0.696684,0.0400031,0.175323,-0.190861,0.00310692,0.0945052,0.768353,0.0919041,0.0885472,-0.0146725,-1.07393,-0.31437,0.0712342,0.100979,-0.569658,0.000239685,-0.917136,-0.149379,-0.287765,-0.00929976,0.126505,-0.613976,0.240499,-1.06118,0.198927
40.54,-0.102769,0.000187487,-5.35676e-05,0.298052,-0.217547,-0.000931904,-0.101752,0.00221575,-0.000294622,0.298572,-0.218933,-0.00221564,9.37433e-05,8.30235e-05,0.00352489,0.00319979,-0.00076699,-0.00226502,0.0120561,-2.39685e-05,0.0462572,0.00786165,0.00278034,0.000203732,-0.00251669,0.0124396,-0.0119483,0.0537047,-0.00960272,-0.1,0,0,0.3,-0.2,0,-0.1,0,0,0.3,-0.2,0,0,0,0,0,0,0,0,0,0,0,0,0,0,0,0,0,0,6.20827,-0.703125,0.111861,6.50391,13.8021,0.671149,2.29315,-4.6582,0.615234,4.74609,15.1388,2.05408,-0.167791,-0.248097,-6.92323,-2.6875,0.4375,0.1875,-2.5625,-0.0625,-0.947266,-0.117188,-2.0625,-0.3125,0.3125,-2.3125,0.0625,-1.03516,0.224609,0.390075,-0.0351111,-0.0409256,0.417578,0.69206,0.0207732,-0.0459646,-0.211758,0.0500321,0.274152,0.791436,0.102232,-0.017838,-0.0104157,-1.05562,-0.304639,0.110447,0.113251,-0.602807,-0.00105461,-0.928089,-0.147416,-0.26883,-0.0173052,0.122766,-0.640389,0.245101,-1.07606,0.195
40.58,-0.102903,0.000204531,-8.03514e-05,0.298052,-0.217547,-0.000917613,-0.101979,0.00221575,-0.000241054,0.298547,-0.218941,-0.00221561,0.000254446,9.81187e-05,0.00354415,0.00323574,-0.00076699,-0.00221708,0.0120681,-2.39685e-05,0.0462495,0.00787699,0.00274439,0.000191748,-0.00238486,0.0124396,-0.0119363,0.053697,-0.00959505,-0.1,0,0,0.3,-0.2,0,-0.1,0,0,0.3,-0.2,0,0,0,0,0,0,0,0,0,0,0,0,0,0,0,0,0,0,6.37607,-0.527344,0.167791,5.53711,13.8021,0.671149,3.69141,-4.6582,0.671165,5.36133,15.0505,2.10641,-1.00675,-0.347336,-7.07881,-2.6875,0.4375,0.1875,-2.5,-0.125,-0.947266,-0.117188,-2.0625,-0.25,0.25,-2.3125,0.0625,-1.02539,0.224609,0.233765,-0.033543,-0.0176773,0.297587,0.69367,0.0174622,0.588758,-0.237937,0.0138204,0.245258,0.757656,0.0886244,-0.199754,-0.0236391,-1.06694,-0.302098,0.079767,0.10165,-0.591134,-0.00105461,-0.917136,-0.167357,-0.274439,0.0145728,0.110039,-0.640389,0.258668,-1.06118,0.194846
40.64,-0.102903,0.000196009,-0.000133919,0.298035,-0.217551,-0.000939065,-0.102019,0.0021561,-0.000227662,0.298504,-0.218941,-0.00220132,0.000200878,9.81187e-05,0.00355378,0.00321177,-0.000719053,-0.00215716,0.0120801,-5.99211e-05,0.0462495,0.00786932,0.00274439,0.000215716,-0.00238486,0.0124157,-0.0119363,0.053697,-0.00958738,-0.1,0,0,0.3,-0.2,0,-0.1,0,0,0.3,-0.2,0,0,0,0,0,0,0,0,0,0,0,0,0,0,0,0,0,0,5.87269,-0.615234,0.447443,5.18555,13.8021,0.671149,4.25071,-4.57031,0.391513,5.09766,14.9619,2.05395,0.0559304,-0.396955,-7.00102,-2.75,0.4375,0.25,-2.5,-0.125,-0.947266,-0.117188,-2.0625,-0.3125,0.25,-2.25,0.125,-1.02539,0.224609,0.130916,-0.0686883,0.0905292,0.311052,0.711856,0.0485758,0.577347,-0.218882,0.0227662,0.169839,0.734896,0.099111,0.0374437,-0.0265373,-1.07168,-0.348789,0.0596335,0.107858,-0.619345,0.00119842,-0.921063,-0.157386,-0.274439,-0.0062318,0.0762916,-0.593171,0.246396,-1.06216,0.190766
40.68,-0.10289,0.000178964,-0.000147311,0.297976,-0.217556,-0.000931934,-0.101979,0.00213905,-0.000187487,0.298453,-0.218924,-0.00221567,0.000147311,7.54759e-05,0.00353934,0.00323574,-0.00076699,-0.00222907,0.0120801,-3.59527e-05,0.0462649,0.00786932,0.00274439,0.000179763,-0.00245677,0.0124157,-0.0119363,0.053697,-0.00959505,-0.1,0,0,0.3,-0.2,0,-0.1,0,0,0.3,-0.2,0,0,0,0,0,0,0,0,0,0,0,0,0,0,0,0,0,0,4.81001,-0.615234,0.223722,5.88867,13.7134,0.723941,6.04048,-4.48242,0.671165,5.53711,15.0502,2.00162,-0.279652,-0.248097,-6.92323,-2.625,0.4375,0.1875,-2.5,-0.0625,-0.947266,-0.117188,-2.0625,-0.3125,0.3125,-2.3125,0.0625,-1.03516,0.214844,0.206713,0.0475534,0.0404435,0.516347,0.686022,0.0482008,0.42934,-0.204088,0.0187487,0.302955,0.745597,0.0969008,0.00723163,-0.0168462,-1.04331,-0.302098,0.079767,0.123725,-0.622413,0.00838896,-0.939042,-0.158368,-0.283643,-0.0302482,0.13511,-0.614647,0.237192,-1.06805,0.189938
40.74,-0.10297,0.000213053,-0.000120527,0.298001,-0.217564,-0.000917671,-0.101939,0.00204531,-8.03514e-05,0.29847,-0.218937,-0.00220848,0.000160703,9.05711e-05,0.00354897,0.00319979,-0.000743022,-0.00225303,0.0120801,1.19842e-05,0.0462342,0.00786932,0.00274439,0.000203732,-0.00245677,0.0124276,-0.0119483,0.0537047,-0.00959505,-0.1,0,0,0.3,-0.2,0,-0.1,0,0,0.3,-0.2,0,0,0,0,0,0,0,0,0,0,0,0,0,0,0,0,0,0,5.53711,-0.878906,0.503374,6.5918,13.8021,0.671149,4.08292,-4.30664,0.167791,5.44922,15.0502,2.00162,-0.167791,-0.396955,-7.00102,-2.6875,0.4375,0.1875,-2.5,-0.0625,-0.947266,-0.126953,-2.0625,-0.3125,0.25,-2.3125,0.0625,-1.02539,0.224609,0.374166,-0.0278503,-0.0136597,0.397979,0.702559,0.0367068,-0.114638,-0.207803,-0.12567,0.213132,0.752605,0.0965907,0.034069,-0.024273,-1.05545,-0.326115,0.0743022,0.103448,-0.616277,0.00282828,-0.907012,-0.154441,-0.277507,-0.0173052,0.128974,-0.62445,0.235897,-1.08097,0.191901
40.78,-0.10293,0.000221575,-0.000147311,0.29795,-0.217556,-0.000931934,-0.101899,0.00201974,-0.000187487,0.298496,-0.218933,-0.00221564,0.000160703,6.79282e-05,0.00354415,0.00319979,-0.000731038,-0.0022051,0.0120681,-3.59527e-05,0.0462495,0.00786165,0.0027324,0.000215716,-0.0024328,0.0124396,-0.0119603,0.053697,-0.00958738,-0.1,0,0,0.3,-0.2,0,-0.1,0,0,0.3,-0.2,0,0,0,0,0,0,0,0,0,0,0,0,0,0,0,0,0,0,5.76083,-0.703125,0.503374,6.5918,13.8021,0.671149,5.76083,-4.30664,0.335582,4.39453,15.1388,2.05408,-0.559304,-0.297716,-6.84544,-2.6875,0.4375,0.1875,-2.5,-0.125,-0.947266,-0.117188,-2,-0.3125,0.25,-2.3125,0.0625,-1.03516,0.224609,0.447286,-0.0646999,0.0147311,0.383829,0.699073,0.0592252,0.0870432,-0.175794,0.0496036,0.291109,0.763802,0.110562,-0.0327834,0.0201974,-1.06325,-0.319979,0.0853756,0.110255,-0.600338,0.005321,-0.918118,-0.146434,-0.282444,-0.0277075,0.12164,-0.628117,0.256079,-1.07296,0.182912
40.84,-0.10297,0.000204531,-0.000120527,0.297976,-0.217564,-0.000917671,-0.101819,0.00204531,-0.000187487,0.298513,-0.218929,-0.00220851,0.000200878,7.54759e-05,0.00353934,0.00319979,-0.000743022,-0.00218113,0.0120561,-2.39685e-05,0.0462495,0.00787699,0.00274439,0.000215716,-0.00240883,0.0124037,-0.0119363,0.053697,-0.00958738,-0.1,0,0,0.3,-0.2,0,-0.1,0,0,0.3,-0.2,0,0,0,0,0,0,0,0,0,0,0,0,0,0,0,0,0,0,6.59979,-0.703125,0.167791,5.71289,13.8021,0.671149,2.51687,-4.39453,0.391513,4.74609,15.1388,2.05408,-0.671165,-0.396955,-7.1566,-2.6875,0.4375,0.25,-2.5,-0.125,-0.947266,-0.117188,-2,-0.3125,0.25,-2.3125,0.0625,-1.03516,0.224609,0.513013,-0.00409061,-0.0702271,0.456351,0.710747,0.0504594,-0.0392687,-0.243801,0.0187487,0.255827,0.763661,0.0718485,-0.106546,-0.0284393,-1.0655,-0.298503,0.0743022,0.109056,-0.562923,-0.00105461,-0.924009,-0.169321,-0.298982,0.0213799,0.0958978,-0.632455,0.237192,-1.07885,0.184875
40.88,-0.102836,0.00016192,-0.000120527,0.298027,-0.217547,-0.000931904,-0.101752,0.00205383,-0.000227662,0.298538,-0.218937,-0.00220848,0.000241054,8.30235e-05,0.00354415,0.00319979,-0.000743022,-0.00215716,0.0120681,-3.59527e-05,0.0462495,0.00786932,0.00274439,0.000215716,-0.00238486,0.0124276,-0.0119363,0.053697,-0.00958738,-0.1,0,0,0.3,-0.2,0,-0.1,0,0,0.3,-0.2,0,0,0,0,0,0,0,0,0,0,0,0,0,0,0,0,0,0,6.37607,-0.527344,0.447443,4.92188,13.7138,0.619155,1.45419,-4.30664,0.615234,5.09766,15.0502,2.00162,-0.894886,-0.446575,-7.07881,-2.6875,0.4375,0.1875,-2.5,-0.125,-0.927734,-0.117188,-2,-0.3125,0.25,-2.3125,0.0625,-1.03516,0.224609,0.391629,0.0688928,0.0326227,0.170523,0.69866,0.0427547,0.118595,-0.211928,0.00733876,0.273808,0.75424,0.0828606,-0.139169,-0.00751739,-1.05955,-0.316911,0.0988459,0.0618386,-0.606474,0.00225303,-0.918118,-0.157386,-0.30205,-0.00929976,0.119243,-0.618314,0.229522,-1.07198,0.185857
40.94,-0.102769,0.00016192,-0.000147311,0.298052,-0.217551,-0.000939065,-0.101644,0.0020794,-0.000241054,0.298555,-0.218929,-0.00220851,0.000174095,7.54759e-05,0.00352971,0.00321177,-0.000743022,-0.00222907,0.0120801,-4.79369e-05,0.0462572,0.00786165,0.0027324,0.000191748,-0.00246875,0.0124037,-0.0119603,0.053697,-0.00959505,-0.1,0,0,0.3,-0.2,0,-0.1,0,0,0.3,-0.2,0,0,0,0,0,0,0,0,0,0,0,0,0,0,0,0,0,0,6.2642,-0.527344,0.335582,5.27344,13.7138,0.619155,2.62873,-4.30664,0.447443,5.53711,15.0502,2.00162,-0.391513,-0.446575,-7.07881,-2.6875,0.4375,0.1875,-2.5,-0.125,-0.947266,-0.126953,-2,-0.3125,0.3125,-2.3125,0.0625,-1.02539,0.214844,0.354078,0.0361679,-0.00583886,0.237591,0.707018,0.0567937,-0.267521,-0.171942,-0.032462,0.440334,0.755533,0.0746214,0.0249089,-0.0284393,-1.04782,-0.296634,0.0589624,0.0930455,-0.607073,-0.00517719,-0.929071,-0.153306,-0.257901,-0.0191748,0.117302,-0.61098,0.246875,-1.08081,0.194846
40.98,-0.102769,0.000178964,-0.000107135,0.298087,-0.217547,-0.000931904,-0.101725,0.00208792,-0.000174095,0.298649,-0.218924,-0.00220136,0.000133919,0.000120762,0.00352971,0.00319979,-0.00076699,-0.00224105,0.0120681,-1.19842e-05,0.0462649,0.00785398,0.00275637,0.000215716,-0.00245677,0.0124276,-0.0119363,0.0537047,-0.00958738,-0.1,0,0,0.3,-0.2,0,-0.1,0,0,0.3,-0.2,0,0,0,0,0,0,0,0,0,0,0,0,0,0,0,0,0,0,5.59304,-0.791016,0.279652,4.39453,13.7138,0.619155,3.80327,-4.21875,0.335582,4.21875,14.9619,2.05395,0.111861,-0.396955,-7.00102,-2.6875,0.4375,0.1875,-2.5,-0.125,-0.947266,-0.117188,-2.0625,-0.3125,0.25,-2.3125,0.0625,-1.03516,0.214844,0.374648,-0.00807897,-0.0612813,0.352469,0.698684,0.0482445,0.110774,-0.176067,0.0174095,0.322641,0.745593,0.101818,0.0575316,-0.0304319,-1.06261,-0.307707,0.0981748,0.0997807,-0.603406,-0.00743022,-0.936096,-0.141372,-0.306317,-0.00316384,0.0798868,-0.621382,0.243328,-1.08686,0.178003
41.04,-0.102649,0.000170442,-0.000133919,0.29818,-0.217534,-0.000939007,-0.101778,0.00211348,-0.000227662,0.298734,-0.218924,-0.00221567,0.000187487,0.000120762,0.00352971,0.00321177,-0.000743022,-0.00222907,0.0120681,1.19842e-05,0.0462572,0.00786165,0.00274439,0.000215716,-0.00240883,0.0124157,-0.0119483,0.0537047,-0.00960272,-0.1,0,0,0.3,-0.2,0,-0.1,0,0,0.3,-0.2,0,0,0,0,0,0,0,0,0,0,0,0,0,0,0,0,0,0,4.30664,-0.527344,0.335582,5.18555,13.8021,0.671149,4.13885,-4.48242,0.503374,2.98828,15.1388,2.05408,0.671165,-0.347336,-6.76765,-2.625,0.4375,0.1875,-2.5,-0.1875,-0.927734,-0.126953,-2.0625,-0.3125,0.3125,-2.25,0.0625,-1.03516,0.224609,0.177465,-0.0170442,0.0288194,0.289322,0.691702,0.0539959,0.254978,-0.227711,-0.0440861,-0.044664,0.756979,0.0886268,-0.0202485,-0.0188388,-1.06261,-0.269022,0.104982,0.102249,-0.600338,-0.00177367,-0.926126,-0.160178,-0.286711,-0.0246396,0.123509,-0.599307,0.245101,-1.079,0.203835
41.08,-0.102609,0.000187487,-0.000107135,0.298231,-0.217534,-0.000939007,-0.101792,0.00213905,-0.000254446,0.298819,-0.218916,-0.00221568,0.000187487,9.81187e-05,0.00351527,0.00319979,-0.00076699,-0.00226502,0.0120561,2.39685e-05,0.0462649,0.00786165,0.0027324,0.000215716,-0.00245677,0.0124276,-0.0119483,0.053697,-0.00959505,-0.1,0,0,0.3,-0.2,0,-0.1,0,0,0.3,-0.2,0,0,0,0,0,0,0,0,0,0,0,0,0,0,0,0,0,0,4.64222,-0.615234,0.671165,3.7793,13.8021,0.671149,5.1456,-4.48242,0.671165,3.60352,15.0502,2.00162,-0.838956,-0.446575,-6.92323,-2.6875,0.4375,0.1875,-2.5,-0.125,-0.927734,-0.126953,-2,-0.3125,0.3125,-2.3125,0.0625,-1.03516,0.224609,0.204303,-0.0547461,-0.0355689,0.281651,0.709542,0.045823,0.492872,-0.210633,-0.000267839,0.155267,0.758251,0.107836,-0.00482108,-0.0236391,-1.05828,-0.298503,0.0736311,0.116319,-0.581331,-0.00354733,-0.937078,-0.158215,-0.251765,-9.58741e-05,0.125906,-0.636722,0.240499,-1.06609,0.2027
41.14,-0.102676,0.00016192,-8.03514e-05,0.29824,-0.217534,-0.000939007,-0.101578,0.00210496,-0.000241054,0.298871,-0.218916,-0.00221568,0.000200878,0.000135857,0.00351045,0.00322376,-0.000743022,-0.00222907,0.0120681,2.39685e-05,0.0462342,0.00786165,0.00275637,0.0002277,-0.0024328,0.0124037,-0.0119363,0.0536893,-0.00957971,-0.1,0,0,0.3,-0.2,0,-0.1,0,0,0.3,-0.2,0,0,0,0,0,0,0,0,0,0,0,0,0,0,0,0,0,0,5.92862,-0.703125,0.503374,5.09766,13.6247,0.776734,2.51687,-4.39453,0.727095,3.07617,15.0502,2.00162,-1.23047,-0.396955,-6.84544,-2.6875,0.4375,0.1875,-2.5,-0.125,-0.947266,-0.126953,-2.0625,-0.375,0.3125,-2.3125,0.125,-1.03516,0.224609,0.396128,-0.00964703,-0.0176773,0.449451,0.693414,0.0732158,-0.150797,-0.207224,0.0498179,0.213046,0.751766,0.0858992,-0.116831,-0.008876,-1.04389,-0.322376,0.089642,0.0991815,-0.575794,-0.0112172,-0.90603,-0.162142,-0.278705,-0.0657215,0.13698,-0.620184,0.221852,-1.05808,0.186685
41.18,-0.102555,0.000213053,-0.000133919,0.298283,-0.217534,-0.000939007,-0.101671,0.00210496,-0.000294622,0.298888,-0.218912,-0.00220855,0.000187487,9.81187e-05,0.00351527,0.00322376,-0.00076699,-0.00222907,0.0120801,-1.19842e-05,0.0462572,0.00786932,0.00275637,0.000203732,-0.00238486,0.0124037,-0.0119363,0.0537047,-0.00960272,-0.1,0,0,0.3,-0.2,0,-0.1,0,0,0.3,-0.2,0,0,0,0,0,0,0,0,0,0,0,0,0,0,0,0,0,0,4.08292,-0.615234,0.559304,4.48242,13.7138,0.619155,5.1456,-4.39453,0.950817,3.25195,15.0502,2.00162,-0.279652,-0.446575,-6.92323,-2.6875,0.4375,0.1875,-2.5,-0.0625,-0.947266,-0.117188,-2,-0.3125,0.3125,-2.3125,0.0625,-1.03516,0.224609,0.126951,-0.0343953,0.121384,0.224892,0.694828,0.0265582,0.285404,-0.194134,0.0500321,0.23776,0.75809,0.0965711,-0.0922434,-0.0178425,-1.05828,-0.322376,0.116583,0.117589,-0.557986,0.00790959,-0.93987,-0.157386,-0.284841,0.0103064,0.110039,-0.601776,0.243328,-1.08097,0.204817
41.24,-0.102595,0.000178964,-0.000107135,0.2983,-0.217539,-0.000946167,-0.101711,0.00205383,-0.000241054,0.298913,-0.218916,-0.00221568,0.000254446,9.81187e-05,0.00351527,0.00323574,-0.000743022,-0.00221708,0.0120681,-2.39685e-05,0.0462649,0.00786932,0.00275637,0.000215716,-0.00242081,0.0124157,-0.0119483,0.053697,-0.00960272,-0.1,0,0,0.3,-0.2,0,-0.1,0,0,0.3,-0.2,0,0,0,0,0,0,0,0,0,0,0,0,0,0,0,0,0,0,4.53036,-0.615234,0.391513,4.48242,13.8021,0.671149,4.97781,-4.30664,0.615234,3.86719,14.9619,2.05395,-0.671165,-0.396955,-6.84544,-2.6875,0.4375,0.1875,-2.5,-0.125,-0.927734,-0.126953,-2,-0.3125,0.25,-2.3125,0.125,-1.02539,0.214844,0.305814,0.0410084,0.0724234,0.211427,0.72115,0.0598732,0.433411,-0.172658,0.0549603,0.184837,0.740361,0.127112,-0.0249089,-0.0062494,-1.05458,-0.31437,0.0773702,0.0863104,-0.59727,0.00201335,-0.928243,-0.162295,-0.275637,-0.0246396,0.114905,-0.620783,0.246635,-1.07787,0.197945
41.28,-0.102635,0.00016192,-9.37433e-05,0.298266,-0.217543,-0.000953328,-0.101792,0.00202826,-0.000254446,0.298836,-0.218912,-0.00222286,0.000187487,0.000105666,0.00351045,0.00321177,-0.000743022,-0.00216914,0.0120561,-3.59527e-05,0.0462572,0.00785398,0.00275637,0.000215716,-0.00238486,0.0124276,-0.0119603,0.0536817,-0.00958738,-0.1,0,0,0.3,-0.2,0,-0.1,0,0,0.3,-0.2,0,0,0,0,0,0,0,0,0,0,0,0,0,0,0,0,0,0,4.4185,-0.615234,0.111861,5.09766,13.7138,0.619155,4.4185,-4.30664,0.671165,4.21875,15.0505,2.10641,0.111861,-0.347336,-6.92323,-2.6875,0.4375,0.1875,-2.5625,-0.0625,-0.947266,-0.117188,-2.0625,-0.3125,0.3125,-2.375,0.125,-1.03516,0.224609,0.227551,-0.0129195,-0.0986179,0.32017,0.700157,0.0518519,0.467159,-0.215916,0.082012,0.365422,0.735313,0.130161,-0.0202485,-0.0230051,-1.05129,-0.302769,0.0804381,0.105389,-0.621214,0.0114569,-0.928089,-0.143335,-0.287909,-0.00929976,0.113107,-0.667402,0.257613,-1.05498,0.190766
41.34,-0.102689,0.000178964,-0.000107135,0.29824,-0.217543,-0.000924744,-0.101832,0.00202826,-0.000227662,0.298896,-0.218916,-0.00221568,0.000120527,7.54759e-05,0.00352971,0.00321177,-0.000743022,-0.00218113,0.0120681,-1.19842e-05,0.0462572,0.00786165,0.00275637,0.0002277,-0.00240883,0.0124276,-0.0119483,0.053697,-0.00958738,-0.1,0,0,0.3,-0.2,0,-0.1,0,0,0.3,-0.2,0,0,0,0,0,0,0,0,0,0,0,0,0,0,0,0,0,0,4.36257,-0.966797,0.503374,5.53711,13.7138,0.619155,4.69815,-4.30664,0.503374,3.42773,15.0502,2.00162,-0.335582,-0.396955,-7.1566,-2.6875,0.4375,0.1875,-2.5,-0.0625,-0.927734,-0.126953,-2,-0.25,0.1875,-2.3125,0.0625,-1.02539,0.214844,0.186626,-0.0506214,0.0107135,0.405818,0.696852,0.0397178,0.563741,-0.206099,0.0330512,0.11649,0.772876,0.11053,0.0101243,-0.0226428,-1.0774,-0.296634,0.0804381,0.124396,-0.594202,0.00637561,-0.921217,-0.158215,-0.272569,0.0109775,0.0897619,-0.642858,0.237431,-1.07394,0.179967
41.38,-0.102635,0.000178964,-9.37433e-05,0.298231,-0.217539,-0.000931875,-0.101832,0.00201122,-0.000133919,0.298819,-0.21892,-0.00220852,0.000147311,8.30235e-05,0.00351527,0.00319979,-0.000743022,-0.00225303,0.0120801,-3.59527e-05,0.0462572,0.00785398,0.00275637,0.0002277,-0.00245677,0.0124037,-0.0119483,0.0536893,-0.00957971,-0.1,0,0,0.3,-0.2,0,-0.1,0,0,0.3,-0.2,0,0,0,0,0,0,0,0,0,0,0,0,0,0,0,0,0,0,4.69815,-0.615234,0.447443,5.80078,13.8021,0.671149,3.52362,-4.39453,0.503374,4.39453,15.1388,2.05408,-0.223722,-0.347336,-6.92323,-2.625,0.4375,0.1875,-2.5625,-0.125,-0.927734,-0.117188,-2,-0.3125,0.25,-2.25,0.0625,-1.02539,0.224609,0.150414,-0.00153398,-0.0420506,0.352555,0.698346,0.0482433,0.409467,-0.194577,0.0288194,0.187992,0.763294,0.110278,-0.111046,0.00697399,-1.04534,-0.286231,0.0743022,0.112652,-0.643888,0.00378702,-0.930053,-0.147262,-0.275637,-0.00436226,0.104431,-0.604844,0.240499,-1.06593,0.188649
41.44,-0.102702,0.000170442,-8.03514e-05,0.298231,-0.217551,-0.000939065,-0.101859,0.00204531,-0.000174095,0.298751,-0.218924,-0.00222996,0.000187487,7.54759e-05,0.00352971,0.00321177,-0.000743022,-0.00221708,0.0120561,-1.19842e-05,0.0462572,0.00785398,0.0027324,0.000215716,-0.00242081,0.0124157,-0.0119483,0.053697,-0.00959505,-0.1,0,0,0.3,-0.2,0,-0.1,0,0,0.3,-0.2,0,0,0,0,0,0,0,0,0,0,0,0,0,0,0,0,0,0,4.86594,-0.615234,0.335582,3.69141,13.7138,0.619155,4.92188,-4.39453,0.950817,3.7793,14.8736,2.10628,-0.894886,-0.347336,-6.92323,-2.6875,0.4375,0.1875,-2.5,-0.0625,-0.947266,-0.117188,-2,-0.3125,0.25,-2.25,0.0625,-1.02539,0.224609,0.141682,0.0287707,0.05946,0.216201,0.708606,0.0485646,0.42243,-0.220893,0.0996893,0.0400499,0.724436,0.144209,-0.0716734,-0.00815138,-1.06076,-0.311973,0.09271,0.040291,-0.590535,0.00330765,-0.928089,-0.147262,-0.279376,-0.00929976,0.121041,-0.593171,0.249703,-1.08179,0.200737
41.48,-0.102796,0.000178964,-8.03514e-05,0.298112,-0.217547,-0.000946196,-0.101953,0.00205383,-0.000254446,0.298666,-0.218929,-0.0022228,0.000160703,9.81187e-05,0.00352489,0.00319979,-0.000743022,-0.00221708,0.0120681,-1.19842e-05,0.0462572,0.00786165,0.00274439,0.000215716,-0.00238486,0.0124276,-0.0119363,0.053697,-0.00958738,-0.1,0,0,0.3,-0.2,0,-0.1,0,0,0.3,-0.2,0,0,0,0,0,0,0,0,0,0,0,0,0,0,0,0,0,0,5.64897,-0.439453,0.223722,5.09766,13.7138,0.619155,3.74734,-4.30664,0.671165,4.83398,15.0502,2.00162,0,-0.396955,-7.00102,-2.6875,0.4375,0.25,-2.5,-0.125,-0.927734,-0.117188,-2,-0.3125,0.3125,-2.3125,0.0625,-1.03516,0.224609,0.202481,0.0442809,-0.0331048,0.212279,0.713351,0.0571014,0.467802,-0.169386,0.0254446,0.134643,0.762017,0.0971299,-0.0739233,-0.0526218,-1.04268,-0.316911,0.0773702,0.123126,-0.59727,0.0201814,-0.930053,-0.160178,-0.277507,-0.0277075,0.122311,-0.62445,0.258668,-1.07885,0.187821
41.54,-0.10289,0.000187487,-0.000107135,0.298035,-0.217547,-0.000931904,-0.102006,0.0020794,-0.000227662,0.298572,-0.218924,-0.00221567,0.000187487,7.54759e-05,0.00353934,0.00319979,-0.000731038,-0.0022051,0.0120441,-1.19842e-05,0.0462572,0.00786165,0.00274439,0.000191748,-0.00244478,0.0124276,-0.0119483,0.053697,-0.00961039,-0.1,0,0,0.3,-0.2,0,-0.1,0,0,0.3,-0.2,0,0,0,0,0,0,0,0,0,0,0,0,0,0,0,0,0,0,5.42525,-0.615234,0.391513,4.92188,13.7138,0.619155,4.36257,-4.48242,0.559304,5.36133,15.1388,2.05408,-0.111861,-0.396955,-7.00102,-2.6875,0.4375,0.25,-2.5,-0.0625,-0.947266,-0.117188,-2,-0.3125,0.25,-2.3125,0.0625,-1.03516,0.224609,0.268423,-0.00565868,0.0107135,0.381956,0.690472,0.0290022,0.524584,-0.198122,-0.00294622,0.230519,0.740719,0.0996625,-0.0665309,0.00344172,-1.07474,-0.310775,0.0638999,0.128663,-0.586868,0.00790959,-0.926126,-0.162142,-0.274439,-0.0222427,0.122239,-0.615246,0.257373,-1.07885,0.204971
41.58,-0.10289,0.000204531,-8.03514e-05,0.298035,-0.217556,-0.000931934,-0.102073,0.00209644,-0.000174095,0.298504,-0.218933,-0.00220135,0.000133919,8.30235e-05,0.00354415,0.00319979,-0.00076699,-0.00226502,0.0120322,-3.59527e-05,0.0462649,0.00785398,0.00274439,0.000191748,-0.00248073,0.0124276,-0.0119483,0.0536893,-0.00958738,-0.1,0,0,0.3,-0.2,0,-0.1,0,0,0.3,-0.2,0,0,0,0,0,0,0,0,0,0,0,0,0,0,0,0,0,0,5.48118,-0.527344,0.335582,4.39453,13.8021,0.671149,6.76758,-4.30664,0.447443,4.74609,15.0505,2.10641,-0.503374,-0.198478,-7.00102,-2.6875,0.4375,0.25,-2.5,-0.125,-0.947266,-0.117188,-2,-0.3125,0.3125,-2.375,0.125,-1.03516,0.224609,0.237568,0.00572686,-0.0279623,0.152882,0.713687,0.0565309,0.320437,-0.199827,0.0276944,0.268013,0.731284,0.132062,-0.0556032,0.00407572,-1.07064,-0.332251,0.082835,0.146999,-0.5832,-0.00234891,-0.930206,-0.160025,-0.268303,-0.000766991,0.120969,-0.652062,0.238965,-1.07084,0.190766
41.64,-0.102863,0.000196009,-0.000120527,0.297942,-0.217556,-0.000931934,-0.102019,0.0020794,-0.000187487,0.298513,-0.218933,-0.00221564,0.000241054,9.81187e-05,0.00353452,0.00319979,-0.000743022,-0.00224105,0.0120441,-2.39685e-05,0.0462495,0.00785398,0.0027324,0.000179763,-0.00244478,0.0124276,-0.0119363,0.053697,-0.00957971,-0.1,0,0,0.3,-0.2,0,-0.1,0,0,0.3,-0.2,0,0,0,0,0,0,0,0,0,0,0,0,0,0,0,0,0,0,4.97781,-0.615234,0.447443,5.53711,13.8021,0.671149,5.59304,-4.30664,0.838956,3.25195,15.0502,2.00162,-0.279652,-0.347336,-7.23439,-2.6875,0.4375,0.1875,-2.5,-0.125,-0.947266,-0.117188,-2,-0.3125,0.25,-2.3125,0.0625,-1.03516,0.214844,0.157752,-0.0196009,0.0274802,0.363291,0.716962,0.0620319,0.531065,-0.165397,0.121598,0.092202,0.744304,0.10514,-0.211163,-0.012046,-1.07145,-0.313843,0.0743022,0.105917,-0.574596,0.000479369,-0.918118,-0.156098,-0.267104,-0.00570449,0.106899,-0.636722,0.231056,-1.08081,0.175886
41.68,-0.103037,0.000187487,-8.03514e-05,0.297908,-0.21756,-0.000939094,-0.101912,0.00208792,-0.000227662,0.298436,-0.218941,-0.00220132,0.00021427,6.79282e-05,0.00356341,0.00319979,-0.000743022,-0.0022051,0.0120561,-2.39685e-05,0.0462495,0.00785398,0.0027324,0.000203732,-0.00248073,0.0124037,-0.0119603,0.0536817,-0.00959505,-0.1,0,0,0.3,-0.2,0,-0.1,0,0,0.3,-0.2,0,0,0,0,0,0,0,0,0,0,0,0,0,0,0,0,0,0,6.65572,-0.703125,0.111861,6.50391,13.7138,0.619155,3.63548,-4.39453,0.838956,4.6582,15.1385,1.94929,-0.950817,-0.347336,-6.92323,-2.6875,0.4375,0.25,-2.5625,-0.0625,-0.947266,-0.117188,-2,-0.3125,0.25,-2.3125,0.0625,-1.03516,0.224609,0.416859,-0.0383836,-0.0382473,0.379313,0.712195,0.048577,0.016388,-0.205519,0.00219627,0.343691,0.752786,0.0798349,-0.084851,-0.0174802,-1.07087,-0.326115,0.0957779,0.119459,-0.621214,0.00354733,-0.921063,-0.160025,-0.291648,-0.0111693,0.14858,-0.623252,0.223865,-1.06087,0.193865
41.74,-0.10293,0.000178964,-0.000107135,0.297933,-0.217568,-0.000924832,-0.101993,0.00207087,-0.000187487,0.298436,-0.218946,-0.00220845,0.000133919,6.79282e-05,0.00355378,0.00317582,-0.000755006,-0.00222907,0.0120561,-4.79369e-05,0.0462495,0.00785398,0.0027324,0.000215716,-0.00240883,0.0124037,-0.0119603,0.0536893,-0.00959505,-0.1,0,0,0.3,-0.2,0,-0.1,0,0,0.3,-0.2,0,0,0,0,0,0,0,0,0,0,0,0,0,0,0,0,0,0,5.92862,-0.351562,0.111861,5.27344,13.7134,0.723941,3.18803,-4.30664,0.503374,5.18555,15.1388,2.05408,0,-0.297716,-7.00102,-2.6875,0.4375,0.1875,-2.5,-0.0625,-0.927734,-0.126953,-2,-0.3125,0.3125,-2.3125,0.125,-1.03516,0.214844,0.267299,0.0148285,-0.0304264,0.353661,0.704417,0.0507233,0.363827,-0.226722,0.0547461,0.190975,0.764306,0.115765,0.129526,-9.05413e-05,-1.05319,-0.314514,0.0877725,0.0991815,-0.602807,-0.000575243,-0.921063,-0.153153,-0.285512,-0.0215716,0.10817,-0.62632,0.239205,-1.06986,0.194846
41.78,-0.102917,0.000178964,-8.03514e-05,0.297908,-0.217556,-0.000931934,-0.102073,0.00206235,-0.000187487,0.29841,-0.218937,-0.00220848,0.000187487,6.03806e-05,0.00355859,0.00317582,-0.000743022,-0.00222907,0.0120561,-1.19842e-05,0.0462572,0.00785398,0.0027324,0.000203732,-0.00245677,0.0124157,-0.0119483,0.053697,-0.00960272,-0.1,0,0,0.3,-0.2,0,-0.1,0,0,0.3,-0.2,0,0,0,0,0,0,0,0,0,0,0,0,0,0,0,0,0,0,5.25746,-0.527344,0.335582,6.5918,13.8021,0.671149,4.53036,-4.30664,0.671165,5.80078,14.9619,2.05395,-0.223722,-0.198478,-7.00102,-2.6875,0.4375,0.25,-2.5,-0.0625,-0.927734,-0.117188,-2,-0.25,0.1875,-2.3125,0.0625,-1.03516,0.224609,0.188822,-0.00807897,0.00803514,0.395675,0.692498,0.0427334,0.515852,-0.19969,0.0907435,0.260261,0.742843,0.113094,-0.107671,0.0282582,-1.06388,-0.30531,0.09271,0.120657,-0.624282,0.00944357,-0.921217,-0.156098,-0.267104,0.0225783,0.067615,-0.626919,0.263509,-1.08179,0.216598
41.84,-0.102836,0.000178964,-0.000120527,0.297925,-0.217573,-0.000931992,-0.102113,0.00207087,-0.000174095,0.298453,-0.218941,-0.00218703,0.000187487,6.79282e-05,0.00355378,0.0031878,-0.000743022,-0.00222907,0.0120561,-1.19842e-05,0.0462495,0.00784631,0.00272042,0.000191748,-0.00240883,0.0124276,-0.0119603,0.053697,-0.00958738,-0.1,0,0,0.3,-0.2,0,-0.1,0,0,0.3,-0.2,0,0,0,0,0,0,0,0,0,0,0,0,0,0,0,0,0,0,4.75408,-0.527344,0.335582,6.5918,13.7138,0.619155,4.92188,-4.21875,0.727095,4.30664,14.9619,2.05395,-0.503374,-0.148858,-6.92323,-2.625,0.4375,0.1875,-2.5,-0.0625,-0.947266,-0.117188,-2,-0.3125,0.3125,-2.3125,0.125,-1.03516,0.224609,0.0367975,-0.0375314,0.00691022,0.393118,0.699675,0.0427582,0.571294,-0.207087,0.0688343,0.292047,0.741405,0.0875372,-0.0305335,0.037587,-1.05504,-0.294237,0.0743022,0.132929,-0.61201,-0.00436226,-0.921063,-0.144164,-0.272042,-0.00383495,0.120441,-0.62445,0.253011,-1.08278,0.192729
41.88,-0.102823,0.000196009,-0.000120527,0.297984,-0.217564,-0.000917671,-0.101926,0.0020794,-0.00028123,0.298496,-0.218937,-0.00219419,0.000200878,6.79282e-05,0.00355378,0.00319979,-0.000743022,-0.00221708,0.0120561,-3.59527e-05,0.0462495,0.00785398,0.0027324,0.000203732,-0.00242081,0.0124037,-0.0119483,0.053697,-0.00958738,-0.1,0,0,0.3,-0.2,0,-0.1,0,0,0.3,-0.2,0,0,0,0,0,0,0,0,0,0,0,0,0,0,0,0,0,0,5.03374,-0.615234,0.447443,4.13086,13.7134,0.723941,3.41175,-4.39453,1.17454,5.71289,15.0502,2.00162,-0.615234,-0.297716,-7.00102,-2.6875,0.4375,0.1875,-2.5,-0.0625,-0.947266,-0.117188,-2,-0.3125,0.3125,-2.3125,0.0625,-1.03516,0.224609,0.210302,-0.0425083,0.0840475,0.144186,0.697771,0.0559042,0.537118,-0.20794,0.100118,0.094759,0.741239,0.0823338,0.0425862,0.00570601,-1.09017,-0.332251,0.0743022,0.113922,-0.593603,0.000719053,-0.924009,-0.15708,-0.28858,-0.00810134,0.117973,-0.614048,0.251237,-1.07983,0.183894
41.94,-0.10289,0.000170442,-6.69595e-05,0.297976,-0.217556,-0.000931934,-0.101926,0.00208792,-0.000267838,0.298513,-0.218929,-0.00220851,0.000187487,8.30235e-05,0.00354415,0.0031878,-0.000743022,-0.00221708,0.0120441,1.19842e-05,0.0462572,0.00785398,0.00274439,0.000191748,-0.00248073,0.0124037,-0.0119363,0.053674,-0.00960272,-0.1,0,0,0.3,-0.2,0,-0.1,0,0,0.3,-0.2,0,0,0,0,0,0,0,0,0,0,0,0,0,0,0,0,0,0,5.92862,-0.439453,0.391513,4.74609,13.7138,0.619155,2.79652,-4.39453,0.279652,4.48242,15.0505,2.10641,-0.111861,-0.347336,-7.07881,-2.625,0.4375,0.25,-2.5,-0.0625,-0.927734,-0.117188,-2,-0.3125,0.25,-2.3125,0.0625,-1.03516,0.224609,0.252996,0.0516781,-0.0807263,0.456351,0.703837,0.0345381,0.490836,-0.208792,0.0267838,0.255827,0.734369,0.126848,-0.0151061,-0.0393984,-1.06509,-0.297305,0.0681663,0.13233,-0.608343,-0.00330765,-0.929071,-0.15708,-0.283643,-0.00690291,0.124037,-0.614048,0.238726,-1.05974,0.198927
42,-0.102836,0.000187487,-6.69595e-05,0.298061,-0.217547,-0.000931904,-0.101738,0.0020794,-0.000187487,0.298564,-0.218946,-0.00217987,0.000160703,6.79282e-05,0.00353452,0.00322376,-0.000743022,-0.00221708,0.0120441,-2.39685e-05,0.0462495,0.00785398,0.0027324,0.000203732,-0.0024328,0.0124276,-0.0119603,0.0536893,-0.00959505,-0.1,0,0,0.3,-0.2,0,-0.1,0,0,0.3,-0.2,0,0,0,0,0,0,0,0,0,0,0,0,0,0,0,0,0,0,6.432,-0.527344,-0.0559304,4.6582,13.7138,0.619155,3.18803,-4.39453,0.671165,4.30664,15.1388,2.05408,-0.223722,-0.297716,-7.1566,-2.6875,0.4375,0.1875,-2.5,-0.0625,-0.947266,-0.117188,-2,-0.25,0.3125,-2.3125,0.0625,-1.03516,0.224609,0.283637,0.00743129,-0.0755839,0.105413,0.685609,0.0317303,0.0452606,-0.135945,0.0290336,0.144531,0.775685,0.111837,0.0546389,-0.026175,-1.07145,-0.319308,0.0743022,0.107786,-0.602207,0.0173532,-0.923027,-0.155116,-0.270172,0.0348501,0.127776,-0.621382,0.245341,-1.07379,0.183065
42.04,-0.102729,0.000187487,-0.000120527,0.298078,-0.217547,-0.000931904,-0.101819,0.0020794,-0.000254446,0.298581,-0.218924,-0.00220136,0.000174095,6.79282e-05,0.00355378,0.00319979,-0.000743022,-0.00224105,0.0120441,-3.59527e-05,0.0462495,0.00786165,0.0027324,0.000191748,-0.00249272,0.0124276,-0.0119363,0.053697,-0.00959505,-0.1,0,0,0.3,-0.2,0,-0.1,0,0,0.3,-0.2,0,0,0,0,0,0,0,0,0,0,0,0,0,0,0,0,0,0,4.53036,-0.791016,0.503374,5.00977,13.8021,0.671149,3.29989,-4.30664,0.503374,4.48242,15.1388,2.05408,-0.223722,-0.347336,-6.92323,-2.6875,0.4375,0.1875,-2.5,-0.125,-0.947266,-0.117188,-2,-0.3125,0.3125,-2.3125,0.125,-1.02539,0.224609,0.190643,-0.0285661,0.0223377,0.282843,0.697121,0.0619634,0.28985,-0.188305,0.051157,0.338324,0.742315,0.140258,0.0197664,-0.0203785,-1.07353,-0.313843,0.0804381,0.072169,-0.608343,0.00378702,-0.925972,-0.166069,-0.297784,-0.0345146,0.136908,-0.627518,0.260201,-1.07492,0.192883
42.1,-0.102729,0.000178964,-8.03514e-05,0.298155,-0.217547,-0.000931904,-0.101765,0.00207087,-0.000254446,0.298666,-0.218924,-0.00218707,0.00021427,7.54759e-05,0.00352971,0.00319979,-0.00076699,-0.00221708,0.0120561,-2.39685e-05,0.0462419,0.00785398,0.00274439,0.000215716,-0.00244478,0.0124157,-0.0119722,0.0536893,-0.00958738,-0.1,0,0,0.3,-0.2,0,-0.1,0,0,0.3,-0.2,0,0,0,0,0,0,0,0,0,0,0,0,0,0,0,0,0,0,5.48118,-0.615234,0.391513,4.30664,13.8021,0.671149,3.97106,-4.39453,0.503374,4.39453,15.0505,2.10641,-1.00675,-0.297716,-7.00102,-2.6875,0.4375,0.1875,-2.5,-0.0625,-0.927734,-0.117188,-2,-0.3125,0.3125,-2.25,0.0625,-1.02539,0.214844,0.185501,-0.0244414,0.0131776,0.173162,0.700421,0.0729541,0.233069,-0.190725,0.00487465,0.112826,0.748836,0.112215,-0.0642811,-0.0168462,-1.05522,-0.329183,0.0951068,0.107786,-0.593603,0.0112172,-0.910111,-0.15708,-0.295915,-0.0185036,0.131443,-0.608511,0.233309,-1.0728,0.184875
42.14,-0.102702,0.000178964,-6.69595e-05,0.298138,-0.217539,-0.000946167,-0.101792,0.00207087,-0.000254446,0.298743,-0.218924,-0.00220136,0.000200878,6.79282e-05,0.00353452,0.00319979,-0.000755006,-0.00222907,0.0120322,-1.19842e-05,0.0462419,0.00785398,0.00274439,0.000203732,-0.00245677,0.0124276,-0.0119363,0.0536893,-0.00960272,-0.1,0,0,0.3,-0.2,0,-0.1,0,0,0.3,-0.2,0,0,0,0,0,0,0,0,0,0,0,0,0,0,0,0,0,0,5.25746,-0.527344,0.279652,4.74609,13.8021,0.671149,4.4185,-4.30664,0.838956,4.21875,15.0502,2.00162,-0.279652,-0.446575,-6.92323,-2.75,0.4375,0.1875,-2.5,-0.0625,-0.947266,-0.117188,-2.0625,-0.25,0.25,-2.3125,0.125,-1.03516,0.214844,0.182822,-0.00480647,0.00669595,0.301164,0.703261,0.0570665,0.482587,-0.216905,0.082012,0.303128,0.748855,0.0853375,-0.0602635,-0.0232767,-1.05851,-0.335319,0.0755006,0.0869096,-0.570928,0.00484163,-0.922874,-0.15708,-0.271371,-0.0203732,0.11977,-0.606042,0.237192,-1.06691,0.201872
42.2,-0.102676,0.000196009,-0.000120527,0.298155,-0.217547,-0.000931904,-0.101765,0.00204531,-0.000227662,0.298794,-0.218916,-0.00221568,0.000187487,6.79282e-05,0.00353452,0.00319979,-0.000743022,-0.00221708,0.0120441,-1.19842e-05,0.0462495,0.00785398,0.00274439,0.000215716,-0.00242081,0.0124037,-0.0119603,0.0536893,-0.00958738,-0.1,0,0,0.3,-0.2,0,-0.1,0,0,0.3,-0.2,0,0,0,0,0,0,0,0,0,0,0,0,0,0,0,0,0,0,4.86594,-0.527344,0.167791,6.50391,13.8021,0.671149,3.02024,-4.30664,0.503374,3.7793,15.1388,2.05408,-0.167791,-0.297716,-6.84544,-2.6875,0.4375,0.1875,-2.5,-0.0625,-0.927734,-0.117188,-2.0625,-0.3125,0.3125,-2.3125,0.125,-1.03516,0.224609,0.164716,-0.0523258,0.0583351,0.478594,0.70521,0.0537568,0.454196,-0.250346,-0.00294622,0.306365,0.743599,0.14357,-0.0716734,-0.0116836,-1.06221,-0.307707,0.0773702,0.13233,-0.599139,0.0109775,-0.928917,-0.156098,-0.277507,-0.0215716,0.148652,-0.598708,0.231535,-1.07084,0.183894
42.24,-0.102676,0.00016192,-0.000160703,0.298231,-0.217543,-0.000924744,-0.101752,0.00201122,-0.000227662,0.298836,-0.218912,-0.00219426,0.00021427,7.54759e-05,0.00352971,0.00319979,-0.000743022,-0.00221708,0.0120202,0,0.0462572,0.00785398,0.00275637,0.000179763,-0.00242081,0.0124037,-0.0119962,0.053697,-0.00957971,-0.1,0,0,0.3,-0.2,0,-0.1,0,0,0.3,-0.2,0,0,0,0,0,0,0,0,0,0,0,0,0,0,0,0,0,0,4.86594,-0.615234,0.391513,5.80078,13.6247,0.776734,5.53711,-4.30664,0.671165,3.7793,15.0502,2.00162,-0.838956,-0.396955,-7.00102,-2.6875,0.4375,0.1875,-2.5625,-0.125,-0.947266,-0.117188,-2,-0.3125,0.25,-2.3125,0.125,-1.03516,0.224609,0.210999,-0.022737,0.0417827,0.259834,0.690475,0.0671443,0.473427,-0.188032,-0.0132312,0.158164,0.751598,0.0850422,-0.187701,-0.0284393,-1.05891,-0.316911,0.0681663,0.110854,-0.582601,0.00153398,-0.929071,-0.154134,-0.275637,-0.00877245,0.0750213,-0.589504,0.249128,-1.08179,0.17785
42.3,-0.102702,0.000178964,-0.000120527,0.298206,-0.217543,-0.000924744,-0.101671,0.0020027,-0.000200878,0.298802,-0.21892,-0.00220852,0.000187487,6.79282e-05,0.00353452,0.00322376,-0.000731038,-0.00221708,0.0120561,-3.59527e-05,0.0462495,0.00785398,0.0027324,0.000191748,-0.00239685,0.0124037,-0.0119722,0.0536893,-0.00959505,-0.1,0,0,0.3,-0.2,0,-0.1,0,0,0.3,-0.2,0,0,0,0,0,0,0,0,0,0,0,0,0,0,0,0,0,0,5.98455,-0.615234,0.111861,4.48242,13.7138,0.619155,2.5728,-4.48242,0.279652,4.04297,15.0502,2.00162,0.0559304,-0.396955,-7.1566,-2.6875,0.4375,0.1875,-2.5,-0.0625,-0.947266,-0.117188,-2,-0.3125,0.3125,-2.3125,0.0625,-1.03516,0.224609,0.311384,-0.00153398,-0.0547996,0.345482,0.688738,0.0424346,0.367684,-0.219905,0.0406578,0.212366,0.764913,0.118507,-0.0819584,-0.026175,-1.07515,-0.307036,0.0608319,0.110854,-0.587467,0.00225303,-0.925972,-0.15708,-0.270172,-0.0191748,0.141318,-0.61098,0.250183,-1.07968,0.200737
42.34,-0.102743,0.000213053,-0.000107135,0.298223,-0.217539,-0.000917583,-0.101631,0.00201974,-0.000241054,0.298777,-0.21892,-0.00220852,0.000200878,6.79282e-05,0.00353452,0.00321177,-0.000755006,-0.0022051,0.0120801,-2.39685e-05,0.0462495,0.00785398,0.00274439,0.000215716,-0.00242081,0.0124157,-0.0119363,0.0536817,-0.00959505,-0.1,0,0,0.3,-0.2,0,-0.1,0,0,0.3,-0.2,0,0,0,0,0,0,0,0,0,0,0,0,0,0,0,0,0,0,6.48793,-0.703125,0.335582,5.18555,13.7138,0.619155,1.90163,-4.30664,0.279652,4.30664,15.0502,2.00162,-0.503374,-0.297716,-7.00102,-2.6875,0.4375,0.1875,-2.5,-0.125,-0.947266,-0.117188,-2,-0.3125,0.25,-2.3125,0.125,-1.03516,0.224609,0.279404,-0.0114878,0.0569959,0.277475,0.688394,0.00371973,-0.0374474,-0.201974,0.0755303,0.199839,0.760059,0.0883296,-0.0602635,-0.0145819,-1.05666,-0.290498,0.0847045,0.097983,-0.613209,0.0112172,-0.92499,-0.159043,-0.295915,-0.0246396,0.121041,-0.629987,0.223386,-1.07069,0.193865
42.4,-0.102769,0.000178964,-8.03514e-05,0.298197,-0.217551,-0.000924773,-0.101711,0.00201122,-0.000187487,0.298734,-0.21892,-0.00220852,0.000187487,7.54759e-05,0.00352971,0.00319979,-0.000743022,-0.00222907,0.0120681,1.19842e-05,0.0462495,0.00785398,0.0027324,0.000215716,-0.00239685,0.0124037,-0.0119483,0.0536893,-0.00958738,-0.1,0,0,0.3,-0.2,0,-0.1,0,0,0.3,-0.2,0,0,0,0,0,0,0,0,0,0,0,0,0,0,0,0,0,0,5.81676,-0.527344,0.279652,5.53711,13.8021,0.671149,3.24396,-4.30664,0.279652,3.60352,15.1385,1.94929,0.0559304,-0.297716,-7.1566,-2.6875,0.4375,0.25,-2.5,-0.125,-0.947266,-0.117188,-2,-0.3125,0.3125,-2.3125,0.125,-1.02539,0.224609,0.333508,0.00173851,0.0183201,0.455844,0.708604,0.0479929,0.294564,-0.210939,-0.0378187,0.189865,0.751928,0.0965924,-0.035676,-0.0284393,-1.06261,-0.307707,0.0528265,0.129861,-0.603406,-0.00484163,-0.9191,-0.159043,-0.28858,-0.00929976,0.132114,-0.623252,0.231296,-1.07182,0.185857
42.44,-0.102743,0.000178964,-0.000107135,0.298197,-0.217547,-0.000931904,-0.101845,0.00203679,-0.000267838,0.2987,-0.218929,-0.0021942,0.000160703,6.79282e-05,0.00353452,0.00319979,-0.000743022,-0.00221708,0.0120561,-1.19842e-05,0.0462649,0.00784631,0.0027324,0.000215716,-0.00244478,0.0124037,-0.0119363,0.0536817,-0.00959505,-0.1,0,0,0.3,-0.2,0,-0.1,0,0,0.3,-0.2,0,0,0,0,0,0,0,0,0,0,0,0,0,0,0,0,0,0,4.4185,-0.615234,0.167791,4.92188,13.7138,0.619155,5.25746,-4.30664,0.727095,3.51562,15.0505,2.10641,-0.279652,-0.297716,-7.1566,-2.6875,0.4375,0.1875,-2.5,-0.0625,-0.947266,-0.117188,-2,-0.3125,0.3125,-2.3125,0.0625,-1.03516,0.224609,0.135415,-0.0342589,0.000428542,0.221315,0.70186,0.0317864,0.467374,-0.187316,0.0422113,0.194979,0.734357,0.142745,0.0186415,-0.00878537,-1.06036,-0.329183,0.0835061,0.110854,-0.605875,0.0109775,-0.929224,-0.146127,-0.282444,-0.0123677,0.137579,-0.641659,0.264803,-1.07363,0.191901
42.5,-0.102796,0.000196009,-0.000133919,0.298146,-0.217543,-0.000924744,-0.101926,0.00204531,-0.000174095,0.298666,-0.218929,-0.00220851,0.00021427,8.30235e-05,0.00354415,0.00319979,-0.000743022,-0.00222907,0.0120441,-2.39685e-05,0.0462495,0.00785398,0.00274439,0.000191748,-0.00245677,0.0124396,-0.0119363,0.0536893,-0.00961039,-0.1,0,0,0.3,-0.2,0,-0.1,0,0,0.3,-0.2,0,0,0,0,0,0,0,0,0,0,0,0,0,0,0,0,0,0,5.53711,-0.703125,0,5.09766,13.7138,0.619155,5.31339,-4.30664,0.447443,4.39453,14.9619,2.05395,-1.62198,-0.248097,-6.92323,-2.6875,0.4375,0.1875,-2.5,-0.0625,-0.947266,-0.117188,-2,-0.25,0.3125,-2.3125,0.0625,-1.02539,0.224609,0.212766,-0.0228734,0.0391043,0.228982,0.685463,0.0369336,0.537118,-0.168533,-0.018588,0.325538,0.744131,0.110345,-0.120848,-0.00172083,-1.06325,-0.310775,0.09271,0.111453,-0.5838,0.0158192,-0.918118,-0.15708,-0.280575,0.0421845,0.11977,-0.631185,0.252532,-1.07182,0.208898
42.54,-0.102769,0.000187487,-0.000133919,0.298095,-0.217547,-0.000931904,-0.101872,0.00204531,-0.000241054,0.298623,-0.218933,-0.00221564,0.000187487,6.79282e-05,0.00353452,0.00319979,-0.000755006,-0.00225303,0.0120561,-1.19842e-05,0.0462495,0.00785398,0.0027324,0.000203732,-0.0024328,0.0124037,-0.0119603,0.0536817,-0.00959505,-0.1,0,0,0.3,-0.2,0,-0.1,0,0,0.3,-0.2,0,0,0,0,0,0,0,0,0,0,0,0,0,0,0,0,0,0,5.31339,-0.703125,0.503374,5.09766,13.8017,0.775935,3.46768,-4.39453,0.559304,4.6582,14.9619,2.05395,-0.279652,-0.297716,-7.00102,-2.6875,0.4375,0.1875,-2.5,-0.0625,-0.947266,-0.117188,-2,-0.3125,0.25,-2.3125,0.0625,-1.03516,0.224609,0.127808,-0.0220211,0.0185344,0.323919,0.692258,0.0646914,0.367202,-0.201258,0.0858153,0.151944,0.755662,0.129805,0.00546389,-0.00588709,-1.0659,-0.326115,0.0877725,0.109584,-0.581331,0.00637561,-0.922045,-0.153153,-0.282444,-0.00810134,0.103232,-0.635523,0.249943,-1.05989,0.193865
42.6,-0.102769,0.000187487,-9.37433e-05,0.298078,-0.217551,-0.000939065,-0.101926,0.00204531,-0.000241054,0.298564,-0.218933,-0.00220135,0.000254446,6.03806e-05,0.00353934,0.00319979,-0.000743022,-0.0022051,0.0120441,-3.59527e-05,0.0462572,0.00785398,0.00274439,0.000191748,-0.00245677,0.0124037,-0.0119722,0.053697,-0.00959505,-0.1,0,0,0.3,-0.2,0,-0.1,0,0,0.3,-0.2,0,0,0,0,0,0,0,0,0,0,0,0,0,0,0,0,0,0,5.25746,-0.615234,0.279652,5.36133,13.8021,0.671149,3.69141,-4.48242,0.615234,4.6582,15.1388,2.05408,-0.391513,-0.396955,-7.00102,-2.6875,0.4375,0.1875,-2.5,-0.125,-0.927734,-0.117188,-2,-0.3125,0.25,-2.375,0.0625,-1.03516,0.224609,0.0866683,-0.0318386,-0.0626205,0.299206,0.710244,0.0513151,0.403413,-0.204531,-0.011892,0.111806,0.767069,0.0880203,-0.204896,-0.00941936,-1.05625,-0.332251,0.0528265,0.119459,-0.580732,-0.00234891,-0.930053,-0.156098,-0.295915,-0.00997088,0.11977,-0.629388,0.247115,-1.07885,0.186011
42.64,-0.10285,0.000213053,-0.000107135,0.298018,-0.217551,-0.000939065,-0.101966,0.00204531,-0.000187487,0.298547,-0.218924,-0.00221567,0.000254446,5.2833e-05,0.00354415,0.0031878,-0.000743022,-0.00221708,0.0120561,-1.19842e-05,0.0462495,0.00785398,0.0027324,0.000203732,-0.00246875,0.0124037,-0.0119363,0.0536893,-0.00958738,-0.1,0,0,0.3,-0.2,0,-0.1,0,0,0.3,-0.2,0,0,0,0,0,0,0,0,0,0,0,0,0,0,0,0,0,0,6.20827,-0.791016,0.447443,5.44922,13.8021,0.671149,4.30664,-4.39453,0.559304,5.00977,15.0502,2.00162,-1.00675,-0.248097,-6.92323,-2.625,0.4375,0.1875,-2.5,-0.0625,-0.947266,-0.117188,-2,-0.3125,0.25,-2.3125,0.0625,-1.02539,0.214844,0.182126,-0.0933001,0.0107135,0.53723,0.692329,0.0430187,0.618274,-0.204531,0.0444611,0.190717,0.727691,0.138136,-0.163756,0.0305225,-1.05585,-0.294237,0.0620303,0.13233,-0.605875,0.00484163,-0.922045,-0.149226,-0.27324,-0.00196541,0.138777,-0.620184,0.249464,-1.0728,0.180948
42.7,-0.10285,0.000178964,-8.03514e-05,0.298044,-0.21756,-0.000924802,-0.101832,0.00204531,-0.000241054,0.298555,-0.218929,-0.0021942,0.000294622,6.79282e-05,0.00355378,0.0031878,-0.000719053,-0.00222907,0.0120561,1.19842e-05,0.0462572,0.00785398,0.0027324,0.000191748,-0.00242081,0.0124037,-0.0119363,0.0536893,-0.00959505,-0.1,0,0,0.3,-0.2,0,-0.1,0,0,0.3,-0.2,0,0,0,0,0,0,0,0,0,0,0,0,0,0,0,0,0,0,4.64222,-0.527344,0.391513,5.09766,13.7138,0.619155,4.81001,-4.48242,0.671165,4.6582,15.1388,2.05408,-0.727095,-0.297716,-6.84544,-2.6875,0.4375,0.1875,-2.5,-0.125,-0.947266,-0.117188,-2,-0.25,0.3125,-2.25,0.125,-1.03516,0.214844,0.351828,-0.0309864,-0.0176773,0.375224,0.70068,0.0177722,-0.0122174,-0.201258,0.0343904,0.233076,0.757129,0.115217,-0.247804,-0.0145819,-1.06983,-0.312644,0.0473617,0.0991815,-0.596671,-0.00637561,-0.931034,-0.149226,-0.279376,-0.0253107,0.102633,-0.598708,0.246396,-1.07084,0.192883
42.74,-0.102823,0.000196009,-0.000120527,0.298035,-0.21756,-0.000939094,-0.101926,0.00205383,-0.000174095,0.298547,-0.218933,-0.00220135,0.000160703,8.30235e-05,0.00354415,0.0031878,-0.000743022,-0.00222907,0.0120561,-1.19842e-05,0.0462572,0.00785398,0.0027324,0.000203732,-0.00244478,0.0124276,-0.0119363,0.0537047,-0.00959505,-0.1,0,0,0.3,-0.2,0,-0.1,0,0,0.3,-0.2,0,0,0,0,0,0,0,0,0,0,0,0,0,0,0,0,0,0,4.4185,-0.439453,0.447443,5.53711,13.8021,0.671149,5.36932,-4.30664,0.223722,4.48242,15.1388,2.05408,-0.503374,-0.248097,-6.92323,-2.6875,0.4375,0.1875,-2.5,-0.0625,-0.927734,-0.117188,-2,-0.3125,0.25,-2.3125,0.0625,-1.03516,0.214844,0.2463,0.00985157,0.0326227,0.141974,0.713932,0.0732867,0.609113,-0.264288,0.0431219,0.256167,0.76708,0.0715508,-0.0482108,-0.00751739,-1.06325,-0.324916,0.0957779,0.0746378,-0.584399,0.00944357,-0.930053,-0.161007,-0.285512,-0.0265091,0.103831,-0.630586,0.234124,-1.0898,0.188956
42.8,-0.102796,0.000204531,-9.37433e-05,0.298087,-0.217556,-0.000931934,-0.101953,0.00205383,-0.000187487,0.298564,-0.218929,-0.00220851,0.000227662,7.54759e-05,0.00354897,0.0031878,-0.000743022,-0.00221708,0.0120441,0,0.0462495,0.00785398,0.00274439,0.0002277,-0.00244478,0.0124037,-0.0119363,0.0536893,-0.00958738,-0.1,0,0,0.3,-0.2,0,-0.1,0,0,0.3,-0.2,0,0,0,0,0,0,0,0,0,0,0,0,0,0,0,0,0,0,4.36257,-0.439453,0.391513,5.80078,13.7138,0.619155,5.1456,-4.30664,0.671165,4.83398,15.0502,2.00162,-1.23047,-0.248097,-6.92323,-2.6875,0.4375,0.1875,-2.5,-0.0625,-0.927734,-0.117188,-2,-0.3125,0.3125,-2.3125,0.125,-1.03516,0.214844,0.0996317,0.0220893,0.107082,0.461552,0.692448,0.0317539,0.560367,-0.205383,-0.114956,0.226343,0.749001,0.118562,-0.160863,-0.00815138,-1.06284,-0.300373,0.0743022,0.104718,-0.5838,0.00460194,-0.9191,-0.15708,-0.283643,-0.0319739,0.109967,-0.607912,0.229522,-1.06986,0.177021
42.84,-0.102796,0.000221575,-0.000133919,0.29807,-0.217556,-0.000931934,-0.101939,0.00204531,-0.000241054,0.298589,-0.218941,-0.00220132,0.000254446,7.54759e-05,0.00354897,0.00319979,-0.000755006,-0.00221708,0.0120441,-1.19842e-05,0.0462572,0.00785398,0.0027324,0.000215716,-0.0024328,0.0124037,-0.0119483,0.0536893,-0.00958738,-0.1,0,0,0.3,-0.2,0,-0.1,0,0,0.3,-0.2,0,0,0,0,0,0,0,0,0,0,0,0,0,0,0,0,0,0,4.53036,-0.791016,0.279652,3.86719,13.8021,0.671149,5.64897,-4.39453,0.503374,4.48242,15.1385,1.94929,-1.34233,-0.297716,-6.84544,-2.6875,0.4375,0.25,-2.5,-0.0625,-0.947266,-0.117188,-2,-0.3125,0.3125,-2.3125,0.0625,-1.03516,0.224609,0.243621,-0.00579504,-0.00717805,0.245943,0.702273,0.0482569,0.379041,-0.220893,0.121813,0.178875,0.782039,0.0797338,-0.117474,-0.0052531,-1.0536,-0.316911,0.0816365,0.110854,-0.559256,0.0186475,-0.932016,-0.159043,-0.27324,0.0152439,0.127776,-0.623252,0.238965,-1.08164,0.183894
42.9,-0.102796,0.000221575,-0.000133919,0.298078,-0.217551,-0.000939065,-0.101926,0.00204531,-0.000187487,0.298623,-0.218929,-0.0021942,0.000160703,8.30235e-05,0.00354415,0.00321177,-0.000755006,-0.00221708,0.0120561,-2.39685e-05,0.0462495,0.00785398,0.00274439,0.0002277,-0.00244478,0.0124037,-0.0119722,0.0536817,-0.00959505,-0.1,0,0,0.3,-0.2,0,-0.1,0,0,0.3,-0.2,0,0,0,0,0,0,0,0,0,0,0,0,0,0,0,0,0,0,4.81001,-0.878906,0.559304,5.36133,13.8021,0.671149,5.1456,-4.39453,1.2864,4.30664,15.0502,2.00162,-0.279652,-0.347336,-6.76765,-2.6875,0.4375,0.1875,-2.5,-0.0625,-0.947266,-0.117188,-2,-0.25,0.25,-2.3125,0.0625,-1.03516,0.224609,0.243621,-0.031975,0.0699593,0.315568,0.716769,0.0568274,0.274851,-0.227438,0.106171,0.14649,0.757137,0.104237,-0.0224984,-0.0162122,-1.0577,-0.339585,0.0877725,0.107786,-0.572127,0.0127512,-0.924009,-0.159043,-0.286711,0.0140455,0.122239,-0.607912,0.234843,-1.06087,0.191901
42.94,-0.102796,0.000153398,-9.37433e-05,0.298129,-0.217551,-0.000939065,-0.101658,0.00204531,-0.000267838,0.298606,-0.218929,-0.0021942,0.000133919,7.54759e-05,0.00353934,0.00319979,-0.000743022,-0.00224105,0.0120561,-3.59527e-05,0.0462572,0.00786165,0.0027324,0.000203732,-0.00249272,0.0124037,-0.0119483,0.0537047,-0.00959505,-0.1,0,0,0.3,-0.2,0,-0.1,0,0,0.3,-0.2,0,0,0,0,0,0,0,0,0,0,0,0,0,0,0,0,0,0,5.48118,-0.703125,0,5.36133,13.6251,0.671948,2.79652,-4.30664,0.671165,4.48242,15.1385,1.94929,0.111861,-0.446575,-6.92323,-2.6875,0.4375,0.1875,-2.5,-0.0625,-0.927734,-0.117188,-2,-0.3125,0.25,-2.3125,0.125,-1.03516,0.214844,0.248764,0.0304751,-0.108903,0.160635,0.689104,0.0484973,-0.024484,-0.204531,0.0679237,0.25813,0.770161,0.0712536,0.206664,-0.0545238,-1.05625,-0.329183,0.0835061,0.124324,-0.605875,0.0160589,-0.915326,-0.168032,-0.264036,0.00417051,0.130772,-0.641659,0.242033,-1.07998,0.191901
43,-0.102783,0.000170442,-8.03514e-05,0.298087,-0.217539,-0.000917583,-0.101711,0.00204531,-0.000241054,0.2987,-0.218924,-0.00220136,0.000160703,6.79282e-05,0.00353452,0.00319979,-0.00076699,-0.00224105,0.0120441,-1.19842e-05,0.0462572,0.00784631,0.00274439,0.000215716,-0.00244478,0.0124037,-0.0119363,0.0536893,-0.00959505,-0.1,0,0,0.3,-0.2,0,-0.1,0,0,0.3,-0.2,0,0,0,0,0,0,0,0,0,0,0,0,0,0,0,0,0,0,5.98455,-0.527344,0.279652,5.88867,13.8021,0.671149,2.79652,-4.30664,0.279652,4.57031,15.1388,2.05408,0.0559304,-0.347336,-6.92323,-2.6875,0.4375,0.1875,-2.5,-0.125,-0.927734,-0.117188,-2,-0.3125,0.3125,-2.3125,0.125,-1.02539,0.214844,0.44284,0.0254982,-0.0382473,0.488822,0.703207,0.0449436,0.171144,-0.197986,-0.0170345,0.18407,0.743958,0.115548,0.013499,-0.0145819,-1.05296,-0.319979,0.079767,0.121256,-0.602207,0.00790959,-0.926126,-0.151036,-0.283643,-0.0215716,0.119171,-0.62632,0.24026,-1.07084,0.194846
43.04,-0.102756,0.000178964,-0.000107135,0.298155,-0.217543,-0.000924744,-0.101564,0.00204531,-0.000241054,0.298726,-0.218916,-0.00220139,0.000187487,6.79282e-05,0.00353452,0.00317582,-0.000743022,-0.00222907,0.0120441,-1.19842e-05,0.0462572,0.00785398,0.0027324,0.0002277,-0.00251669,0.0124396,-0.0119363,0.053697,-0.00959505,-0.1,0,0,0.3,-0.2,0,-0.1,0,0,0.3,-0.2,0,0,0,0,0,0,0,0,0,0,0,0,0,0,0,0,0,0,6.87944,-0.703125,0.111861,5.625,13.7138,0.619155,1.90163,-4.30664,0.894886,4.21875,14.9619,2.05395,-0.167791,-0.347336,-6.92323,-2.6875,0.4375,0.1875,-2.5,-0.0625,-0.957031,-0.117188,-2,-0.3125,0.25,-2.3125,0.0625,-1.03516,0.214844,0.373309,0.0377359,-0.00471395,0.374965,0.685339,0.0094847,-0.0852832,-0.204531,0.0601028,0.169327,0.737115,0.121062,-0.0202485,-9.05413e-05,-1.05111,-0.311446,0.0620303,0.129861,-0.586868,-0.00282828,-0.936925,-0.159043,-0.276308,-0.028906,0.128902,-0.646525,0.238726,-1.06805,0.182084
43.1,-0.102756,0.000187487,-8.03514e-05,0.29818,-0.217543,-0.000924744,-0.101631,0.00202826,-0.000267838,0.298794,-0.21892,-0.00220852,0.000187487,6.79282e-05,0.00353452,0.00319979,-0.000743022,-0.00222907,0.0120441,-1.19842e-05,0.0462495,0.00785398,0.0027324,0.000215716,-0.00248073,0.0124157,-0.0119603,0.0536893,-0.00960272,-0.1,0,0,0.3,-0.2,0,-0.1,0,0,0.3,-0.2,0,0,0,0,0,0,0,0,0,0,0,0,0,0,0,0,0,0,5.59304,-0.527344,0.111861,4.30664,13.8021,0.671149,3.35582,-4.21875,0.559304,2.72461,15.0502,2.00162,-0.503374,-0.347336,-7.07881,-2.6875,0.4375,0.1875,-2.5,-0.125,-0.947266,-0.117188,-2.0625,-0.25,0.25,-2.375,0.125,-1.03516,0.224609,0.460731,0.000886301,-0.130812,0.436584,0.709779,0.0232934,-0.1043,-0.212644,0.0319263,0.175465,0.747054,0.0938643,-0.112813,-0.0174802,-1.0659,-0.319979,0.089642,0.139065,-0.605275,-0.00589624,-0.920082,-0.156098,-0.27324,0.0213799,0.105629,-0.636123,0.242273,-1.07084,0.205799
43.14,-0.102716,0.000153398,-0.000120527,0.298197,-0.217539,-0.000917583,-0.101618,0.00201974,-0.000241054,0.298836,-0.218916,-0.00220139,0.000187487,6.79282e-05,0.00353452,0.00319979,-0.000743022,-0.0022051,0.0120441,-2.39685e-05,0.0462495,0.00785398,0.0027324,0.000215716,-0.00240883,0.0124276,-0.0119363,0.0536893,-0.00958738,-0.1,0,0,0.3,-0.2,0,-0.1,0,0,0.3,-0.2,0,0,0,0,0,0,0,0,0,0,0,0,0,0,0,0,0,0,5.03374,-0.615234,0.167791,6.85547,13.8904,0.723142,2.79652,-4.30664,0.447443,3.51562,15.0505,2.10641,-0.615234,-0.297716,-7.00102,-2.6875,0.4375,0.1875,-2.5625,-0.0625,-0.947266,-0.117188,-2,-0.3125,0.25,-2.3125,0.0625,-1.03516,0.214844,0.415574,0.0173851,0.00176773,0.314036,0.716282,0.0614579,-0.162207,-0.182339,-0.0530319,0.0981687,0.728971,0.145794,-0.0613885,-0.00878537,-1.06775,-0.319979,0.089642,0.125595,-0.608343,0.00508131,-0.924009,-0.148244,-0.282444,-0.00929976,0.120441,-0.62445,0.231056,-1.06593,0.187821
43.2,-0.102756,0.000196009,-0.000133919,0.29824,-0.217547,-0.000931904,-0.101631,0.0020027,-0.000160703,0.298785,-0.218924,-0.00220136,0.000200878,5.2833e-05,0.00352489,0.00319979,-0.000743022,-0.0022051,0.0120441,-1.19842e-05,0.0462495,0.00785398,0.00275637,0.000191748,-0.00242081,0.0124037,-0.0119483,0.0536893,-0.00959505,-0.1,0,0,0.3,-0.2,0,-0.1,0,0,0.3,-0.2,0,0,0,0,0,0,0,0,0,0,0,0,0,0,0,0,0,0,5.53711,-0.703125,0.447443,4.48242,13.7138,0.619155,3.46768,-4.39453,0.335582,4.13086,14.9619,2.05395,-0.615234,-0.347336,-7.07881,-2.6875,0.5,0.1875,-2.5,-0.0625,-0.947266,-0.117188,-2,-0.3125,0.3125,-2.25,0.125,-1.03516,0.224609,0.393879,-0.00651089,0.0545318,0.269464,0.701885,0.0372762,-0.0940148,-0.206815,-0.0199271,0.253102,0.743962,0.110059,-0.0911185,0.00443803,-1.05562,-0.292367,0.0743022,0.113323,-0.599139,0.0278513,-0.915173,-0.159043,-0.278705,-0.0191748,0.093429,-0.614048,0.249703,-1.07182,0.194846
43.24,-0.102769,0.00016192,-8.03514e-05,0.298223,-0.217543,-0.000924744,-0.101618,0.00201122,-0.000187487,0.298794,-0.218924,-0.00220136,0.000160703,6.79282e-05,0.00353452,0.00319979,-0.000743022,-0.00222907,0.0120561,-2.39685e-05,0.0462495,0.00785398,0.00274439,0.000215716,-0.00244478,0.0124276,-0.0119603,0.0536817,-0.00957204,-0.1,0,0,0.3,-0.2,0,-0.1,0,0,0.3,-0.2,0,0,0,0,0,0,0,0,0,0,0,0,0,0,0,0,0,0,5.81676,-0.703125,0.391513,4.57031,13.7138,0.619155,2.40501,-4.21875,0.335582,4.48242,14.9619,2.05395,-0.335582,-0.248097,-6.92323,-2.6875,0.4375,0.1875,-2.5,-0.0625,-0.947266,-0.117188,-2.0625,-0.3125,0.3125,-2.3125,0.0625,-1.03516,0.224609,0.307795,-0.016192,0.0183201,0.288383,0.691914,0.0259765,0.00749536,-0.201122,-0.135526,0.262732,0.730945,0.132063,-0.0482108,-0.00298882,-1.04926,-0.301571,0.0743022,0.117589,-0.602807,0.00968325,-0.921063,-0.161988,-0.286711,-0.0215716,0.140647,-0.627518,0.245341,-1.06676,0.175733
43.3,-0.102796,0.000178964,-4.01757e-05,0.29818,-0.217551,-0.000939065,-0.101711,0.00202826,-0.00021427,0.29876,-0.21892,-0.00220852,0.000187487,6.79282e-05,0.00353452,0.00319979,-0.000743022,-0.00221708,0.0120561,-1.19842e-05,0.0462495,0.00784631,0.0027324,0.000239685,-0.0024328,0.0124037,-0.0119483,0.0536893,-0.00959505,-0.1,0,0,0.3,-0.2,0,-0.1,0,0,0.3,-0.2,0,0,0,0,0,0,0,0,0,0,0,0,0,0,0,0,0,0,6.04048,-0.791016,0.111861,6.76758,13.7138,0.619155,2.68466,-4.21875,0.559304,4.21875,15.1388,2.05408,-0.727095,-0.297716,-7.1566,-2.6875,0.4375,0.1875,-2.5,-0.0625,-0.947266,-0.117188,-2,-0.3125,0.25,-2.3125,0.0625,-1.02539,0.214844,0.418466,-0.0113515,-0.0268374,0.338409,0.702155,0.0595217,0.124862,-0.245369,0.0574244,0.147854,0.755166,0.113051,-0.0202485,-0.0145819,-1.06405,-0.316911,0.0681663,0.0924463,-0.602807,0.00484163,-0.925972,-0.152999,-0.270172,-0.00862864,0.0878923,-0.617116,0.237431,-1.07084,0.195828
43.34,-0.102729,0.000213053,-9.37433e-05,0.298155,-0.217551,-0.000939065,-0.101765,0.00202826,-0.000227662,0.298717,-0.218929,-0.0021942,0.000187487,8.30235e-05,0.00354415,0.00321177,-0.000755006,-0.00221708,0.0120441,-2.39685e-05,0.0462495,0.00785398,0.0027324,0.000215716,-0.00244478,0.0124037,-0.0119603,0.053697,-0.00959505,-0.1,0,0,0.3,-0.2,0,-0.1,0,0,0.3,-0.2,0,0,0,0,0,0,0,0,0,0,0,0,0,0,0,0,0,0,5.76083,-0.703125,0.335582,4.92188,13.7138,0.619155,4.13885,-4.30664,0.671165,3.51562,15.1388,2.05408,-0.559304,-0.297716,-6.84544,-2.6875,0.4375,0.1875,-2.5,-0.0625,-0.927734,-0.117188,-2,-0.3125,0.3125,-2.3125,0.0625,-1.02539,0.214844,0.0877934,-0.0278503,-0.0369081,0.276791,0.692379,0.0539983,0.217641,-0.196281,0.130758,0.176059,0.757144,0.0932578,-0.0151061,-0.0191105,-1.05215,-0.315041,0.0877725,0.10165,-0.577664,0.00508131,-0.922045,-0.159043,-0.264036,-0.0123677,0.146783,-0.607912,0.246875,-1.08278,0.191901
43.4,-0.10281,0.000196009,-0.000107135,0.298155,-0.217547,-0.000931904,-0.101778,0.00202826,-0.000160703,0.298658,-0.218929,-0.00220851,0.000227662,6.79282e-05,0.00354415,0.0031878,-0.000743022,-0.00221708,0.0120441,-3.59527e-05,0.0462572,0.00784631,0.00274439,0.000203732,-0.00246875,0.0124157,-0.0119603,0.0536893,-0.00958738,-0.1,0,0,0.3,-0.2,0,-0.1,0,0,0.3,-0.2,0,0,0,0,0,0,0,0,0,0,0,0,0,0,0,0,0,0,5.08967,-0.791016,0.279652,5.53711,13.7138,0.619155,3.74734,-4.48242,0.727095,4.39453,15.1388,2.05408,-0.279652,-0.396955,-7.00102,-2.6875,0.4375,0.1875,-2.5,-0.0625,-0.947266,-0.117188,-2,-0.3125,0.3125,-2.3125,0.0625,-1.02539,0.224609,0.306671,-0.0425083,0.00557103,0.413144,0.679058,0.0207282,0.126416,-0.206099,-0.081637,0.206825,0.750628,0.115812,-0.0837261,-0.0203785,-1.06325,-0.306509,0.0957779,0.123126,-0.599139,0.0145249,-0.931034,-0.151036,-0.286711,0.00723847,0.144913,-0.629987,0.260681,-1.06397,0.189784
43.46,-0.102877,0.000178964,-0.000107135,0.298087,-0.217556,-0.000931934,-0.101912,0.00204531,-0.000241054,0.298572,-0.218937,-0.00220848,0.000133919,7.54759e-05,0.00354897,0.00319979,-0.000743022,-0.00221708,0.0120561,1.19842e-05,0.0462495,0.00785398,0.0027324,0.000215716,-0.00248073,0.0124037,-0.0119363,0.0536893,-0.00959505,-0.1,0,0,0.3,-0.2,0,-0.1,0,0,0.3,-0.2,0,0,0,0,0,0,0,0,0,0,0,0,0,0,0,0,0,0,6.59979,-0.439453,0.391513,6.5918,13.8021,0.671149,3.57955,-4.39453,0.615234,3.60352,15.1388,2.05408,-0.223722,-0.248097,-6.92323,-2.6875,0.4375,0.1875,-2.5,-0.0625,-0.947266,-0.117188,-2,-0.3125,0.25,-2.3125,0.125,-1.02539,0.214844,0.205374,0.00173851,0.0827084,0.445189,0.708749,0.0427896,0.33008,-0.175078,0.0343904,0.263244,0.754197,0.143249,0.0626741,-0.0168462,-1.06839,-0.335319,0.0712342,0.107786,-0.615078,-0.00330765,-0.922045,-0.144317,-0.267104,0.0152439,0.0933571,-0.614048,0.249464,-1.07182,0.186992
43.5,-0.102863,0.000170442,-8.03514e-05,0.29807,-0.217556,-0.000931934,-0.101872,0.00205383,-0.000174095,0.298462,-0.218946,-0.00220845,0.000187487,6.03806e-05,0.00355859,0.00319979,-0.00076699,-0.00221708,0.0120441,1.19842e-05,0.0462495,0.00783864,0.0027324,0.000215716,-0.00248073,0.0124037,-0.0119603,0.0536893,-0.00959505,-0.1,0,0,0.3,-0.2,0,-0.1,0,0,0.3,-0.2,0,0,0,0,0,0,0,0,0,0,0,0,0,0,0,0,0,0,5.59304,-0.703125,0.335582,5.625,13.8021,0.671149,2.68466,-4.30664,0.279652,4.74609,15.1388,2.05408,-0.223722,-0.347336,-6.76765,-2.625,0.4375,0.1875,-2.5,-0.0625,-0.947266,-0.117188,-2,-0.3125,0.3125,-2.3125,0.0625,-1.03516,0.224609,0.229747,0.0124082,-0.0331048,0.327755,0.705573,0.0592477,0.274637,-0.24138,-0.018588,0.41076,0.775708,0.0800415,0.118599,0.0108686,-1.06388,-0.307707,0.076699,0.0985822,-0.562324,-0.000239685,-0.921063,-0.152846,-0.282444,0.0244478,0.145512,-0.635523,0.242273,-1.06986,0.192883
43.56,-0.10293,0.000178964,-0.000133919,0.297984,-0.217564,-0.000931963,-0.102086,0.00204531,-0.000174095,0.29847,-0.218937,-0.00220848,0.000187487,8.30235e-05,0.00355378,0.00319979,-0.000755006,-0.00222907,0.0120441,-3.59527e-05,0.0462495,0.00784631,0.0027324,0.000191748,-0.00248073,0.0124037,-0.0119483,0.053697,-0.00958738,-0.1,0,0,0.3,-0.2,0,-0.1,0,0,0.3,-0.2,0,0,0,0,0,0,0,0,0,0,0,0,0,0,0,0,0,0,4.92188,-0.966797,0.838956,5.36133,13.8904,0.723142,5.7049,-4.30664,0.727095,6.50391,15.1388,2.05408,-0.279652,-0.297716,-7.00102,-2.625,0.4375,0.25,-2.5,-0.125,-0.947266,-0.117188,-2,-0.3125,0.1875,-2.3125,0.0625,-1.03516,0.224609,0.313581,-0.0571664,-0.00203557,0.258723,0.725439,0.064806,0.522333,-0.181623,-0.00830298,0.218586,0.749343,0.113071,-0.035676,-0.0307036,-1.06983,-0.316911,0.103112,0.129861,-0.596071,-0.00388289,-0.922045,-0.152999,-0.276308,-0.0222427,0.120969,-0.62632,0.240499,-1.08081,0.182912
43.6,-0.102957,0.000196009,-9.37433e-05,0.297976,-0.21756,-0.000924802,-0.101899,0.00204531,-0.00021427,0.298385,-0.218946,-0.00220845,0.000187487,8.30235e-05,0.00355378,0.0031878,-0.000743022,-0.00222907,0.0120561,-3.59527e-05,0.0462572,0.00784631,0.0027324,0.000215716,-0.00244478,0.0124037,-0.0119483,0.0536893,-0.00958738,-0.1,0,0,0.3,-0.2,0,-0.1,0,0,0.3,-0.2,0,0,0,0,0,0,0,0,0,0,0,0,0,0,0,0,0,0,5.20153,-0.703125,0.391513,5.36133,13.8021,0.671149,5.25746,-4.39453,0.447443,6.67969,15.0502,2.00162,-0.447443,-0.297716,-7.00102,-2.6875,0.5,0.1875,-2.5,-0.0625,-0.947266,-0.117188,-2,-0.3125,0.1875,-2.3125,0.0625,-1.03516,0.224609,0.321401,-0.0392358,0.0248018,0.330906,0.713855,0.0562456,0.0664732,-0.204531,0.0111421,0.362271,0.762695,0.0965559,-0.0819584,-0.0393984,-1.06059,-0.324916,0.0988459,0.0746378,-0.605875,0.0129909,-0.929071,-0.148091,-0.27324,0.00297209,0.0670158,-0.614048,0.269645,-1.07084,0.184875
43.66,-0.10301,0.000204531,-0.000107135,0.297925,-0.21756,-0.000924802,-0.101819,0.00203679,-0.000187487,0.298419,-0.218941,-0.00221561,0.000174095,6.03806e-05,0.00354897,0.00319979,-0.000743022,-0.00224105,0.0120441,-2.39685e-05,0.0462495,0.00783097,0.0027324,0.000203732,-0.00245677,0.0124157,-0.0119483,0.0536893,-0.00958738,-0.1,0,0,0.3,-0.2,0,-0.1,0,0,0.3,-0.2,0,0,0,0,0,0,0,0,0,0,0,0,0,0,0,0,0,0,6.09641,-0.703125,0.559304,7.03125,13.7134,0.723941,4.08292,-4.30664,0.447443,5.80078,15.0502,2.00162,-1.06268,-0.198478,-6.84544,-2.6875,0.4375,0.1875,-2.5,-0.0625,-0.947266,-0.117188,-2,-0.3125,0.25,-2.3125,0.0625,-1.02539,0.214844,0.522173,-0.0695405,0.113563,0.485839,0.700928,0.0726701,-0.188401,-0.154591,0.101028,0.149899,0.74952,0.102377,0.153471,0.0427496,-1.06284,-0.329183,0.0957779,0.102849,-0.614479,0.00661529,-0.925972,-0.13993,-0.279376,-0.0234411,0.104431,-0.596239,0.235897,-1.06004,0.178003
43.7,-0.102997,0.000213053,-6.69595e-05,0.297891,-0.21756,-0.000939094,-0.101819,0.00205383,-0.000227662,0.29841,-0.218941,-0.00220132,0.000160703,7.54759e-05,0.00353934,0.00319979,-0.000755006,-0.00222907,0.0120561,-3.59527e-05,0.0462495,0.00784631,0.0027324,0.000215716,-0.00242081,0.0124037,-0.0119363,0.0536893,-0.00961039,-0.1,0,0,0.3,-0.2,0,-0.1,0,0,0.3,-0.2,0,0,0,0,0,0,0,0,0,0,0,0,0,0,0,0,0,0,6.09641,-0.703125,0.447443,8.17383,13.7138,0.619155,3.18803,-4.30664,0.503374,4.6582,15.1388,2.05408,-0.503374,-0.446575,-7.23439,-2.6875,0.5,0.1875,-2.5,-0.0625,-0.947266,-0.107422,-2,-0.3125,0.3125,-2.3125,0.125,-1.03516,0.224609,0.495122,-0.0376678,-0.013874,0.507316,0.694206,0.0238112,-0.167831,-0.20211,0.0279087,0.140269,0.749505,0.123765,0.034069,-0.0371341,-1.07474,-0.341455,0.100044,0.108385,-0.584399,0.00992294,-0.924009,-0.150054,-0.27324,-0.0215716,0.130245,-0.647795,0.24026,-1.07182,0.21577
43.76,-0.10289,0.000204531,-8.03514e-05,0.297959,-0.217551,-0.000924773,-0.101886,0.00206235,-0.000147311,0.298427,-0.218946,-0.00220845,0.000187487,7.54759e-05,0.00354897,0.0031878,-0.00076699,-0.00224105,0.0120441,-1.19842e-05,0.0462725,0.00785398,0.0027324,0.000203732,-0.00242081,0.0124157,-0.0119603,0.0536893,-0.00959505,-0.1,0,0,0.3,-0.2,0,-0.1,0,0,0.3,-0.2,0,0,0,0,0,0,0,0,0,0,0,0,0,0,0,0,0,0,6.48793,-0.703125,0.391513,5.53711,13.8021,0.671149,2.23722,-4.30664,0.727095,5.00977,15.1388,2.05408,-0.615234,-0.198478,-7.00102,-2.625,0.4375,0.1875,-2.5,-0.125,-0.947266,-0.117188,-2,-0.3125,0.25,-2.3125,0.0625,-1.03516,0.224609,0.268423,-0.046633,0.00289265,0.333463,0.697265,0.0561883,-0.0377154,-0.229143,0.045586,0.230433,0.754555,0.115798,-0.0151061,-0.0052531,-1.05729,-0.300373,0.0674952,0.0905768,-0.593003,0.00484163,-0.94214,-0.161988,-0.279376,-0.0111693,0.127177,-0.626919,0.251477,-1.07182,0.199755
43.8,-0.102903,0.000221575,-0.000147311,0.297959,-0.217556,-0.000931934,-0.101939,0.00205383,-0.000267838,0.298436,-0.218941,-0.00220132,0.000160703,6.03806e-05,0.00354897,0.00319979,-0.00076699,-0.00222907,0.0120561,-2.39685e-05,0.0462495,0.00784631,0.0027324,0.000203732,-0.00242081,0.0124037,-0.0119483,0.053697,-0.00959505,-0.1,0,0,0.3,-0.2,0,-0.1,0,0,0.3,-0.2,0,0,0,0,0,0,0,0,0,0,0,0,0,0,0,0,0,0,6.54386,-0.791016,0.335582,6.24023,13.8021,0.671149,2.68466,-4.21875,0.615234,5.53711,15.1388,2.05408,-0.727095,-0.446575,-7.07881,-2.625,0.4375,0.1875,-2.5,-0.0625,-0.947266,-0.117188,-2,-0.3125,0.25,-2.25,0.0625,-1.03516,0.224609,0.218338,-0.03852,0.0250161,0.257105,0.694185,0.0564635,0.358471,-0.205383,0.103921,0.267333,0.757664,0.0770731,0.044354,-0.0210125,-1.06654,-0.307707,0.0951068,0.135997,-0.602807,0.00508131,-0.922045,-0.152018,-0.28858,0.00723847,0.121041,-0.598708,0.234364,-1.08278,0.187974
43.86,-0.102836,0.00016192,-0.000107135,0.297993,-0.217547,-0.000931904,-0.101859,0.00205383,-0.000227662,0.29853,-0.218941,-0.00220132,0.000187487,6.03806e-05,0.00353934,0.00319979,-0.000743022,-0.00224105,0.0120441,-1.19842e-05,0.0462495,0.00784631,0.0027324,0.0002277,-0.00242081,0.0124037,-0.0119363,0.053697,-0.00958738,-0.1,0,0,0.3,-0.2,0,-0.1,0,0,0.3,-0.2,0,0,0,0,0,0,0,0,0,0,0,0,0,0,0,0,0,0,5.81676,-0.527344,0.447443,5.27344,13.8021,0.671149,1.8457,-4.30664,0.615234,4.6582,15.1385,1.94929,-0.615234,-0.347336,-7.07881,-2.625,0.4375,0.1875,-2.5,-0.0625,-0.947266,-0.117188,-2,-0.3125,0.25,-2.3125,0.125,-1.02539,0.224609,0.232212,0.000170443,0.0209985,0.137458,0.693623,0.00705431,0.211588,-0.218473,0.0124812,0.166003,0.764165,0.0770507,-0.0665309,-0.0181142,-1.0655,-0.313843,0.0835061,0.0875088,-0.586868,0.0125115,-0.923027,-0.147109,-0.27324,-0.0166341,0.121041,-0.614048,0.238726,-1.07787,0.187821
43.9,-0.10281,0.000187487,-4.01757e-05,0.298018,-0.217556,-0.000931934,-0.101765,0.00204531,-0.000160703,0.298555,-0.218933,-0.00218704,0.000160703,8.30235e-05,0.00355378,0.00319979,-0.000755006,-0.00222907,0.0120561,-3.59527e-05,0.0462495,0.00785398,0.0027324,0.000203732,-0.0024328,0.0124037,-0.0119603,0.053697,-0.00958738,-0.1,0,0,0.3,-0.2,0,-0.1,0,0,0.3,-0.2,0,0,0,0,0,0,0,0,0,0,0,0,0,0,0,0,0,0,6.2642,-0.439453,0.335582,6.15234,13.8021,0.671149,2.62873,-4.39453,0.447443,4.6582,15.0502,2.00162,0.111861,-0.198478,-6.84544,-2.6875,0.4375,0.1875,-2.5,-0.0625,-0.947266,-0.117188,-2,-0.3125,0.25,-2.3125,0.0625,-1.03516,0.224609,0.275816,0.0172488,-0.0371223,0.335426,0.713637,0.0455513,0.294778,-0.214348,-0.0662095,0.113085,0.744301,0.109486,0.0854939,0.00697399,-1.0458,-0.319979,0.0601608,0.0991815,-0.599739,0.005321,-0.924009,-0.163952,-0.297784,-0.00196541,0.118572,-0.623252,0.236137,-1.07983,0.186839
43.96,-0.102823,0.000153398,-0.000107135,0.298027,-0.217547,-0.000931904,-0.101845,0.00202826,-0.000174095,0.298606,-0.218933,-0.00220135,0.000160703,7.54759e-05,0.00354897,0.00319979,-0.000755006,-0.00225303,0.0120561,-3.59527e-05,0.0462495,0.00784631,0.00274439,0.000191748,-0.00246875,0.0124037,-0.0119483,0.053697,-0.00958738,-0.1,0,0,0.3,-0.2,0,-0.1,0,0,0.3,-0.2,0,0,0,0,0,0,0,0,0,0,0,0,0,0,0,0,0,0,5.53711,-0.703125,0.391513,5.88867,13.7138,0.619155,2.74059,-4.30664,0.503374,4.57031,15.0502,2.00162,-0.223722,-0.347336,-7.07881,-2.6875,0.4375,0.1875,-2.5,-0.125,-0.947266,-0.117188,-2.0625,-0.3125,0.25,-2.3125,0.125,-1.03516,0.224609,0.138308,0.0468375,-0.00471395,0.317785,0.687147,0.0125216,0.261674,-0.209371,0.00712449,0.203588,0.758921,0.118242,-0.00192843,-0.0284393,-1.06839,-0.301571,0.0816365,0.118788,-0.602807,0.000719053,-0.925972,-0.152018,-0.289779,-0.00383495,0.117302,-0.62632,0.254305,-1.07983,0.186839
44,-0.102783,0.000178964,-0.000107135,0.298044,-0.217551,-0.000924773,-0.101899,0.00202826,-0.000187487,0.298632,-0.21892,-0.00220852,0.000200878,7.54759e-05,0.00354897,0.00319979,-0.000755006,-0.00222907,0.0120561,-1.19842e-05,0.0462495,0.00784631,0.00275637,0.000215716,-0.00244478,0.0124276,-0.0119722,0.0536893,-0.00959505,-0.1,0,0,0.3,-0.2,0,-0.1,0,0,0.3,-0.2,0,0,0,0,0,0,0,0,0,0,0,0,0,0,0,0,0,0,4.64222,-0.615234,0.447443,5.53711,13.7134,0.723941,5.03374,-4.30664,0.615234,5.00977,15.0502,2.00162,-0.223722,-0.248097,-6.92323,-2.75,0.4375,0.1875,-2.5,-0.125,-0.947266,-0.117188,-2,-0.3125,0.25,-2.3125,0.0625,-1.03516,0.214844,0.25771,0.0082835,0.0107135,0.287957,0.705403,0.0589613,0.43159,-0.193009,0.00846368,0.259748,0.742169,0.107606,-0.085976,0.00634,-1.0536,-0.329183,0.0785686,0.0991815,-0.590535,-0.00589624,-0.922045,-0.152999,-0.297113,-0.00316384,0.116103,-0.621382,0.257853,-1.0728,0.186011
44.06,-0.102729,0.000238619,-0.000107135,0.298078,-0.217543,-0.000924744,-0.101912,0.00201122,-0.000200878,0.298683,-0.218929,-0.00220851,0.000254446,6.03806e-05,0.00353934,0.00319979,-0.000755006,-0.00221708,0.0120561,-1.19842e-05,0.0462495,0.00784631,0.0027324,0.000203732,-0.00236089,0.0124276,-0.0119363,0.0536893,-0.00957971,-0.1,0,0,0.3,-0.2,0,-0.1,0,0,0.3,-0.2,0,0,0,0,0,0,0,0,0,0,0,0,0,0,0,0,0,0,5.20153,-0.703125,0.279652,4.92188,13.7138,0.619155,4.08292,-4.30664,0.671165,4.04297,15.1388,2.05408,-0.727095,-0.198478,-6.84544,-2.6875,0.4375,0.1875,-2.5,-0.125,-0.947266,-0.117188,-2,-0.3125,0.25,-2.3125,0.0625,-1.03516,0.224609,0.0672234,-0.0664043,0.015856,0.342839,0.66745,0.00667806,0.597489,-0.233847,-0.0056246,0.148448,0.744116,0.132304,-0.235751,0.0311565,-1.04516,-0.319979,0.0785686,0.120058,-0.605875,-0.0104982,-0.922045,-0.155944,-0.27324,-0.0111693,0.145656,-0.630586,0.231056,-1.0679,0.194539
44.1,-0.102729,0.000178964,-0.000133919,0.298087,-0.217547,-0.000931904,-0.101832,0.0020027,-0.000241054,0.298649,-0.218929,-0.0021942,0.000133919,6.79282e-05,0.00354415,0.00319979,-0.000755006,-0.00221708,0.0120561,-1.19842e-05,0.0462495,0.00785398,0.0027324,0.000215716,-0.00242081,0.0124276,-0.0119603,0.0536893,-0.00958738,-0.1,0,0,0.3,-0.2,0,-0.1,0,0,0.3,-0.2,0,0,0,0,0,0,0,0,0,0,0,0,0,0,0,0,0,0,4.30664,-0.703125,0.615234,5.36133,13.8021,0.671149,5.7049,-4.30664,0.559304,4.83398,15.1388,2.05408,-0.167791,-0.347336,-6.76765,-2.6875,0.4375,0.25,-2.5,-0.0625,-0.927734,-0.126953,-2,-0.3125,0.25,-2.3125,0.0625,-1.03516,0.224609,0.314063,-0.0506214,-0.00203557,0.303381,0.696973,0.0290247,0.311759,-0.154455,0.0601028,0.120838,0.749005,0.1125,0.0318191,-0.0174802,-1.03921,-0.316911,0.109248,0.129262,-0.599739,0.0232494,-0.921063,-0.172788,-0.260968,-0.0399794,0.124109,-0.652062,0.251477,-1.07182,0.195675
44.16,-0.102743,0.000178964,-0.000133919,0.298087,-0.217551,-0.000939065,-0.101899,0.00202826,-0.000241054,0.298598,-0.218929,-0.0021942,0.000254446,7.54759e-05,0.00354897,0.00319979,-0.000743022,-0.00222907,0.0120681,1.19842e-05,0.0462495,0.00784631,0.0027324,0.000251669,-0.00240883,0.0124276,-0.0119483,0.0536893,-0.00959505,-0.1,0,0,0.3,-0.2,0,-0.1,0,0,0.3,-0.2,0,0,0,0,0,0,0,0,0,0,0,0,0,0,0,0,0,0,5.25746,-0.703125,0.559304,5.44922,13.8021,0.671149,4.81001,-4.39453,0.838956,4.83398,15.0505,2.10641,-0.111861,-0.347336,-6.92323,-2.6875,0.4375,0.1875,-2.5,-0.0625,-0.947266,-0.117188,-2,-0.375,0.25,-2.25,0.0625,-1.03516,0.214844,0.130272,-0.00807897,0.0288194,0.352469,0.695679,0.0649891,0.441875,-0.229006,0.0241054,0.461212,0.745751,0.118001,-0.158614,-0.0197445,-1.06654,-0.304639,0.0835061,0.126793,-0.591134,-0.00330765,-0.922045,-0.156926,-0.27324,-0.0650504,0.114306,-0.618314,0.238965,-1.07182,0.195828
44.2,-0.102796,0.000196009,-0.000120527,0.298087,-0.217547,-0.000931904,-0.101886,0.00204531,-0.000241054,0.298615,-0.218933,-0.00218704,0.000133919,5.2833e-05,0.00354415,0.00319979,-0.000743022,-0.00221708,0.0120801,1.19842e-05,0.0462495,0.00785398,0.0027324,0.000203732,-0.0024328,0.0124276,-0.0119483,0.0536817,-0.00958738,-0.1,0,0,0.3,-0.2,0,-0.1,0,0,0.3,-0.2,0,0,0,0,0,0,0,0,0,0,0,0,0,0,0,0,0,0,4.97781,-0.791016,0.391513,6.06445,13.8904,0.723142,2.79652,-4.30664,0.447443,4.21875,15.3155,1.94942,0,-0.198478,-7.00102,-2.6875,0.4375,0.1875,-2.5,-0.0625,-0.947266,-0.126953,-2,-0.3125,0.1875,-2.25,0.125,-1.03516,0.224609,0.181912,0.00985157,0.0171952,0.428827,0.706897,0.0674868,0.291404,-0.188168,0.0241054,0.20231,0.770331,0.0709672,-0.0401757,0.0421156,-1.05585,-0.286231,0.101914,0.13233,-0.604005,-0.000239685,-0.916155,-0.163952,-0.279376,-0.0173052,0.115504,-0.60911,0.234364,-1.06283,0.186839
44.26,-0.102743,0.000196009,-9.37433e-05,0.298087,-0.217551,-0.000939065,-0.101939,0.00205383,-0.000227662,0.298581,-0.218941,-0.00218703,0.000200878,6.79282e-05,0.00355378,0.00317582,-0.000743022,-0.00224105,0.0120561,-1.19842e-05,0.0462495,0.00784631,0.00274439,0.000191748,-0.00245677,0.0124157,-0.0119483,0.0536893,-0.00958738,-0.1,0,0,0.3,-0.2,0,-0.1,0,0,0.3,-0.2,0,0,0,0,0,0,0,0,0,0,0,0,0,0,0,0,0,0,4.69815,-0.615234,0.279652,5.27344,13.7138,0.619155,4.47443,-4.21875,0.950817,5.00977,15.1388,2.05408,-0.671165,-0.248097,-6.92323,-2.6875,0.4375,0.1875,-2.5,-0.0625,-0.947266,-0.126953,-2,-0.3125,0.25,-2.25,0.125,-1.03516,0.214844,0.135415,-0.0196009,-0.057478,0.199752,0.692329,0.0430187,0.52303,-0.149751,0.0433362,0.120157,0.75603,0.0902316,-0.111688,-0.00588709,-1.06059,-0.302242,0.101914,0.112053,-0.593603,0.00484163,-0.923027,-0.153981,-0.280575,-0.00690291,0.0860228,-0.605443,0.238965,-1.0728,0.187821
44.3,-0.102823,0.000221575,-0.000107135,0.298078,-0.217551,-0.000939065,-0.101899,0.00207087,-0.000174095,0.298547,-0.218933,-0.00220135,0.000187487,6.03806e-05,0.00353934,0.0031878,-0.000743022,-0.00221708,0.0120561,-1.19842e-05,0.0462495,0.00783864,0.00274439,0.0002277,-0.00248073,0.0124037,-0.0119483,0.053697,-0.00959505,-0.1,0,0,0.3,-0.2,0,-0.1,0,0,0.3,-0.2,0,0,0,0,0,0,0,0,0,0,0,0,0,0,0,0,0,0,4.97781,-0.703125,0.223722,6.15234,13.8021,0.671149,5.7049,-4.21875,0.615234,5.18555,15.0502,2.00162,-1.00675,-0.297716,-7.1566,-2.6875,0.4375,0.1875,-2.5625,-0.0625,-0.947266,-0.126953,-2,-0.25,0.3125,-2.375,0.0625,-1.02539,0.224609,0.30801,-0.0810624,-0.0407114,0.293751,0.711856,0.0485758,0.251603,-0.164545,-0.0545854,0.23435,0.739415,0.123799,-0.102528,0.0195634,-1.07104,-0.291169,0.09271,0.113922,-0.593603,0.0125115,-0.923027,-0.14401,-0.289779,0.0232494,0.139377,-0.647795,0.249703,-1.07198,0.194846
44.36,-0.102796,0.000221575,-0.000133919,0.29807,-0.217551,-0.000939065,-0.101899,0.00207087,-0.000187487,0.298513,-0.218946,-0.00219416,0.000174095,7.54759e-05,0.00354897,0.00319979,-0.000743022,-0.0022051,0.0120561,-1.19842e-05,0.0462495,0.00784631,0.0027324,0.000239685,-0.0024328,0.0123917,-0.0119603,0.0536893,-0.00957971,-0.1,0,0,0.3,-0.2,0,-0.1,0,0,0.3,-0.2,0,0,0,0,0,0,0,0,0,0,0,0,0,0,0,0,0,0,4.75408,-0.439453,0.391513,5.80078,13.8021,0.671149,5.7049,-4.30664,0.335582,4.39453,15.1388,2.05408,-0.615234,-0.297716,-7.00102,-2.6875,0.4375,0.1875,-2.5,-0.0625,-0.947266,-0.117188,-2,-0.3125,0.25,-2.3125,0.0625,-1.03516,0.224609,0.269334,-0.00252254,0.00310692,0.311392,0.700517,0.0567712,0.174465,-0.200542,-0.00696379,0.163106,0.756183,0.112476,-0.129366,-0.0110497,-1.06099,-0.319979,0.0804381,0.128663,-0.624282,0.0171135,-0.921063,-0.157908,-0.270172,-0.00556068,0.115504,-0.585837,0.249943,-1.07084,0.187667
44.4,-0.10281,0.000178964,-0.000120527,0.29801,-0.21756,-0.000924802,-0.101886,0.00205383,-0.000200878,0.298564,-0.218929,-0.00220851,0.000200878,7.54759e-05,0.00354897,0.00319979,-0.000743022,-0.00221708,0.0120561,-3.59527e-05,0.0462649,0.00784631,0.00274439,0.000203732,-0.00245677,0.0124157,-0.0119483,0.0536893,-0.00957971,-0.1,0,0,0.3,-0.2,0,-0.1,0,0,0.3,-0.2,0,0,0,0,0,0,0,0,0,0,0,0,0,0,0,0,0,0,5.31339,-0.791016,0.335582,6.67969,13.7138,0.619155,4.86594,-4.39453,0.167791,4.39453,15.1388,2.05408,-0.559304,-0.347336,-7.07881,-2.6875,0.4375,0.1875,-2.5,-0.0625,-0.947266,-0.117188,-2,-0.3125,0.25,-2.3125,0.0625,-1.03516,0.224609,0.291243,-0.0375314,-0.0445147,0.374884,0.704029,0.0397426,0.0651344,-0.205383,0.0509428,0.199073,0.740861,0.137805,-0.0345511,-0.0284393,-1.07208,-0.319979,0.0743022,0.0924463,-0.605875,0.000719053,-0.944932,-0.157908,-0.277507,-0.0295771,0.107498,-0.633055,0.243567,-1.07182,0.185704
44.46,-0.10293,0.000187487,-0.000107135,0.297993,-0.21756,-0.000924802,-0.101912,0.00205383,-0.000187487,0.29853,-0.218937,-0.00219419,0.000187487,8.30235e-05,0.00355378,0.00319979,-0.000755006,-0.00221708,0.0120561,-3.59527e-05,0.0462495,0.00783864,0.0027324,0.0002277,-0.00246875,0.0124037,-0.0119363,0.0536817,-0.00959505,-0.1,0,0,0.3,-0.2,0,-0.1,0,0,0.3,-0.2,0,0,0,0,0,0,0,0,0,0,0,0,0,0,0,0,0,0,5.08967,-0.703125,0.335582,5.80078,13.8021,0.671149,5.03374,-4.21875,0.950817,4.83398,15.0502,2.00162,-0.391513,-0.248097,-6.92323,-2.6875,0.4375,0.1875,-2.5,-0.125,-0.947266,-0.126953,-2,-0.3125,0.25,-2.3125,0.0625,-1.03516,0.224609,0.544993,0.0434287,-0.0561388,0.519249,0.699142,0.0369809,0.0678128,-0.20211,0.00846368,0.182366,0.757483,0.0932573,0.0671737,-0.0133139,-1.07353,-0.310775,0.0540249,0.113922,-0.608943,0.00378702,-0.923027,-0.144992,-0.27324,-0.02277,0.123438,-0.620184,0.22492,-1.07069,0.194846
44.5,-0.102944,0.000178964,-8.03514e-05,0.298001,-0.217556,-0.000931934,-0.101805,0.00204531,-0.000120527,0.29853,-0.218933,-0.00218704,0.000227662,8.30235e-05,0.00355378,0.00319979,-0.000731038,-0.00221708,0.0120801,-2.39685e-05,0.0462572,0.00784631,0.0027324,0.000215716,-0.00242081,0.0124037,-0.0119363,0.053697,-0.00958738,-0.1,0,0,0.3,-0.2,0,-0.1,0,0,0.3,-0.2,0,0,0,0,0,0,0,0,0,0,0,0,0,0,0,0,0,0,5.92862,-0.615234,0.447443,6.32812,13.8021,0.671149,5.76083,-4.39453,0.447443,4.6582,15.0505,2.10641,-0.559304,-0.198478,-6.84544,-2.6875,0.4375,0.25,-2.5,-0.125,-0.927734,-0.117188,-2.0625,-0.3125,0.3125,-2.3125,0.125,-1.03516,0.224609,0.54119,0.0213735,-0.0125348,0.436158,0.703861,0.0400278,0.0313865,-0.217621,0.0429076,0.198728,0.745928,0.106735,-0.0734412,0.0156688,-1.05504,-0.319979,0.0669679,0.11699,-0.628549,-0.00258859,-0.930053,-0.156926,-0.291648,0.0244478,0.124109,-0.641659,0.237192,-1.08081,0.186839
44.56,-0.102903,0.000187487,-9.37433e-05,0.298027,-0.217556,-0.000931934,-0.101711,0.00202826,-0.000174095,0.298555,-0.218937,-0.00220848,0.000200878,6.79282e-05,0.00354415,0.00319979,-0.000743022,-0.0022051,0.0120801,-3.59527e-05,0.0462495,0.00784631,0.00275637,0.000203732,-0.00242081,0.0124037,-0.0119603,0.0536893,-0.00958738,-0.1,0,0,0.3,-0.2,0,-0.1,0,0,0.3,-0.2,0,0,0,0,0,0,0,0,0,0,0,0,0,0,0,0,0,0,6.48793,-0.527344,0.279652,5.18555,13.8021,0.671149,2.79652,-4.30664,0.727095,4.21875,15.1388,2.05408,-0.503374,-0.347336,-6.92323,-2.6875,0.4375,0.1875,-2.5,-0.0625,-0.947266,-0.117188,-2,-0.3125,0.3125,-2.375,0.0625,-1.03516,0.224609,0.47032,0.0139763,-0.0266231,0.295968,0.690959,0.0619421,-0.142547,-0.173374,-0.0288729,0.194897,0.741196,0.143293,-0.127116,-0.0145819,-1.05215,-0.319979,0.0957779,0.107187,-0.585597,0.0114569,-0.924009,-0.157908,-0.266433,-0.00196541,0.121041,-0.638591,0.231535,-1.0728,0.188802
44.6,-0.102944,0.000178964,-8.03514e-05,0.297984,-0.217551,-0.000924773,-0.101819,0.00202826,-0.000200878,0.298547,-0.218933,-0.00220135,0.000187487,6.79282e-05,0.00355378,0.00319979,-0.000755006,-0.0022051,0.0120561,-2.39685e-05,0.0462495,0.00783864,0.0027324,0.0002277,-0.00240883,0.0123917,-0.0119603,0.0536893,-0.00959505,-0.1,0,0,0.3,-0.2,0,-0.1,0,0,0.3,-0.2,0,0,0,0,0,0,0,0,0,0,0,0,0,0,0,0,0,0,6.59979,-0.615234,0.223722,6.67969,13.8021,0.671149,3.80327,-4.30664,0.279652,4.74609,15.2272,2.00175,-0.167791,-0.248097,-6.92323,-2.6875,0.4375,0.25,-2.5,-0.0625,-0.947266,-0.117188,-2,-0.3125,0.25,-2.3125,0.0625,-1.03516,0.224609,0.546332,-0.00153398,-0.0948146,0.302356,0.706842,0.0177935,-0.0855511,-0.196281,-0.041622,0.223442,0.762175,0.112741,0.103171,-0.00298882,-1.07723,-0.301571,0.109248,0.125595,-0.590535,0.00661529,-0.92499,-0.150882,-0.285512,0.0140455,0.111238,-0.607313,0.260681,-1.07182,0.197792
44.66,-0.102877,0.000196009,-8.03514e-05,0.297984,-0.217547,-0.000931904,-0.101765,0.00203679,-0.000227662,0.298521,-0.218933,-0.00218704,0.000227662,7.54759e-05,0.00354897,0.00319979,-0.000743022,-0.00222907,0.0120681,1.19842e-05,0.0462419,0.00784631,0.0027324,0.000215716,-0.00239685,0.0124037,-0.0119603,0.0536893,-0.00958738,-0.1,0,0,0.3,-0.2,0,-0.1,0,0,0.3,-0.2,0,0,0,0,0,0,0,0,0,0,0,0,0,0,0,0,0,0,5.87269,-0.791016,0.111861,6.94336,13.7138,0.619155,3.24396,-4.39453,0.503374,4.83398,15.1388,2.05408,-0.838956,-0.347336,-7.07881,-2.6875,0.4375,0.1875,-2.5,-0.125,-0.947266,-0.117188,-2,-0.3125,0.3125,-2.3125,0.125,-1.02539,0.224609,0.318509,-0.0130559,-0.0331048,0.43871,0.693797,0.0454828,-0.0189133,-0.203679,0.00219627,0.352723,0.758913,0.12865,-0.124866,-0.0197445,-1.06284,-0.304639,0.0804381,0.117589,-0.606474,-0.0155795,-0.912074,-0.152018,-0.27324,-0.0185036,0.129046,-0.617116,0.240739,-1.07182,0.179967
44.7,-0.102796,0.000170442,-0.000107135,0.298001,-0.217551,-0.000939065,-0.101859,0.00202826,-0.000200878,0.298564,-0.218933,-0.00218704,0.000187487,6.79282e-05,0.00355378,0.00319979,-0.000743022,-0.00224105,0.0120441,-1.19842e-05,0.0462572,0.00784631,0.00274439,0.000215716,-0.00242081,0.0124037,-0.0119483,0.053697,-0.00959505,-0.1,0,0,0.3,-0.2,0,-0.1,0,0,0.3,-0.2,0,0,0,0,0,0,0,0,0,0,0,0,0,0,0,0,0,0,5.42525,-0.703125,0.391513,6.5918,13.7134,0.723941,2.18129,-4.39453,0.279652,4.48242,15.0502,2.00162,-0.838956,-0.297716,-6.84544,-2.6875,0.4375,0.1875,-2.5,-0.0625,-0.947266,-0.117188,-2,-0.3125,0.3125,-2.3125,0.0625,-1.03516,0.214844,0.0944892,0.00913571,0.0672809,0.430704,0.705504,0.0814921,0.29901,-0.196281,-0.000482107,0.24816,0.754067,0.0874928,-0.107671,-0.0174802,-1.06798,-0.319979,0.0804381,0.118188,-0.589935,0.00944357,-0.932998,-0.15889,-0.280575,-0.0062318,0.105701,-0.617116,0.245101,-1.07394,0.191901
44.76,-0.102836,0.00016192,-8.03514e-05,0.298061,-0.217547,-0.000917613,-0.101805,0.00204531,-0.000254446,0.298555,-0.218937,-0.00219419,0.000187487,6.03806e-05,0.00353934,0.00321177,-0.000743022,-0.00221708,0.0120441,-4.79369e-05,0.0462495,0.00786165,0.00275637,0.0002277,-0.00238486,0.0124037,-0.0119363,0.0536893,-0.00959505,-0.1,0,0,0.3,-0.2,0,-0.1,0,0,0.3,-0.2,0,0,0,0,0,0,0,0,0,0,0,0,0,0,0,0,0,0,5.64897,-0.527344,0.167791,4.74609,13.7138,0.619155,2.40501,-4.39453,0.279652,4.48242,15.1385,1.94929,-0.167791,-0.446575,-7.23439,-2.6875,0.4375,0.1875,-2.5,-0.0625,-0.947266,-0.117188,-2,-0.3125,0.1875,-2.3125,0.125,-1.03516,0.224609,0.149932,0.0165329,-0.0639597,0.258129,0.692057,0.0202015,0.288511,-0.217621,0.0151596,0.23853,0.765611,0.0904843,-0.0665309,-0.0297073,-1.07659,-0.308905,0.0436226,0.0985822,-0.599139,0.0040267,-0.924009,-0.169996,-0.300181,-0.0473137,0.0762916,-0.617116,0.227988,-1.0679,0.192883
44.8,-0.10285,0.000178964,-0.000133919,0.298052,-0.217551,-0.000939065,-0.101792,0.00204531,-0.000174095,0.298538,-0.218933,-0.00218704,0.000200878,7.54759e-05,0.00354897,0.00319979,-0.000743022,-0.00222907,0.0120561,-2.39685e-05,0.0462725,0.00783864,0.00275637,0.000215716,-0.00239685,0.0124276,-0.0119483,0.0536817,-0.00959505,-0.1,0,0,0.3,-0.2,0,-0.1,0,0,0.3,-0.2,0,0,0,0,0,0,0,0,0,0,0,0,0,0,0,0,0,0,6.09641,-0.703125,0.447443,5.625,13.7138,0.619155,2.29315,-4.30664,0.279652,4.6582,15.0502,2.00162,-0.447443,-0.248097,-6.92323,-2.6875,0.4375,0.1875,-2.5,-0.0625,-0.947266,-0.117188,-2,-0.3125,0.25,-2.3125,0.0625,-1.03516,0.224609,0.212981,-0.00153398,0.0288194,0.330312,0.705306,0.0375738,-0.000807315,-0.191441,0.022552,0.333803,0.731307,0.098551,-0.132258,0.00634,-1.06099,-0.298503,0.0835061,0.105317,-0.581331,0.00354733,-0.943122,-0.148919,-0.287909,0.00910801,0.119842,-0.645926,0.249703,-1.06283,0.197792
44.86,-0.10281,0.000170442,-0.000107135,0.298078,-0.217547,-0.000931904,-0.101912,0.00204531,-0.000187487,0.298564,-0.218933,-0.00220135,0.000120527,7.54759e-05,0.00354897,0.00317582,-0.000743022,-0.00222907,0.0120441,1.19842e-05,0.0462572,0.00784631,0.00275637,0.000215716,-0.00240883,0.0124276,-0.0119722,0.0536893,-0.00959505,-0.1,0,0,0.3,-0.2,0,-0.1,0,0,0.3,-0.2,0,0,0,0,0,0,0,0,0,0,0,0,0,0,0,0,0,0,5.31339,-0.615234,0.335582,5.27344,13.8021,0.671149,3.41175,-4.30664,0.615234,4.6582,15.0502,2.00162,-0.615234,-0.297716,-7.00102,-2.6875,0.4375,0.3125,-2.5,-0.0625,-0.947266,-0.117188,-2,-0.3125,0.3125,-2.3125,0.125,-1.03516,0.224609,0.147254,0.0124082,0.0415684,0.321022,0.710073,0.0510287,0.299225,-0.217621,0.00846368,0.264522,0.74917,0.118276,0.174684,-0.0226428,-1.07208,-0.30531,0.0681663,0.148269,-0.580732,-0.000239685,-0.934961,-0.159871,-0.294045,-0.0215716,0.102034,-0.599906,0.240979,-1.07379,0.19681
44.92,-0.10281,0.000196009,-0.000107135,0.298052,-0.217556,-0.000931934,-0.101912,0.00204531,-0.000200878,0.298564,-0.218937,-0.00219419,0.000187487,6.79282e-05,0.00355378,0.00319979,-0.000743022,-0.00222907,0.0120561,-2.39685e-05,0.0462495,0.00784631,0.00274439,0.0002277,-0.00246875,0.0124037,-0.0119483,0.0536817,-0.00959505,-0.1,0,0,0.3,-0.2,0,-0.1,0,0,0.3,-0.2,0,0,0,0,0,0,0,0,0,0,0,0,0,0,0,0,0,0,4.53036,-0.527344,0.447443,5.18555,13.8021,0.671149,5.81676,-4.30664,0.503374,5.18555,14.9619,2.05395,-0.894886,-0.347336,-7.07881,-2.6875,0.4375,0.1875,-2.5625,-0.0625,-0.947266,-0.117188,-2,-0.3125,0.3125,-2.3125,0.0625,-1.03516,0.224609,0.167824,0.026214,0.0518534,0.297587,0.700636,0.0455064,0.355792,-0.214348,-0.0159096,0.215435,0.742831,0.128992,-0.107671,-9.05413e-05,-1.06798,-0.301571,0.0743022,0.111453,-0.615078,0.00201335,-0.923027,-0.156926,-0.274439,-0.0350419,0.126505,-0.632455,0.228228,-1.06185,0.195828
44.96,-0.102823,0.000178964,-0.000147311,0.298035,-0.217556,-0.000946226,-0.101966,0.00205383,-0.000187487,0.298538,-0.218941,-0.00218703,0.000200878,6.79282e-05,0.00354415,0.00319979,-0.000755006,-0.00222907,0.0120561,-2.39685e-05,0.0462572,0.00784631,0.0027324,0.000191748,-0.00240883,0.0124037,-0.0119123,0.053697,-0.00959505,-0.1,0,0,0.3,-0.2,0,-0.1,0,0,0.3,-0.2,0,0,0,0,0,0,0,0,0,0,0,0,0,0,0,0,0,0,4.4185,-0.439453,0.559304,5.80078,13.8904,0.723142,6.32014,-4.39453,0.559304,4.74609,14.9619,2.05395,-0.503374,-0.198478,-6.84544,-2.6875,0.4375,0.1875,-2.5,-0.125,-0.947266,-0.117188,-2,-0.3125,0.3125,-2.375,0.0625,-1.03516,0.224609,0.22573,0.011556,-0.0315513,0.463769,0.712176,0.081801,0.428001,-0.270833,0.0238911,0.273808,0.75928,0.0902204,-0.147686,0.0201974,-1.03736,-0.313843,0.0662967,0.0899776,-0.590535,0.0142852,-0.932016,-0.156926,-0.27324,0.0115049,0.151121,-0.641659,0.215237,-1.07787,0.199755
45.02,-0.10285,0.000178964,-0.000133919,0.298052,-0.217551,-0.000939065,-0.101979,0.00204531,-0.000174095,0.29853,-0.218933,-0.00218704,0.000187487,7.54759e-05,0.00354897,0.00319979,-0.000743022,-0.00221708,0.0120441,-2.39685e-05,0.0462572,0.00783864,0.00274439,0.000215716,-0.0024328,0.0124276,-0.0119363,0.053697,-0.00959505,-0.1,0,0,0.3,-0.2,0,-0.1,0,0,0.3,-0.2,0,0,0,0,0,0,0,0,0,0,0,0,0,0,0,0,0,0,5.7049,-0.615234,0.391513,4.57031,13.8021,0.671149,5.1456,-4.39453,0.167791,5.00977,15.0505,2.10641,0.447443,-0.297716,-7.00102,-2.6875,0.4375,0.1875,-2.5,-0.125,-0.947266,-0.117188,-2,-0.3125,0.3125,-2.3125,0.0625,-1.02539,0.224609,0.146129,-0.014624,0.0648168,0.417578,0.702105,0.0485422,0.57333,-0.178351,0.0276944,0.329628,0.747543,0.120454,0.0568888,-0.0197445,-1.06284,-0.335319,0.114186,0.110854,-0.599139,0.00508131,-0.930053,-0.151864,-0.283643,0.00297209,0.12164,-0.642858,0.226454,-1.08179,0.192883
45.06,-0.102823,0.000187487,-6.69595e-05,0.298027,-0.21756,-0.000939094,-0.101953,0.00205383,-0.000187487,0.298555,-0.218937,-0.00219419,0.00021427,6.79282e-05,0.00354415,0.00319979,-0.000743022,-0.00222907,0.0120561,-5.99211e-05,0.0462495,0.00784631,0.0027324,0.000215716,-0.00242081,0.0124276,-0.0119243,0.0536893,-0.00959505,-0.1,0,0,0.3,-0.2,0,-0.1,0,0,0.3,-0.2,0,0,0,0,0,0,0,0,0,0,0,0,0,0,0,0,0,0,5.48118,-0.439453,0.391513,5.09766,13.8021,0.671149,3.46768,-4.30664,0.671165,5.00977,15.2272,2.00175,-0.615234,-0.347336,-7.07881,-2.6875,0.4375,0.1875,-2.5,-0.125,-0.947266,-0.117188,-2,-0.3125,0.25,-2.3125,0.0625,-1.03516,0.224609,0.179448,-0.0122037,0.0581208,0.230519,0.707431,0.0732642,0.555224,-0.205383,-0.0378187,0.211259,0.773723,0.109671,-0.131133,-0.0174802,-1.0614,-0.316911,0.0712342,0.0991815,-0.602807,-0.0110734,-0.922045,-0.162817,-0.267104,-0.0062318,0.127177,-0.62445,0.24769,-1.06888,0.197792
45.12,-0.102823,0.000178964,-0.000147311,0.298044,-0.21756,-0.000924802,-0.101953,0.00206235,-0.00021427,0.298513,-0.218937,-0.00219419,0.000133919,8.30235e-05,0.00354415,0.0031878,-0.000743022,-0.00222907,0.0120441,-2.39685e-05,0.0462495,0.00784631,0.0027324,0.000191748,-0.00245677,0.0124157,-0.0119483,0.0536893,-0.00958738,-0.1,0,0,0.3,-0.2,0,-0.1,0,0,0.3,-0.2,0,0,0,0,0,0,0,0,0,0,0,0,0,0,0,0,0,0,5.03374,-0.527344,0.559304,5.44922,13.8021,0.671149,5.48118,-4.30664,0.615234,5.09766,15.1388,2.05408,0.335582,-0.347336,-7.07881,-2.6875,0.4375,0.1875,-2.5,-0.0625,-0.947266,-0.117188,-2,-0.3125,0.3125,-2.3125,0.0625,-1.03516,0.224609,0.210302,-0.0178964,0.0404435,0.298865,0.708917,0.0425043,0.642646,-0.216053,0.0677094,0.348547,0.746109,0.0905517,0.0729591,-0.0567881,-1.07619,-0.306509,0.0835061,0.111453,-0.605275,0.00354733,-0.920082,-0.159871,-0.27324,-0.00383495,0.128974,-0.617715,0.242033,-1.07182,0.186839
45.16,-0.10281,0.000178964,-0.000120527,0.298027,-0.217556,-0.000931934,-0.101899,0.00205383,-0.000174095,0.29853,-0.218937,-0.00219419,0.000187487,6.03806e-05,0.00353934,0.0031878,-0.000755006,-0.0022051,0.0120441,-5.99211e-05,0.0462495,0.00783864,0.0027324,0.0002277,-0.00244478,0.0124037,-0.0119603,0.0536893,-0.00959505,-0.1,0,0,0.3,-0.2,0,-0.1,0,0,0.3,-0.2,0,0,0,0,0,0,0,0,0,0,0,0,0,0,0,0,0,0,5.92862,-0.615234,0.335582,5.71289,13.8021,0.671149,3.46768,-4.39453,0.727095,5.88867,15.1388,2.05408,0.111861,-0.446575,-7.23439,-2.6875,0.4375,0.25,-2.5,-0.125,-0.947266,-0.117188,-2,-0.3125,0.3125,-2.375,0.0625,-1.02539,0.224609,0.208964,-0.0277139,0.0274802,0.312331,0.721825,0.0593038,0.560152,-0.205383,-0.0391579,0.275086,0.765603,0.101464,0.0311763,-0.0355038,-1.09138,-0.315712,0.0785686,0.116391,-0.593003,-0.00953944,-0.924009,-0.152846,-0.297784,0.00177366,0.140647,-0.632455,0.239205,-1.07084,0.195828
45.22,-0.10285,0.000204531,-8.03514e-05,0.298027,-0.217551,-0.000939065,-0.101711,0.00205383,-0.000187487,0.298513,-0.218933,-0.00218704,0.000160703,7.54759e-05,0.00355859,0.00319979,-0.000743022,-0.0022051,0.0120561,-2.39685e-05,0.0462495,0.00784631,0.0027324,0.0002277,-0.00242081,0.0124037,-0.0119483,0.0536893,-0.00959505,-0.1,0,0,0.3,-0.2,0,-0.1,0,0,0.3,-0.2,0,0,0,0,0,0,0,0,0,0,0,0,0,0,0,0,0,0,6.65572,-0.791016,0.335582,5.80078,13.8021,0.671149,2.5728,-4.30664,0.335582,5.97656,15.0502,2.00162,-0.335582,-0.446575,-6.92323,-2.6875,0.4375,0.1875,-2.5625,-0.0625,-0.947266,-0.117188,-2,-0.3125,0.1875,-2.3125,0.0625,-1.03516,0.224609,0.387826,-0.000818122,0.069745,0.361418,0.697217,0.0457804,0.0682945,-0.218473,0.0136062,0.354001,0.74919,0.0902545,0.0392115,-0.0371341,-1.07312,-0.332251,0.089642,0.0826432,-0.62735,0.00661529,-0.925972,-0.15889,-0.27324,-0.02277,0.0811572,-0.623252,0.238965,-1.07084,0.195828
45.26,-0.102877,0.000187487,-8.03514e-05,0.298052,-0.217556,-0.000931934,-0.101685,0.00206235,-0.00021427,0.298547,-0.218937,-0.00219419,0.000160703,8.30235e-05,0.00355378,0.0031878,-0.000743022,-0.00221708,0.0120561,-5.99211e-05,0.0462495,0.00784631,0.0027324,0.000203732,-0.00245677,0.0124276,-0.0119483,0.053697,-0.00959505,-0.1,0,0,0.3,-0.2,0,-0.1,0,0,0.3,-0.2,0,0,0,0,0,0,0,0,0,0,0,0,0,0,0,0,0,0,6.76758,-0.527344,0.447443,5.44922,13.7138,0.619155,2.40501,-4.30664,0.391513,3.60352,15.0502,2.00162,-0.671165,-0.248097,-6.76765,-2.6875,0.4375,0.1875,-2.5,-0.0625,-0.947266,-0.126953,-2,-0.3125,0.3125,-2.25,0.125,-1.03516,0.224609,0.395647,-0.00893118,0.0543175,0.253954,0.693986,0.0125453,-0.0680879,-0.222598,0.0728519,0.207079,0.749351,0.10152,0.100921,0.00117744,-1.0495,-0.327984,0.0804381,0.0740385,-0.590535,0.0242081,-0.923027,-0.166744,-0.264036,-0.00196541,0.132042,-0.62445,0.238965,-1.07787,0.19681
45.32,-0.102863,0.000196009,-8.03514e-05,0.298035,-0.217556,-0.000917642,-0.101792,0.00205383,-0.00021427,0.298555,-0.218933,-0.00220135,0.000241054,6.79282e-05,0.00354415,0.00319979,-0.000755006,-0.00222907,0.0120561,-1.19842e-05,0.0462495,0.00784631,0.0027324,0.000215716,-0.00248073,0.0124276,-0.0119603,0.0537047,-0.00959505,-0.1,0,0,0.3,-0.2,0,-0.1,0,0,0.3,-0.2,0,0,0,0,0,0,0,0,0,0,0,0,0,0,0,0,0,0,6.04048,-0.703125,0.223722,5.88867,13.8021,0.671149,2.79652,-4.30664,0.559304,4.74609,15.0502,2.00162,-0.615234,-0.248097,-6.92323,-2.625,0.4375,0.1875,-2.5,-0.125,-0.947266,-0.117188,-2,-0.3125,0.1875,-2.25,0.0625,-1.03516,0.224609,0.306885,-0.0359633,-0.00224984,0.316506,0.702221,0.0367057,0.19975,-0.205383,0.0471395,0.298526,0.749194,0.0853371,-0.149454,0.0144008,-1.05215,-0.319979,0.0785686,0.108385,-0.602807,-0.00589624,-0.922045,-0.16478,-0.279376,0.0183119,0.0749493,-0.618314,0.256079,-1.07606,0.193865
45.36,-0.102823,0.000196009,-0.000133919,0.297993,-0.217556,-0.000931934,-0.101685,0.00204531,-0.000174095,0.298572,-0.218929,-0.0021942,0.000200878,7.54759e-05,0.00354897,0.0031878,-0.000743022,-0.00219311,0.0120441,-1.19842e-05,0.0462495,0.00783864,0.0027324,0.000215716,-0.00245677,0.0124037,-0.0119483,0.0536893,-0.00959505,-0.1,0,0,0.3,-0.2,0,-0.1,0,0,0.3,-0.2,0,0,0,0,0,0,0,0,0,0,0,0,0,0,0,0,0,0,6.71165,-0.703125,0.447443,7.03125,13.7138,0.619155,1.78977,-4.30664,0.559304,4.57031,15.0502,2.00162,-0.838956,-0.248097,-6.92323,-2.6875,0.4375,0.25,-2.5,-0.0625,-0.927734,-0.126953,-2,-0.3125,0.3125,-2.3125,0.125,-1.03516,0.224609,0.344007,-0.0032384,0.0288194,0.475615,0.707112,0.0400391,-0.0835153,-0.204531,0.0482644,0.301423,0.734376,0.115296,0.0528712,-0.0139479,-1.05545,-0.300373,0.0835061,0.106588,-0.617547,0.000239685,-0.918118,-0.156773,-0.285512,-0.0215716,0.110566,-0.629388,0.238965,-1.07477,0.195828
45.42,-0.102796,0.000213053,-8.03514e-05,0.298078,-0.21756,-0.000924802,-0.101685,0.00204531,-0.000227662,0.298572,-0.218933,-0.00218704,0.00021427,6.79282e-05,0.00353452,0.00321177,-0.000743022,-0.00222907,0.0120561,-3.59527e-05,0.0462572,0.00783864,0.0027324,0.000215716,-0.00245677,0.0124157,-0.0119483,0.053697,-0.00958738,-0.1,0,0,0.3,-0.2,0,-0.1,0,0,0.3,-0.2,0,0,0,0,0,0,0,0,0,0,0,0,0,0,0,0,0,0,5.31339,-0.791016,0.391513,5.44922,13.8021,0.671149,4.30664,-4.21875,0.223722,4.39453,15.1385,1.94929,-0.391513,-0.396955,-7.00102,-2.6875,0.4375,0.1875,-2.5,-0.0625,-0.927734,-0.117188,-2,-0.3125,0.25,-2.25,0.0625,-1.04492,0.224609,0.387611,-0.0507577,-0.0588172,0.299206,0.713756,0.0342865,-0.104085,-0.171806,-0.0440861,0.263244,0.76708,0.0709784,-0.0591386,-0.00878537,-1.04926,-0.333449,0.0988459,0.108385,-0.602807,0.005321,-0.932016,-0.152846,-0.264036,-0.0215716,0.132042,-0.620783,0.240499,-1.09652,0.189784
45.46,-0.102836,0.000230097,-0.000133919,0.298112,-0.217551,-0.000939065,-0.101725,0.00202826,-0.000174095,0.298649,-0.218933,-0.00220135,0.000187487,7.54759e-05,0.00353934,0.0031878,-0.000743022,-0.00225303,0.0120441,-2.39685e-05,0.0462495,0.00783864,0.0027324,0.000191748,-0.00248073,0.0124396,-0.0119483,0.053697,-0.00958738,-0.1,0,0,0.3,-0.2,0,-0.1,0,0,0.3,-0.2,0,0,0,0,0,0,0,0,0,0,0,0,0,0,0,0,0,0,5.98455,-0.878906,0.335582,4.74609,13.7138,0.619155,4.13885,-4.39453,0.167791,3.16406,15.2272,2.00175,-0.838956,-0.297716,-6.84544,-2.6875,0.4375,0.1875,-2.5,-0.0625,-0.947266,-0.117188,-2,-0.3125,0.25,-2.3125,0.0625,-1.03516,0.224609,0.479051,-0.0786421,0.0133919,0.125013,0.703768,0.0567825,0.0439217,-0.166829,0.0996893,0.066296,0.770295,0.120948,0.0311763,0.00344172,-1.04147,-0.331052,0.0681663,0.0819721,-0.608343,0.00508131,-0.924009,-0.156773,-0.28858,-0.0314466,0.0841532,-0.646525,0.22516,-1.08179,0.187821
45.52,-0.102743,0.000221575,-8.03514e-05,0.298129,-0.217551,-0.000939065,-0.101752,0.00204531,-0.000241054,0.298649,-0.218933,-0.00218704,0.000200878,6.79282e-05,0.00353452,0.0031878,-0.000743022,-0.00221708,0.0120441,-2.39685e-05,0.0462572,0.00783864,0.0027324,0.000191748,-0.00244478,0.0124037,-0.0119363,0.0536893,-0.00958738,-0.1,0,0,0.3,-0.2,0,-0.1,0,0,0.3,-0.2,0,0,0,0,0,0,0,0,0,0,0,0,0,0,0,0,0,0,4.81001,-0.878906,0.671165,5.18555,13.7138,0.619155,5.20153,-4.30664,0.335582,4.39453,15.1388,2.05408,-1.23047,-0.248097,-6.92323,-2.6875,0.4375,0.1875,-2.5,-0.125,-0.947266,-0.117188,-2,-0.3125,0.25,-2.375,0.125,-1.03516,0.224609,0.438821,-0.0581549,0.00289265,0.313351,0.700468,0.0457917,0.247157,-0.188168,-0.032462,0.153562,0.749178,0.106724,-0.116831,-0.00588709,-1.05851,-0.321848,0.089642,0.11699,-0.5838,0.00508131,-0.932016,-0.157755,-0.267104,-0.0130388,0.103831,-0.635523,0.24026,-1.07379,0.190766
45.56,-0.102676,0.000213053,-8.03514e-05,0.298078,-0.217547,-0.000917613,-0.101805,0.00204531,-0.000227662,0.298675,-0.218924,-0.00220136,0.000227662,6.03806e-05,0.00354897,0.00321177,-0.000755006,-0.00221708,0.0120801,-2.39685e-05,0.0462495,0.00784631,0.00274439,0.000239685,-0.0024328,0.0124157,-0.0119483,0.053674,-0.00958738,-0.1,0,0,0.3,-0.2,0,-0.1,0,0,0.3,-0.2,0,0,0,0,0,0,0,0,0,0,0,0,0,0,0,0,0,0,4.4185,-0.791016,0.447443,6.41602,13.7138,0.619155,5.81676,-4.39453,0.894886,4.04297,15.2272,2.00175,-0.167791,-0.148858,-6.92323,-2.6875,0.4375,0.1875,-2.5,-0.0625,-0.947266,-0.117188,-2,-0.3125,0.25,-2.3125,0.125,-1.03516,0.224609,0.190429,-0.0245778,0.00289265,0.479193,0.698533,0.0147341,0.267941,-0.204531,0.0433362,0.144273,0.779735,0.082486,-0.145436,0.02536,-1.05914,-0.308905,0.100044,0.107786,-0.604005,0.00661529,-0.922045,-0.161835,-0.286711,-0.0454442,0.13698,-0.626919,0.248169,-1.05974,0.188802
45.62,-0.102769,0.00016192,-8.03514e-05,0.298163,-0.217547,-0.000931904,-0.101711,0.00204531,-0.000160703,0.298666,-0.218924,-0.00220136,0.000187487,6.79282e-05,0.00353452,0.00317582,-0.000743022,-0.00221708,0.0120441,0,0.0462572,0.00784631,0.0027324,0.000215716,-0.0024328,0.0124037,-0.0119603,0.0537047,-0.00958738,-0.1,0,0,0.3,-0.2,0,-0.1,0,0,0.3,-0.2,0,0,0,0,0,0,0,0,0,0,0,0,0,0,0,0,0,0,4.92188,-0.703125,0.223722,4.48242,13.7138,0.619155,4.86594,-4.39453,0.559304,4.83398,15.0502,2.00162,0,-0.396955,-7.00102,-2.6875,0.4375,0.25,-2.5,-0.0625,-0.947266,-0.117188,-2,-0.3125,0.3125,-2.3125,0.0625,-1.03516,0.224609,0.384933,0.00344294,-0.0125348,0.242787,0.682408,0.0426986,0.0631521,-0.201258,-0.0147847,0.385534,0.745589,0.107308,-0.133383,-0.0232767,-1.05481,-0.296106,0.0712342,0.138466,-0.599139,0.00460194,-0.932016,-0.166744,-0.27324,-0.0461153,0.130844,-0.629388,0.239205,-1.09373,0.186839
45.66,-0.102783,0.000204531,-0.000147311,0.298155,-0.217551,-0.000939065,-0.101698,0.00204531,-0.000227662,0.29876,-0.218933,-0.00218704,0.000160703,6.79282e-05,0.00353452,0.00319979,-0.000755006,-0.00221708,0.0120561,-3.59527e-05,0.0462495,0.00783864,0.00274439,0.0002277,-0.00244478,0.0124157,-0.0119483,0.053697,-0.00958738,-0.1,0,0,0.3,-0.2,0,-0.1,0,0,0.3,-0.2,0,0,0,0,0,0,0,0,0,0,0,0,0,0,0,0,0,0,5.08967,-0.791016,0.671165,5.27344,13.7138,0.619155,4.75408,-4.30664,0.559304,3.16406,14.8736,2.10628,-0.671165,-0.297716,-7.00102,-2.6875,0.4375,0.1875,-2.5,-0.125,-0.947266,-0.117188,-2,-0.25,0.25,-2.3125,0.0625,-1.03516,0.214844,0.406842,-0.066268,0.117581,0.34224,0.713345,0.0183877,0.0361007,-0.214348,0.0176237,0.0496797,0.719905,0.134274,-0.0430683,-0.00878537,-1.06036,-0.301571,0.0785686,0.0893783,-0.590535,0.00838896,-0.924009,-0.154809,-0.295915,0.00790959,0.119171,-0.620783,0.243567,-1.07983,0.18193
45.72,-0.102796,0.000204531,-0.000120527,0.298155,-0.217547,-0.000917613,-0.101738,0.00202826,-0.000267838,0.298683,-0.218929,-0.0021942,0.000241054,6.79282e-05,0.00353452,0.00321177,-0.000743022,-0.00219311,0.0120561,-1.19842e-05,0.0462495,0.00783864,0.00274439,0.000239685,-0.00245677,0.0124037,-0.0119363,0.0536893,-0.00958738,-0.1,0,0,0.3,-0.2,0,-0.1,0,0,0.3,-0.2,0,0,0,0,0,0,0,0,0,0,0,0,0,0,0,0,0,0,5.64897,-0.703125,0.279652,6.15234,13.7138,0.619155,4.86594,-4.39453,0.671165,5.36133,15.2272,2.00175,-1.06268,-0.347336,-7.07881,-2.6875,0.4375,0.1875,-2.5,-0.0625,-0.927734,-0.117188,-2,-0.3125,0.3125,-2.3125,0.0625,-1.03516,0.224609,0.439036,-0.0139081,0.00691022,0.276791,0.698583,0.0257137,0.0298331,-0.202826,0.0267838,0.208444,0.765256,0.112444,0.00996356,-0.0232767,-1.05851,-0.321177,0.0804381,0.112724,-0.575195,0.00637561,-0.915173,-0.1607,-0.286711,-0.0178325,0.147382,-0.604844,0.249464,-1.07182,0.185857
45.76,-0.102783,0.000230097,-8.03514e-05,0.298146,-0.217547,-0.000931904,-0.101671,0.00202826,-0.000200878,0.298734,-0.218924,-0.00220136,0.000227662,7.54759e-05,0.00352971,0.00321177,-0.000743022,-0.00221708,0.0120561,-1.19842e-05,0.0462419,0.00783864,0.0027324,0.000203732,-0.00242081,0.0124037,-0.0119603,0.053697,-0.00958738,-0.1,0,0,0.3,-0.2,0,-0.1,0,0,0.3,-0.2,0,0,0,0,0,0,0,0,0,0,0,0,0,0,0,0,0,0,6.65572,-0.703125,0.335582,4.21875,13.8021,0.671149,2.5728,-4.21875,0.838956,3.60352,15.1388,2.05408,-0.727095,-0.347336,-6.76765,-2.6875,0.4375,0.1875,-2.5,-0.0625,-0.947266,-0.117188,-2,-0.3125,0.3125,-2.3125,0.0625,-1.02539,0.224609,0.293707,-0.00337476,-0.00224984,0.23989,0.700297,0.0455052,-0.172277,-0.189736,0.133223,0.0698733,0.729314,0.140303,-0.0425862,-0.0371341,-1.04227,-0.311973,0.0743022,0.113922,-0.578263,0.00637561,-0.91502,-0.155791,-0.27324,-0.0111693,0.124109,-0.620184,0.233069,-1.08081,0.187821
45.82,-0.102796,0.000178964,-9.37433e-05,0.298155,-0.217543,-0.000924744,-0.101685,0.00203679,-0.000227662,0.2987,-0.218929,-0.0021942,0.000254446,7.54759e-05,0.00353934,0.00319979,-0.000755006,-0.00221708,0.0120561,-1.19842e-05,0.0462495,0.0078233,0.0027324,0.000239685,-0.0024328,0.0124037,-0.0119483,0.0536893,-0.00958738,-0.1,0,0,0.3,-0.2,0,-0.1,0,0,0.3,-0.2,0,0,0,0,0,0,0,0,0,0,0,0,0,0,0,0,0,0,5.81676,-0.615234,0.111861,5.80078,13.8021,0.671149,4.25071,-4.30664,0.559304,3.7793,15.1388,2.05408,-1.23047,-0.297716,-7.00102,-2.6875,0.4375,0.1875,-2.5,-0.0625,-0.947266,-0.126953,-2,-0.3125,0.25,-2.3125,0.0625,-1.02539,0.224609,0.464748,-0.0309864,-0.067763,0.282245,0.688788,0.0534142,-0.0218055,-0.200406,-0.0492286,0.24952,0.752239,0.134448,-0.184326,-0.0139479,-1.05995,-0.329183,0.0785686,0.113922,-0.599739,0.000239685,-0.925972,-0.144685,-0.27324,-0.0147646,0.0878923,-0.614048,0.228228,-1.0728,0.187821
45.86,-0.102783,0.000221575,-0.000133919,0.298197,-0.217551,-0.000924773,-0.101685,0.00202826,-0.00021427,0.298666,-0.218924,-0.00220136,0.000227662,6.79282e-05,0.00353452,0.00321177,-0.000755006,-0.00222907,0.0120441,-4.79369e-05,0.0462572,0.00783864,0.0027324,0.000191748,-0.00245677,0.0124037,-0.0119363,0.0536893,-0.00958738,-0.1,0,0,0.3,-0.2,0,-0.1,0,0,0.3,-0.2,0,0,0,0,0,0,0,0,0,0,0,0,0,0,0,0,0,0,4.47443,-0.878906,0.559304,5.625,13.7138,0.619155,4.25071,-4.30664,0.559304,3.7793,14.9619,2.05395,-0.503374,-0.297716,-7.00102,-2.6875,0.4375,0.1875,-2.5,-0.0625,-0.947266,-0.117188,-2,-0.3125,0.3125,-2.3125,0.0625,-1.03516,0.224609,0.42227,-0.03852,-0.0123205,0.297673,0.701979,0.0205216,0.0399044,-0.202826,-0.0351403,0.265543,0.726075,0.123845,-0.0837261,0.00280773,-1.05296,-0.321177,0.0724327,0.108385,-0.589935,0.0040267,-0.924162,-0.156773,-0.27324,-0.0283786,0.15045,-0.617116,0.231056,-1.07379,0.186839
45.92,-0.102769,0.000187487,-8.03514e-05,0.298138,-0.217551,-0.000939065,-0.101711,0.00204531,-0.000174095,0.298666,-0.218933,-0.00218704,0.000254446,6.03806e-05,0.00353934,0.00321177,-0.000743022,-0.00222907,0.0120561,-2.39685e-05,0.0462495,0.00783864,0.0027324,0.000239685,-0.0024328,0.0124276,-0.0119363,0.0536893,-0.00959505,-0.1,0,0,0.3,-0.2,0,-0.1,0,0,0.3,-0.2,0,0,0,0,0,0,0,0,0,0,0,0,0,0,0,0,0,0,5.87269,-0.615234,0.391513,4.48242,13.8021,0.671149,3.52362,-4.39453,0.671165,4.83398,15.1388,2.05408,-1.34233,-0.347336,-6.92323,-2.6875,0.4375,0.1875,-2.5,-0.0625,-0.947266,-0.126953,-2,-0.3125,0.25,-2.375,0.0625,-1.02539,0.224609,0.287225,0.00743129,-0.1051,0.366614,0.706968,0.0458141,0.0271546,-0.207803,0.00712449,0.189184,0.760568,0.0874703,-0.163756,-0.00652108,-1.0581,-0.321177,0.0681663,0.111453,-0.615078,0.00508131,-0.918118,-0.156773,-0.27324,0.00671116,0.115504,-0.661266,0.223386,-1.06691,0.197792
45.96,-0.102836,0.000178964,-8.03514e-05,0.298112,-0.217551,-0.000939065,-0.101711,0.00204531,-0.000254446,0.298666,-0.218941,-0.00218703,0.000241054,6.79282e-05,0.00354415,0.00319979,-0.000743022,-0.00221708,0.0120561,-4.79369e-05,0.0462572,0.00783864,0.00275637,0.000191748,-0.00244478,0.0124157,-0.0119483,0.0536893,-0.00958738,-0.1,0,0,0.3,-0.2,0,-0.1,0,0,0.3,-0.2,0,0,0,0,0,0,0,0,0,0,0,0,0,0,0,0,0,0,5.87269,-0.703125,0.335582,6.50391,13.7138,0.619155,3.02024,-4.30664,0.279652,3.95508,15.0502,2.00162,-1.17454,-0.248097,-6.92323,-2.6875,0.4375,0.25,-2.5,-0.125,-0.947266,-0.126953,-2,-0.3125,0.3125,-2.3125,0.0625,-1.02539,0.224609,0.422484,-0.014624,-0.0588172,0.375904,0.698855,0.0485309,-0.116835,-0.204531,-0.00541033,0.205547,0.752791,0.0737734,-0.144311,0.0201974,-1.06325,-0.329183,0.086574,0.110854,-0.581331,0.00249272,-0.935943,-0.161682,-0.278705,0.0145728,0.122239,-0.639191,0.245101,-1.06986,0.188802
46.02,-0.102836,0.000196009,-0.000133919,0.298121,-0.217556,-0.000931934,-0.101711,0.00205383,-0.000254446,0.298632,-0.218933,-0.00220135,0.000174095,7.54759e-05,0.00352971,0.0031878,-0.000755006,-0.00222907,0.0120561,-2.39685e-05,0.0462419,0.00783864,0.00274439,0.000215716,-0.00242081,0.0124037,-0.0119483,0.053697,-0.00959505,-0.1,0,0,0.3,-0.2,0,-0.1,0,0,0.3,-0.2,0,0,0,0,0,0,0,0,0,0,0,0,0,0,0,0,0,0,5.1456,-0.791016,0.503374,5.36133,13.8021,0.671149,4.30664,-4.30664,0.671165,4.48242,15.2268,1.89697,0.671165,-0.347336,-7.07881,-2.625,0.4375,0.1875,-2.5,-0.125,-0.947266,-0.117188,-2,-0.3125,0.25,-2.3125,0.0625,-1.03516,0.224609,0.448197,-0.0457808,0.0545318,0.243726,0.703936,0.0564972,-0.116835,-0.205383,0.051157,0.188844,0.763826,0.0770518,-0.005946,-0.0197445,-1.06076,-0.288101,0.0939084,0.0715698,-0.593603,-0.0148604,-0.916001,-0.154809,-0.286711,-0.0154357,0.102633,-0.607912,0.252771,-1.0759,0.198773
46.06,-0.102796,0.000196009,-0.000107135,0.298163,-0.217551,-0.000939065,-0.101738,0.00203679,-0.000241054,0.298623,-0.218933,-0.00218704,0.000254446,6.79282e-05,0.00353452,0.00317582,-0.000755006,-0.00221708,0.0120441,-2.39685e-05,0.0462495,0.00783097,0.00274439,0.000215716,-0.00240883,0.0124037,-0.0119483,0.0536893,-0.00959505,-0.1,0,0,0.3,-0.2,0,-0.1,0,0,0.3,-0.2,0,0,0,0,0,0,0,0,0,0,0,0,0,0,0,0,0,0,4.86594,-0.791016,0.559304,3.16406,13.8021,0.671149,4.53036,-4.39453,0.615234,4.48242,15.0502,2.00162,-0.950817,-0.396955,-7.1566,-2.6875,0.4375,0.1875,-2.5,-0.0625,-0.947266,-0.126953,-2,-0.3125,0.3125,-2.3125,0.0625,-1.03516,0.224609,0.433893,-0.00651089,-0.0355689,0.0464376,0.706968,0.0458141,0.132683,-0.184044,0.0961002,0.30466,0.750809,0.0984836,0.0110885,-0.0290733,-1.0659,-0.293038,0.0724327,0.110854,-0.602207,0.0158192,-0.922045,-0.143857,-0.292847,-0.00316384,0.120441,-0.623252,0.237431,-1.07379,0.19681
46.12,-0.102796,0.000196009,-8.03514e-05,0.298061,-0.217551,-0.000924773,-0.101685,0.00205383,-0.000227662,0.29864,-0.218929,-0.0021942,0.000160703,8.30235e-05,0.00354415,0.00319979,-0.000755006,-0.00222907,0.0120441,-2.39685e-05,0.0462495,0.00783864,0.00275637,0.000203732,-0.0024328,0.0124157,-0.0119603,0.053697,-0.00959505,-0.1,0,0,0.3,-0.2,0,-0.1,0,0,0.3,-0.2,0,0,0,0,0,0,0,0,0,0,0,0,0,0,0,0,0,0,5.20153,-0.527344,0.447443,7.73438,13.8021,0.671149,3.24396,-4.39453,0.615234,4.13086,15.1385,1.94929,-0.167791,-0.347336,-6.76765,-2.625,0.4375,0.1875,-2.5,-0.0625,-0.947266,-0.117188,-2,-0.3125,0.25,-2.3125,0.0625,-1.02539,0.214844,0.361899,-0.0130559,-0.0896721,0.378121,0.700441,0.0397302,-0.0783729,-0.205383,0.0844761,0.187566,0.758783,0.0740378,0.00835655,-0.0104157,-1.03921,-0.316911,0.0969764,0.102249,-0.596071,0.00814927,-0.922045,-0.144992,-0.309385,0.00417051,0.112436,-0.605443,0.223865,-1.07885,0.192883
46.16,-0.10281,0.000196009,-8.03514e-05,0.298078,-0.217556,-0.000931934,-0.101698,0.00205383,-0.000227662,0.298649,-0.218937,-0.00219419,0.000160703,8.30235e-05,0.00354415,0.00319979,-0.000743022,-0.00221708,0.0120561,-2.39685e-05,0.0462495,0.00783864,0.0027324,0.000203732,-0.00248073,0.0124037,-0.0119483,0.0536893,-0.00958738,-0.1,0,0,0.3,-0.2,0,-0.1,0,0,0.3,-0.2,0,0,0,0,0,0,0,0,0,0,0,0,0,0,0,0,0,0,5.25746,-0.703125,0.167791,4.6582,13.8021,0.671149,3.29989,-4.21875,0.727095,4.30664,15.0505,2.10641,-0.447443,-0.347336,-7.07881,-2.6875,0.4375,0.1875,-2.5,-0.0625,-0.927734,-0.117188,-2,-0.3125,0.25,-2.3125,0.125,-1.03516,0.224609,0.332383,0.0131241,-0.0948146,0.381018,0.715324,0.0592814,-0.00503914,-0.211928,-0.0646561,0.213558,0.749332,0.128969,-0.0122134,-0.0191105,-1.07064,-0.304639,0.0773702,0.0709706,-0.596671,-0.00412257,-0.920082,-0.156773,-0.257901,0.00417051,0.120969,-0.629388,0.242033,-1.06888,0.187821
46.22,-0.102823,0.00016192,-0.000147311,0.298087,-0.217547,-0.000931904,-0.101738,0.00202826,-0.000241054,0.298658,-0.218929,-0.0021942,0.000160703,6.79282e-05,0.00353452,0.0031878,-0.000743022,-0.00221708,0.0120561,0,0.0462495,0.00784631,0.00274439,0.000215716,-0.00240883,0.0124037,-0.0119363,0.0536893,-0.00959505,-0.1,0,0,0.3,-0.2,0,-0.1,0,0,0.3,-0.2,0,0,0,0,0,0,0,0,0,0,0,0,0,0,0,0,0,0,5.25746,-0.615234,0,4.92188,13.8021,0.671149,3.07617,-4.39453,0.447443,3.60352,15.1388,2.05408,-0.894886,-0.248097,-7.07881,-2.6875,0.4375,0.25,-2.5,-0.0625,-0.947266,-0.117188,-2,-0.3125,0.3125,-2.25,0.0625,-1.03516,0.224609,0.302867,0.0558028,0.0147311,0.156119,0.677594,0.0564062,0.178965,-0.186464,0.0189629,0.179555,0.765249,0.123424,-0.0122134,-9.05413e-05,-1.08069,-0.312644,0.0804381,0.11699,-0.590535,0.00920388,-0.924009,-0.163798,-0.283643,-0.0215716,0.132713,-0.617116,0.229522,-1.07673,0.198773
46.26,-0.102702,0.000170442,-0.000107135,0.298052,-0.217547,-0.000931904,-0.101792,0.00204531,-0.000187487,0.298658,-0.218933,-0.00220135,0.000187487,8.30235e-05,0.00354415,0.00321177,-0.000743022,-0.0022051,0.0120441,-2.39685e-05,0.0462572,0.00783864,0.0027324,0.000215716,-0.00245677,0.0124276,-0.0119603,0.0536893,-0.00958738,-0.1,0,0,0.3,-0.2,0,-0.1,0,0,0.3,-0.2,0,0,0,0,0,0,0,0,0,0,0,0,0,0,0,0,0,0,4.25071,-0.615234,0.503374,6.5918,13.7138,0.619155,5.08967,-4.39453,0.559304,3.7793,15.0502,2.00162,-0.111861,-0.248097,-6.92323,-2.6875,0.4375,0.25,-2.5,-0.125,-0.947266,-0.117188,-2,-0.3125,0.25,-2.3125,0.125,-1.03516,0.224609,0.162252,0.0156807,0.0415684,0.521207,0.69866,0.0427547,0.143182,-0.207803,-0.0378187,0.245005,0.755675,0.112764,-0.025391,0.0127705,-1.054,-0.302769,0.086574,0.128663,-0.596071,-0.0102585,-0.920235,-0.156773,-0.27324,-0.0185036,0.104431,-0.633654,0.272953,-1.07379,0.189784
46.32,-0.102756,0.000187487,-0.000133919,0.298121,-0.217547,-0.000931904,-0.101872,0.00204531,-0.000227662,0.298649,-0.218933,-0.00220135,0.000187487,8.30235e-05,0.00354415,0.00317582,-0.00076699,-0.00222907,0.0120441,0,0.0462572,0.00783864,0.0027324,0.000203732,-0.00244478,0.0124037,-0.0119483,0.0536893,-0.00958738,-0.1,0,0,0.3,-0.2,0,-0.1,0,0,0.3,-0.2,0,0,0,0,0,0,0,0,0,0,0,0,0,0,0,0,0,0,4.02699,-0.791016,0.447443,4.48242,13.8021,0.671149,5.31339,-4.39453,0.223722,4.6582,15.1388,2.05408,-0.894886,-0.396955,-7.00102,-2.6875,0.4375,0.1875,-2.5,-0.0625,-0.947266,-0.117188,-2.0625,-0.3125,0.3125,-2.3125,0.0625,-1.03516,0.224609,0.157324,-0.0351111,0.0391043,0.358263,0.688983,0.0591904,0.439197,-0.211076,-0.0646561,0.229921,0.773557,0.104467,-0.056246,-0.0422967,-1.05585,-0.323718,0.110447,0.129861,-0.593003,-0.00613592,-0.93398,-0.156773,-0.285512,-0.0111693,0.131443,-0.620184,0.23283,-1.07379,0.187821
46.38,-0.102743,0.000153398,-8.03514e-05,0.298121,-0.217551,-0.000939065,-0.101792,0.00204531,-0.000241054,0.298675,-0.218937,-0.00217988,0.000187487,7.54759e-05,0.00353934,0.00319979,-0.000755006,-0.00221708,0.0120561,-5.99211e-05,0.0462495,0.00783097,0.0027324,0.000215716,-0.00245677,0.0124037,-0.0119483,0.053697,-0.00960272,-0.1,0,0,0.3,-0.2,0,-0.1,0,0,0.3,-0.2,0,0,0,0,0,0,0,0,0,0,0,0,0,0,0,0,0,0,5.76083,-0.527344,0.447443,6.67969,13.8021,0.671149,3.07617,-4.30664,0.391513,3.95508,15.0505,2.10641,-0.447443,-0.347336,-7.07881,-2.6875,0.4375,0.1875,-2.5,-0.0625,-0.947266,-0.117188,-2,-0.3125,0.25,-2.3125,0.0625,-1.02539,0.224609,0.222837,0.0108401,-0.0228198,0.167367,0.705356,0.0485534,0.364309,-0.201258,-0.00674952,0.0624604,0.73308,0.128453,-0.0716734,-0.025541,-1.06735,-0.310775,0.0755006,0.120058,-0.596671,0.0211402,-0.918118,-0.147784,-0.285512,-0.0215716,0.11977,-0.620184,0.234364,-1.08278,0.209726
46.42,-0.102769,0.000178964,-0.000120527,0.298146,-0.217551,-0.000939065,-0.101805,0.00204531,-0.000187487,0.298692,-0.218929,-0.0021942,0.000160703,8.30235e-05,0.00354415,0.00319979,-0.000755006,-0.00221708,0.0120561,-4.79369e-05,0.0462495,0.00783864,0.0027324,0.000215716,-0.00240883,0.0124157,-0.0119603,0.0536893,-0.00958738,-0.1,0,0,0.3,-0.2,0,-0.1,0,0,0.3,-0.2,0,0,0,0,0,0,0,0,0,0,0,0,0,0,0,0,0,0,4.92188,-0.615234,0.279652,4.39453,13.7138,0.619155,5.64897,-4.39453,0.950817,3.86719,15.0502,2.00162,-0.894886,-0.198478,-7.00102,-2.6875,0.4375,0.25,-2.5,-0.125,-0.927734,-0.117188,-2,-0.3125,0.25,-2.3125,0.0625,-1.02539,0.224609,0.282083,0.00173851,0.0429076,0.223528,0.698929,0.0650003,0.350221,-0.204531,0.0187487,0.299886,0.73925,0.118024,-0.0842082,-0.0104157,-1.06879,-0.319979,0.0785686,0.126194,-0.587467,-0.00517719,-0.920082,-0.156773,-0.282444,-0.00316384,0.123509,-0.611579,0.246875,-1.07379,0.188802
46.48,-0.102662,0.000187487,-0.000160703,0.298138,-0.217551,-0.000939065,-0.101792,0.00204531,-0.000187487,0.298683,-0.21892,-0.00220852,0.000241054,6.79282e-05,0.00353452,0.00321177,-0.000755006,-0.00221708,0.0120441,-2.39685e-05,0.0462572,0.00783864,0.0027324,0.000215716,-0.00242081,0.0124276,-0.0119483,0.0536893,-0.00958738,-0.1,0,0,0.3,-0.2,0,-0.1,0,0,0.3,-0.2,0,0,0,0,0,0,0,0,0,0,0,0,0,0,0,0,0,0,4.69815,-0.527344,0.223722,3.69141,13.8021,0.671149,4.53036,-4.30664,0.447443,4.57031,14.9619,2.05395,-0.447443,-0.248097,-7.07881,-2.6875,0.4375,0.1875,-2.5,-0.0625,-0.947266,-0.117188,-2,-0.3125,0.25,-2.3125,0.0625,-1.03516,0.224609,0.12738,0.0303387,0.0160703,0.448426,0.706944,0.0403243,0.549439,-0.181623,-0.0378187,0.099361,0.73401,0.154297,-0.149454,0.0201974,-1.06775,-0.324245,0.0693647,0.110854,-0.589935,0.0112172,-0.93987,-0.155791,-0.285512,0.00297209,0.096497,-0.612178,0.246635,-1.0728,0.189784
46.52,-0.102769,0.000170442,-0.000107135,0.298214,-0.217551,-0.000939065,-0.101644,0.00204531,-0.00021427,0.298717,-0.218933,-0.00220135,0.000160703,4.52854e-05,0.00352971,0.00321177,-0.000755006,-0.00222907,0.0120561,-1.19842e-05,0.0462572,0.00783864,0.00274439,0.0002277,-0.00242081,0.0124276,-0.0119842,0.0536893,-0.00958738,-0.1,0,0,0.3,-0.2,0,-0.1,0,0,0.3,-0.2,0,0,0,0,0,0,0,0,0,0,0,0,0,0,0,0,0,0,5.81676,-0.439453,0.111861,5.44922,13.7138,0.619155,1.8457,-4.30664,0.391513,3.95508,15.0502,2.00162,0.167791,-0.446575,-6.92323,-2.6875,0.4375,0.1875,-2.5,-0.0625,-0.947266,-0.117188,-2,-0.3125,0.25,-2.25,0.0625,-1.03516,0.224609,0.29751,0.0484056,-0.00471395,0.0660417,0.705306,0.0375738,0.113024,-0.207803,-0.0197129,0.13788,0.755675,0.112764,0.0392115,-0.0106873,-1.05706,-0.311973,0.0785686,0.108385,-0.608943,0.0125115,-0.925144,-0.156773,-0.274439,-0.00743022,0.0872931,-0.621382,0.238151,-1.08164,0.190766
46.58,-0.102702,0.000196009,-8.03514e-05,0.298163,-0.217543,-0.000924744,-0.101725,0.00202826,-0.000227662,0.298726,-0.218929,-0.0021942,0.000187487,5.2833e-05,0.00354415,0.00321177,-0.000731038,-0.00221708,0.0120561,-1.19842e-05,0.0462419,0.00783864,0.0027324,0.000215716,-0.00242081,0.0124276,-0.0119603,0.0536893,-0.00958738,-0.1,0,0,0.3,-0.2,0,-0.1,0,0,0.3,-0.2,0,0,0,0,0,0,0,0,0,0,0,0,0,0,0,0,0,0,5.48118,-0.791016,-0.111861,4.74609,13.7138,0.619155,3.18803,-4.30664,0.335582,4.39453,15.0502,2.00162,-0.167791,-0.347336,-6.76765,-2.6875,0.4375,0.1875,-2.5,-0.0625,-0.947266,-0.117188,-2,-0.25,0.25,-2.3125,0.0625,-1.03516,0.224609,0.172537,0.00985157,-0.0536747,0.368233,0.696728,0.0122689,0.439893,-0.199554,0.0227662,0.202051,0.757156,0.0767883,0.113456,-0.0042568,-1.05585,-0.299702,0.0669679,0.0709706,-0.590535,-0.0012943,-0.912074,-0.156773,-0.294716,0.0275158,0.117973,-0.645926,0.249943,-1.08655,0.188802
46.62,-0.102836,0.000187487,-0.000133919,0.298172,-0.217543,-0.000924744,-0.101564,0.00204531,-0.000227662,0.298743,-0.218929,-0.0021942,0.000187487,7.54759e-05,0.00353934,0.00319979,-0.000743022,-0.00222907,0.0120441,-2.39685e-05,0.0462419,0.00783864,0.0027324,0.000215716,-0.00246875,0.0124037,-0.0119483,0.053697,-0.00959505,-0.1,0,0,0.3,-0.2,0,-0.1,0,0,0.3,-0.2,0,0,0,0,0,0,0,0,0,0,0,0,0,0,0,0,0,0,6.37607,-0.615234,0.391513,6.06445,13.7138,0.619155,3.07617,-4.21875,0.671165,3.86719,15.1388,2.05408,0.111861,-0.347336,-6.92323,-2.625,0.4375,0.1875,-2.5,-0.0625,-0.947266,-0.117188,-2,-0.3125,0.3125,-2.3125,0.0625,-1.03516,0.224609,0.566474,-0.0252936,0.0288194,0.377862,0.698489,0.0424683,-0.213845,-0.217621,0.0741911,0.112232,0.758752,0.117956,0.0517463,-0.0313376,-1.06365,-0.286231,0.0681663,0.111453,-0.599139,0.00354733,-0.913056,-0.155791,-0.264036,0.00604005,0.144913,-0.614048,0.23283,-1.08278,0.189938
46.68,-0.102783,0.000204531,-0.000120527,0.298172,-0.217547,-0.000931904,-0.101738,0.00202826,-0.000241054,0.29876,-0.218933,-0.00218704,0.000160703,6.79282e-05,0.00353452,0.00319979,-0.000743022,-0.00221708,0.0120441,-2.39685e-05,0.0462495,0.00784631,0.00275637,0.0002277,-0.0024328,0.0124037,-0.0119603,0.0536893,-0.00958738,-0.1,0,0,0.3,-0.2,0,-0.1,0,0,0.3,-0.2,0,0,0,0,0,0,0,0,0,0,0,0,0,0,0,0,0,0,5.08967,-0.615234,0.223722,6.15234,13.7138,0.619155,4.75408,-4.39453,0.727095,4.30664,15.1388,2.05408,0.111861,-0.297716,-7.1566,-2.6875,0.4375,0.1875,-2.5625,-0.0625,-0.947266,-0.117188,-2,-0.3125,0.25,-2.375,0.0625,-1.03516,0.224609,0.525119,-0.0433605,-0.0445147,0.301504,0.706773,0.0400379,0.0761155,-0.206099,0.00353546,0.186034,0.758937,0.0957107,0.0906363,0.00860429,-1.07515,-0.313843,0.0835061,0.107786,-0.614479,0.0142852,-0.924009,-0.156926,-0.284841,-0.0197021,0.12164,-0.632455,0.234603,-1.07182,0.189784
46.72,-0.102702,0.000196009,-0.000120527,0.298197,-0.217551,-0.000939065,-0.101819,0.00202826,-0.000200878,0.29876,-0.218933,-0.00218704,0.000187487,6.79282e-05,0.00353452,0.00322376,-0.000743022,-0.0022051,0.0120561,-2.39685e-05,0.0462572,0.00783864,0.0027324,0.000203732,-0.00240883,0.0124157,-0.0119483,0.0536893,-0.00958738,-0.1,0,0,0.3,-0.2,0,-0.1,0,0,0.3,-0.2,0,0,0,0,0,0,0,0,0,0,0,0,0,0,0,0,0,0,4.19478,-0.527344,0.391513,5.27344,13.8021,0.671149,4.97781,-4.21875,0.559304,4.39453,14.9619,2.05395,-0.559304,-0.396955,-7.00102,-2.6875,0.4375,0.1875,-2.5,-0.0625,-0.947266,-0.117188,-2,-0.375,0.3125,-2.25,0.0625,-1.03516,0.214844,0.11597,0.0294865,0.0531926,0.259494,0.703817,0.067762,0.459553,-0.163556,0.0149454,0.1424,0.741046,0.114987,-0.0716734,-0.0174802,-1.05851,-0.334648,0.0773702,0.0765073,-0.630418,0.000479369,-0.932998,-0.134193,-0.27324,-0.0633246,0.120441,-0.617715,0.243567,-1.05906,0.185857
46.78,-0.102702,0.000187487,-0.000107135,0.298163,-0.217547,-0.000931904,-0.101792,0.00204531,-0.000174095,0.298734,-0.218937,-0.00219419,0.000241054,6.79282e-05,0.00353452,0.00317582,-0.000743022,-0.00219311,0.0120561,-3.59527e-05,0.0462495,0.00783864,0.0027324,0.000215716,-0.00240883,0.0124276,-0.0119483,0.0536893,-0.00958738,-0.1,0,0,0.3,-0.2,0,-0.1,0,0,0.3,-0.2,0,0,0,0,0,0,0,0,0,0,0,0,0,0,0,0,0,0,4.64222,-0.351562,0.447443,6.06445,13.7138,0.619155,5.25746,-4.21875,0.279652,4.39453,15.0505,2.10641,-1.67791,-0.396955,-6.84544,-2.6875,0.4375,0.1875,-2.5,-0.0625,-0.947266,-0.126953,-1.9375,-0.3125,0.3125,-2.25,0.0625,-1.02539,0.224609,0.295957,-0.00893118,-0.0149989,0.455499,0.69866,0.0427547,0.390022,-0.191441,-0.0648703,0.15714,0.759083,0.128936,-0.118599,-0.0319716,-1.04557,-0.299174,0.0743022,0.085112,-0.605875,0.0129909,-0.922045,-0.163645,-0.254833,-0.0369114,0.120441,-0.618314,0.238965,-1.07379,0.188802
46.82,-0.102729,0.000170442,-0.000133919,0.298155,-0.217551,-0.000924773,-0.101752,0.00202826,-0.00021427,0.2987,-0.218924,-0.00220136,0.000308014,8.30235e-05,0.00354415,0.00322376,-0.000743022,-0.00222907,0.0120561,1.19842e-05,0.0462572,0.00783864,0.0027324,0.000191748,-0.00245677,0.0124037,-0.0119603,0.0536893,-0.00959505,-0.1,0,0,0.3,-0.2,0,-0.1,0,0,0.3,-0.2,0,0,0,0,0,0,0,0,0,0,0,0,0,0,0,0,0,0,5.59304,-0.615234,0.615234,5.09766,13.8021,0.671149,2.29315,-4.48242,0.167791,3.42773,14.9622,2.15874,-1.11861,-0.248097,-7.07881,-2.6875,0.4375,0.1875,-2.5,-0.125,-0.927734,-0.126953,-2.0625,-0.3125,0.25,-2.3125,0.0625,-1.03516,0.214844,0.164931,-0.0170442,0.0442468,0.271336,0.719918,0.0343078,0.319152,-0.189736,-0.127705,0.134983,0.729302,0.156773,-0.0564067,0.00117744,-1.08728,-0.346919,0.111118,0.135997,-0.605875,-0.000239685,-0.928089,-0.155791,-0.27324,-0.0191748,0.0952266,-0.650863,0.253011,-1.07379,0.19681
46.88,-0.102783,0.000196009,-0.000107135,0.298163,-0.217547,-0.000931904,-0.101618,0.00202826,-0.000227662,0.298666,-0.218933,-0.00218704,0.000187487,6.79282e-05,0.00353452,0.00319979,-0.000731038,-0.00222907,0.0120561,-1.19842e-05,0.0462495,0.00783864,0.0027324,0.000203732,-0.00242081,0.0124037,-0.0119603,0.0536893,-0.00958738,-0.1,0,0,0.3,-0.2,0,-0.1,0,0,0.3,-0.2,0,0,0,0,0,0,0,0,0,0,0,0,0,0,0,0,0,0,6.71165,-0.615234,-0.167791,5.36133,13.7138,0.619155,1.51012,-4.30664,0.671165,3.60352,15.2272,2.00175,0.111861,-0.248097,-6.92323,-2.6875,0.4375,0.1875,-2.5,-0.125,-0.927734,-0.117188,-2,-0.3125,0.25,-2.3125,0.0625,-1.03516,0.224609,0.44284,-0.0228734,-0.0458539,0.210062,0.698684,0.0482445,0.00749536,-0.196281,0.00219627,0.298268,0.771942,0.0901759,-0.0922434,-0.00298882,-1.05296,-0.332251,0.0669679,0.0807737,-0.618146,-0.00743022,-0.920082,-0.1607,-0.285512,-0.0203732,0.111837,-0.62632,0.246875,-1.07379,0.190766
46.92,-0.102796,0.000213053,-0.000133919,0.298146,-0.217547,-0.000931904,-0.101671,0.00203679,-0.000133919,0.29864,-0.218937,-0.00219419,0.000187487,7.54759e-05,0.00353934,0.00321177,-0.000755006,-0.00221708,0.0120561,-2.39685e-05,0.0462572,0.00783864,0.00274439,0.000203732,-0.00240883,0.0124276,-0.0119243,0.053697,-0.00959505,-0.1,0,0,0.3,-0.2,0,-0.1,0,0,0.3,-0.2,0,0,0,0,0,0,0,0,0,0,0,0,0,0,0,0,0,0,5.59304,-0.791016,0.223722,6.5918,13.7138,0.619155,2.85245,-4.30664,0.671165,4.74609,15.0502,2.00162,0.0559304,-0.347336,-6.76765,-2.6875,0.4375,0.1875,-2.5,-0.0625,-0.947266,-0.126953,-2,-0.3125,0.25,-2.3125,0.0625,-1.03516,0.224609,0.176769,-0.00821532,-0.00203557,0.152624,0.703523,0.0400267,0.208267,-0.197134,0.0133919,0.32392,0.754221,0.109738,0.00546389,-0.0052531,-1.04331,-0.315041,0.0877725,0.110854,-0.590535,0.00661529,-0.930053,-0.155791,-0.30205,0.0133744,0.0989657,-0.627518,0.226214,-1.08179,0.198773
46.98,-0.102769,0.000196009,-0.000107135,0.298112,-0.217551,-0.000939065,-0.101819,0.00204531,-0.00021427,0.298666,-0.218933,-0.00220135,0.00021427,7.54759e-05,0.00353934,0.00321177,-0.00076699,-0.00221708,0.0120561,-5.99211e-05,0.0462572,0.00784631,0.00274439,0.0002277,-0.00239685,0.0124037,-0.0119243,0.0536817,-0.00958738,-0.1,0,0,0.3,-0.2,0,-0.1,0,0,0.3,-0.2,0,0,0,0,0,0,0,0,0,0,0,0,0,0,0,0,0,0,5.64897,-0.703125,0.167791,5.27344,13.8021,0.671149,4.02699,-4.30664,-0.0559304,4.39453,15.1388,2.05408,-0.447443,-0.198478,-7.00102,-2.6875,0.4375,0.1875,-2.5,-0.125,-0.947266,-0.117188,-2,-0.3125,0.3125,-2.25,0.125,-1.02539,0.224609,0.266655,-0.0359633,-0.0664238,0.39772,0.693992,0.051259,0.572687,-0.204531,0.021427,0.194639,0.750789,0.126505,-0.100279,0.00923828,-1.05256,-0.318109,0.076699,0.110854,-0.599739,0.00119842,-0.927107,-0.165762,-0.277507,-0.0166341,0.110638,-0.617116,0.243088,-1.06185,0.188802
47.02,-0.102743,0.000213053,-0.000174095,0.298095,-0.217551,-0.000939065,-0.101819,0.00202826,-0.000187487,0.29864,-0.218937,-0.00219419,0.000187487,6.79282e-05,0.00353452,0.00321177,-0.000743022,-0.00221708,0.0120561,-3.59527e-05,0.0462572,0.00783097,0.0027324,0.0002277,-0.0024328,0.0124276,-0.0119363,0.0536893,-0.00958738,-0.1,0,0,0.3,-0.2,0,-0.1,0,0,0.3,-0.2,0,0,0,0,0,0,0,0,0,0,0,0,0,0,0,0,0,0,5.20153,-0.615234,0.559304,4.21875,13.8021,0.671149,3.52362,-4.30664,0.727095,3.60352,15.0502,2.00162,-0.503374,-0.347336,-7.07881,-2.625,0.4375,0.1875,-2.5625,-0.0625,-0.947266,-0.117188,-2,-0.3125,0.3125,-2.3125,0.125,-1.03516,0.224609,0.16627,-0.0213053,0.0636919,0.400277,0.703867,0.0787416,0.382415,-0.179919,-0.0018213,0.176658,0.76398,0.0987247,-0.0202485,-0.0203785,-1.06036,-0.308905,0.0743022,0.110854,-0.624282,0.000719053,-0.932998,-0.156619,-0.285512,-0.025838,0.143116,-0.636722,0.229522,-1.06201,0.188802
47.08,-0.102823,0.000196009,-8.03514e-05,0.298146,-0.217556,-0.000946226,-0.101738,0.00203679,-0.00021427,0.29864,-0.218933,-0.00218704,0.000160703,7.54759e-05,0.00353934,0.00319979,-0.000743022,-0.00218113,0.0120441,0,0.0462572,0.00783864,0.00275637,0.000203732,-0.00244478,0.0124396,-0.0119363,0.0536893,-0.00959505,-0.1,0,0,0.3,-0.2,0,-0.1,0,0,0.3,-0.2,0,0,0,0,0,0,0,0,0,0,0,0,0,0,0,0,0,0,5.31339,-0.527344,0.335582,5.53711,13.7138,0.619155,3.69141,-4.39453,0.559304,4.39453,15.1388,2.05408,-0.335582,-0.248097,-7.07881,-2.6875,0.4375,0.1875,-2.5,-0.0625,-0.947266,-0.117188,-2.0625,-0.3125,0.25,-2.3125,0.125,-1.03516,0.224609,0.354292,-0.0359633,-0.0793872,0.147169,0.684386,0.0460219,0.060688,-0.220041,0.000857083,0.198474,0.754059,0.0984724,-0.0224984,-0.0052531,-1.0692,-0.319979,0.0528265,0.0967846,-0.593003,-0.00153398,-0.938888,-0.151864,-0.315521,-0.0203732,0.0976954,-0.643457,0.204978,-1.06986,0.197792
47.12,-0.102769,0.000213053,-0.000107135,0.298129,-0.217543,-0.000924744,-0.101765,0.00204531,-0.000187487,0.298649,-0.21892,-0.00220852,0.000200878,6.79282e-05,0.00353452,0.00319979,-0.000743022,-0.0022051,0.0120441,-1.19842e-05,0.0462495,0.00783864,0.0027324,0.000251669,-0.00242081,0.0123917,-0.0119363,0.053697,-0.00959505,-0.1,0,0,0.3,-0.2,0,-0.1,0,0,0.3,-0.2,0,0,0,0,0,0,0,0,0,0,0,0,0,0,0,0,0,0,5.1456,-0.878906,0.391513,5.09766,13.7134,0.723941,3.52362,-4.39453,0.559304,4.30664,15.1385,1.94929,-0.727095,-0.297716,-6.84544,-2.625,0.4375,0.1875,-2.5,-0.0625,-0.947266,-0.117188,-2,-0.375,0.3125,-2.3125,0.0625,-1.03516,0.224609,0.251228,-0.0736652,0.0209985,0.378801,0.6905,0.072634,0.0479391,-0.191441,0.0598886,0.246283,0.740542,0.110356,-0.127116,0.00280773,-1.03817,-0.332251,0.0620303,0.0918471,-0.5838,0.00484163,-0.923027,-0.157755,-0.270172,-0.0589144,0.121041,-0.622652,0.244862,-1.08376,0.198773
47.18,-0.102836,0.000178964,-0.000107135,0.298172,-0.217551,-0.000939065,-0.101658,0.00204531,-0.00021427,0.29864,-0.218941,-0.00220132,0.000200878,6.79282e-05,0.00353452,0.00317582,-0.000743022,-0.00221708,0.0120561,-2.39685e-05,0.0462419,0.00783864,0.0027324,0.000203732,-0.00242081,0.0124276,-0.0119722,0.0536817,-0.00958738,-0.1,0,0,0.3,-0.2,0,-0.1,0,0,0.3,-0.2,0,0,0,0,0,0,0,0,0,0,0,0,0,0,0,0,0,0,6.82351,-0.439453,0.223722,5.27344,13.7138,0.619155,2.85245,-4.30664,0.503374,4.04297,15.0502,2.00162,-0.391513,-0.446575,-7.23439,-2.6875,0.4375,0.1875,-2.5,-0.0625,-0.927734,-0.117188,-2,-0.3125,0.25,-2.3125,0.0625,-1.03516,0.224609,0.335062,0.0770058,0.0107135,0.0506132,0.697118,0.0238213,-0.0964788,-0.201258,0.0882794,0.149387,0.769026,0.0962482,0.0220163,-0.0377681,-1.07884,-0.317582,0.089642,0.0893783,-0.581331,0.00354733,-0.911093,-0.156773,-0.270172,0.00110255,0.108769,-0.667402,0.254785,-1.06185,0.188802
47.22,-0.10285,0.000196009,-0.000107135,0.298146,-0.217547,-0.000931904,-0.101738,0.00204531,-0.000241054,0.298658,-0.218933,-0.00220135,0.000160703,6.03806e-05,0.00353934,0.00319979,-0.000743022,-0.00221708,0.0120441,-7.19053e-05,0.0462495,0.00783864,0.00274439,0.000203732,-0.0024328,0.0124276,-0.0119722,0.0536817,-0.00958738,-0.1,0,0,0.3,-0.2,0,-0.1,0,0,0.3,-0.2,0,0,0,0,0,0,0,0,0,0,0,0,0,0,0,0,0,0,6.82351,-0.527344,0.447443,4.6582,13.7138,0.619155,2.68466,-4.39453,0.447443,4.13086,15.0502,2.00162,-0.111861,-0.396955,-7.1566,-2.6875,0.4375,0.1875,-2.5,-0.125,-0.947266,-0.117188,-2.0625,-0.3125,0.3125,-2.3125,0.0625,-1.02539,0.224609,0.398111,-0.0326908,-0.0201414,0.359881,0.684021,0.0399593,0.261245,-0.211076,-0.00674952,0.190463,0.747543,0.121027,-0.0687808,-0.0239107,-1.09138,-0.310775,0.0558944,0.110854,-0.596071,-0.00929976,-0.92499,-0.153828,-0.298982,-0.0295771,0.124708,-0.645926,0.239445,-1.05891,0.189784
47.28,-0.10285,0.000196009,-0.000107135,0.298138,-0.217551,-0.000924773,-0.101765,0.00204531,-0.000241054,0.298658,-0.218929,-0.0021942,0.000160703,8.30235e-05,0.00354415,0.00319979,-0.000743022,-0.00221708,0.0120561,-4.79369e-05,0.0462495,0.00783864,0.00274439,0.000215716,-0.00248073,0.0124037,-0.0119603,0.0536893,-0.00959505,-0.1,0,0,0.3,-0.2,0,-0.1,0,0,0.3,-0.2,0,0,0,0,0,0,0,0,0,0,0,0,0,0,0,0,0,0,6.20827,-0.615234,0.335582,5.27344,13.8021,0.671149,2.74059,-4.30664,0.503374,4.30664,15.1388,2.05408,0.0559304,-0.248097,-7.07881,-2.6875,0.4375,0.1875,-2.5,-0.0625,-0.947266,-0.117188,-2,-0.3125,0.25,-2.3125,0.0625,-1.02539,0.224609,0.398111,-0.0032384,-0.0252839,0.241169,0.715055,0.0370358,0.125076,-0.178351,0.0189629,0.201371,0.729483,0.140017,0.157489,-0.00461911,-1.07619,-0.295435,0.0773702,0.107786,-0.602807,0.00709466,-0.920082,-0.157755,-0.274439,0.012176,0.102561,-0.604844,0.225399,-1.06397,0.199755
47.32,-0.102783,0.000178964,-9.37433e-05,0.298138,-0.217547,-0.000917613,-0.101618,0.00204531,-0.000241054,0.298649,-0.218929,-0.0021942,0.000200878,7.54759e-05,0.00354897,0.0031878,-0.00076699,-0.00224105,0.0120561,-3.59527e-05,0.0462495,0.00784631,0.0027324,0.000203732,-0.00246875,0.0124276,-0.0119363,0.053697,-0.00958738,-0.1,0,0,0.3,-0.2,0,-0.1,0,0,0.3,-0.2,0,0,0,0,0,0,0,0,0,0,0,0,0,0,0,0,0,0,6.2642,-0.703125,-0.0559304,5.18555,13.6251,0.671948,2.96431,-4.30664,0.559304,4.04297,15.0502,2.00162,-0.615234,-0.347336,-6.76765,-2.6875,0.4375,0.1875,-2.5,-0.125,-0.947266,-0.126953,-2,-0.3125,0.25,-2.375,0.125,-1.03516,0.224609,0.350275,-0.0309864,-0.108903,0.29571,0.690494,0.0339203,-0.069642,-0.237256,-0.00674952,0.164471,0.739258,0.107044,-0.0499786,0.000543449,-1.05729,-0.291169,0.0674952,0.124324,-0.593603,-0.0161547,-0.926954,-0.166744,-0.279376,-0.0265091,0.0988938,-0.67047,0.238726,-1.08572,0.190766
47.38,-0.10281,0.000187487,-8.03514e-05,0.298138,-0.217551,-0.000939065,-0.101564,0.00204531,-0.000267838,0.298666,-0.218929,-0.0021942,0.000133919,6.79282e-05,0.00353452,0.00321177,-0.000743022,-0.00222907,0.0120561,-3.59527e-05,0.0462495,0.00784631,0.00274439,0.000203732,-0.0024328,0.0124037,-0.0119363,0.0536893,-0.00959505,-0.1,0,0,0.3,-0.2,0,-0.1,0,0,0.3,-0.2,0,0,0,0,0,0,0,0,0,0,0,0,0,0,0,0,0,0,6.65572,-0.791016,0.223722,3.33984,13.7138,0.619155,2.29315,-4.30664,0.391513,4.39453,15.1388,2.05408,-0.223722,-0.297716,-7.1566,-2.6875,0.4375,0.1875,-2.5,-0.0625,-0.947266,-0.126953,-2,-0.3125,0.3125,-2.3125,0.0625,-1.03516,0.224609,0.280958,-0.0187487,-0.0433897,0.246623,0.70213,0.0540319,-0.0801407,-0.175078,-0.106921,0.232818,0.765264,0.101464,-0.0453182,-9.05413e-05,-1.077,-0.308905,0.0681663,0.117589,-0.599739,0.0175928,-0.92499,-0.165762,-0.277507,-0.0142373,0.115504,-0.620184,0.221852,-1.07379,0.199755
47.42,-0.10281,0.000187487,-8.03514e-05,0.298138,-0.217551,-0.000939065,-0.101658,0.00204531,-0.000241054,0.298683,-0.218929,-0.0021942,0.000133919,7.54759e-05,0.00354897,0.0031878,-0.000743022,-0.0022051,0.0120441,-2.39685e-05,0.0462495,0.00783864,0.0027324,0.000203732,-0.00244478,0.0124157,-0.0119363,0.0536817,-0.00959505,-0.1,0,0,0.3,-0.2,0,-0.1,0,0,0.3,-0.2,0,0,0,0,0,0,0,0,0,0,0,0,0,0,0,0,0,0,5.98455,-0.703125,0,4.57031,13.8021,0.671149,3.97106,-4.30664,0.615234,4.6582,15.0502,2.00162,-0.559304,-0.198478,-6.84544,-2.6875,0.4375,0.1875,-2.5,-0.0625,-0.947266,-0.117188,-2,-0.3125,0.3125,-2.3125,0.0625,-1.03516,0.224609,0.435233,-0.0318386,-0.0331048,0.36116,0.70868,0.065034,-0.0604814,-0.191441,0.0343904,0.13754,0.744155,0.0768333,-0.0401757,0.0121366,-1.0499,-0.294237,0.0773702,0.101051,-0.586868,0.0142852,-0.918118,-0.156773,-0.27324,-0.00810134,0.128375,-0.639191,0.252532,-1.06578,0.199755
47.48,-0.102796,0.000213053,-9.37433e-05,0.298146,-0.217543,-0.000924744,-0.101618,0.00204531,-0.000133919,0.298666,-0.218929,-0.0021942,0.000187487,8.30235e-05,0.00354415,0.00319979,-0.000755006,-0.00222907,0.0120561,-3.59527e-05,0.0462495,0.00783864,0.00275637,0.000215716,-0.00238486,0.0124037,-0.0119483,0.053697,-0.00958738,-0.1,0,0,0.3,-0.2,0,-0.1,0,0,0.3,-0.2,0,0,0,0,0,0,0,0,0,0,0,0,0,0,0,0,0,0,6.2642,-0.703125,0.447443,5.27344,13.8021,0.671149,3.24396,-4.30664,0.447443,4.74609,15.0502,2.00162,-0.111861,-0.198478,-6.84544,-2.6875,0.4375,0.1875,-2.5,-0.125,-0.947266,-0.117188,-2,-0.3125,0.3125,-2.3125,0.125,-1.03516,0.224609,0.397896,-0.00821532,-0.0729055,0.267161,0.701764,0.0479693,-0.131352,-0.204531,-0.048318,0.298268,0.744135,0.104282,0.0928862,0.00117744,-1.04661,-0.319979,0.0755006,0.114521,-0.596671,-0.0207567,-0.9191,-0.157755,-0.281773,-0.0461153,0.116175,-0.61098,0.242033,-1.08278,0.190766
47.52,-0.102729,0.000204531,-0.000120527,0.298138,-0.217547,-0.000931904,-0.101738,0.00204531,-0.000174095,0.298658,-0.218937,-0.00220848,0.000187487,6.79282e-05,0.00353452,0.00319979,-0.000755006,-0.00221708,0.0120561,-1.19842e-05,0.0462419,0.00783864,0.00274439,0.000203732,-0.00244478,0.0124037,-0.0119363,0.0536893,-0.00958738,-0.1,0,0,0.3,-0.2,0,-0.1,0,0,0.3,-0.2,0,0,0,0,0,0,0,0,0,0,0,0,0,0,0,0,0,0,4.47443,-0.615234,0.559304,5.44922,13.8021,0.671149,4.97781,-4.30664,0.727095,4.57031,15.0502,2.00162,-0.447443,-0.297716,-7.1566,-2.6875,0.4375,0.1875,-2.4375,-0.0625,-0.927734,-0.117188,-2,-0.3125,0.25,-2.3125,0.125,-1.03516,0.224609,0.35006,-0.0204531,0.00691022,0.257531,0.700347,0.0564848,0.178965,-0.197986,-0.0443004,0.321363,0.754193,0.148738,-0.00996357,0.00860429,-1.07515,-0.338387,0.0969764,0.104718,-0.581331,0.00177367,-0.911093,-0.154809,-0.280575,0.0164424,0.109967,-0.617116,0.234124,-1.0728,0.191748
47.58,-0.102796,0.000178964,-0.000120527,0.298155,-0.217547,-0.000946196,-0.101685,0.00204531,-0.000227662,0.298692,-0.218933,-0.00218704,0.000200878,6.79282e-05,0.00353452,0.00319979,-0.000743022,-0.0022051,0.0120561,-5.99211e-05,0.0462495,0.00784631,0.0027324,0.0002277,-0.00240883,0.0124276,-0.0119363,0.053697,-0.00958738,-0.1,0,0,0.3,-0.2,0,-0.1,0,0,0.3,-0.2,0,0,0,0,0,0,0,0,0,0,0,0,0,0,0,0,0,0,5.92862,-0.703125,0.447443,4.74609,13.8021,0.671149,4.53036,-4.21875,0.559304,3.42773,15.0505,2.10641,-0.559304,-0.347336,-7.07881,-2.6875,0.4375,0.25,-2.5,-0.125,-0.947266,-0.117188,-2.0625,-0.3125,0.3125,-2.3125,0.125,-1.03516,0.224609,0.397896,-0.0277139,0.0120527,0.216795,0.693973,0.0844829,-0.0320905,-0.217621,-0.0389436,0.256253,0.754044,0.120432,-0.0139811,-0.0116836,-1.05481,-0.310775,0.09271,0.125595,-0.605875,0.00580037,-0.929899,-0.166744,-0.282444,-0.0350419,0.132713,-0.63979,0.23259,-1.08376,0.190766
47.62,-0.102756,0.000178964,-0.000147311,0.298163,-0.217547,-0.000931904,-0.101671,0.00204531,-0.000187487,0.298683,-0.218933,-0.00218704,0.000160703,6.79282e-05,0.00353452,0.00317582,-0.000743022,-0.00221708,0.0120561,-2.39685e-05,0.0462572,0.00783864,0.0027324,0.000215716,-0.00246875,0.0124037,-0.0119483,0.0536893,-0.00958738,-0.1,0,0,0.3,-0.2,0,-0.1,0,0,0.3,-0.2,0,0,0,0,0,0,0,0,0,0,0,0,0,0,0,0,0,0,5.08967,-0.791016,0.559304,4.92188,13.8021,0.671149,5.36932,-4.39453,0.727095,3.86719,15.3155,1.94942,0.167791,-0.347336,-6.76765,-2.6875,0.4375,0.25,-2.5,-0.125,-0.947266,-0.117188,-2.0625,-0.3125,0.3125,-2.3125,0.125,-1.03516,0.224609,0.337311,0.005011,0.0095886,0.28642,0.70191,0.042766,0.0488497,-0.204531,-0.0326762,0.132086,0.77195,0.0791963,0.0957788,-0.026175,-1.04557,-0.293038,0.0650983,0.110854,-0.61201,-0.0225303,-0.932016,-0.156773,-0.270172,0.012176,0.123438,-0.629388,0.234364,-1.07379,0.189784
47.68,-0.102676,0.000196009,-8.03514e-05,0.298146,-0.217556,-0.000931934,-0.101805,0.00204531,-0.000200878,0.298683,-0.218933,-0.00218704,0.000200878,6.79282e-05,0.00353452,0.00319979,-0.000755006,-0.00219311,0.0120441,0,0.0462572,0.00783864,0.0027324,0.000179763,-0.00242081,0.0124276,-0.0119243,0.053697,-0.00958738,-0.1,0,0,0.3,-0.2,0,-0.1,0,0,0.3,-0.2,0,0,0,0,0,0,0,0,0,0,0,0,0,0,0,0,0,0,4.4185,-0.703125,0.335582,4.04297,13.8021,0.671149,5.20153,-4.39453,0.447443,4.48242,15.0502,2.00162,-0.335582,-0.248097,-6.76765,-2.6875,0.4375,0.1875,-2.5,0,-0.947266,-0.117188,-2,-0.3125,0.3125,-2.3125,0.0625,-1.03516,0.224609,0.262424,0.00657908,-0.0485322,0.228982,0.720237,0.0675329,0.57649,-0.217621,-0.031337,0.208444,0.755698,0.0792524,-0.065406,0.0172991,-1.02893,-0.307707,0.0632288,0.10352,-0.602207,-0.00460194,-0.937907,-0.1607,-0.27324,-0.0179763,0.124109,-0.621382,0.22468,-1.07394,0.189784
47.72,-0.102769,0.000187487,-8.03514e-05,0.298146,-0.217547,-0.000931904,-0.101845,0.00205383,-0.000241054,0.298666,-0.218929,-0.00220851,0.000160703,6.79282e-05,0.00353452,0.00319979,-0.000743022,-0.0022051,0.0120561,-2.39685e-05,0.0462495,0.00783864,0.00275637,0.000215716,-0.00245677,0.0124157,-0.0119483,0.0536893,-0.00958738,-0.1,0,0,0.3,-0.2,0,-0.1,0,0,0.3,-0.2,0,0,0,0,0,0,0,0,0,0,0,0,0,0,0,0,0,0,4.92188,-0.615234,0.335582,6.06445,13.8021,0.671149,5.53711,-4.39453,0.838956,4.74609,15.0502,2.00162,-0.335582,-0.347336,-7.07881,-2.6875,0.4375,0.1875,-2.5,-0.125,-0.947266,-0.126953,-2,-0.3125,0.3125,-2.3125,0.125,-1.03516,0.224609,0.395218,-0.0449286,0.0131776,0.348973,0.708435,0.0482782,0.364524,-0.20211,-0.011892,0.18373,0.755506,0.11305,-0.0173559,-0.0116836,-1.0659,-0.310775,0.089642,0.110255,-0.602807,-0.0102585,-0.923027,-0.156773,-0.297113,0.0275158,0.122838,-0.620783,0.237431,-1.0728,0.190766
47.78,-0.102743,0.000204531,-0.000174095,0.298163,-0.217539,-0.000931875,-0.101805,0.00205383,-0.000187487,0.298666,-0.218929,-0.0021942,0.000133919,6.03806e-05,0.00352971,0.00319979,-0.000743022,-0.00219311,0.0120561,-1.19842e-05,0.0462495,0.00783864,0.00274439,0.000203732,-0.00242081,0.0124037,-0.0119243,0.0536893,-0.00958738,-0.1,0,0,0.3,-0.2,0,-0.1,0,0,0.3,-0.2,0,0,0,0,0,0,0,0,0,0,0,0,0,0,0,0,0,0,4.75408,-0.791016,0.279652,4.74609,13.8021,0.671149,5.87269,-4.13086,0.559304,3.95508,15.0502,2.00162,-0.727095,-0.297716,-7.1566,-2.6875,0.4375,0.1875,-2.5,-0.0625,-0.927734,-0.117188,-2,-0.3125,0.3125,-2.3125,0.125,-1.03516,0.224609,0.284547,-0.033543,0.0739768,0.335508,0.683781,0.0619173,0.293653,-0.221745,-0.0841011,0.281905,0.755521,0.0905185,0.0369616,0.0166651,-1.0737,-0.316911,0.0712342,0.128063,-0.569059,-0.0012943,-0.9191,-0.156773,-0.274439,-0.035713,0.102633,-0.614048,0.256894,-1.0728,0.191748
47.84,-0.102702,0.000196009,-0.000120527,0.298189,-0.217543,-0.000924744,-0.101805,0.00202826,-0.000187487,0.298675,-0.218937,-0.00219419,0.000227662,7.54759e-05,0.00352971,0.00319979,-0.000743022,-0.0022051,0.0120561,-2.39685e-05,0.0462495,0.00783864,0.0027324,0.000215716,-0.00244478,0.0124276,-0.0119483,0.0536893,-0.00958738,-0.1,0,0,0.3,-0.2,0,-0.1,0,0,0.3,-0.2,0,0,0,0,0,0,0,0,0,0,0,0,0,0,0,0,0,0,5.03374,-0.263672,0.335582,4.92188,13.8021,0.671149,3.46768,-4.30664,0.559304,4.39453,15.2272,2.00175,-1.00675,-0.248097,-7.23439,-2.6875,0.4375,0.1875,-2.5,-0.125,-0.947266,-0.117188,-2,-0.3125,0.25,-2.3125,0.0625,-1.02539,0.224609,0.162252,-0.00978339,-0.0290872,0.173506,0.705064,0.0589601,0.540493,-0.176646,0.0187487,0.226085,0.773723,0.109671,-0.0271588,-0.0052531,-1.0774,-0.298503,0.0773702,0.125595,-0.605875,0.00508131,-0.922045,-0.162663,-0.279376,-0.0246396,0.125307,-0.63979,0.242033,-1.07182,0.191748
47.88,-0.102756,0.000178964,-0.000107135,0.298155,-0.217547,-0.000931904,-0.101658,0.00204531,-0.000227662,0.298692,-0.218933,-0.00220135,0.000160703,8.30235e-05,0.00354415,0.00319979,-0.000743022,-0.0022051,0.0120441,-3.59527e-05,0.0462495,0.00783864,0.0027324,0.000203732,-0.0024328,0.0124037,-0.0119603,0.053674,-0.00959505,-0.1,0,0,0.3,-0.2,0,-0.1,0,0,0.3,-0.2,0,0,0,0,0,0,0,0,0,0,0,0,0,0,0,0,0,0,5.7049,-0.615234,0.391513,4.92188,13.7138,0.619155,2.29315,-4.30664,0.838956,3.86719,15.1388,2.05408,-0.671165,-0.248097,-6.92323,-2.6875,0.4375,0.1875,-2.5625,-0.0625,-0.947266,-0.117188,-1.9375,-0.3125,0.25,-2.3125,0.0625,-1.03516,0.224609,0.327026,0.0311909,-0.00471395,0.18407,0.690621,0.0619409,0.0732233,-0.197986,0.0844761,0.223528,0.770288,0.131928,0.0700664,-0.00172083,-1.06694,-0.313843,0.0835061,0.0949151,-0.629819,0.0191268,-0.920082,-0.159718,-0.260968,-0.038781,0.0970962,-0.62632,0.254545,-1.06072,0.199755
47.94,-0.10281,0.000187487,-0.000147311,0.298138,-0.217547,-0.000931904,-0.101711,0.00204531,-0.000187487,0.298709,-0.218933,-0.00220135,0.000120527,6.79282e-05,0.00355378,0.00319979,-0.000755006,-0.00216914,0.0120561,-2.39685e-05,0.0462495,0.00783864,0.0027324,0.000203732,-0.0024328,0.0124276,-0.0119603,0.0536893,-0.00958738,-0.1,0,0,0.3,-0.2,0,-0.1,0,0,0.3,-0.2,0,0,0,0,0,0,0,0,0,0,0,0,0,0,0,0,0,0,6.2642,-0.615234,0.503374,5.88867,13.7138,0.619155,2.40501,-4.30664,0.391513,4.30664,15.1385,1.94929,0.167791,-0.347336,-6.92323,-2.6875,0.4375,0.1875,-2.5,-0.0625,-0.927734,-0.117188,-2,-0.3125,0.3125,-2.3125,0.0625,-1.03516,0.224609,0.419806,-0.0318386,0.035301,0.437518,0.703424,0.0180676,-0.0242702,-0.214348,0.0187487,0.171884,0.76543,0.10724,0.0769766,-0.00878537,-1.07353,-0.304639,0.103112,0.0992534,-0.590535,0.00508131,-0.923027,-0.156773,-0.276308,-0.0111693,0.15232,-0.636722,0.240739,-1.07477,0.189784
47.98,-0.102729,0.000187487,-0.000133919,0.298163,-0.217551,-0.000939065,-0.101765,0.00204531,-0.000241054,0.298666,-0.218933,-0.00220135,0.000187487,6.79282e-05,0.00353452,0.00319979,-0.000743022,-0.0022051,0.0120561,-2.39685e-05,0.0462572,0.00783864,0.0027324,0.000215716,-0.0024328,0.0124276,-0.0119363,0.053697,-0.00958738,-0.1,0,0,0.3,-0.2,0,-0.1,0,0,0.3,-0.2,0,0,0,0,0,0,0,0,0,0,0,0,0,0,0,0,0,0,4.19478,-0.703125,0.335582,5.88867,13.7138,0.619155,3.52362,-4.39453,0.447443,4.21875,15.0502,2.00162,-0.447443,-0.446575,-6.92323,-2.6875,0.4375,0.1875,-2.5,-0.125,-0.927734,-0.117188,-2.0625,-0.3125,0.25,-2.3125,0.0625,-1.02539,0.224609,0.139218,-0.0220211,0.0185344,0.226425,0.698905,0.0595105,0.443911,-0.188168,-0.0478894,0.140097,0.752413,0.129244,-0.0665309,-0.0290733,-1.05851,-0.316911,0.0650983,0.110255,-0.608943,0.000479369,-0.927107,-0.157755,-0.270172,-0.0123677,0.115504,-0.642858,0.235658,-1.07689,0.191748
48.04,-0.102756,0.000213053,-8.03514e-05,0.298121,-0.217543,-0.000924744,-0.101725,0.00202826,-0.000227662,0.298649,-0.218933,-0.00220135,0.000187487,5.2833e-05,0.00353452,0.00319979,-0.000755006,-0.00219311,0.0120561,-1.19842e-05,0.0462495,0.00783097,0.0027324,0.000215716,-0.00245677,0.0124037,-0.0119603,0.0536893,-0.00958738,-0.1,0,0,0.3,-0.2,0,-0.1,0,0,0.3,-0.2,0,0,0,0,0,0,0,0,0,0,0,0,0,0,0,0,0,0,6.2642,-0.615234,0,6.06445,13.7138,0.619155,2.74059,-4.21875,0.391513,3.86719,15.1388,2.05408,0.0559304,-0.396955,-6.84544,-2.6875,0.4375,0.1875,-2.5,-0.0625,-0.947266,-0.117188,-2,-0.3125,0.25,-2.3125,0.125,-1.02539,0.224609,0.260174,-0.00494283,-0.0176773,0.461892,0.691914,0.0259765,0.393611,-0.166829,0.00219627,0.191742,0.762156,0.14019,0.0928862,0.0073363,-1.04557,-0.304639,0.0755006,0.109656,-0.599739,0.000239685,-0.920082,-0.146802,-0.279376,0.00297209,0.107498,-0.607912,0.249943,-1.07084,0.189784
48.08,-0.102796,0.000187487,-0.000120527,0.298163,-0.217547,-0.000931904,-0.101685,0.00204531,-0.00021427,0.298666,-0.218924,-0.00218707,0.000254446,6.79282e-05,0.00353452,0.00317582,-0.000755006,-0.0022051,0.0120441,-2.39685e-05,0.0462572,0.00783864,0.00274439,0.000203732,-0.00242081,0.0124157,-0.0119483,0.0536893,-0.00957971,-0.1,0,0,0.3,-0.2,0,-0.1,0,0,0.3,-0.2,0,0,0,0,0,0,0,0,0,0,0,0,0,0,0,0,0,0,5.48118,-0.615234,0.279652,5.44922,13.8021,0.671149,1.8457,-4.21875,0.559304,4.74609,15.0505,2.10641,-1.11861,-0.347336,-7.07881,-2.6875,0.4375,0.1875,-2.5,-0.0625,-0.947266,-0.117188,-2,-0.3125,0.3125,-2.3125,0.125,-1.03516,0.224609,0.331044,-0.0187487,0.0583351,0.335508,0.697022,0.0400042,0.0296194,-0.191441,-0.0197129,0.265543,0.72931,0.145221,-0.184326,-0.0203785,-1.06405,-0.30531,0.0816365,0.101051,-0.599139,0.0127512,-0.93398,-0.157755,-0.295915,-0.038781,0.13638,-0.633055,0.248169,-1.06986,0.180795
48.14,-0.102769,0.000187487,-0.000107135,0.298121,-0.217543,-0.000924744,-0.101618,0.00203679,-0.000254446,0.298675,-0.218933,-0.00218704,0.000187487,7.54759e-05,0.00353934,0.00321177,-0.00076699,-0.00221708,0.0120561,-1.19842e-05,0.0462495,0.00784631,0.0027324,0.000203732,-0.00244478,0.0124276,-0.0119483,0.0536893,-0.00958738,-0.1,0,0,0.3,-0.2,0,-0.1,0,0,0.3,-0.2,0,0,0,0,0,0,0,0,0,0,0,0,0,0,0,0,0,0,5.25746,-0.615234,0.167791,6.06445,13.7138,0.619155,1.78977,-4.30664,0.335582,4.48242,15.1388,2.05408,-0.111861,-0.297716,-6.84544,-2.6875,0.4375,0.1875,-2.5,-0.0625,-0.947266,-0.117188,-2,-0.3125,0.25,-2.3125,0.0625,-1.03516,0.224609,0.0969532,0.0270662,0.0672809,0.292813,0.688614,0.0149857,0.12063,-0.233131,-0.0156953,0.209723,0.754044,0.120432,-0.035676,0.00344172,-1.04886,-0.315041,0.0736311,0.10165,-0.602807,0.000239685,-0.92499,-0.167725,-0.279376,-0.0234411,0.100763,-0.652062,0.248169,-1.07477,0.191748
48.18,-0.102783,0.000187487,-8.03514e-05,0.298163,-0.217547,-0.000931904,-0.101685,0.00203679,-0.00021427,0.298658,-0.218937,-0.00219419,0.000160703,6.79282e-05,0.00353452,0.00317582,-0.000755006,-0.00218113,0.0120441,-1.19842e-05,0.0462419,0.00783097,0.00274439,0.000203732,-0.00245677,0.0124037,-0.0119363,0.0536893,-0.00958738,-0.1,0,0,0.3,-0.2,0,-0.1,0,0,0.3,-0.2,0,0,0,0,0,0,0,0,0,0,0,0,0,0,0,0,0,0,6.37607,-0.615234,-0.0559304,6.06445,13.8021,0.671149,2.51687,-4.39453,0.838956,4.48242,15.0502,2.00162,0.335582,-0.396955,-7.00102,-2.6875,0.4375,0.1875,-2.5,-0.0625,-0.947266,-0.117188,-2,-0.3125,0.1875,-2.3125,0.0625,-1.03516,0.224609,0.391415,-0.0187487,0.00289265,0.226425,0.700248,0.0345257,0.168467,-0.213496,0.0882794,0.228642,0.747708,0.12623,-0.0687808,-0.00878537,-1.06405,-0.308378,0.0847045,0.0783768,-0.586868,0.000239685,-0.918947,-0.156619,-0.280575,-0.00196541,0.11977,-0.62632,0.246396,-1.06593,0.191748
48.24,-0.102743,0.000178964,-0.000107135,0.298163,-0.217547,-0.000931904,-0.101805,0.00204531,-0.000241054,0.298683,-0.218933,-0.00220135,0.000200878,6.79282e-05,0.00353452,0.00319979,-0.000755006,-0.00216914,0.0120561,-3.59527e-05,0.0462495,0.00783864,0.0027324,0.0002277,-0.00242081,0.0124037,-0.0119483,0.053697,-0.00958738,-0.1,0,0,0.3,-0.2,0,-0.1,0,0,0.3,-0.2,0,0,0,0,0,0,0,0,0,0,0,0,0,0,0,0,0,0,5.25746,-0.703125,0.559304,5.09766,13.7138,0.619155,4.13885,-4.39453,0.838956,4.83398,15.0502,2.00162,-0.671165,-0.297716,-6.84544,-2.6875,0.4375,0.1875,-2.5,-0.125,-0.947266,-0.117188,-2,-0.3125,0.3125,-2.3125,0.125,-1.03516,0.214844,0.140557,-0.0211689,0.036426,0.150066,0.69861,0.0317752,0.411931,-0.194713,0.0241054,0.197536,0.755675,0.112764,-0.0962609,-0.0116836,-1.04002,-0.307707,0.0816365,0.0900495,-0.630418,-0.00388289,-0.924009,-0.155791,-0.270172,-0.0197021,0.105701,-0.62632,0.260441,-1.07198,0.188802
48.28,-0.102796,0.000187487,-0.000147311,0.298189,-0.217551,-0.000910481,-0.101711,0.00204531,-0.000254446,0.298632,-0.218933,-0.00218704,0.00021427,6.79282e-05,0.00354415,0.00321177,-0.00076699,-0.00218113,0.0120561,-1.19842e-05,0.0462495,0.00783864,0.0027324,0.0002277,-0.00245677,0.0124276,-0.0119363,0.053697,-0.00958738,-0.1,0,0,0.3,-0.2,0,-0.1,0,0,0.3,-0.2,0,0,0,0,0,0,0,0,0,0,0,0,0,0,0,0,0,0,6.09641,-0.439453,0.167791,4.57031,13.8021,0.671149,2.5728,-4.30664,0.615234,5.36133,15.2272,2.00175,-0.671165,-0.396955,-7.00102,-2.6875,0.4375,0.1875,-2.5,-0.0625,-0.927734,-0.117188,-2,-0.3125,0.25,-2.3125,0.125,-1.02539,0.224609,0.295046,-0.00893118,0.055871,0.15169,0.703614,0.0227004,0.392271,-0.184896,0.0408721,0.336107,0.765445,0.0847086,-0.115706,-0.0174802,-1.06879,-0.324245,0.079767,0.112124,-0.605875,0.0125115,-0.922045,-0.161682,-0.27324,-0.0779933,0.128974,-0.63979,0.22492,-1.07885,0.190766
48.34,-0.102729,0.000196009,-8.03514e-05,0.298129,-0.217543,-0.000924744,-0.101792,0.00204531,-0.000200878,0.298675,-0.218946,-0.00219416,0.000133919,6.79282e-05,0.00353452,0.00321177,-0.000743022,-0.00215716,0.0120441,-1.19842e-05,0.0462572,0.00783864,0.0027324,0.0002277,-0.00242081,0.0124037,-0.0119483,0.0536893,-0.00958738,-0.1,0,0,0.3,-0.2,0,-0.1,0,0,0.3,-0.2,0,0,0,0,0,0,0,0,0,0,0,0,0,0,0,0,0,0,5.1456,-0.791016,0.335582,4.13086,13.8021,0.671149,3.97106,-4.30664,0.447443,4.39453,15.0502,2.00162,0.0559304,-0.297716,-6.84544,-2.6875,0.4375,0.1875,-2.5,-0.125,-0.947266,-0.117188,-2,-0.3125,0.25,-2.3125,0.0625,-1.03516,0.224609,0.0877934,-0.0228734,0.0183201,0.324259,0.695264,0.0479469,0.472302,-0.197986,0.0303728,0.166089,0.772434,0.11242,0.0266767,-0.00588709,-1.05481,-0.324245,0.0743022,0.0955862,-0.608343,0.00177367,-0.93398,-0.159718,-0.28858,-0.0381098,0.117973,-0.61098,0.254305,-1.0728,0.190766
48.38,-0.102769,0.00016192,-0.000107135,0.298129,-0.217547,-0.000931904,-0.101591,0.00202826,-0.000174095,0.298709,-0.218933,-0.00220135,0.000133919,6.79282e-05,0.00353452,0.00321177,-0.000743022,-0.0022051,0.0120561,-4.79369e-05,0.0462495,0.00783864,0.0027324,0.000191748,-0.00245677,0.0124037,-0.0119363,0.0536893,-0.00958738,-0.1,0,0,0.3,-0.2,0,-0.1,0,0,0.3,-0.2,0,0,0,0,0,0,0,0,0,0,0,0,0,0,0,0,0,0,6.59979,-0.527344,0.447443,5.44922,13.7138,0.619155,2.51687,-4.39453,0.503374,3.51562,15.1388,2.05408,0.0559304,-0.347336,-7.23439,-2.6875,0.4375,0.1875,-2.5,-0.0625,-0.947266,-0.126953,-2,-0.3125,0.25,-2.3125,0.0625,-1.03516,0.224609,0.240943,0.00344294,-0.00985643,0.242447,0.675883,0.0371864,-0.123745,-0.206099,-0.0134455,0.204609,0.752401,0.145714,0.0626741,0.00570601,-1.077,-0.302769,0.089642,0.101051,-0.578263,0.0132306,-0.928917,-0.161682,-0.276308,-0.0283786,0.116702,-0.620184,0.2556,-1.08164,0.191748
48.44,-0.102689,0.000178964,-0.000107135,0.298138,-0.217547,-0.000931904,-0.101845,0.00203679,-0.000200878,0.298683,-0.218929,-0.0021942,0.000174095,6.79282e-05,0.00353452,0.00319979,-0.000755006,-0.00221708,0.0120561,-1.19842e-05,0.0462572,0.00783864,0.0027324,0.000215716,-0.00242081,0.0124037,-0.0119363,0.0536893,-0.00957971,-0.1,0,0,0.3,-0.2,0,-0.1,0,0,0.3,-0.2,0,0,0,0,0,0,0,0,0,0,0,0,0,0,0,0,0,0,4.86594,-0.527344,0.223722,4.48242,13.7138,0.619155,4.69815,-4.39453,0.615234,5.27344,15.0502,2.00162,0.0559304,-0.148858,-7.07881,-2.6875,0.4375,0.1875,-2.5,-0.0625,-0.947266,-0.117188,-2,-0.3125,0.25,-2.3125,0.125,-1.02539,0.224609,0.124916,-0.0408039,-0.0715663,0.246623,0.701935,0.0482557,0.544511,-0.203679,0.00980287,0.224807,0.742508,0.107033,-0.0625134,0.0115026,-1.077,-0.319979,0.0785686,0.0709706,-0.602807,0.00790959,-0.934961,-0.156773,-0.276308,-0.0399794,0.121041,-0.601776,0.234124,-1.07182,0.181777
48.48,-0.10281,0.000187487,-8.03514e-05,0.298121,-0.217551,-0.000924773,-0.101644,0.00204531,-0.000227662,0.298692,-0.218929,-0.0021942,0.000160703,6.79282e-05,0.00353452,0.00319979,-0.000755006,-0.0022051,0.0120441,-2.39685e-05,0.0462572,0.00783864,0.0027324,0.000203732,-0.00248073,0.0124037,-0.0119483,0.053697,-0.00958738,-0.1,0,0,0.3,-0.2,0,-0.1,0,0,0.3,-0.2,0,0,0,0,0,0,0,0,0,0,0,0,0,0,0,0,0,0,5.92862,-0.527344,0.335582,6.06445,13.7138,0.619155,2.23722,-4.30664,0.279652,4.74609,15.0502,2.00162,0.279652,-0.297716,-7.00102,-2.6875,0.4375,0.1875,-2.5,-0.0625,-0.947266,-0.117188,-2,-0.3125,0.25,-2.3125,0.0625,-1.03516,0.224609,0.404378,0.0107038,-0.1051,0.380079,0.706941,0.0397527,-0.0361086,-0.188168,-0.0235162,0.310794,0.755517,0.0960083,0.00321406,0.00280773,-1.06036,-0.304639,0.109248,0.101051,-0.593003,0.0158192,-0.92318,-0.158736,-0.267104,-0.0111693,0.124037,-0.607912,0.238965,-1.08572,0.191748
48.54,-0.102729,0.000187487,-0.000107135,0.298155,-0.217547,-0.000931904,-0.101711,0.00204531,-0.000267838,0.298709,-0.218929,-0.0021942,0.000187487,6.79282e-05,0.00353452,0.00319979,-0.000743022,-0.0022051,0.0120561,-2.39685e-05,0.0462495,0.00783864,0.0027324,0.000203732,-0.00242081,0.0124037,-0.0119363,0.053697,-0.00957971,-0.1,0,0,0.3,-0.2,0,-0.1,0,0,0.3,-0.2,0,0,0,0,0,0,0,0,0,0,0,0,0,0,0,0,0,0,4.86594,-0.527344,0.391513,5.18555,13.7138,0.619155,2.46094,-4.39453,0.559304,3.86719,15.1388,2.05408,0.0559304,-0.347336,-7.07881,-2.6875,0.4375,0.1875,-2.5,-0.0625,-0.947266,-0.117188,-2.0625,-0.25,0.3125,-2.3125,0.0625,-1.03516,0.224609,0.103221,-0.0318386,-0.0201414,0.276791,0.703448,0.0235573,0.191714,-0.204531,0.0782087,0.188246,0.757121,0.126197,-0.0511035,-0.00298882,-1.05666,-0.310775,0.0773702,0.0826432,-0.581331,0.00661529,-0.924009,-0.149901,-0.27324,0.0348501,0.121041,-0.647795,0.258668,-1.08376,0.182758
48.58,-0.102743,0.000178964,-8.03514e-05,0.298121,-0.217547,-0.000931904,-0.101752,0.00204531,-0.00028123,0.2987,-0.218933,-0.00218704,0.000160703,6.79282e-05,0.00353452,0.00321177,-0.000743022,-0.00221708,0.0120561,-1.19842e-05,0.0462495,0.00783864,0.0027324,0.000203732,-0.00242081,0.0124037,-0.0119603,0.053697,-0.00958738,-0.1,0,0,0.3,-0.2,0,-0.1,0,0,0.3,-0.2,0,0,0,0,0,0,0,0,0,0,0,0,0,0,0,0,0,0,5.03374,-0.615234,0.111861,5.44922,13.7138,0.619155,3.57955,-4.48242,0.727095,4.04297,15.0505,2.10641,-0.727095,-0.297716,-7.1566,-2.6875,0.4375,0.1875,-2.5,-0.0625,-0.947266,-0.117188,-2,-0.3125,0.25,-2.3125,0.0625,-1.03516,0.224609,0.12513,-0.0211689,-0.0125348,0.478254,0.716425,0.0181125,0.422002,-0.214348,0.028123,0.216795,0.742673,0.112236,-0.0584958,0.0172991,-1.05851,-0.321177,0.0558944,0.138466,-0.602807,-0.0012943,-0.920082,-0.158736,-0.27324,-0.0265091,0.108769,-0.623252,0.230001,-1.08376,0.189784
48.64,-0.102743,0.000178964,-0.000120527,0.298087,-0.217547,-0.000931904,-0.101725,0.00203679,-0.00021427,0.298666,-0.218929,-0.0021942,0.000174095,6.03806e-05,0.00353934,0.00319979,-0.000743022,-0.00219311,0.0120561,-2.39685e-05,0.0462495,0.00783097,0.0027324,0.000203732,-0.00239685,0.0124276,-0.0119483,0.0536893,-0.00959505,-0.1,0,0,0.3,-0.2,0,-0.1,0,0,0.3,-0.2,0,0,0,0,0,0,0,0,0,0,0,0,0,0,0,0,0,0,6.32014,-0.791016,0,5.18555,13.7138,0.619155,2.96431,-4.39453,0.727095,5.27344,15.1388,2.05408,-0.111861,-0.396955,-6.84544,-2.6875,0.4375,0.25,-2.5,-0.125,-0.947266,-0.117188,-2,-0.3125,0.3125,-2.3125,0.0625,-1.03516,0.224609,0.238264,-0.0768013,0.0377651,0.401556,0.700198,0.0235461,0.223909,-0.190589,-0.0608528,0.363717,0.766895,0.0932241,-0.026516,-0.0123176,-1.0655,-0.304639,0.0743022,0.134199,-0.544515,-0.0117925,-0.916155,-0.146802,-0.276308,0.0133744,0.10757,-0.633654,0.255839,-1.0728,0.200737
48.68,-0.102702,0.000178964,-0.000107135,0.298121,-0.217547,-0.000931904,-0.101819,0.00204531,-0.000241054,0.298683,-0.218933,-0.00218704,0.000187487,5.2833e-05,0.00354415,0.00321177,-0.000743022,-0.00216914,0.0120441,-3.59527e-05,0.0462572,0.00783864,0.00274439,0.000203732,-0.0024328,0.0124276,-0.0119363,0.053697,-0.00958738,-0.1,0,0,0.3,-0.2,0,-0.1,0,0,0.3,-0.2,0,0,0,0,0,0,0,0,0,0,0,0,0,0,0,0,0,0,4.4185,-0.615234,0.391513,5.625,13.6247,0.776734,4.19478,-4.39453,0.559304,4.57031,15.0502,2.00162,-0.615234,-0.297716,-7.00102,-2.6875,0.4375,0.1875,-2.5,-0.0625,-0.947266,-0.117188,-2,-0.3125,0.1875,-2.3125,0.0625,-1.02539,0.224609,0.0799724,-0.00807897,0.036426,0.309175,0.695558,0.0756822,0.485265,-0.237256,0.0138204,0.224807,0.755698,0.0792524,0.00546389,-0.0042568,-1.05585,-0.333449,0.0712342,0.047098,-0.596071,0.0114569,-0.931034,-0.156773,-0.283643,-0.0265091,0.100164,-0.636722,0.218784,-1.08376,0.191748
48.74,-0.102756,0.000178964,-0.000133919,0.298155,-0.217547,-0.000931904,-0.101778,0.00204531,-0.000227662,0.298726,-0.218933,-0.00218704,0.000160703,6.79282e-05,0.00353452,0.00319979,-0.000743022,-0.00221708,0.0120561,-5.99211e-05,0.0462495,0.00783864,0.0027324,0.000203732,-0.00240883,0.0124037,-0.0119603,0.0536893,-0.00958738,-0.1,0,0,0.3,-0.2,0,-0.1,0,0,0.3,-0.2,0,0,0,0,0,0,0,0,0,0,0,0,0,0,0,0,0,0,5.42525,-0.703125,0.335582,5.27344,13.8021,0.671149,4.75408,-4.30664,0.503374,4.48242,15.0502,2.00162,-0.559304,-0.297716,-7.00102,-2.6875,0.4375,0.1875,-2.5,-0.0625,-0.947266,-0.117188,-2,-0.25,0.25,-2.3125,0.0625,-1.02539,0.224609,0.136754,-0.0244414,0.0493893,0.233157,0.70196,0.0537455,0.182983,-0.188168,-0.00808871,0.158418,0.757306,0.103951,0.0392115,-0.026175,-1.06036,-0.319979,0.0743022,0.104718,-0.602807,-0.0049375,-0.923027,-0.159718,-0.27324,-0.0234411,0.0897619,-0.614048,0.237671,-1.07182,0.190766
48.78,-0.102702,0.000187487,-8.03514e-05,0.298146,-0.217551,-0.000924773,-0.101711,0.00204531,-0.000187487,0.298675,-0.218933,-0.00218704,0.000241054,8.30235e-05,0.00354415,0.00319979,-0.000743022,-0.00221708,0.0120561,-1.19842e-05,0.0462572,0.00784631,0.0027324,0.000215716,-0.00244478,0.0124276,-0.0119363,0.0536817,-0.00958738,-0.1,0,0,0.3,-0.2,0,-0.1,0,0,0.3,-0.2,0,0,0,0,0,0,0,0,0,0,0,0,0,0,0,0,0,0,4.86594,-0.615234,0.279652,5.88867,13.6247,0.776734,2.5728,-4.39453,0.503374,4.57031,14.9619,2.05395,-1.2864,-0.297716,-6.84544,-2.6875,0.4375,0.1875,-2.5,-0.0625,-0.947266,-0.117188,-2,-0.3125,0.25,-2.3125,0.125,-1.02539,0.224609,0.0388325,0.0434287,-0.0228198,0.299886,0.687538,0.0616444,0.130004,-0.211076,-0.0275337,0.291535,0.737784,0.131467,-0.175166,-0.0191105,-1.05955,-0.319979,0.0681663,0.141534,-0.599739,0.00637561,-0.932998,-0.167725,-0.28858,-0.0430473,0.122239,-0.618314,0.212648,-1.06283,0.189784
48.84,-0.102796,0.000178964,-0.000107135,0.298121,-0.217556,-0.000931934,-0.101752,0.00204531,-0.000241054,0.298683,-0.218929,-0.0022228,0.000160703,6.79282e-05,0.00353452,0.00317582,-0.000743022,-0.00218113,0.0120561,-4.79369e-05,0.0462495,0.00783097,0.00274439,0.000203732,-0.00242081,0.0124037,-0.0119483,0.0536893,-0.00959505,-0.1,0,0,0.3,-0.2,0,-0.1,0,0,0.3,-0.2,0,0,0,0,0,0,0,0,0,0,0,0,0,0,0,0,0,0,5.7049,-0.615234,0.559304,6.24023,13.7138,0.619155,2.40501,-4.21875,0.838956,4.04297,15.0502,2.00162,-0.335582,-0.248097,-6.92323,-2.6875,0.4375,0.1875,-2.5,-0.0625,-0.927734,-0.117188,-2,-0.3125,0.3125,-2.3125,0.0625,-1.03516,0.224609,0.243621,-0.0211689,0.0467109,0.281905,0.705573,0.0592477,0.27287,-0.230711,0.0755303,0.181173,0.744115,0.132875,0.013499,0.0115026,-1.05851,-0.296106,0.0743022,0.121328,-0.602807,0.000958738,-0.925972,-0.150729,-0.305118,-0.0173052,0.117973,-0.617116,0.242033,-1.06986,0.199755
48.88,-0.102743,0.000196009,-0.000133919,0.298155,-0.217551,-0.000924773,-0.101778,0.00204531,-0.000241054,0.298666,-0.218929,-0.0021942,0.000254446,6.79282e-05,0.00353452,0.00319979,-0.000743022,-0.00216914,0.0120561,-3.59527e-05,0.0462572,0.00783097,0.00274439,0.000215716,-0.0024328,0.0124037,-0.0119363,0.053697,-0.00958738,-0.1,0,0,0.3,-0.2,0,-0.1,0,0,0.3,-0.2,0,0,0,0,0,0,0,0,0,0,0,0,0,0,0,0,0,0,5.31339,-0.703125,0.167791,5.44922,13.8021,0.671149,3.35582,-4.39453,0.671165,4.48242,14.9615,1.94917,-0.503374,-0.297716,-6.84544,-2.6875,0.4375,0.1875,-2.5,-0.0625,-0.947266,-0.117188,-2,-0.3125,0.25,-2.25,0.0625,-1.03516,0.224609,0.0994173,-0.0359633,0.0493893,0.293153,0.715129,0.0535052,0.126416,-0.204531,0.0241054,0.200093,0.744139,0.0987925,-0.199754,-0.0174802,-1.04742,-0.319979,0.114186,0.0777776,-0.605875,-0.000814927,-0.931034,-0.148765,-0.280575,-0.0215716,0.133912,-0.617116,0.254066,-1.08081,0.190766
48.94,-0.102823,0.000196009,-8.03514e-05,0.298121,-0.217547,-0.000931904,-0.101644,0.00202826,-0.00021427,0.298666,-0.218924,-0.00220136,0.000227662,6.79282e-05,0.00353452,0.00321177,-0.000755006,-0.0022051,0.0120441,-7.19053e-05,0.0462495,0.00783864,0.00274439,0.000215716,-0.0024328,0.0124037,-0.0119603,0.0536893,-0.00958738,-0.1,0,0,0.3,-0.2,0,-0.1,0,0,0.3,-0.2,0,0,0,0,0,0,0,0,0,0,0,0,0,0,0,0,0,0,6.32014,-0.878906,0.167791,5.00977,13.8021,0.671149,2.18129,-4.39453,0.335582,4.39453,15.2272,2.00175,-1.62198,-0.396955,-7.00102,-2.6875,0.4375,0.1875,-2.5,-0.125,-0.947266,-0.117188,-2,-0.25,0.3125,-2.3125,0.125,-1.03516,0.224609,0.416002,-0.0490533,0.0234626,0.358263,0.695484,0.0592128,-0.051536,-0.189736,-0.0608528,0.134643,0.781374,0.063266,-0.104296,-0.026175,-1.06405,-0.342653,0.0908404,0.101051,-0.5838,0.00757403,-0.916155,-0.1607,-0.280575,0.0244478,0.130844,-0.620184,0.240739,-1.07084,0.191748
48.98,-0.102716,0.000187487,-0.000133919,0.298138,-0.217547,-0.000931904,-0.101872,0.00204531,-0.000227662,0.298649,-0.218933,-0.00218704,0.000160703,5.2833e-05,0.00354415,0.00319979,-0.000743022,-0.00218113,0.0120441,-1.19842e-05,0.0462419,0.00783864,0.00274439,0.000239685,-0.00242081,0.0124276,-0.0119363,0.053697,-0.00958738,-0.1,0,0,0.3,-0.2,0,-0.1,0,0,0.3,-0.2,0,0,0,0,0,0,0,0,0,0,0,0,0,0,0,0,0,0,5.03374,-0.527344,0.950817,5.36133,13.7134,0.723941,4.92188,-4.39453,0.950817,4.74609,15.2272,2.00175,-0.615234,-0.198478,-6.84544,-2.6875,0.4375,0.1875,-2.5,-0.125,-0.947266,-0.117188,-2,-0.3125,0.3125,-2.3125,0.0625,-1.03516,0.224609,0.287012,0.0107038,0.111099,0.301164,0.700372,0.0619746,0.23864,-0.197986,0.0844761,0.126292,0.770323,0.0819468,-0.0173559,0.0276242,-1.0577,-0.319979,0.0743022,0.0937166,-0.586868,0.00177367,-0.91502,-0.1607,-0.262167,-0.0301044,0.124109,-0.652062,0.252532,-1.07983,0.191748
49.04,-0.102702,0.000196009,-0.000120527,0.298129,-0.217551,-0.000939065,-0.101805,0.00203679,-0.000267838,0.298649,-0.218929,-0.0021942,0.000200878,7.54759e-05,0.00353934,0.0031878,-0.000755006,-0.00221708,0.0120561,-5.99211e-05,0.0462495,0.00783864,0.00274439,0.000215716,-0.0024328,0.0124276,-0.0119363,0.0536893,-0.00958738,-0.1,0,0,0.3,-0.2,0,-0.1,0,0,0.3,-0.2,0,0,0,0,0,0,0,0,0,0,0,0,0,0,0,0,0,0,5.25746,-0.527344,0.727095,5.27344,13.8021,0.671149,5.20153,-4.30664,0.615234,4.13086,15.1388,2.05408,-0.838956,-0.396955,-7.1566,-2.6875,0.4375,0.1875,-2.5,-0.0625,-0.947266,-0.117188,-2,-0.3125,0.25,-2.3125,0.0625,-1.03516,0.224609,0.141682,0.0229415,0.104617,0.335168,0.715206,0.0705462,0.483925,-0.161136,-0.0349261,0.159017,0.744127,0.115262,0.0271588,-0.0371341,-1.07474,-0.297305,0.0755006,0.0648347,-0.599739,0.0104023,-0.924009,-0.161682,-0.289779,-0.0553192,0.12164,-0.627518,0.229522,-1.07379,0.191748
49.08,-0.102716,0.000204531,-8.03514e-05,0.298163,-0.217551,-0.000939065,-0.101792,0.00204531,-0.00021427,0.298683,-0.218937,-0.00219419,0.00021427,6.79282e-05,0.00353452,0.00319979,-0.000755006,-0.00219311,0.0120441,-2.39685e-05,0.0462495,0.00783097,0.00274439,0.000203732,-0.00246875,0.0124396,-0.0119243,0.0536893,-0.00958738,-0.1,0,0,0.3,-0.2,0,-0.1,0,0,0.3,-0.2,0,0,0,0,0,0,0,0,0,0,0,0,0,0,0,0,0,0,4.53036,-0.615234,0.223722,4.39453,13.8021,0.671149,4.75408,-4.21875,0.671165,4.13086,15.1388,2.05408,-0.503374,-0.297716,-7.00102,-2.6875,0.4375,0.1875,-2.5,-0.0625,-0.947266,-0.117188,-2,-0.3125,0.25,-2.3125,0.0625,-1.03516,0.224609,0.276727,-0.0499055,0.0234626,0.297329,0.711906,0.0595554,0.086615,-0.201258,-0.0299978,0.159357,0.760698,0.142654,-0.0899935,0.0201974,-1.06775,-0.310775,0.0785686,0.0912479,-0.593003,0.0127512,-0.926954,-0.150729,-0.292847,0.0195103,0.111166,-0.655729,0.244622,-1.07477,0.190766
49.14,-0.102823,0.000178964,-0.000107135,0.298129,-0.217547,-0.000931904,-0.101738,0.00204531,-0.000241054,0.298666,-0.218933,-0.00218704,0.00021427,7.54759e-05,0.00354897,0.00321177,-0.000755006,-0.00216914,0.0120561,-2.39685e-05,0.0462495,0.00783864,0.00274439,0.000215716,-0.00245677,0.0124037,-0.0119483,0.0536817,-0.00958738,-0.1,0,0,0.3,-0.2,0,-0.1,0,0,0.3,-0.2,0,0,0,0,0,0,0,0,0,0,0,0,0,0,0,0,0,0,5.64897,-0.615234,0.391513,5.88867,13.7138,0.619155,5.08967,-4.39453,0.838956,4.39453,15.0502,2.00162,-0.838956,-0.248097,-6.92323,-2.6875,0.4375,0.1875,-2.5,-0.125,-0.947266,-0.117188,-2,-0.3125,0.25,-2.3125,0.0625,-1.03516,0.214844,0.395432,-0.0277139,0.0415684,0.335168,0.698585,0.0262854,0.070973,-0.191441,0.126955,0.200093,0.752444,0.0847535,-0.0334262,-0.0168462,-1.06839,-0.315041,0.0755006,0.0808456,-0.578263,-0.00412257,-0.922045,-0.1607,-0.277507,-0.00929976,0.110566,-0.623252,0.234364,-1.07069,0.192729
49.2,-0.102769,0.000196009,-8.03514e-05,0.298129,-0.217547,-0.000917613,-0.101845,0.00205383,-0.000200878,0.298649,-0.218929,-0.0021942,0.000160703,6.79282e-05,0.00353452,0.00321177,-0.000743022,-0.0022051,0.0120561,-1.19842e-05,0.0462495,0.00783097,0.0027324,0.0002277,-0.00244478,0.0124037,-0.0119363,0.0536893,-0.00958738,-0.1,0,0,0.3,-0.2,0,-0.1,0,0,0.3,-0.2,0,0,0,0,0,0,0,0,0,0,0,0,0,0,0,0,0,0,4.30664,-0.791016,0.223722,6.24023,13.7138,0.619155,5.81676,-4.39453,0.503374,5.36133,15.0502,2.00162,-0.167791,-0.248097,-7.07881,-2.6875,0.4375,0.1875,-2.5,-0.0625,-0.947266,-0.117188,-2,-0.3125,0.25,-2.3125,0.0625,-1.04492,0.224609,0.369505,-0.00978339,-0.120527,0.346076,0.695283,0.0147229,0.410806,-0.2152,-0.041622,0.224466,0.732749,0.118046,0.0597814,-0.00588709,-1.0659,-0.324245,0.0835061,0.125595,-0.596671,-0.00589624,-0.924009,-0.150729,-0.267104,-0.00436226,0.131443,-0.620184,0.237192,-1.07968,0.191748
49.24,-0.102783,0.000178964,-0.000120527,0.298129,-0.217547,-0.000931904,-0.101805,0.00204531,-0.000227662,0.298683,-0.218941,-0.00218703,0.000227662,5.2833e-05,0.00354415,0.00319979,-0.000743022,-0.00219311,0.0120561,0,0.0462495,0.00783864,0.0027324,0.000215716,-0.00242081,0.0124157,-0.0119603,0.0536893,-0.00958738,-0.1,0,0,0.3,-0.2,0,-0.1,0,0,0.3,-0.2,0,0,0,0,0,0,0,0,0,0,0,0,0,0,0,0,0,0,5.92862,-0.703125,0.167791,5.53711,13.7138,0.619155,2.79652,-4.30664,0.447443,3.7793,15.0502,2.00162,-0.671165,-0.347336,-7.07881,-2.6875,0.4375,0.1875,-2.5,-0.0625,-0.947266,-0.117188,-2,-0.3125,0.3125,-2.3125,0.0625,-1.03516,0.224609,0.288565,0.0410084,-0.0547996,0.389709,0.706724,0.0290583,0.309081,-0.197986,-0.00294622,0.0884527,0.760884,0.120409,-0.119724,0.00443803,-1.07619,-0.319979,0.0835061,0.112724,-0.581331,0.00460194,-0.92499,-0.159718,-0.27324,0.00604005,0.127177,-0.620783,0.237671,-1.07673,0.190766
49.3,-0.102702,0.000196009,-8.03514e-05,0.298172,-0.217543,-0.000924744,-0.101819,0.00204531,-0.000187487,0.298666,-0.218933,-0.00218704,0.000254446,6.79282e-05,0.00353452,0.00319979,-0.000778975,-0.00216914,0.0120441,-3.59527e-05,0.0462495,0.00784631,0.00274439,0.000203732,-0.00242081,0.0124276,-0.0119363,0.0536817,-0.00958738,-0.1,0,0,0.3,-0.2,0,-0.1,0,0,0.3,-0.2,0,0,0,0,0,0,0,0,0,0,0,0,0,0,0,0,0,0,4.64222,-0.703125,0.559304,4.48242,13.8021,0.671149,5.03374,-4.39453,0.391513,4.39453,15.0505,2.10641,-1.34233,-0.297716,-7.00102,-2.6875,0.4375,0.1875,-2.5,-0.125,-0.947266,-0.117188,-2,-0.3125,0.25,-2.3125,0.0625,-1.02539,0.224609,0.203392,-0.0130559,-0.00739233,0.186967,0.709828,0.0342729,0.464695,-0.204531,0.00846368,0.0855556,0.755659,0.134151,-0.287176,-0.0174802,-1.06221,-0.295435,0.0778975,0.0685737,-0.593003,-0.00234891,-0.923027,-0.171652,-0.30205,-0.00196541,0.121041,-0.627518,0.24793,-1.05891,0.191748
49.34,-0.102796,0.000204531,-0.000107135,0.298163,-0.217543,-0.000924744,-0.101644,0.00203679,-0.000241054,0.298683,-0.218933,-0.00218704,0.000187487,6.03806e-05,0.00353934,0.00317582,-0.00076699,-0.0022051,0.0120561,-1.19842e-05,0.0462572,0.00783097,0.00274439,0.000191748,-0.00240883,0.0124037,-0.0119603,0.053697,-0.00958738,-0.1,0,0,0.3,-0.2,0,-0.1,0,0,0.3,-0.2,0,0,0,0,0,0,0,0,0,0,0,0,0,0,0,0,0,0,6.32014,-0.703125,0.223722,4.39453,13.7138,0.619155,1.90163,-4.30664,0.447443,3.51562,15.2272,2.00175,-0.111861,-0.347336,-6.92323,-2.6875,0.4375,0.1875,-2.5625,-0.0625,-0.947266,-0.117188,-2.0625,-0.3125,0.3125,-2.3125,0.0625,-1.03516,0.224609,0.397896,0.00245437,-0.00985643,0.302783,0.703328,0.0342505,0.0461712,-0.184044,0.0395329,0.104815,0.768688,0.095677,-0.00996357,0.0079703,-1.05625,-0.308378,0.076699,0.110255,-0.615078,-0.0012943,-0.930053,-0.151711,-0.286711,-0.00383495,0.114306,-0.635523,0.239205,-1.08474,0.189784
49.4,-0.102729,0.000178964,-8.03514e-05,0.298104,-0.217551,-0.000939065,-0.101792,0.00204531,-0.000174095,0.298683,-0.218929,-0.0021942,0.000187487,8.30235e-05,0.00354415,0.00319979,-0.000743022,-0.00221708,0.0120441,-2.39685e-05,0.0462572,0.00783097,0.00274439,0.000191748,-0.00239685,0.0124157,-0.0119243,0.053697,-0.00958738,-0.1,0,0,0.3,-0.2,0,-0.1,0,0,0.3,-0.2,0,0,0,0,0,0,0,0,0,0,0,0,0,0,0,0,0,0,5.53711,-0.351562,0.391513,5.53711,13.8021,0.671149,3.02024,-4.30664,0.223722,4.13086,15.0502,2.00162,-0.447443,-0.198478,-6.84544,-2.75,0.4375,0.1875,-2.5,-0.0625,-0.947266,-0.117188,-2.0625,-0.3125,0.3125,-2.3125,0.0625,-1.02539,0.224609,0.128933,0.0377359,-0.0228198,0.431724,0.697093,0.0183315,0.390022,-0.178351,-0.00830298,0.153903,0.747386,0.104271,-0.0973859,-0.00461911,-1.0577,-0.335319,0.086574,0.0985822,-0.56846,0.0204211,-0.931034,-0.150729,-0.286711,-0.00383495,0.116774,-0.633055,0.223146,-1.08179,0.189784
49.44,-0.102783,0.000178964,-0.000107135,0.298129,-0.217543,-0.000939036,-0.101671,0.00204531,-0.000227662,0.298683,-0.218933,-0.00220135,0.000174095,6.79282e-05,0.00353452,0.00321177,-0.000743022,-0.00221708,0.0120441,-4.79369e-05,0.0462495,0.00783864,0.0027324,0.0002277,-0.0024328,0.0124037,-0.0119363,0.053697,-0.00958738,-0.1,0,0,0.3,-0.2,0,-0.1,0,0,0.3,-0.2,0,0,0,0,0,0,0,0,0,0,0,0,0,0,0,0,0,0,6.65572,-0.527344,0.223722,4.74609,13.8021,0.671149,1.62198,-4.21875,0.223722,4.13086,15.2268,1.89697,0.391513,-0.396955,-7.00102,-2.6875,0.4375,0.25,-2.4375,-0.125,-0.947266,-0.117188,-2,-0.3125,0.3125,-2.3125,0.125,-1.03516,0.224609,0.350275,0.0508259,0.026141,0.346076,0.692189,0.0869358,-0.0437151,-0.201258,0.0279087,0.213898,0.773561,0.0989774,0.0609063,-0.0348699,-1.0659,-0.318109,0.0620303,0.159941,-0.593003,0.0116966,-0.92499,-0.162663,-0.260968,-0.0350419,0.127776,-0.623252,0.266337,-1.08867,0.187821
49.5,-0.102729,0.000178964,-0.000107135,0.298121,-0.217543,-0.000924744,-0.101711,0.00204531,-0.000227662,0.298717,-0.218924,-0.00220136,0.000227662,6.79282e-05,0.00353452,0.00321177,-0.000743022,-0.0022051,0.0120441,-1.19842e-05,0.0462495,0.00783097,0.00274439,0.000215716,-0.00242081,0.0124276,-0.0119603,0.053697,-0.00959505,-0.1,0,0,0.3,-0.2,0,-0.1,0,0,0.3,-0.2,0,0,0,0,0,0,0,0,0,0,0,0,0,0,0,0,0,0,4.53036,-0.615234,0.111861,6.06445,13.8021,0.671149,2.46094,-4.48242,0.335582,4.21875,15.0502,2.00162,-0.503374,-0.297716,-7.1566,-2.6875,0.4375,0.1875,-2.5,-0.0625,-0.947266,-0.117188,-2,-0.3125,0.25,-2.3125,0.0625,-1.03516,0.224609,0.32949,0.0344634,-0.0818513,0.396442,0.69045,0.0616545,0.0991495,-0.233983,-0.0800835,0.225147,0.734223,0.0936228,-0.0477287,-0.00878537,-1.06405,-0.299702,0.0589624,0.107187,-0.586868,0.00944357,-0.920082,-0.148765,-0.289779,0.00910801,0.124109,-0.648994,0.259147,-1.09161,0.197792
49.54,-0.102702,0.000178964,-0.000147311,0.298146,-0.217551,-0.000924773,-0.101752,0.00204531,-0.000227662,0.298666,-0.218937,-0.00219419,0.000187487,7.54759e-05,0.00352971,0.00319979,-0.000743022,-0.00216914,0.0120681,-1.19842e-05,0.0462495,0.00783864,0.0027324,0.0002277,-0.00244478,0.0124037,-0.0119483,0.0536893,-0.00958738,-0.1,0,0,0.3,-0.2,0,-0.1,0,0,0.3,-0.2,0,0,0,0,0,0,0,0,0,0,0,0,0,0,0,0,0,0,4.69815,-0.791016,0.559304,5.625,13.6251,0.671948,3.80327,-4.30664,0.391513,4.83398,15.1388,2.05408,-0.447443,-0.248097,-7.07881,-2.6875,0.4375,0.1875,-2.5,-0.0625,-0.947266,-0.126953,-2,-0.3125,0.25,-2.3125,0.125,-1.03516,0.224609,0.151967,-0.0178964,0.0095886,0.359881,0.698828,0.0424695,0.31401,-0.184896,0.0690486,0.227364,0.765603,0.101464,0.00546389,-0.00235483,-1.06076,-0.313843,0.0620303,0.0869815,-0.606474,0.0140455,-0.923027,-0.1607,-0.27324,-0.02277,0.143715,-0.623252,0.22516,-1.07379,0.191748
49.6,-0.102662,0.000213053,-0.000133919,0.298197,-0.217556,-0.000931934,-0.101738,0.00204531,-0.000174095,0.298683,-0.218929,-0.0021942,0.000187487,5.2833e-05,0.00354415,0.00321177,-0.000743022,-0.00216914,0.0120561,-4.79369e-05,0.0462495,0.00783864,0.00274439,0.0002277,-0.0024328,0.0124276,-0.0119603,0.0536817,-0.00958738,-0.1,0,0,0.3,-0.2,0,-0.1,0,0,0.3,-0.2,0,0,0,0,0,0,0,0,0,0,0,0,0,0,0,0,0,0,4.97781,-0.791016,0.391513,4.57031,13.7138,0.619155,3.29989,-4.30664,0.279652,5.36133,15.1388,2.05408,-0.671165,-0.297716,-7.1566,-2.6875,0.4375,0.25,-2.5,-0.0625,-0.947266,-0.117188,-2,-0.3125,0.25,-2.25,0.0625,-1.03516,0.224609,0.0142452,-0.0540302,0.0185344,0.221315,0.697336,0.0345156,0.461802,-0.204531,-0.0391579,0.224807,0.757137,0.104237,-0.0202485,0.00153975,-1.09283,-0.305837,0.0681663,0.139137,-0.61201,0.0162985,-0.923027,-0.162663,-0.298982,-0.0012943,0.124708,-0.62445,0.248409,-1.06283,0.191748
49.64,-0.102689,0.000196009,-8.03514e-05,0.298155,-0.217547,-0.000931904,-0.101792,0.00202826,-0.000254446,0.298683,-0.218933,-0.00218704,0.000227662,6.79282e-05,0.00353452,0.00321177,-0.000755006,-0.0022051,0.0120561,-3.59527e-05,0.0462495,0.00784631,0.00274439,0.000203732,-0.00239685,0.0124037,-0.0119483,0.0536893,-0.00958738,-0.1,0,0,0.3,-0.2,0,-0.1,0,0,0.3,-0.2,0,0,0,0,0,0,0,0,0,0,0,0,0,0,0,0,0,0,4.53036,-0.703125,0,5.53711,13.8021,0.671149,4.47443,-4.39453,0.838956,4.30664,15.0502,2.00162,-0.838956,-0.347336,-7.23439,-2.6875,0.4375,0.1875,-2.5,-0.125,-0.947266,-0.126953,-2,-0.3125,0.25,-2.3125,0.0625,-1.03516,0.224609,0.083776,0.00330658,-0.00739233,0.380419,0.697022,0.0400042,0.246032,-0.206099,0.0305871,0.197536,0.76058,0.0710009,-0.145436,-0.026175,-1.07145,-0.330381,0.0601608,0.125595,-0.587467,0.0160589,-0.923027,-0.16478,-0.271371,0.00110255,0.0891626,-0.614048,0.249703,-1.07182,0.191748
49.7,-0.102635,0.000196009,-8.03514e-05,0.298172,-0.217547,-0.000931904,-0.101752,0.00204531,-0.000254446,0.298683,-0.218929,-0.0021942,0.00021427,6.79282e-05,0.00353452,0.00317582,-0.000755006,-0.00221708,0.0120441,0,0.0462495,0.00783864,0.00274439,0.000215716,-0.0024328,0.0124276,-0.0119603,0.0536893,-0.00958738,-0.1,0,0,0.3,-0.2,0,-0.1,0,0,0.3,-0.2,0,0,0,0,0,0,0,0,0,0,0,0,0,0,0,0,0,0,4.25071,-0.703125,0.391513,5.625,13.8021,0.671149,4.58629,-4.39453,0.838956,4.48242,15.1388,2.05408,-0.447443,-0.446575,-7.07881,-2.6875,0.4375,0.1875,-2.5,-0.125,-0.947266,-0.117188,-2,-0.3125,0.3125,-2.25,0.0625,-1.02539,0.224609,0.129844,-0.0196009,0.00803514,0.301504,0.713373,0.0620195,0.370577,-0.204531,0.092297,0.241169,0.76528,0.0795052,-0.105421,-0.0290733,-1.0659,-0.296106,0.103112,0.107786,-0.586868,0,-0.924009,-0.158736,-0.277507,-0.0338435,0.130844,-0.60911,0.251477,-1.0728,0.191748
49.74,-0.102756,0.000178964,-0.000133919,0.298138,-0.217547,-0.000931904,-0.101819,0.00204531,-0.000187487,0.298683,-0.218933,-0.00218704,0.000160703,6.03806e-05,0.00353934,0.00319979,-0.000743022,-0.0022051,0.0120561,-1.19842e-05,0.0462495,0.00783864,0.0027324,0.000203732,-0.00242081,0.0124276,-0.0119483,0.0536893,-0.00958738,-0.1,0,0,0.3,-0.2,0,-0.1,0,0,0.3,-0.2,0,0,0,0,0,0,0,0,0,0,0,0,0,0,0,0,0,0,5.87269,-0.527344,0.559304,6.24023,13.8021,0.671149,3.69141,-4.30664,0.391513,4.39453,15.0502,2.00162,-0.223722,-0.297716,-7.1566,-2.625,0.4375,0.1875,-2.5,-0.0625,-0.947266,-0.117188,-2,-0.3125,0.25,-2.25,0.0625,-1.03516,0.224609,0.141897,0.005011,0.0699593,0.404793,0.700248,0.0345257,0.47498,-0.194713,-0.0275337,0.235715,0.750809,0.0984836,0.0289265,0.00507202,-1.07289,-0.313843,0.0804381,0.0765073,-0.599739,-0.00282828,-0.925972,-0.150882,-0.27324,0.00723847,0.108769,-0.62445,0.246635,-1.07379,0.183894
49.8,-0.102689,0.000178964,-0.000120527,0.298138,-0.217543,-0.000924744,-0.101832,0.00204531,-0.000187487,0.298683,-0.218933,-0.00218704,0.000174095,8.30235e-05,0.00354415,0.00319979,-0.000755006,-0.00221708,0.0120561,-1.19842e-05,0.0462419,0.00783097,0.00274439,0.000203732,-0.0024328,0.0124276,-0.0119483,0.053697,-0.00961039,-0.1,0,0,0.3,-0.2,0,-0.1,0,0,0.3,-0.2,0,0,0,0,0,0,0,0,0,0,0,0,0,0,0,0,0,0,3.97106,-0.615234,0.391513,5.71289,13.9791,0.670349,5.98455,-4.30664,0.894886,5.27344,15.0502,2.00162,-0.391513,-0.297716,-6.84544,-2.625,0.4375,0.25,-2.5,-0.0625,-0.947266,-0.126953,-2,-0.3125,0.3125,-2.3125,0.0625,-1.02539,0.224609,0.0992035,-0.0113515,0.0480501,0.279348,0.719654,0.050776,0.358042,-0.204531,0.0444611,0.208444,0.747555,0.103985,-0.0573709,-0.024907,-1.06325,-0.283163,0.0724327,0.13233,-0.596671,0.000239685,-0.91502,-0.149747,-0.286711,-0.0142373,0.124708,-0.664334,0.231296,-1.08179,0.212825
49.84,-0.102743,0.000196009,-9.37433e-05,0.298112,-0.217556,-0.000931934,-0.101939,0.00204531,-0.000254446,0.2987,-0.218929,-0.0021942,0.000187487,9.81187e-05,0.00353452,0.00317582,-0.000743022,-0.00221708,0.0120561,-3.59527e-05,0.0462495,0.00783864,0.0027324,0.000191748,-0.00242081,0.0124157,-0.0119363,0.0536893,-0.00958738,-0.1,0,0,0.3,-0.2,0,-0.1,0,0,0.3,-0.2,0,0,0,0,0,0,0,0,0,0,0,0,0,0,0,0,0,0,4.86594,-0.439453,0.279652,6.06445,13.8021,0.671149,5.08967,-4.39453,0.447443,4.39453,15.1388,2.05408,-0.279652,-0.297716,-7.00102,-2.625,0.4375,0.1875,-2.5,-0.0625,-0.947266,-0.117188,-2,-0.3125,0.3125,-2.3125,0.0625,-1.03516,0.224609,0.0994173,-0.0425083,-0.00605314,0.299546,0.705524,0.0482681,0.559028,-0.201258,0.148864,0.1568,0.757144,0.0932578,-0.056246,-0.0381304,-1.05851,-0.286902,0.0743022,0.113922,-0.608943,0.00378702,-0.924009,-0.151864,-0.279376,-0.0191748,0.130245,-0.617715,0.21725,-1.07182,0.188802
49.9,-0.102729,0.000153398,-0.000107135,0.298138,-0.217551,-0.000939065,-0.101792,0.00204531,-0.000267838,0.298683,-0.218933,-0.00218704,0.000160703,6.79282e-05,0.00353452,0.00319979,-0.00076699,-0.00221708,0.0120561,-1.19842e-05,0.0462495,0.00783097,0.0027324,0.000239685,-0.00238486,0.0124037,-0.0119603,0.0536893,-0.00958738,-0.1,0,0,0.3,-0.2,0,-0.1,0,0,0.3,-0.2,0,0,0,0,0,0,0,0,0,0,0,0,0,0,0,0,0,0,5.42525,-0.615234,0.447443,5.27344,13.7134,0.723941,3.63548,-4.39453,0.615234,4.30664,15.1388,2.05408,-0.615234,-0.347336,-7.07881,-2.6875,0.4375,0.1875,-2.5,-0.0625,-0.947266,-0.117188,-2,-0.3125,0.3125,-2.3125,0.0625,-1.03516,0.224609,0.159788,0.00102265,0.00557103,0.241169,0.705455,0.0705125,0.441447,-0.211076,0.0524962,0.175719,0.745928,0.106735,-0.00192843,-0.0203785,-1.06036,-0.313843,0.082835,0.120058,-0.593603,-0.00282828,-0.922045,-0.152692,-0.285512,-0.0239685,0.131515,-0.623252,0.243807,-1.0787,0.190766
49.94,-0.102769,0.000213053,-0.000107135,0.298104,-0.217556,-0.000931934,-0.101792,0.00204531,-0.000254446,0.298666,-0.218933,-0.00220135,0.000120527,5.2833e-05,0.00354415,0.00321177,-0.000755006,-0.00221708,0.0120561,-4.79369e-05,0.0462495,0.00783097,0.0027324,0.000191748,-0.00242081,0.0124037,-0.0119483,0.0537123,-0.00959505,-0.1,0,0,0.3,-0.2,0,-0.1,0,0,0.3,-0.2,0,0,0,0,0,0,0,0,0,0,0,0,0,0,0,0,0,0,5.81676,-0.615234,0.223722,5.44922,13.8021,0.671149,3.24396,-4.39453,0.615234,3.95508,15.1388,2.05408,0.671165,-0.248097,-6.76765,-2.6875,0.4375,0.1875,-2.5,-0.0625,-0.947266,-0.117188,-2,-0.3125,0.25,-2.3125,0.0625,-1.03516,0.224609,0.2358,-0.0802101,0.0107135,0.36082,0.712049,0.0537804,0.482587,-0.197986,0.0562995,0.178276,0.747527,0.142986,0.143829,0.0363191,-1.05215,-0.321177,0.0908404,0.0924463,-0.605875,0.0193665,-0.92499,-0.155638,-0.264036,-0.0222427,0.117973,-0.638591,0.242033,-1.07425,0.199755
50,-0.10281,0.000178964,-0.000133919,0.298146,-0.217539,-0.000917583,-0.101725,0.00203679,-0.000227662,0.298675,-0.218924,-0.00220136,0.000160703,6.79282e-05,0.00353452,0.00319979,-0.000755006,-0.00219311,0.0120441,-2.39685e-05,0.0462419,0.00783097,0.00274439,0.000239685,-0.00239685,0.0124037,-0.0119363,0.0536893,-0.00957971,-0.1,0,0,0.3,-0.2,0,-0.1,0,0,0.3,-0.2,0,0,0,0,0,0,0,0,0,0,0,0,0,0,0,0,0,0,5.98455,-0.703125,-0.0559304,6.06445,13.7138,0.619155,1.8457,-4.21875,0.447443,2.90039,15.0502,2.00162,0.335582,-0.347336,-6.92323,-2.6875,0.4375,0.1875,-2.5,-0.0625,-0.927734,-0.117188,-2,-0.3125,0.3125,-2.3125,0.125,-1.02539,0.224609,0.440376,0.0213735,0.0288194,0.321702,0.685218,0.0201778,-0.0332156,-0.203679,0.00733876,0.160635,0.740723,0.0936003,0.044354,-0.00298882,-1.05296,-0.313843,0.0785686,0.124995,-0.602207,0.0112172,-0.911093,-0.156619,-0.280575,-0.0331723,0.113706,-0.62632,0.226454,-1.06397,0.18374
50.04,-0.102729,0.000170442,-8.03514e-05,0.298146,-0.217543,-0.000924744,-0.101738,0.00204531,-0.000227662,0.298649,-0.218929,-0.0021942,0.000200878,6.79282e-05,0.00353452,0.00319979,-0.000755006,-0.00221708,0.0120561,-2.39685e-05,0.0462495,0.00783097,0.00274439,0.000203732,-0.00240883,0.0124276,-0.0119483,0.0536817,-0.00957971,-0.1,0,0,0.3,-0.2,0,-0.1,0,0,0.3,-0.2,0,0,0,0,0,0,0,0,0,0,0,0,0,0,0,0,0,0,5.25746,-0.615234,0.447443,5.71289,13.8021,0.671149,2.46094,-4.39453,0.838956,4.39453,15.1388,2.05408,-0.503374,-0.396955,-7.00102,-2.6875,0.4375,0.1875,-2.5,-0.125,-0.947266,-0.117188,-2,-0.3125,0.3125,-2.3125,0.0625,-1.02539,0.224609,0.123791,0.0189532,-0.0279623,0.190803,0.6905,0.072634,0.33324,-0.214348,0.0690486,0.2681,0.760383,0.109716,0.0220163,-0.0116836,-1.06221,-0.310775,0.0908404,0.11699,-0.602807,-0.00565655,-0.924009,-0.153674,-0.286711,0.0133744,0.144985,-0.621382,0.242033,-1.06283,0.180795
50.1,-0.102796,0.000178964,-8.03514e-05,0.298138,-0.217547,-0.000931904,-0.101711,0.00203679,-0.000187487,0.298683,-0.218933,-0.00220135,0.000200878,8.30235e-05,0.00354415,0.00319979,-0.000743022,-0.00221708,0.0120561,-1.19842e-05,0.0462495,0.00783097,0.0027324,0.000203732,-0.00244478,0.0124157,-0.0119363,0.0536893,-0.00958738,-0.1,0,0,0.3,-0.2,0,-0.1,0,0,0.3,-0.2,0,0,0,0,0,0,0,0,0,0,0,0,0,0,0,0,0,0,6.37607,-0.791016,0.279652,6.24023,13.8021,0.671149,2.46094,-4.39453,0.503374,5.18555,15.1385,1.94929,-1.06268,-0.248097,-6.92323,-2.6875,0.4375,0.25,-2.5,-0.0625,-0.927734,-0.117188,-2,-0.3125,0.25,-2.25,0.0625,-1.03516,0.224609,0.392754,-0.0342589,0.0131776,0.224806,0.700272,0.0400155,0.196857,-0.203679,-0.0943861,0.186627,0.750813,0.0935662,-0.0294086,-0.0220088,-1.0577,-0.310775,0.0743022,0.129262,-0.602807,0.0109775,-0.922045,-0.148765,-0.285512,0.00417051,0.113035,-0.620783,0.229522,-1.07379,0.191748
50.14,-0.102796,0.000170442,-0.000107135,0.298138,-0.217551,-0.000939065,-0.101698,0.00202826,-0.000174095,0.298658,-0.218941,-0.00220132,0.000187487,6.79282e-05,0.00353452,0.00321177,-0.000743022,-0.00221708,0.0120561,-1.19842e-05,0.0462572,0.00783097,0.0027324,0.0002277,-0.00244478,0.0124037,-0.0119363,0.0536893,-0.00958738,-0.1,0,0,0.3,-0.2,0,-0.1,0,0,0.3,-0.2,0,0,0,0,0,0,0,0,0,0,0,0,0,0,0,0,0,0,6.48793,-0.703125,0.279652,5.18555,13.8021,0.671149,2.40501,-4.30664,0.279652,5.00977,15.0502,2.00162,-0.167791,-0.198478,-7.00102,-2.6875,0.4375,0.1875,-2.5,0,-0.947266,-0.107422,-2.0625,-0.3125,0.25,-2.3125,0.0625,-1.02539,0.224609,0.248764,0.00913571,-0.0201414,0.284802,0.699004,0.0814696,0.216088,-0.173374,-0.018588,0.310454,0.765772,0.101749,-0.0665309,0.0172991,-1.06221,-0.330381,0.0804381,0.0740385,-0.61201,0.0109775,-0.932998,-0.152692,-0.282444,-0.0473137,0.113035,-0.638591,0.238726,-1.07084,0.191748
50.2,-0.102823,0.000204531,-8.03514e-05,0.298129,-0.217551,-0.000939065,-0.101618,0.00204531,-0.00021427,0.298658,-0.218924,-0.00220136,0.000174095,6.79282e-05,0.00353452,0.00319979,-0.000743022,-0.00221708,0.0120441,-1.19842e-05,0.0462495,0.00783864,0.0027324,0.000239685,-0.00240883,0.0124276,-0.0119243,0.053697,-0.00958738,-0.1,0,0,0.3,-0.2,0,-0.1,0,0,0.3,-0.2,0,0,0,0,0,0,0,0,0,0,0,0,0,0,0,0,0,0,6.87944,-0.527344,0.503374,5.18555,13.7138,0.619155,1.67791,-4.39453,0.503374,4.6582,15.1388,2.05408,0.167791,-0.347336,-7.07881,-2.6875,0.4375,0.1875,-2.5,-0.0625,-0.947266,-0.117188,-2.0625,-0.3125,0.3125,-2.25,0.0625,-1.02539,0.224609,0.477712,-0.0204531,0.00803514,0.269718,0.698805,0.0375514,-0.198204,-0.207803,-0.0197129,0.201371,0.747204,0.121027,-0.0522284,-9.05413e-05,-1.0696,-0.319979,0.10805,0.113922,-0.574596,0.000239685,-0.92499,-0.154809,-0.282444,0.0128471,0.126577,-0.618314,0.20934,-1.08278,0.192729
50.24,-0.102796,0.000221575,-0.000107135,0.298121,-0.217556,-0.000917642,-0.101685,0.00204531,-0.000227662,0.298683,-0.218933,-0.00218704,0.000160703,6.79282e-05,0.00353452,0.00319979,-0.000743022,-0.0022051,0.0120561,-1.19842e-05,0.0462495,0.00783097,0.00275637,0.0002277,-0.00242081,0.0124157,-0.0119483,0.0536893,-0.00958738,-0.1,0,0,0.3,-0.2,0,-0.1,0,0,0.3,-0.2,0,0,0,0,0,0,0,0,0,0,0,0,0,0,0,0,0,0,5.92862,-0.615234,0.279652,4.6582,13.7138,0.619155,3.52362,-4.21875,0.503374,2.54883,15.0502,2.00162,-0.335582,-0.396955,-7.00102,-2.6875,0.4375,0.1875,-2.5,-0.125,-0.947266,-0.126953,-2.0625,-0.3125,0.3125,-2.3125,0.0625,-1.03516,0.214844,0.439036,-0.0156125,-0.0355689,0.396442,0.719937,0.00108384,0.0399044,-0.168533,-0.00294622,0.20299,0.74592,0.117715,0.034069,-0.00878537,-1.05666,-0.326115,0.0804381,0.0918471,-0.630418,0.000239685,-0.924009,-0.155638,-0.294045,0.0201814,0.139448,-0.636123,0.237431,-1.07084,0.191748
50.3,-0.102769,0.000213053,-5.35676e-05,0.298138,-0.217551,-0.000939065,-0.101805,0.00204531,-0.000227662,0.298683,-0.218933,-0.00218704,0.000160703,8.30235e-05,0.00354415,0.00319979,-0.000743022,-0.00221708,0.0120561,-5.99211e-05,0.0462495,0.00783097,0.0027324,0.000215716,-0.00242081,0.0124037,-0.0119363,0.0536817,-0.00957971,-0.1,0,0,0.3,-0.2,0,-0.1,0,0,0.3,-0.2,0,0,0,0,0,0,0,0,0,0,0,0,0,0,0,0,0,0,5.31339,-0.527344,0,4.6582,13.8021,0.671149,3.52362,-4.21875,0.335582,4.21875,15.2272,2.00175,0,-0.297716,-7.00102,-2.6875,0.4375,0.1875,-2.5,-0.125,-0.947266,-0.126953,-2,-0.3125,0.25,-2.3125,0.125,-1.02539,0.214844,0.307795,-0.0213053,0.0259267,0.339343,0.715156,0.0595666,0.283368,-0.181623,-0.0543711,0.159357,0.771954,0.0737065,-0.0224984,-0.024907,-1.06325,-0.307707,0.0681663,0.110854,-0.615078,0.00886833,-0.921063,-0.154656,-0.27324,-0.00316384,0.102633,-0.629388,0.238726,-1.06382,0.17785
50.34,-0.102769,0.000187487,-8.03514e-05,0.298163,-0.217547,-0.000931904,-0.101631,0.00204531,-0.000133919,0.298675,-0.218929,-0.0021942,0.000187487,6.03806e-05,0.00353934,0.00319979,-0.000743022,-0.00221708,0.0120561,-1.19842e-05,0.0462572,0.00783097,0.00275637,0.0002277,-0.00240883,0.0124037,-0.0119483,0.0536893,-0.00959505,-0.1,0,0,0.3,-0.2,0,-0.1,0,0,0.3,-0.2,0,0,0,0,0,0,0,0,0,0,0,0,0,0,0,0,0,0,5.59304,-0.703125,0.223722,5.53711,13.8021,0.671149,3.18803,-4.13086,0.727095,5.18555,15.0505,2.10641,-0.615234,-0.396955,-6.84544,-2.625,0.4375,0.1875,-2.5,-0.0625,-0.947266,-0.117188,-2,-0.3125,0.3125,-2.25,0.0625,-1.03516,0.224609,0.364363,-0.0351111,-0.0639597,0.248241,0.705284,0.0702261,-0.0888723,-0.194713,0.0133919,0.346076,0.739219,0.161942,-0.056246,-0.0239107,-1.05441,-0.277027,0.0804381,0.0985822,-0.581331,0.0125115,-0.929071,-0.155638,-0.278705,-0.0104982,0.123509,-0.629388,0.252771,-1.0728,0.199755
50.4,-0.102769,0.000178964,-0.000107135,0.298138,-0.217551,-0.000924773,-0.101711,0.00202826,-0.000174095,0.298709,-0.218924,-0.00220136,0.000160703,6.79282e-05,0.00353452,0.00317582,-0.000755006,-0.00216914,0.0120441,-3.59527e-05,0.0462419,0.00783097,0.00274439,0.000251669,-0.00242081,0.0124276,-0.0119363,0.0536893,-0.00957971,-0.1,0,0,0.3,-0.2,0,-0.1,0,0,0.3,-0.2,0,0,0,0,0,0,0,0,0,0,0,0,0,0,0,0,0,0,5.59304,-0.703125,0.279652,5.88867,13.6251,0.671948,4.02699,-4.39453,0.838956,4.13086,15.2272,2.00175,-0.223722,-0.297716,-6.84544,-2.6875,0.4375,0.25,-2.5,-0.0625,-0.947266,-0.126953,-2,-0.3125,0.25,-2.3125,0.125,-1.03516,0.224609,0.42093,0.0082835,0.036426,0.36116,0.693915,0.034218,0.0631521,-0.173374,0.022552,0.117342,0.755352,0.0908049,-0.0173559,-0.00878537,-1.05666,-0.28997,0.0847045,0.114593,-0.602207,0.00225303,-0.912074,-0.159565,-0.283643,-0.0497106,0.117973,-0.648994,0.252532,-1.07379,0.180795
50.44,-0.102796,0.000196009,-0.000107135,0.298138,-0.217547,-0.000946196,-0.101591,0.00204531,-0.000254446,0.298683,-0.218929,-0.0021942,0.000200878,6.79282e-05,0.00353452,0.00321177,-0.000731038,-0.00222907,0.0120441,-1.19842e-05,0.0462495,0.00783864,0.00274439,0.000203732,-0.00245677,0.0124157,-0.0119363,0.053697,-0.00958738,-0.1,0,0,0.3,-0.2,0,-0.1,0,0,0.3,-0.2,0,0,0,0,0,0,0,0,0,0,0,0,0,0,0,0,0,0,5.1456,-0.703125,0.223722,6.06445,13.8021,0.671149,2.18129,-4.21875,0.391513,5.18555,15.0502,2.00162,-0.447443,-0.248097,-6.92323,-2.6875,0.4375,0.1875,-2.5,-0.0625,-0.947266,-0.126953,-2,-0.3125,0.25,-2.3125,0.0625,-1.03516,0.224609,0.505888,-0.0392358,-0.0304264,0.181173,0.7035,0.0351086,-0.200882,-0.204531,0.0254446,0.186627,0.742488,0.134482,-0.106546,-0.00588709,-1.0659,-0.330381,0.0638999,0.135997,-0.586868,0.00484163,-0.923027,-0.165609,-0.277507,-0.0295771,0.122838,-0.629987,0.254066,-1.08278,0.190766
50.5,-0.102743,0.000204531,-0.000133919,0.298129,-0.217556,-0.000931934,-0.101738,0.00203679,-0.000241054,0.298683,-0.218933,-0.00218704,0.000187487,7.54759e-05,0.00352971,0.00319979,-0.000731038,-0.00219311,0.0120441,-4.79369e-05,0.0462572,0.00783097,0.0027324,0.000215716,-0.00240883,0.0124037,-0.0119483,0.053697,-0.00958738,-0.1,0,0,0.3,-0.2,0,-0.1,0,0,0.3,-0.2,0,0,0,0,0,0,0,0,0,0,0,0,0,0,0,0,0,0,4.13885,-0.791016,0.559304,6.32812,13.7134,0.723941,5.59304,-4.39453,0.615234,4.30664,15.1388,2.05408,-0.950817,-0.297716,-6.84544,-2.6875,0.4375,0.25,-2.5,-0.125,-0.947266,-0.126953,-2,-0.3125,0.3125,-2.3125,0.0625,-1.03516,0.214844,0.397682,-0.000818122,0.0236769,0.291534,0.716987,0.0675217,0.178965,-0.177499,-0.00674952,0.0720902,0.763803,0.109418,-0.056246,-0.0052531,-1.04412,-0.316911,0.0731038,0.121928,-0.596071,-0.00671117,-0.931034,-0.156619,-0.279376,-0.0645231,0.105102,-0.632455,0.252771,-1.08474,0.192729
50.54,-0.10281,0.00016192,-0.000107135,0.29818,-0.217547,-0.000931904,-0.101671,0.00204531,-0.000254446,0.2987,-0.218933,-0.00218704,0.000160703,6.79282e-05,0.00353452,0.00319979,-0.000743022,-0.0022051,0.0120561,-1.19842e-05,0.0462495,0.00783097,0.0027324,0.000239685,-0.0024328,0.0124037,-0.0119483,0.0536893,-0.00958738,-0.1,0,0,0.3,-0.2,0,-0.1,0,0,0.3,-0.2,0,0,0,0,0,0,0,0,0,0,0,0,0,0,0,0,0,0,5.87269,-0.703125,-0.0559304,6.06445,13.8021,0.671149,2.85245,-4.30664,0.615234,4.13086,15.0502,2.00162,-0.727095,-0.198478,-7.00102,-2.6875,0.4375,0.1875,-2.5,-0.125,-0.947266,-0.126953,-2,-0.3125,0.25,-2.375,0.0625,-1.03516,0.224609,0.419806,-0.0194645,-0.00471395,0.272959,0.703647,0.0674756,-0.13628,-0.207803,0.051157,0.200433,0.754063,0.0929826,0.0392115,0.0115026,-1.05481,-0.313843,0.09271,0.0642354,-0.599739,-0.0089642,-0.92499,-0.156619,-0.27324,0.0251189,0.1063,-0.632455,0.240499,-1.0728,0.192729
50.6,-0.102769,0.000196009,-0.000107135,0.298155,-0.217551,-0.000924773,-0.101578,0.00204531,-0.000241054,0.2987,-0.218929,-0.0021942,0.000187487,6.79282e-05,0.00353452,0.00319979,-0.000743022,-0.0022051,0.0120441,-3.59527e-05,0.0462495,0.0078233,0.0027324,0.000239685,-0.00245677,0.0124037,-0.0119483,0.053697,-0.00958738,-0.1,0,0,0.3,-0.2,0,-0.1,0,0,0.3,-0.2,0,0,0,0,0,0,0,0,0,0,0,0,0,0,0,0,0,0,5.59304,-0.615234,0.335582,4.6582,13.6247,0.776734,3.8592,-4.30664,0.894886,3.86719,15.2272,2.00175,-0.615234,-0.198478,-7.00102,-2.6875,0.4375,0.25,-2.5,-0.0625,-0.947266,-0.117188,-2,-0.3125,0.25,-2.3125,0.0625,-1.02539,0.224609,0.4415,3.40901e-05,-0.0201414,0.205887,0.697265,0.0561883,-0.263931,-0.204531,0.0446754,0.134983,0.783143,0.0986578,-0.0922434,-0.00298882,-1.06036,-0.292367,0.0620303,0.156274,-0.605275,-0.00234891,-0.922045,-0.149594,-0.27324,-0.0239685,0.128974,-0.601776,0.245101,-1.08179,0.191748
50.66,-0.102702,0.000187487,-8.03514e-05,0.298146,-0.217547,-0.000946196,-0.101765,0.00204531,-0.000254446,0.2987,-0.218929,-0.0021942,0.000227662,6.79282e-05,0.00353452,0.00319979,-0.000743022,-0.00221708,0.0120561,-1.19842e-05,0.0462495,0.00783097,0.0027324,0.000215716,-0.00245677,0.0124037,-0.0119483,0.0536893,-0.00958738,-0.1,0,0,0.3,-0.2,0,-0.1,0,0,0.3,-0.2,0,0,0,0,0,0,0,0,0,0,0,0,0,0,0,0,0,0,4.36257,-0.878906,0.391513,4.57031,13.8021,0.671149,4.75408,-4.21875,0.391513,3.7793,14.8736,2.10628,-0.503374,-0.198478,-7.00102,-2.6875,0.4375,0.1875,-2.5,-0.0625,-0.947266,-0.107422,-2,-0.3125,0.3125,-2.3125,0.0625,-1.03516,0.224609,0.234247,-0.0514736,-0.0433897,0.365336,0.706949,0.0790381,0.0273691,-0.184896,0.00487465,0.140437,0.726249,0.118069,-0.0785836,0.00570601,-1.0659,-0.310775,0.0497585,0.0740385,-0.599739,0.000239685,-0.924009,-0.150729,-0.285512,-0.0185036,0.122838,-0.632455,0.252771,-1.06593,0.199602
50.7,-0.102783,0.000196009,-8.03514e-05,0.298163,-0.217547,-0.000917613,-0.101685,0.00204531,-0.000227662,0.298675,-0.218929,-0.00217991,0.000200878,8.30235e-05,0.00352489,0.00319979,-0.000731038,-0.00221708,0.0120441,-2.39685e-05,0.0462495,0.0078233,0.0027324,0.000215716,-0.00244478,0.0124037,-0.0119363,0.053697,-0.00958738,-0.1,0,0,0.3,-0.2,0,-0.1,0,0,0.3,-0.2,0,0,0,0,0,0,0,0,0,0,0,0,0,0,0,0,0,0,5.53711,-0.791016,0.391513,4.39453,13.7138,0.619155,4.47443,-4.39453,0.503374,3.86719,14.9619,2.05395,-1.23047,-0.148858,-6.92323,-2.6875,0.4375,0.1875,-2.5,-0.0625,-0.947266,-0.117188,-2,-0.3125,0.3125,-2.3125,0.125,-1.03516,0.224609,0.483979,-0.0294183,-0.00739233,0.155521,0.69697,0.028453,0.0399044,-0.237256,-0.0183737,0.149727,0.737639,0.0982433,-0.0448361,0.00117744,-1.04453,-0.304639,0.054696,0.0801745,-0.602207,0.00508131,-0.924009,-0.139776,-0.282444,0.0305837,0.134511,-0.617116,0.243328,-1.08278,0.190766
50.76,-0.102702,0.000187487,-0.000147311,0.298146,-0.217556,-0.000931934,-0.101778,0.00201974,-0.000200878,0.298683,-0.218937,-0.00219419,0.000241054,6.79282e-05,0.00353452,0.00317582,-0.000743022,-0.00221708,0.0120561,-3.59527e-05,0.0462495,0.0078233,0.00274439,0.000215716,-0.00244478,0.0123917,-0.0119483,0.053697,-0.00959505,-0.1,0,0,0.3,-0.2,0,-0.1,0,0,0.3,-0.2,0,0,0,0,0,0,0,0,0,0,0,0,0,0,0,0,0,0,4.53036,-0.703125,0.615234,4.74609,13.8021,0.671149,5.64897,-4.39453,0.559304,4.04297,15.0502,2.00162,-0.838956,-0.248097,-6.76765,-2.6875,0.4375,0.1875,-2.5,-0.0625,-0.947266,-0.117188,-1.9375,-0.3125,0.25,-2.3125,0.125,-1.02539,0.224609,0.306242,-0.0514736,0.0404435,0.185348,0.721899,0.0757732,0.388683,-0.152887,-0.000482107,0.224807,0.749347,0.10701,-0.0466038,0.00570601,-1.04372,-0.299174,0.0620303,0.0955143,-0.581331,0.0175928,-0.92499,-0.146649,-0.271371,-0.0277075,0.0854236,-0.619584,0.235897,-1.07983,0.2027
50.8,-0.102662,0.000187487,-0.000120527,0.298172,-0.217543,-0.000924744,-0.101832,0.00205383,-0.00021427,0.298717,-0.218933,-0.00218704,0.000160703,6.79282e-05,0.00353452,0.00319979,-0.000755006,-0.00221708,0.0120561,-1.19842e-05,0.0462495,0.00783097,0.0027324,0.000215716,-0.00240883,0.0124157,-0.0119483,0.0536893,-0.00958738,-0.1,0,0,0.3,-0.2,0,-0.1,0,0,0.3,-0.2,0,0,0,0,0,0,0,0,0,0,0,0,0,0,0,0,0,0,5.1456,-0.615234,0.391513,5.27344,13.6247,0.776734,3.8592,-4.39453,0.559304,4.74609,15.1388,2.05408,0.0559304,-0.248097,-6.92323,-2.6875,0.4375,0.1875,-2.5,-0.0625,-0.947266,-0.146484,-2,-0.3125,0.3125,-2.375,0.125,-1.03516,0.224609,0.00396025,0.0107038,0.0223377,0.394225,0.683974,0.0671218,0.486604,-0.24138,0.021427,0.116064,0.749194,0.0847647,-0.0482108,-0.00298882,-1.04926,-0.323047,0.0877725,0.110854,-0.587467,0.00790959,-0.922045,-0.166437,-0.282444,-0.0369114,0.120441,-0.666802,0.242033,-1.07084,0.191748
50.86,-0.102702,0.000178964,-8.03514e-05,0.298146,-0.217551,-0.000924773,-0.101832,0.00204531,-0.000174095,0.2987,-0.218929,-0.0021942,0.000133919,6.79282e-05,0.00353452,0.00319979,-0.000743022,-0.00222907,0.0120441,-1.19842e-05,0.0462495,0.0078233,0.0027324,0.0002277,-0.00245677,0.0124037,-0.0119603,0.0536893,-0.00958738,-0.1,0,0,0.3,-0.2,0,-0.1,0,0,0.3,-0.2,0,0,0,0,0,0,0,0,0,0,0,0,0,0,0,0,0,0,4.81001,-0.527344,0.391513,4.30664,13.7138,0.619155,4.97781,-4.39453,0.615234,3.86719,15.0502,2.00162,-0.559304,-0.347336,-7.23439,-2.6875,0.4375,0.1875,-2.5,-0.0625,-0.947266,-0.126953,-2,-0.3125,0.3125,-2.3125,0.0625,-1.03516,0.224609,0.11597,-0.0178964,-0.0691022,0.37079,0.703666,0.0342516,0.424894,-0.224166,0.0379794,0.145891,0.740897,0.0878241,0.0678166,-0.00878537,-1.06775,-0.332251,0.0558944,0.117589,-0.599139,0.00177367,-0.921063,-0.156466,-0.282444,-0.0135661,0.125906,-0.623252,0.253011,-1.06986,0.190766
50.9,-0.102702,0.000213053,-0.000120527,0.298155,-0.217551,-0.000939065,-0.101765,0.00204531,-0.000241054,0.298666,-0.218937,-0.00220848,0.000160703,6.79282e-05,0.00353452,0.00319979,-0.000743022,-0.00221708,0.0120441,-2.39685e-05,0.0462495,0.00783097,0.0027324,0.000215716,-0.00240883,0.0124037,-0.0119483,0.0536893,-0.00959505,-0.1,0,0,0.3,-0.2,0,-0.1,0,0,0.3,-0.2,0,0,0,0,0,0,0,0,0,0,0,0,0,0,0,0,0,0,4.64222,-0.439453,0.391513,4.04297,13.8021,0.671149,3.74734,-4.21875,0.559304,5.88867,14.9619,2.05395,-0.615234,-0.248097,-6.92323,-2.6875,0.4375,0.1875,-2.5,-0.125,-0.947266,-0.117188,-2,-0.3125,0.3125,-2.3125,0.0625,-1.03516,0.224609,0.17768,0.00814714,0.0686201,0.320424,0.711881,0.0540656,0.500478,-0.204531,0.0961002,0.336447,0.746073,0.140532,-0.0944932,-0.0116836,-1.05851,-0.326115,0.0835061,0.0924463,-0.608343,-0.00258859,-0.920082,-0.1684,-0.270172,-0.0215716,0.157257,-0.620184,0.251237,-1.07182,0.203682
50.96,-0.102676,0.000178964,-0.000133919,0.298172,-0.217547,-0.000931904,-0.101685,0.00204531,-0.00028123,0.298666,-0.218933,-0.00218704,0.00021427,7.54759e-05,0.00352971,0.00319979,-0.000743022,-0.00221708,0.0120561,-1.19842e-05,0.0462495,0.0078233,0.00275637,0.000203732,-0.00245677,0.0124157,-0.0119722,0.053697,-0.00958738,-0.1,0,0,0.3,-0.2,0,-0.1,0,0,0.3,-0.2,0,0,0,0,0,0,0,0,0,0,0,0,0,0,0,0,0,0,5.42525,-0.615234,0.503374,4.6582,13.8021,0.671149,2.74059,-4.30664,0.503374,4.21875,15.1388,2.05408,-0.503374,-0.297716,-7.00102,-2.6875,0.4375,0.1875,-2.5,-0.0625,-0.947266,-0.117188,-2,-0.3125,0.25,-2.3125,0.0625,-1.03516,0.214844,0.067009,0.0082835,0.0133919,0.2306,0.698709,0.0537343,0.266174,-0.204531,0.0692629,0.347355,0.758929,0.10669,-0.0334262,-0.0110497,-1.03303,-0.323047,0.09271,0.135398,-0.602807,0.00177367,-0.92499,-0.149594,-0.306317,-0.00810134,0.116702,-0.620783,0.240979,-1.09554,0.186839
51,-0.102702,0.000196009,-0.000133919,0.298155,-0.217551,-0.000939065,-0.101738,0.00206235,-0.000241054,0.298717,-0.218933,-0.00218704,0.000227662,6.79282e-05,0.00353452,0.00319979,-0.000755006,-0.00221708,0.0120441,-1.19842e-05,0.0462495,0.0078233,0.0027324,0.000203732,-0.00244478,0.0124276,-0.0119483,0.0536893,-0.00959505,-0.1,0,0,0.3,-0.2,0,-0.1,0,0,0.3,-0.2,0,0,0,0,0,0,0,0,0,0,0,0,0,0,0,0,0,0,5.20153,-0.791016,0.279652,6.15234,13.7138,0.619155,3.35582,-4.13086,0.950817,4.04297,14.9622,2.15874,-0.615234,-0.248097,-6.92323,-2.6875,0.4375,0.1875,-2.5,-0.0625,-0.947266,-0.117188,-2,-0.3125,0.3125,-2.3125,0.125,-1.03516,0.214844,0.162252,0.00985157,-0.0123205,0.293153,0.700418,0.0348121,0.158395,-0.219325,-0.011892,0.159697,0.750766,0.158872,-0.124866,-0.00878537,-1.06775,-0.292367,0.0816365,0.0801745,-0.602207,0.000239685,-0.927936,-0.152539,-0.276308,0.00417051,0.146783,-0.645926,0.255839,-1.06986,0.200737
51.06,-0.102702,0.000204531,-6.69595e-05,0.298104,-0.217547,-0.000931904,-0.101872,0.00204531,-0.000187487,0.298692,-0.218933,-0.00218704,0.000160703,5.2833e-05,0.00352489,0.00319979,-0.000755006,-0.00221708,0.0120441,-3.59527e-05,0.0462419,0.0078233,0.0027324,0.000203732,-0.00246875,0.0124037,-0.0119603,0.053697,-0.00958738,-0.1,0,0,0.3,-0.2,0,-0.1,0,0,0.3,-0.2,0,0,0,0,0,0,0,0,0,0,0,0,0,0,0,0,0,0,4.36257,-0.703125,0.671165,5.27344,13.7138,0.619155,4.53036,-4.30664,0.391513,4.57031,15.0505,2.10641,-0.279652,-0.347336,-6.92323,-2.6875,0.4375,0.1875,-2.5,-0.125,-0.947266,-0.126953,-2,-0.3125,0.3125,-2.3125,0.0625,-1.03516,0.224609,0.15711,-0.059723,-0.0293015,0.355366,0.700124,0.00707677,0.387772,-0.224166,0.0136062,0.201711,0.76056,0.0984499,-0.0842082,0.00153975,-1.04268,-0.316911,0.0877725,0.0955143,-0.586868,-0.0161547,-0.914038,-0.150576,-0.270172,-0.0295771,0.144913,-0.635523,0.236137,-1.08867,0.189784
51.1,-0.102729,0.000196009,-0.000133919,0.298138,-0.217543,-0.000939036,-0.101778,0.00204531,-0.00021427,0.298649,-0.218933,-0.00218704,0.000147311,8.30235e-05,0.00354415,0.00321177,-0.000755006,-0.00221708,0.0120561,-1.19842e-05,0.0462572,0.00781563,0.0027324,0.000203732,-0.0024328,0.0124276,-0.0119483,0.0536893,-0.00959505,-0.1,0,0,0.3,-0.2,0,-0.1,0,0,0.3,-0.2,0,0,0,0,0,0,0,0,0,0,0,0,0,0,0,0,0,0,4.64222,-0.791016,0.503374,5.36133,13.7138,0.619155,5.36932,-4.39453,0.447443,4.57031,15.1388,2.05408,0,-0.446575,-6.92323,-2.6875,0.4375,0.1875,-2.5,-0.125,-0.927734,-0.117188,-2.0625,-0.3125,0.3125,-2.3125,0.125,-1.03516,0.224609,0.252353,-0.0294183,0.0802442,0.355706,0.683977,0.0676935,0.3424,-0.197986,0.149989,0.322641,0.757302,0.109441,0.0226591,-0.0712795,-1.05955,-0.299702,0.0785686,0.107786,-0.602807,0.00177367,-0.925144,-0.147477,-0.270172,-0.00503338,0.143116,-0.63979,0.238965,-1.0728,0.200737
51.16,-0.102796,0.000204531,-8.03514e-05,0.298121,-0.217547,-0.000931904,-0.101792,0.00204531,-0.000160703,0.298666,-0.218929,-0.0021942,0.00021427,6.79282e-05,0.00353452,0.00319979,-0.000778975,-0.00222907,0.0120441,-1.19842e-05,0.0462495,0.00783097,0.0027324,0.000215716,-0.00239685,0.0124037,-0.0119483,0.0536817,-0.00957971,-0.1,0,0,0.3,-0.2,0,-0.1,0,0,0.3,-0.2,0,0,0,0,0,0,0,0,0,0,0,0,0,0,0,0,0,0,5.25746,-0.527344,0.335582,5.44922,13.8021,0.671149,5.48118,-4.39453,0.279652,4.74609,15.0502,2.00162,-0.838956,-0.248097,-7.07881,-2.625,0.4375,0.1875,-2.5,-0.0625,-0.947266,-0.117188,-2,-0.3125,0.3125,-2.375,0.0625,-1.03516,0.224609,0.403039,0.00572686,-0.0536747,0.4728,0.700272,0.0400155,0.364309,-0.214348,-0.0302121,0.24918,0.747386,0.104271,-0.213413,0.0172991,-1.06221,-0.283163,0.0963052,0.105317,-0.596071,0.0140455,-0.9191,-0.159565,-0.264036,-0.0461153,0.116774,-0.644727,0.240499,-1.06185,0.185704
51.2,-0.102769,0.000187487,-0.000107135,0.298104,-0.217513,-0.000903186,-0.101845,0.00202826,-0.000200878,0.29864,-0.218903,-0.00219429,0.000174095,6.03806e-05,0.00353934,0.00322376,-0.00076699,-0.00222907,0.0120561,-2.39685e-05,0.0462495,0.00781563,0.00276836,0.000215716,-0.00249272,0.0124037,-0.0119483,0.0536893,-0.00958738,-0.1,0,0,0.3,-0.2,0,-0.1,0,0,0.3,-0.2,0,0,0,0,0,0,0,0,0,0,0,0,0,0,0,0,0,0,4.86594,-0.878906,0.615234,5.09766,13.7138,0.619155,5.76083,-4.21875,0.391513,3.95508,15.0502,2.00162,0,-0.297716,-6.84544,-2.6875,0.4375,0.1875,-2.5,-0.125,-0.947266,-0.117188,-2,-0.3125,0.3125,-2.25,0.0625,-1.03516,0.224609,0.328365,-0.0711085,0.0312835,0.502628,0.692288,0.0113953,0.343954,-0.199554,0.0509428,0.214837,0.741496,0.101547,-0.191076,-0.000724532,-1.05071,-0.337715,0.0705631,0.0930455,-0.572127,-0.00105461,-0.920082,-0.156313,-0.276836,-0.0277075,0.161451,-0.62632,0.243567,-1.0679,0.190766
51.26,-0.102823,0.000178964,-0.000107135,0.298052,-0.217211,-0.000480412,-0.101671,0.00183225,-6.69595e-05,0.298623,-0.218544,-0.00187387,0.000120527,-2.26428e-05,0.00350564,0.00325971,-0.000790959,-0.00233692,0.0120921,0,0.0462572,0.00783097,0.00276836,0.000191748,-0.00252867,0.0124037,-0.0119363,0.0536893,-0.00957971,-0.1,0,0,0.3,-0.2,0,-0.1,0,0,0.3,-0.2,0,0,0,0,0,0,0,0,0,0,0,0,0,0,0,0,0,0,4.81001,-0.615234,0.279652,5.71289,13.2729,0.149617,4.19478,-3.51562,-0.111861,3.25195,14.1638,1.58186,-0.223722,-0.0992388,-6.68986,-2.75,0.5,0.1875,-2.5,-0.125,-0.927734,-0.117188,-2,-0.3125,0.1875,-2.375,0.0625,-1.03516,0.224609,0.282297,0.011556,-0.00985643,0.34122,0.660591,-0.0275421,0.491104,-0.0752332,-0.0755839,0.0264983,0.65079,0.00939144,0.0409792,0.0270808,-1.03136,-0.307563,0.0975037,0.0923025,-0.61074,-0.00153398,-0.928089,-0.165455,-0.261496,-0.00997088,0.0712103,-0.650863,0.221852,-1.0728,0.181777
51.3,-0.10206,0.000178964,-5.35676e-05,0.29818,-0.214609,0.000414948,-0.100895,0.0011164,-5.35676e-05,0.298649,-0.2146,-0.00072949,0.000160703,-4.52855e-05,0.00295198,0.00330765,-0.000886833,-0.00234891,0.0121161,-3.59527e-05,0.0462649,0.00781563,0.00279232,0.000203732,-0.00268447,0.0124995,-0.0119483,0.053697,-0.00959505,-0.1,0,0,0.3,-0.2,0,-0.1,0,0,0.3,-0.2,0,0,0,0,0,0,0,0,0,0,0,0,0,0,0,0,0,0,2.90838,-0.615234,0.335582,4.92188,8.23192,-0.686965,1.78977,-1.75781,0.223722,4.57031,7.43497,0.529221,-0.838956,-0.198478,-4.35619,-2.75,0.5,0.3125,-2.5,-0.125,-0.947266,-0.117188,-2.0625,-0.3125,0.25,-2.3125,0.0625,-1.03516,0.214844,0.139112,0.0148285,0.0104992,-0.0106565,0.207294,-0.0508392,-0.177955,0.0159875,-0.0254982,0.208104,0.0802217,0.00896064,0.034069,0.0251788,-0.756184,-0.330765,0.113227,0.0929017,-0.599667,-0.00541687,-0.928243,-0.157294,-0.279232,-0.0265091,0.167971,-0.624977,0.257373,-1.07394,0.19681
51.36,-0.100212,0.000170442,-4.01757e-05,0.298947,-0.208717,0.000254435,-0.100158,0.000409062,-2.67838e-05,0.299143,-0.20766,8.47102e-05,0.00021427,0.000234459,0.000998484,0.0031878,-0.00085088,-0.00231296,0.0110854,-3.59527e-05,0.045843,0.00779262,0.0027324,0.000179763,-0.00262455,0.011421,-0.0119483,0.0529377,-0.00958738,-0.1,0,0,0.3,-0.2,0,-0.1,0,0,0.3,-0.2,0,0,0,0,0,0,0,0,0,0,0,0,0,0,0,0,0,0,-0.727095,-0.615234,0.167791,3.07617,3.18963,-0.532922,0.671165,-0.791016,0.111861,2.10938,1.94736,-0.310483,-0.447443,-0.544689,-0.543485,-2.625,0.5,0.1875,-2.25,-0.0625,-0.898438,-0.117188,-2,-0.25,0.3125,-2,0.0625,-0.957031,0.224609,-0.184544,0.00913571,-0.0114099,0.119732,0.103511,0.0137468,0.123791,-0.0179987,-0.0744589,-0.0405697,0.0353235,-0.0491397,0.0797086,-0.14004,-0.199523,-0.343324,0.0912239,0.100308,-0.480639,0.000719053,-0.862864,-0.151925,-0.270172,-0.00263653,0.128159,-0.466738,0.242033,-0.984141,0.187821
51.4,-0.100051,2.55663e-05,-5.35676e-05,0.299033,-0.206526,0.000275111,-0.100091,8.52212e-05,1.33919e-05,0.299263,-0.205114,4.88049e-05,0.000147311,0.00049917,0.000858599,0.0034155,-0.000886833,-0.00237288,0.0108337,-3.59527e-05,0.0428287,0.00779262,0.00292415,0.000179763,-0.00263653,0.0112652,-0.0119603,0.0492868,-0.00958738,-0.1,0,0,0.3,-0.2,0,-0.1,0,0,0.3,-0.2,0,0,0,0,0,0,0,0,0,0,0,0,0,0,0,0,0,0,-0.671165,-0.439453,0.335582,2.46094,0.975216,-0.370026,0.391513,-0.263672,-0.0559304,1.31836,0.263499,-0.156947,-0.447443,-1.28745,-1.86338,-2.875,0.5625,0.25,-2.3125,-0.125,-0.820312,-0.117188,-2.1875,-0.3125,0.3125,-2.0625,0.0625,-0.947266,0.224609,-0.0514823,-0.077824,0.0156417,0.17785,-0.00828326,0.0922469,-0.0114676,0.00784035,0.00894579,0.165151,0.044256,0.0423165,-0.0801907,-0.111996,-0.326113,-0.369162,0.122431,0.137052,-0.538619,-0.0253586,-0.80356,-0.168615,-0.347638,-0.0333161,0.128759,-0.581666,0.236137,-0.980827,0.196656
51.46,-0.100319,4.26106e-05,-8.03514e-05,0.299152,-0.204475,8.13909e-05,-0.100546,0.000170442,1.33919e-05,0.299271,-0.20422,0.000203067,0.000187487,0.00047648,0.0011046,0.00355931,-0.000790959,-0.00228899,0.0110135,-5.99211e-05,0.0426447,0.00778495,0.00306796,0.000179763,-0.00260058,0.0114569,-0.0119603,0.0493098,-0.00958738,-0.1,0,0,0.3,-0.2,0,-0.1,0,0,0.3,-0.2,0,0,0,0,0,0,0,0,0,0,0,0,0,0,0,0,0,0,0,-0.439453,0.167791,1.75781,0.440682,-0.26369,0.559304,-0.703125,-0.0559304,1.66992,0.262589,-0.472107,-0.615234,-0.742757,-2.56214,-3,0.5,0.1875,-2.3125,-0.0625,-0.869141,-0.117188,-2.25,-0.3125,0.25,-2.125,0.0625,-0.947266,0.224609,0.0781515,0.0186464,-0.0536747,0.0999598,0.143138,0.0404465,-0.0584996,-0.0334067,-0.0424791,0.0493356,0.141076,-0.0326833,-0.102528,0.0225988,-0.373983,-0.377407,0.0913677,0.105245,-0.559879,0.0119363,-0.859766,-0.159626,-0.30066,-0.0149084,0.130029,-0.600458,0.243807,-0.995032,0.191748
51.5,-0.0985777,-0.000221575,-1.33919e-05,0.299646,-0.204041,-4.56887e-05,-0.0987518,-3.40885e-05,6.69595e-05,0.299578,-0.203969,0.000166686,0.00028123,0.00148543,-0.00138238,0.00268447,-0.00076699,-0.00232494,0.0110255,-1.19842e-05,0.042614,0.00759321,0.00216914,0.000239685,-0.00275637,0.0112053,-0.0119243,0.0490874,-0.00959505,-0.1,0,0,0.3,-0.2,0,-0.1,0,0,0.3,-0.2,0,0,0,0,0,0,0,0,0,0,0,0,0,0,0,0,0,0,-4.08292,0.527344,-0.167791,-0.527344,0.264409,-0.158214,-2.62873,-0.175781,-0.279652,0.791016,0.0872261,-0.262423,-0.391513,-3.4591,5.73364,-2.125,0.4375,0.1875,-2.25,-0.0625,-0.859375,-0.117188,-1.4375,-0.3125,0.25,-2,0.125,-0.888672,0.214844,-0.219363,0.0908798,-0.0398007,-0.0559977,0.156727,-0.00092449,-0.201954,0.0426788,-0.0324084,-0.0894028,0.158741,-0.00119168,-0.053514,-0.550395,0.652289,-0.0659612,0.0398835,0.0702276,-0.459236,0.00330765,-0.849334,-0.14401,-0.0512446,-0.0393083,0.116343,-0.501971,0.235418,-0.918916,0.187974
51.56,-0.0992741,-0.000170442,-1.33919e-05,0.299953,-0.203896,-0.00010231,-0.098859,-5.11327e-05,5.35676e-05,0.299714,-0.203909,0.000237826,0.000455324,0.00153848,-0.00162885,0.000647148,-0.000431432,-0.00194144,0.00657934,-2.39685e-05,0.0301044,0.00759321,0.000886833,0.000287621,-0.00230097,0.00795753,-0.0119363,0.0394847,-0.00958738,-0.1,0,0,0.3,-0.2,0,-0.1,0,0,0.3,-0.2,0,0,0,0,0,0,0,0,0,0,0,0,0,0,0,0,0,0,-0.950817,-0.351562,0.111861,0.175781,0.264409,-0.158214,-1.78977,-0.175781,0.167791,1.05469,0.262589,-0.472107,-1.45419,-2.71787,2.40229,-0.6875,0.1875,0.1875,-1.5625,-0.0625,-0.361328,-0.117188,-0.625,-0.3125,0.1875,-1.4375,0.125,-0.507812,0.224609,0.0816866,-0.077858,-0.0140883,0.105242,0.144406,0.00132147,-0.103818,0.00511327,0.0717806,-0.017134,0.153095,-0.00402785,-0.0851725,-0.353865,0.419992,-0.110734,0.0370073,0.0755965,-0.44555,0.00661529,-0.337997,-0.14401,-0.242081,0.0141893,0.0628932,-0.416284,0.249464,-0.561928,0.197638
51.6,-0.0993009,-0.000196009,-1.33919e-05,0.29974,-0.203896,-7.37991e-05,-0.0991938,-4.26106e-05,8.03514e-05,0.299595,-0.203871,0.00023057,0.000441933,0.00114438,-0.0010682,0.00403868,-0.000647148,-0.00111453,0.0126673,-2.39685e-05,0.0307103,0.0076699,0.00306796,0.000347543,-0.000922785,0.012152,-0.0119603,0.0391932,-0.0095567,-0.1,0,0,0.3,-0.2,0,-0.1,0,0,0.3,-0.2,0,0,0,0,0,0,0,0,0,0,0,0,0,0,0,0,0,0,-2.29315,0.263672,0.279652,1.23047,0.176273,-0.105476,-1.73384,-0.175781,-0.783026,-0.175781,0.262892,-0.367054,-1.23047,-2.56962,2.32445,-3.375,0.375,0.1875,-2.6875,-0.125,-0.654297,-0.117188,-2.25,-0.375,0.1875,-2.3125,0.0625,-0.751953,0.224609,-0.116192,0.0719607,-0.0449432,0.0826594,0.162362,-0.00798065,-0.101193,0.017351,-0.069745,0.0989356,0.166306,-0.0174695,-0.178862,-0.366597,0.335309,-0.360917,0.0156274,0.0649305,-0.670182,-0.00412257,-0.634823,-0.161252,-0.297592,-0.0347543,0.0430713,-0.662823,0.249943,-0.790736,0.201933
51.66,-0.0986179,-0.000332363,5.35676e-05,0.299859,-0.203871,-0.000102236,-0.0985242,-6.81769e-05,8.03514e-05,0.299765,-0.20388,0.000202084,0.000388365,0.00168285,-0.00198191,0.000431432,-0.000611196,-0.0015939,0.00997088,-1.19842e-05,0.0299893,0.00761621,0.000898817,0.000347543,-0.000790959,0.0113011,-0.0119363,0.0390091,-0.00954903,-0.1,0,0,0.3,-0.2,0,-0.1,0,0,0.3,-0.2,0,0,0,0,0,0,0,0,0,0,0,0,0,0,0,0,0,0,-3.24396,0.351562,0.167791,-0.351562,0.264409,-0.158214,-2.85245,-0.263672,-0.279652,0.615234,0.174756,-0.419792,-0.838956,-3.45203,5.10346,-0.4375,0.3125,0.25,-1.9375,-0.0625,-0.566406,-0.117188,-0.5625,-0.375,0.1875,-2,0.125,-0.712891,0.224609,-0.271913,0.0266913,-0.00535676,0.0593059,0.156408,-0.0205467,-0.16301,0.00681769,0.0125348,-0.0357134,0.169834,0.016515,-0.142222,-0.504975,0.668885,0.018216,0.0764594,0.104239,-0.35435,0.00637561,-0.550699,-0.152324,-0.0438623,-0.0224824,-0.00340352,-0.503697,0.24793,-0.755639,0.191962
51.7,-0.0984974,-0.000230097,2.67838e-05,0.299919,-0.203824,-0.000109229,-0.0980421,-4.26106e-05,2.67838e-05,0.299748,-0.203871,0.000216315,0.000441933,0.00153946,-0.0024511,0.00171374,-0.000659132,-0.00168978,0.0100068,-3.59527e-05,0.0297209,0.00752418,0.00128231,0.00031159,-0.00093477,0.0113491,-0.0119603,0.0389938,-0.00957204,-0.1,0,0,0.3,-0.2,0,-0.1,0,0,0.3,-0.2,0,0,0,0,0,0,0,0,0,0,0,0,0,0,0,0,0,0,-2.5728,0,0.279652,0,0.176273,-0.105476,-3.57955,-0.263672,-0.0559304,1.31836,0.174756,-0.419792,-0.950817,-3.15605,4.7943,-1.5,0.4375,0.1875,-2.1875,-0.125,-0.605469,-0.117188,-0.875,-0.375,0.1875,-2.0625,0.0625,-0.742188,0.224609,-0.0474113,-0.0162602,0.0281765,0.0449066,0.172521,-0.0174772,-0.211221,-0.0219189,0.0076066,0.0704725,0.163062,-0.0278413,-0.148007,-0.476389,0.72605,-0.195918,0.0935249,0.0814208,-0.500341,0.000719053,-0.590491,-0.155392,-0.137435,-0.0434308,0.0651463,-0.567453,0.249943,-0.773004,0.191441
51.76,-0.0995286,1.70442e-05,-6.69595e-05,0.299774,-0.203828,-0.000102113,-0.0989929,6.81769e-05,2.67838e-05,0.299621,-0.203884,0.000237734,0.000374973,0.000431986,-0.00139688,0.00202533,-0.000755006,-0.00178565,0.00998286,-2.39685e-05,0.0297132,0.00751651,0.00164184,0.000203732,-0.000922785,0.0112412,-0.0119603,0.0389861,-0.0095567,-0.1,0,0,0.3,-0.2,0,-0.1,0,0,0.3,-0.2,0,0,0,0,0,0,0,0,0,0,0,0,0,0,0,0,0,0,-0.223722,-0.175781,0.279652,0.615234,0.0881365,-0.052738,-1.34233,-0.527344,0.167791,1.58203,0.174756,-0.419792,-0.838956,-0.741236,1.47215,-1.75,0.4375,0.1875,-2.125,-0.0625,-0.605469,-0.107422,-1.125,-0.3125,0.1875,-2.0625,0.0625,-0.742188,0.224609,0.0659912,0.014658,-0.034444,0.0993619,0.140093,0.020474,0.0689911,-0.0166352,0.0127491,0.106008,0.153715,-0.00676678,-0.061067,-0.0481096,0.318836,-0.174922,0.0755006,0.0831465,-0.502211,0.000479369,-0.589355,-0.145421,-0.17032,-0.0111693,0.0522752,-0.568196,0.248409,-0.775795,0.191134
51.8,-0.0992741,3.40885e-05,-4.01757e-05,0.299791,-0.20382,-7.35778e-05,-0.0994616,0,9.37433e-05,0.299578,-0.203858,0.000194895,0.000294622,0.00058356,-0.000826527,0.0022051,-0.000802943,-0.00202533,0.0100188,-1.19842e-05,0.0297285,0.00732476,0.00219311,9.58738e-05,-0.00123438,0.0113011,-0.0119483,0.0390015,-0.0095567,-0.1,0,0,0.3,-0.2,0,-0.1,0,0,0.3,-0.2,0,0,0,0,0,0,0,0,0,0,0,0,0,0,0,0,0,0,-1.8457,-0.439453,0.223722,0.527344,0.0881365,-0.052738,-1.17454,0,-0.391513,1.8457,0.262892,-0.367054,-0.615234,-1.43306,2.09201,-1.875,0.5,0.1875,-2.125,-0.125,-0.615234,-0.107422,-1.5625,-0.1875,0.1875,-2.0625,0.125,-0.732422,0.214844,-0.0571606,0.0227711,-0.00112492,0.0640799,0.14143,0.0385024,-0.0744093,0.0229074,-0.0916541,0.0851302,0.164059,0.0250304,-0.083244,-0.209991,0.288791,-0.192898,0.0772263,0.107403,-0.522416,-0.0120322,-0.596534,-0.142568,-0.228515,0.00882039,0.0617188,-0.577328,0.238965,-0.781993,0.189171
51.86,-0.0991,-8.52212e-05,-8.03514e-05,0.299859,-0.20382,-0.000102089,-0.0991,2.55663e-05,6.69595e-05,0.299646,-0.203846,0.000230514,0.000200878,0.000742713,-0.0011117,0.00206129,-0.000802943,-0.0022051,0.00988699,-1.19842e-05,0.0297132,0.00733243,0.00213319,0.000179763,-0.00116247,0.0110734,-0.0119722,0.0389171,-0.0095567,-0.1,0,0,0.3,-0.2,0,-0.1,0,0,0.3,-0.2,0,0,0,0,0,0,0,0,0,0,0,0,0,0,0,0,0,0,-1.95756,0.175781,0.447443,0.351562,0.000303461,-0.105054,-1.56605,-0.351562,0.279652,1.31836,0.174756,-0.419792,0.111861,-1.68014,1.7046,-1.75,0.5,0.1875,-2.125,-0.0625,-0.605469,-0.107422,-1.5625,-0.25,0.1875,-2,0.125,-0.712891,0.224609,0.00256774,0.0281571,0.0286051,0.0429435,0.151135,-0.0041348,-0.0899971,-0.0254641,0.034444,0.0639937,0.134183,0.0017876,0.150578,-0.219904,0.290821,-0.206129,0.0925662,0.101051,-0.445262,0.00484163,-0.590337,-0.149594,-0.213319,-0.0179763,0.0734633,-0.529128,0.244047,-0.757725,0.196043
51.9,-0.0999169,-3.40885e-05,-8.03514e-05,0.299757,-0.203815,-0.000109204,-0.0998634,4.26106e-05,0,0.299416,-0.203858,0.00020915,0.000441933,0.000514854,-1.9674e-05,0.00336757,-0.000790959,-0.00212121,0.0100068,-2.39685e-05,0.0297055,0.00731709,0.00279232,0.000167779,-0.00109056,0.0111933,-0.0119483,0.0388864,-0.0095567,-0.1,0,0,0.3,-0.2,0,-0.1,0,0,0.3,-0.2,0,0,0,0,0,0,0,0,0,0,0,0,0,0,0,0,0,0,0.111861,-0.263672,0.223722,-0.351562,0.0884399,-0.157792,-0.0559304,-0.527344,-0.279652,1.31836,0.262892,-0.367054,-1.23047,-1.0394,-0.854909,-2.9375,0.5,0.1875,-2.125,-0.0625,-0.615234,-0.107422,-2.0625,-0.25,0.1875,-2.0625,0.0625,-0.742188,0.224609,0.0585457,0.0197713,0.0234626,0.00919833,0.151018,0.0180528,0.0429038,0.0186464,-0.0719948,0.174867,0.164152,-0.0138701,-0.0657274,-0.133995,-0.0627108,-0.410388,0.0852318,0.0907206,-0.48807,0.00354733,-0.598038,-0.148305,-0.306844,-0.0167779,0.0422564,-0.565799,0.23283,-0.783619,0.193098
51.96,-0.100667,4.26106e-05,-5.35676e-05,0.299655,-0.20385,-9.5047e-05,-0.100319,5.96548e-05,5.35676e-05,0.299433,-0.20382,0.000244695,0.000254446,0.000726065,0.000694597,0.00293614,-0.000790959,-0.00218113,0.0098031,-2.39685e-05,0.0296979,0.00732476,0.00272042,7.19053e-05,-0.00127033,0.0108457,-0.0119483,0.038802,-0.00954903,-0.1,0,0,0.3,-0.2,0,-0.1,0,0,0.3,-0.2,0,0,0,0,0,0,0,0,0,0,0,0,0,0,0,0,0,0,1.73384,-0.263672,0,0.966797,0.176273,-0.105476,1.00675,-0.263672,0.167791,1.31836,0.174756,-0.419792,-0.838956,-1.98069,-2.4845,-2.4375,0.5,0.1875,-2.0625,-0.0625,-0.605469,-0.107422,-2,-0.1875,0.1875,-2,0.0625,-0.732422,0.224609,0.15411,0.0546438,-0.0357831,0.0245361,0.153981,0.00380188,0.0370116,-0.0746878,0.0357831,0.101406,0.143022,-0.020711,0.005946,-0.270096,-0.267651,-0.302817,0.100572,0.0875807,-0.450271,0.0112172,-0.598866,-0.14944,-0.272042,-0.00719053,0.0573805,-0.563762,0.246635,-0.754442,0.183127
52,-0.100412,3.40885e-05,-8.03514e-05,0.299638,-0.203828,-0.000102113,-0.100292,2.55663e-05,4.01757e-05,0.299433,-0.203833,0.00025186,0.000468716,0.000635307,0.000955071,0.0033436,-0.000790959,-0.00210922,0.00997088,-5.99211e-05,0.0296979,0.00730175,0.00285225,0.000131826,-0.00123438,0.0109056,-0.0119603,0.0388251,-0.0095567,-0.1,0,0,0.3,-0.2,0,-0.1,0,0,0.3,-0.2,0,0,0,0,0,0,0,0,0,0,0,0,0,0,0,0,0,0,-0.279652,-0.351562,0.279652,0.703125,0.0881365,-0.052738,0.223722,-0.351562,0,0.351562,0.262892,-0.367054,-1.00675,-1.18841,-2.32922,-2.8125,0.5,0.1875,-2.125,-0.125,-0.605469,-0.107422,-2.125,-0.1875,0.1875,-2,0.0625,-0.732422,0.224609,-0.0667488,0.0162261,-0.0228198,0.0380014,0.159786,0.0533851,0.0497606,-0.0123741,0.0114099,-0.0294933,0.164749,-0.00736958,-0.161185,-0.158645,-0.292078,-0.315952,0.0790959,0.0778495,-0.480136,0.00733435,-0.586103,-0.119528,-0.303632,-0.0131826,0.046379,-0.551418,0.228467,-0.774538,0.189171
52.06,-0.100412,-0.000196009,1.33919e-05,0.299595,-0.203841,-0.000109295,-0.100345,0,8.03514e-05,0.299416,-0.203799,0.000223233,0.000321406,0.000718502,0.000979189,0.00309193,-0.00076699,-0.00207327,0.00917992,-2.39685e-05,0.0295368,0.00731709,0.00285225,0.000155795,-0.00117445,0.0107379,-0.0119243,0.0387484,-0.0095567,-0.1,0,0,0.3,-0.2,0,-0.1,0,0,0.3,-0.2,0,0,0,0,0,0,0,0,0,0,0,0,0,0,0,0,0,0,0.838956,0.0878906,0.223722,0.966797,0.176273,-0.105476,1.51012,-0.263672,0.279652,1.8457,0.174756,-0.419792,-0.391513,-1.7331,-2.40686,-2.5625,0.4375,0.1875,-1.875,-0.0625,-0.585938,-0.107422,-2.125,-0.3125,0.1875,-1.9375,0.0625,-0.742188,0.224609,0.0720984,0.0850507,0.0243733,0.0662107,0.165063,-0.00380875,0.08083,0.01309,0.00224984,0.153051,0.17973,-0.00627172,-0.0398543,-0.198125,-0.334506,-0.299989,0.0490874,0.0760519,-0.425248,0.00508131,-0.560302,-0.131616,-0.288293,-0.0186475,0.0740625,-0.549165,0.227748,-0.760241,0.194079
52.12,-0.100627,-5.11327e-05,-6.69595e-05,0.299629,-0.20382,-0.000116344,-0.100653,0,2.67838e-05,0.299331,-0.20385,0.000223381,0.000334797,0.000915145,0.00124931,0.0035713,-0.000755006,-0.00206129,0.00940762,1.19842e-05,0.0293757,0.00732476,0.00299606,0.000155795,-0.00121041,0.0107618,-0.0119363,0.038756,-0.0095567,-0.1,0,0,0.3,-0.2,0,-0.1,0,0,0.3,-0.2,0,0,0,0,0,0,0,0,0,0,0,0,0,0,0,0,0,0,1.39826,-0.263672,0.167791,0.878906,0.000303461,-0.105054,1.8457,-0.175781,0.447443,2.90039,0.0866192,-0.47253,-0.894886,-2.22827,-2.40686,-2.9375,0.5,0.25,-2,-0.125,-0.605469,-0.117188,-2.25,-0.25,0.1875,-1.9375,0.0625,-0.742188,0.214844,0.16552,0.0116583,0.0324084,0.0829132,0.144625,0.00736802,0.0807758,0.0392699,-0.0541033,0.209469,0.157262,-0.00894467,-0.193004,-0.277448,-0.376645,-0.35713,0.118452,0.118404,-0.485721,-0.00944357,-0.59046,-0.14944,-0.318013,0.0151001,0.0605203,-0.538092,0.258668,-0.781011,0.189171
52.16,-0.100439,-8.52212e-06,-5.35676e-05,0.299612,-0.20382,-0.000102089,-0.10052,-8.52212e-06,4.01757e-05,0.299322,-0.203829,0.000216192,0.000267838,0.000726065,0.00132166,0.00363122,-0.000802943,-0.00213319,0.00975516,-2.39685e-05,0.0294371,0.00729408,0.00302002,0.000155795,-0.00117445,0.0107738,-0.0119363,0.0387407,-0.00954903,-0.1,0,0,0.3,-0.2,0,-0.1,0,0,0.3,-0.2,0,0,0,0,0,0,0,0,0,0,0,0,0,0,0,0,0,0,0.391513,-0.263672,0.223722,0.878906,0.0881365,-0.052738,0.950817,-0.175781,0.223722,1.93359,0.0869226,-0.367476,-0.559304,-1.436,-2.25158,-2.9375,0.5,0.25,-2.0625,-0.125,-0.585938,-0.107422,-2.25,-0.25,0.1875,-1.9375,0.0625,-0.732422,0.224609,0.0490644,-0.0384177,0.00535676,0.0527453,0.147879,0.0013315,0.0262442,-0.00569277,0.0114099,0.178023,0.14651,0.0297015,-0.0649239,-0.0842236,-0.381681,-0.323239,0.0833623,0.121999,-0.466282,-0.00105461,-0.600523,-0.149809,-0.30507,-0.0247834,0.0433829,-0.523351,0.221852,-0.758124,0.189017
52.22,-0.100011,-1.70442e-05,-5.35676e-05,0.299629,-0.203828,-0.000102113,-0.100037,-8.52212e-06,4.01757e-05,0.299399,-0.203816,0.000209027,0.000254446,0.000695812,0.000723539,0.00328368,-0.000731038,-0.00207327,0.00958738,-2.39685e-05,0.0294141,0.00730175,0.0029601,0.000131826,-0.00118644,0.01063,-0.0119363,0.0387407,-0.0095567,-0.1,0,0,0.3,-0.2,0,-0.1,0,0,0.3,-0.2,0,0,0,0,0,0,0,0,0,0,0,0,0,0,0,0,0,0,0.167791,-0.263672,0.279652,0.439453,0.0884399,-0.157792,0,-0.351562,0.223722,1.66992,0.0869226,-0.367476,-0.111861,-1.63407,-1.16461,-2.75,0.4375,0.1875,-2,-0.125,-0.605469,-0.107422,-2.1875,-0.25,0.1875,-2,0.0625,-0.742188,0.224609,-0.0349297,0.0115219,-0.0563531,0.0665507,0.149874,0.00955083,-0.0271088,0.0597571,0.11426,0.0737955,0.15255,0.0244934,-0.158614,-0.292967,-0.163346,-0.306892,0.0853756,0.122071,-0.470165,-0.00412257,-0.591227,-0.160761,-0.31135,-0.0162506,0.0623899,-0.580588,0.246396,-0.774814,0.191134
52.26,-0.0999839,-0.000136354,-1.33919e-05,0.299638,-0.203828,-0.000102113,-0.0997428,8.52212e-06,4.01757e-05,0.299442,-0.203786,0.000258852,0.000388365,0.000953208,0.000453248,0.00329566,-0.000731038,-0.00202533,0.00959936,-1.19842e-05,0.0294218,0.00729408,0.00294812,0.000191748,-0.00100667,0.0108337,-0.0119483,0.0387637,-0.0095567,-0.1,0,0,0.3,-0.2,0,-0.1,0,0,0.3,-0.2,0,0,0,0,0,0,0,0,0,0,0,0,0,0,0,0,0,0,-0.335582,-0.175781,0.223722,1.05469,0.176273,-0.105476,-0.615234,-0.351562,-0.223722,1.93359,0.0869226,-0.367476,-0.950817,-1.83064,-0.545826,-2.75,0.4375,0.1875,-2,0,-0.605469,-0.107422,-2.25,-0.3125,0.1875,-2,0.0625,-0.742188,0.224609,-0.0530357,0.0070904,-0.0449432,0.0107307,0.144924,-0.00962845,-0.0154314,0.00569277,-0.0143025,0.132853,0.136685,0.00885352,-0.183362,-0.242399,-0.10819,-0.33877,0.0761717,0.104335,-0.486104,0.0155795,-0.603161,-0.141955,-0.310152,-0.0253107,0.0165862,-0.526347,0.257373,-0.780183,0.198006
52.32,-0.0995687,-1.70442e-05,-5.35676e-05,0.299646,-0.203841,-8.07493e-05,-0.0998098,-2.55663e-05,2.67838e-05,0.299425,-0.203794,0.000216093,0.000294622,0.000764517,9.12125e-05,0.00319979,-0.000731038,-0.00209724,0.00961135,-2.39685e-05,0.0294141,0.00728641,0.00269645,0.000119842,-0.00117445,0.0107379,-0.0119363,0.0387484,-0.0095567,-0.1,0,0,0.3,-0.2,0,-0.1,0,0,0.3,-0.2,0,0,0,0,0,0,0,0,0,0,0,0,0,0,0,0,0,0,-1.78977,-0.263672,0.391513,0.791016,0.0884399,-0.157792,0.167791,-0.175781,0.167791,3.42773,0.350725,-0.419369,-0.950817,-1.68164,0.307521,-2.6875,0.4375,0.1875,-2.0625,-0.125,-0.615234,-0.107422,-1.9375,-0.1875,0.1875,-2,0.125,-0.732422,0.224609,-0.0945503,-0.00156807,0.0619241,0.0367229,0.147061,-0.0132162,0.0838292,0.0123741,-0.100386,0.217222,0.18611,-0.0114808,-0.211806,-0.214875,0.00785774,-0.298503,0.0608319,0.114066,-0.495907,0.00201335,-0.589263,-0.148673,-0.275781,-0.00278034,0.0955382,-0.549165,0.227988,-0.768095,0.191134
52.36,-0.0988054,-0.00011931,-4.01757e-05,0.299791,-0.203815,-0.000109204,-0.0990598,-0.000102265,5.35676e-05,0.299561,-0.203807,0.000209002,0.000187487,0.00106102,-0.00100537,0.00257661,-0.000790959,-0.002277,0.00976714,-4.79369e-05,0.0294371,0.00727874,0.00260058,0.000167779,-0.00127033,0.0109776,-0.0119483,0.0387714,-0.0095567,-0.1,0,0,0.3,-0.2,0,-0.1,0,0,0.3,-0.2,0,0,0,0,0,0,0,0,0,0,0,0,0,0,0,0,0,0,-3.24396,-0.175781,0,0.0878906,0.176273,-0.105476,-1.67791,-0.175781,-0.167791,0.878906,-0.000910383,-0.315161,-0.335582,-2.12488,3.33171,-2.125,0.5,0.25,-2.0625,-0.125,-0.605469,-0.107422,-1.875,-0.1875,0.1875,-2,0.0625,-0.742188,0.214844,-0.232594,0.0348384,-0.0165524,-0.0559114,0.144519,0.0344612,-0.140298,-0.0159534,-0.0310692,0.0985955,0.109699,0.0300929,-0.0151061,-0.277562,0.427822,-0.13801,0.0760279,0.156802,-0.488357,-0.0036432,-0.600523,-0.14263,-0.220174,0.0108337,0.0512445,-0.555013,0.234364,-0.775427,0.195061
52.42,-0.0989661,-6.81769e-05,-5.35676e-05,0.299842,-0.203815,-0.000109204,-0.0990465,-0.000110787,-1.33919e-05,0.299586,-0.203824,0.000209052,0.000321406,0.000841236,-0.00145487,0.00215716,-0.00076699,-0.00225303,0.0096473,-2.39685e-05,0.0294218,0.00727874,0.00219311,0.000131826,-0.00130628,0.0108817,-0.0119243,0.0387637,-0.0095567,-0.1,0,0,0.3,-0.2,0,-0.1,0,0,0.3,-0.2,0,0,0,0,0,0,0,0,0,0,0,0,0,0,0,0,0,0,-1.67791,-0.263672,0.167791,-0.175781,0.176273,-0.105476,-1.67791,-0.175781,-0.279652,1.58203,0.262892,-0.367054,-0.950817,-1.92721,2.55728,-1.875,0.5,0.1875,-2.0625,-0.0625,-0.605469,-0.107422,-1.625,-0.1875,0.1875,-2,0.125,-0.742188,0.224609,-0.0571071,0.000272708,-0.0563531,0.0455005,0.149364,0.00983446,-0.0644991,0.0470762,-0.0346582,0.105668,0.149608,0.0299776,-0.111849,-0.182525,0.466155,-0.289347,0.076699,0.109584,-0.482365,0.00661529,-0.587453,-0.14852,-0.219311,0.014429,0.0959936,-0.544084,0.223146,-0.77331,0.195061
52.46,-0.0992473,-8.52212e-05,-1.33919e-05,0.299842,-0.203824,-0.000109229,-0.0988188,-0.000170442,0.000107135,0.299638,-0.203812,0.000244653,0.000455324,0.0008185,-0.00149837,0.00209724,-0.00076699,-0.00208526,0.00963532,-2.39685e-05,0.0294141,0.00727874,0.00216914,0.000155795,-0.0012943,0.0108457,-0.0119363,0.038756,-0.0095567,-0.1,0,0,0.3,-0.2,0,-0.1,0,0,0.3,-0.2,0,0,0,0,0,0,0,0,0,0,0,0,0,0,0,0,0,0,-1.17454,-0.263672,0.223722,-0.175781,0.264409,-0.158214,-2.23722,0.175781,-0.167791,2.19727,0.174756,-0.419792,-0.950817,-2.12488,2.71226,-1.6875,0.4375,0.1875,-2.0625,-0.0625,-0.605469,-0.117188,-1.5625,-0.25,0.1875,-2,0.125,-0.742188,0.214844,-0.0855515,-0.0242028,-0.0552282,0.0345922,0.164474,0.0345188,-0.11812,0.0661316,-0.0107135,0.0761805,0.158987,-0.00432926,-0.0337476,-0.193166,0.479203,-0.133025,0.0521553,0.110399,-0.527785,0.000479369,-0.580428,-0.145575,-0.201575,-0.0155795,0.0585789,-0.548422,0.22492,-0.766285,0.194079
52.52,-0.0988724,-0.00016192,-1.33919e-05,0.299808,-0.203815,-0.000109204,-0.0988188,-0.000170442,5.35676e-05,0.299655,-0.203803,0.000187607,0.000334797,0.000901865,-0.0018125,0.00210922,-0.000755006,-0.00214518,0.0096473,-4.79369e-05,0.0294218,0.00727874,0.00218113,0.000179763,-0.00125834,0.0108697,-0.0119363,0.038779,-0.00954903,-0.1,0,0,0.3,-0.2,0,-0.1,0,0,0.3,-0.2,0,0,0,0,0,0,0,0,0,0,0,0,0,0,0,0,0,0,-2.23722,0.0878906,-0.335582,0.703125,0.0881365,-0.052738,-2.18129,0.175781,-0.223722,1.14258,0.174756,-0.419792,-1.00675,-1.5813,4.64959,-1.75,0.4375,0.1875,-2.0625,-0.125,-0.605469,-0.107422,-1.5625,-0.3125,0.1875,-2.0625,0.125,-0.742188,0.224609,-0.0716239,0.00637454,-0.0860831,0.0397063,0.154339,0.0399652,-0.11812,0.0235892,-0.0516392,0.0299903,0.166755,0.0225698,-0.0233019,-0.162881,0.60499,-0.146495,0.0755006,0.116463,-0.460889,0.0040267,-0.582545,-0.14852,-0.236521,-0.048656,0.0905288,-0.56496,0.243328,-0.779508,0.190981
52.56,-0.0989527,-0.00011931,-1.33919e-05,0.299851,-0.203824,-0.000109229,-0.0988322,-0.000136354,0,0.299663,-0.203812,0.000230398,0.000401757,0.000970074,-0.00186566,0.00215716,-0.000790959,-0.00232494,0.0096473,-2.39685e-05,0.0294218,0.00727107,0.00218113,0.000119842,-0.0015939,0.0107738,-0.0119123,0.038756,-0.0095567,-0.1,0,0,0.3,-0.2,0,-0.1,0,0,0.3,-0.2,0,0,0,0,0,0,0,0,0,0,0,0,0,0,0,0,0,0,-2.01349,0,0,0.527344,0.0884399,-0.157792,-2.18129,-0.175781,0.167791,0.263672,-0.000910383,-0.315161,-1.23047,-1.68014,4.49461,-1.8125,0.5,0.1875,-2,-0.0625,-0.605469,-0.107422,-1.5625,-0.1875,0.25,-2,0.125,-0.742188,0.224609,0.0186914,-0.014249,-0.0243733,0.0278595,0.162767,0.00439747,-0.0293589,0.0070904,0,0.0668908,0.132821,0.00179225,-0.120527,-0.125139,0.650631,-0.212648,0.0821638,0.113179,-0.451685,0.00508131,-0.586472,-0.149348,-0.233453,0.00949151,0.0981029,-0.514147,0.233644,-0.774139,0.189171
52.62,-0.0992473,-3.40885e-05,-6.69595e-05,0.299859,-0.203807,-9.4924e-05,-0.0989929,-0.000153398,8.03514e-05,0.299621,-0.203807,0.000251769,0.000388365,0.00106102,-0.00163369,0.00248073,-0.000790959,-0.00222907,0.00970722,-2.39685e-05,0.0294294,0.0072634,0.00219311,0.000155795,-0.00155795,0.0108337,-0.0119603,0.0387637,-0.00956437,-0.1,0,0,0.3,-0.2,0,-0.1,0,0,0.3,-0.2,0,0,0,0,0,0,0,0,0,0,0,0,0,0,0,0,0,0,-1.23047,-0.175781,0.223722,0.439453,0.176273,-0.105476,-2.01349,0.263672,-0.111861,1.31836,0.0869226,-0.367476,-0.503374,-2.27312,3.4097,-2.125,0.5,0.1875,-2.0625,-0.0625,-0.605469,-0.107422,-1.625,-0.3125,0.1875,-2,0.0625,-0.732422,0.214844,-0.0392691,0.00340885,0.0324084,0.0429435,0.152304,0.0147485,-0.0698561,0.0611547,-0.05946,0.166004,0.139204,-0.00455722,-0.0599421,-0.338677,0.469692,-0.260345,0.0790959,0.135997,-0.454682,0.00968325,-0.587607,-0.137414,-0.237719,-0.0155795,0.108577,-0.553959,0.228467,-0.770365,0.19816
52.66,-0.0991804,-0.000230097,1.33919e-05,0.299834,-0.203824,-0.000109229,-0.0991268,-0.000187487,0.000107135,0.299612,-0.203803,0.000244629,0.000388365,0.00134901,-0.0014887,0.00242081,-0.00076699,-0.00218113,0.00968325,-2.39685e-05,0.0294294,0.00727107,0.00225303,0.000203732,-0.001522,0.0108218,-0.0119363,0.0387637,-0.0095567,-0.1,0,0,0.3,-0.2,0,-0.1,0,0,0.3,-0.2,0,0,0,0,0,0,0,0,0,0,0,0,0,0,0,0,0,0,-2.23722,0.263672,-0.111861,0,-0.087833,-0.0523155,-1.2864,0.0878906,-0.111861,0.878906,-0.000910383,-0.315161,-0.671165,-2.86611,2.94474,-2.125,0.4375,0.1875,-2.0625,-0.0625,-0.605469,-0.107422,-1.625,-0.3125,0.1875,-2.0625,0.0625,-0.742188,0.214844,-0.11796,0.0230097,-0.0887615,0.0140541,0.135079,0.0453853,-0.0873193,0.0187487,-0.123848,0.0309287,0.130814,0.0149171,-0.157649,-0.398882,0.454034,-0.263557,0.0552233,0.0906487,-0.462687,0.00201335,-0.593497,-0.142476,-0.219168,-0.0234411,0.0914396,-0.550292,0.24026,-0.77331,0.191134
52.72,-0.0995018,-0.000136354,-5.35676e-05,0.299834,-0.203828,-0.000130642,-0.099408,-0.000136354,4.01757e-05,0.299578,-0.203786,0.000230324,0.000361581,0.00125049,-0.00121321,0.00260058,-0.00076699,-0.00219311,0.00970722,-5.99211e-05,0.0294294,0.00727874,0.00232494,0.000155795,-0.00149803,0.0108218,-0.0119483,0.0387637,-0.0095567,-0.1,0,0,0.3,-0.2,0,-0.1,0,0,0.3,-0.2,0,0,0,0,0,0,0,0,0,0,0,0,0,0,0,0,0,0,-1.11861,0,0.279652,-0.175781,0.000303461,-0.105054,-0.671165,0.0878906,0,1.49414,0.174756,-0.419792,-0.838956,-2.66845,2.01452,-2.25,0.4375,0.1875,-2.0625,-0.125,-0.585938,-0.117188,-1.6875,-0.3125,0.1875,-1.9375,0.0625,-0.742188,0.224609,-0.0446795,0.0136354,0.0619241,0.00859996,0.148249,0.0134251,-0.0951938,0.0299978,-0.0760124,0.117855,0.154709,-0.0092224,-0.175327,-0.369325,0.326841,-0.260058,0.082835,0.106588,-0.506837,-0.00800546,-0.588588,-0.149502,-0.257038,-0.0155795,0.0779694,-0.53802,0.251237,-0.777237,0.19997
52.76,-0.0995687,-0.000187487,-1.33919e-05,0.299782,-0.203828,-8.78578e-05,-0.0997428,-0.000153398,9.37433e-05,0.299544,-0.203799,0.000223233,0.000227662,0.00147785,-0.000942531,0.00280431,-0.000707069,-0.00200137,0.00967127,-4.79369e-05,0.0294218,0.00727107,0.00249272,0.000203732,-0.00128231,0.0108218,-0.0119483,0.038756,-0.00954903,-0.1,0,0,0.3,-0.2,0,-0.1,0,0,0.3,-0.2,0,0,0,0,0,0,0,0,0,0,0,0,0,0,0,0,0,0,-1.00675,0,0,0.0878906,0.176273,-0.105476,0.279652,0,0.223722,1.66992,-0.00121384,-0.420214,-0.671165,-2.91727,1.77935,-2.375,0.4375,0.1875,-2.0625,-0.0625,-0.605469,-0.107422,-1.75,-0.3125,0.1875,-2,0.0625,-0.732422,0.224609,0.0134419,0.0154762,-0.0346582,0.0326335,0.156292,-0.0402822,0.0874183,-0.0337476,0.0883329,0.133877,0.132335,-0.00887267,-0.0682987,-0.437522,0.271631,-0.271227,0.0768429,0.0908644,-0.471292,0.000958738,-0.58549,-0.142476,-0.230864,-0.0173052,0.0487758,-0.550292,0.237431,-0.76334,0.194908
52.82,-0.0996089,-0.000230097,-1.33919e-05,0.299782,-0.203807,-0.000123435,-0.0998366,-0.000136354,6.69595e-05,0.299493,-0.20382,0.000187656,0.000254446,0.00143225,-0.000836279,0.00284026,-0.000695085,-0.00202533,0.00969524,-2.39685e-05,0.0294294,0.00725573,0.00249272,0.000215716,-0.00127033,0.0108098,-0.0119243,0.038779,-0.0095567,-0.1,0,0,0.3,-0.2,0,-0.1,0,0,0.3,-0.2,0,0,0,0,0,0,0,0,0,0,0,0,0,0,0,0,0,0,-1.06268,0.175781,0.167791,0.439453,0.176273,-0.105476,-0.503374,0,-0.391513,2.28516,0.0872261,-0.262423,-0.503374,-2.96679,1.7017,-2.4375,0.4375,0.25,-2.0625,-0.0625,-0.605469,-0.117188,-1.8125,-0.3125,0.1875,-2,0.0625,-0.732422,0.224609,-0.0751055,0.00337476,-0.0243733,0.0708126,0.148985,-0.00602355,-0.0111996,0.0201804,-0.0992607,0.0160986,0.175654,0.00337915,-0.122616,-0.409327,0.252723,-0.284026,0.0787124,0.131946,-0.490898,0.000479369,-0.598406,-0.13137,-0.25234,-0.0185036,0.0420407,-0.522081,0.238486,-0.785398,0.193098
52.86,-0.0995821,-0.000136354,-2.67838e-05,0.2998,-0.203807,-0.00013769,-0.0997161,-0.00011931,1.33919e-05,0.299484,-0.203799,0.00028029,0.00021427,0.00140951,-0.000821778,0.00285225,-0.000695085,-0.00195343,0.00970722,-3.59527e-05,0.0294218,0.00727874,0.00246875,0.000215716,-0.000862864,0.0108098,-0.0119363,0.0387637,-0.00954903,-0.1,0,0,0.3,-0.2,0,-0.1,0,0,0.3,-0.2,0,0,0,0,0,0,0,0,0,0,0,0,0,0,0,0,0,0,-1.06268,0.0878906,0.447443,-0.175781,0.0881365,-0.052738,-0.0559304,-0.175781,0.111861,1.58203,-0.00121384,-0.420214,-0.167791,-2.81856,1.46924,-2.375,0.4375,0.25,-2.0625,-0.0625,-0.605469,-0.107422,-1.8125,-0.3125,0.1875,-2,0.0625,-0.742188,0.224609,-0.0469291,0.0856302,-0.0950289,-0.0353733,0.153923,0.0082502,-0.00782496,-0.0109765,-0.0219091,0.197364,0.120945,-0.030287,0.0231412,-0.387937,0.227969,-0.3067,0.0695085,0.122215,-0.482293,-0.00234891,-0.588435,-0.146557,-0.225399,0.00604005,0.0308714,-0.540489,0.246396,-0.782146,0.190981
52.92,-0.0995955,-0.000136354,-6.69595e-05,0.299757,-0.203815,-0.000109204,-0.0999169,-0.00011931,8.03514e-05,0.299476,-0.20379,0.000223209,0.000174095,0.00134876,-0.00070586,0.00294812,-0.000731038,-0.00195343,0.00970722,-1.19842e-05,0.0294371,0.00727107,0.00249272,0.000203732,-0.000910801,0.0108457,-0.0119363,0.0387637,-0.00954903,-0.1,0,0,0.3,-0.2,0,-0.1,0,0,0.3,-0.2,0,0,0,0,0,0,0,0,0,0,0,0,0,0,0,0,0,0,-0.838956,-0.175781,0.223722,0.439453,0.0881365,-0.052738,0.223722,-0.175781,0.167791,2.8125,0.0869226,-0.367476,-0.279652,-2.71973,1.31426,-2.5,0.4375,0.1875,-2.0625,-0.0625,-0.605469,-0.107422,-1.8125,-0.3125,0.1875,-2,0.0625,-0.742188,0.224609,-0.0301627,0.0103629,0.00155346,0.0201066,0.150992,0.00710131,0.0122633,0.0184759,0.00739233,0.0895596,0.158187,-0.0253745,-0.0470859,-0.393011,0.219166,-0.316288,0.0731038,0.0853996,-0.488429,0.000239685,-0.60445,-0.138549,-0.25234,-0.0203732,0.0792876,-0.55149,0.237192,-0.775274,0.187054
52.96,-0.0993411,-9.37433e-05,-5.35676e-05,0.29974,-0.203828,-0.000102113,-0.0998902,-0.000110787,8.03514e-05,0.299476,-0.203833,0.000209076,0.000187487,0.00127305,-0.000705807,0.0028882,-0.000790959,-0.00210922,0.00968325,-1.19842e-05,0.0294218,0.00725573,0.00249272,0.000155795,-0.0011385,0.0108218,-0.0119483,0.038756,-0.00956437,-0.1,0,0,0.3,-0.2,0,-0.1,0,0,0.3,-0.2,0,0,0,0,0,0,0,0,0,0,0,0,0,0,0,0,0,0,-1.67791,0.0878906,0.167791,0.351562,0.000303461,-0.105054,-0.335582,0.175781,-0.335582,2.28516,0.262892,-0.367054,-0.894886,-2.71962,1.4694,-2.4375,0.4375,0.1875,-2.125,-0.0625,-0.605469,-0.117188,-1.875,-0.25,0.1875,-2,0.0625,-0.732422,0.214844,-0.14303,0.0420993,0.0259267,0.137201,0.154758,0.00135137,-0.108692,0.0438037,-0.0851725,0.0950138,0.171217,0.0217016,-0.107671,-0.37028,0.208026,-0.294956,0.0882998,0.0839855,-0.496435,-0.00282828,-0.576654,-0.133334,-0.264612,-0.000239685,0.0507892,-0.534952,0.234364,-0.76334,0.20405
53.02,-0.0993009,-8.52212e-05,-5.35676e-05,0.299757,-0.203815,-0.000109204,-0.0994616,-9.37433e-05,2.67838e-05,0.299527,-0.203807,0.000251769,0.00021427,0.0011747,-0.000855528,0.00282828,-0.000790959,-0.00208526,0.00969524,-2.39685e-05,0.0294294,0.00727107,0.00245677,0.000179763,-0.00105461,0.0108218,-0.0119243,0.0387714,-0.0095567,-0.1,0,0,0.3,-0.2,0,-0.1,0,0,0.3,-0.2,0,0,0,0,0,0,0,0,0,0,0,0,0,0,0,0,0,0,-1.39826,-0.175781,0.111861,0.0878906,0,0,-1.17454,-0.175781,0,2.37305,0.262892,-0.367054,-0.838956,-2.37196,2.01452,-2.375,0.5,0.1875,-2.125,-0.0625,-0.605469,-0.107422,-1.8125,-0.25,0.1875,-2,0.125,-0.742188,0.224609,-0.193329,0.0805169,0.0156417,0.00374418,0.141185,0.00707298,-0.172117,-0.00698814,0.0076066,0.163705,0.158883,-0.0319926,0.0385687,-0.337858,0.273363,-0.26442,0.100572,0.0766511,-0.497034,0.0142852,-0.597424,-0.136586,-0.236473,-0.0271802,0.0864782,-0.547224,0.249224,-0.786227,0.191134
53.06,-0.0992741,-0.000127832,-1.33919e-05,0.299757,-0.203828,-0.000102113,-0.0994214,-8.52212e-05,4.01757e-05,0.299578,-0.203794,0.000216093,0.00028123,0.00115954,-0.000894196,0.00282828,-0.000790959,-0.00208526,0.00969524,-5.99211e-05,0.0294218,0.00727107,0.00245677,0.000131826,-0.00107858,0.0108337,-0.0119363,0.0387637,-0.0095567,-0.1,0,0,0.3,-0.2,0,-0.1,0,0,0.3,-0.2,0,0,0,0,0,0,0,0,0,0,0,0,0,0,0,0,0,0,-2.06942,0,0.279652,0.966797,0.0881365,-0.052738,-1.06268,0.0878906,0,1.14258,0.0869226,-0.367476,-0.894886,-2.5202,1.78208,-2.375,0.4375,0.1875,-2.0625,-0.125,-0.605469,-0.107422,-1.8125,-0.25,0.1875,-2,0.125,-0.742188,0.224609,-0.124013,-0.0199418,-0.0809406,-0.0344349,0.144977,0.0122745,-0.104139,-0.00456785,-0.0503,0.00331785,0.151765,-0.00316798,-0.146079,-0.339132,0.262691,-0.261352,0.100572,0.088923,-0.463286,0.00426638,-0.583526,-0.139531,-0.251813,0.0267009,0.0477931,-0.557027,0.281677,-0.781164,0.197024
53.12,-0.0991938,-9.37433e-05,-8.03514e-05,0.299774,-0.20382,-0.000102089,-0.0992875,-0.000102265,8.03514e-05,0.299544,-0.203803,0.000230373,0.000348189,0.00109133,-0.00103437,0.00279232,-0.000790959,-0.00207327,0.00970722,1.19842e-05,0.0294294,0.00727107,0.00244478,0.000155795,-0.00116247,0.0108337,-0.0119483,0.0387637,-0.00954903,-0.1,0,0,0.3,-0.2,0,-0.1,0,0,0.3,-0.2,0,0,0,0,0,0,0,0,0,0,0,0,0,0,0,0,0,0,-2.18129,-0.175781,0.223722,0.439453,0.176273,-0.105476,-1.00675,0,-0.279652,2.54883,0.174756,-0.419792,-1.78977,-2.27312,2.16949,-2.3125,0.4375,0.1875,-2.0625,-0.0625,-0.605469,-0.107422,-1.8125,-0.25,0.1875,-2.0625,0.0625,-0.732422,0.214844,-0.101193,0.0519167,0.0337476,-0.00426701,0.154443,0.0123019,-0.0661059,0.039679,-0.12117,0.0411569,0.14725,-0.0228901,-0.222734,-0.295387,0.330727,-0.2823,0.0821638,0.109799,-0.491497,-0.00637561,-0.603315,-0.14444,-0.232206,-0.0155795,0.0673274,-0.557027,0.23283,-0.763493,0.184108
53.16,-0.0989795,-0.000144876,-2.67838e-05,0.299825,-0.203824,-9.49732e-05,-0.0989795,-0.000110787,9.37433e-05,0.299638,-0.203807,0.000194747,0.000348189,0.00115954,-0.00133888,0.0026605,-0.00076699,-0.00207327,0.00969524,-1.19842e-05,0.0294294,0.00727107,0.0024328,0.000155795,-0.00111453,0.0108337,-0.0119603,0.0387637,-0.0095567,-0.1,0,0,0.3,-0.2,0,-0.1,0,0,0.3,-0.2,0,0,0,0,0,0,0,0,0,0,0,0,0,0,0,0,0,0,-2.40501,0,0.111861,0.351562,0.0881365,-0.052738,-1.95756,0,-0.0559304,1.40625,0.0869226,-0.367476,-0.671165,-2.37196,2.78934,-2.1875,0.4375,0.1875,-2.0625,-0.0625,-0.585938,-0.107422,-1.75,-0.3125,0.1875,-2,0.0625,-0.742188,0.214844,-0.138047,0.0112151,-0.0230341,0.102599,0.164341,-0.0208089,-0.0351975,0.00780626,-0.0607992,0.092543,0.153889,0.00589477,-0.011892,-0.324581,0.416512,-0.207759,0.0582913,0.0791199,-0.50317,0.00484163,-0.590552,-0.145421,-0.231008,-0.0217154,0.0741344,-0.553959,0.249943,-0.770365,0.192116
53.22,-0.0990732,-8.52212e-05,-4.01757e-05,0.299791,-0.203811,-0.000130575,-0.0989795,-9.37433e-05,5.35676e-05,0.299621,-0.203807,0.000223258,0.000361581,0.00109891,-0.00144521,0.00261256,-0.000778975,-0.00214518,0.00973119,-2.39685e-05,0.0294294,0.00727107,0.00234891,0.000167779,-0.00122239,0.0108218,-0.0119483,0.0387637,-0.00954903,-0.1,0,0,0.3,-0.2,0,-0.1,0,0,0.3,-0.2,0,0,0,0,0,0,0,0,0,0,0,0,0,0,0,0,0,0,-2.46094,0.0878906,0.223722,0.703125,0.000303461,-0.105054,-1.8457,-0.263672,0.223722,1.8457,-0.000910383,-0.315161,-0.894886,-2.32254,2.86725,-2.1875,0.4375,0.1875,-2.0625,-0.0625,-0.585938,-0.107422,-1.6875,-0.25,0.1875,-2,0.125,-0.742188,0.214844,-0.0412507,0.0248846,0.019445,0.102259,0.149196,0.0106893,-0.132905,-0.0168056,-0.0567816,0.0132877,0.152303,-0.0144061,-0.0570495,-0.318033,0.433562,-0.261256,0.0748295,0.113395,-0.508035,-0.00412257,-0.587607,-0.151312,-0.259435,-0.0229138,0.0948671,-0.556428,0.235897,-0.768402,0.188035
53.26,-0.0990465,-0.000110787,-4.01757e-05,0.2998,-0.203828,-0.000102113,-0.0989259,-0.000102265,4.01757e-05,0.299621,-0.203794,0.000201838,0.000388365,0.00110649,-0.00145004,0.00249272,-0.00076699,-0.00215716,0.00969524,-1.19842e-05,0.0294294,0.00727874,0.00232494,0.000155795,-0.00123438,0.0108457,-0.0119603,0.0387714,-0.00954903,-0.1,0,0,0.3,-0.2,0,-0.1,0,0,0.3,-0.2,0,0,0,0,0,0,0,0,0,0,0,0,0,0,0,0,0,0,-2.06942,-0.175781,-0.111861,0.175781,0.0884399,-0.157792,-1.90163,0.0878906,0.279652,1.58203,0.174756,-0.419792,-1.23047,-2.37196,2.94474,-2.125,0.4375,0.1875,-2.0625,-0.125,-0.585938,-0.107422,-1.6875,-0.25,0.1875,-2,0.0625,-0.742188,0.224609,-0.115924,-0.0281912,0.00401757,0.100981,0.146605,0.00954139,-0.148547,0.0494964,-0.00916006,0.0460126,0.15502,0.00286854,-0.255357,-0.331947,0.435012,-0.22166,0.0644272,0.0741104,-0.481694,-0.0012943,-0.590552,-0.149502,-0.220222,-0.0125115,0.0494469,-0.557626,0.249943,-0.781318,0.18509
53.32,-0.0991804,-0.00011931,-2.67838e-05,0.299834,-0.203824,-0.000109229,-0.0990732,-0.000102265,5.35676e-05,0.299561,-0.203799,0.000208978,0.000361581,0.00112165,-0.00140171,0.00252867,-0.00076699,-0.00213319,0.00967127,-2.39685e-05,0.0294218,0.00727107,0.00236089,0.000155795,-0.00122239,0.0108337,-0.0119363,0.0387637,-0.0095567,-0.1,0,0,0.3,-0.2,0,-0.1,0,0,0.3,-0.2,0,0,0,0,0,0,0,0,0,0,0,0,0,0,0,0,0,0,-2.23722,-0.263672,0.167791,-0.351562,0.0881365,-0.052738,-1.2864,-0.175781,0.335582,2.54883,0.262892,-0.367054,-0.615234,-2.37196,2.63438,-2.125,0.4375,0.1875,-2.0625,0,-0.605469,-0.107422,-1.6875,-0.1875,0.1875,-2,0.0625,-0.742188,0.224609,-0.189955,0.011931,-0.0127491,0.0413249,0.169357,0.0263194,-0.0361082,0.0102265,0.0203557,0.185862,0.161611,0.0518458,-0.170184,-0.313212,0.405665,-0.252867,0.0859029,0.112796,-0.492767,0.0112172,-0.584508,-0.145421,-0.236089,0.0335079,0.0825953,-0.541687,0.243328,-0.777237,0.195061
53.36,-0.0992741,-0.000136354,-1.33919e-05,0.299808,-0.203815,-0.000109204,-0.0992072,-0.000110787,5.35676e-05,0.299612,-0.203828,0.000187663,0.000361581,0.00127322,-0.00127604,0.00255264,-0.000790959,-0.00221708,0.00969524,-3.59527e-05,0.0294218,0.0072634,0.00237288,0.000155795,-0.00133025,0.0108457,-0.0119243,0.0387714,-0.0095567,-0.1,0,0,0.3,-0.2,0,-0.1,0,0,0.3,-0.2,0,0,0,0,0,0,0,0,0,0,0,0,0,0,0,0,0,0,-1.39826,-0.175781,-0.0559304,0.263672,0.264409,-0.158214,-1.56605,0.0878906,-0.167791,-0.0878906,0.0869226,-0.367476,-1.06268,-2.71787,2.5569,-2.125,0.5,0.1875,-2.0625,-0.125,-0.605469,-0.107422,-1.6875,-0.3125,0.1875,-2,0.125,-0.742188,0.224609,0.00454929,0.0136354,-0.0449432,0.0506146,0.165643,-0.0174971,-0.125566,0.0634386,-0.0619241,-0.0399753,0.144933,0.00620645,-0.062192,-0.384877,0.377244,-0.242992,0.0944357,0.13233,-0.469422,-0.00541687,-0.575672,-0.144286,-0.23422,-0.0339873,0.0573086,-0.53615,0.241554,-0.779354,0.191134
53.42,-0.0997294,-0.000144876,-4.01757e-05,0.2998,-0.203803,-0.000144806,-0.0993009,-0.000102265,4.01757e-05,0.299561,-0.203816,0.000209027,0.000482108,0.00130354,-0.00106337,0.00260058,-0.00076699,-0.0022051,0.00968325,0,0.0294294,0.0072634,0.00237288,0.000167779,-0.00133025,0.0108337,-0.0119243,0.0387637,-0.00954903,-0.1,0,0,0.3,-0.2,0,-0.1,0,0,0.3,-0.2,0,0,0,0,0,0,0,0,0,0,0,0,0,0,0,0,0,0,-0.671165,0,0.335582,0.527344,0.0881365,-0.052738,-1.11861,0.0878906,0.167791,1.49414,0.262892,-0.367054,-1.23047,-2.71787,1.93704,-2.1875,0.5,0.1875,-2.0625,-0.125,-0.605469,-0.107422,-1.75,-0.25,0.1875,-2.0625,0.0625,-0.742188,0.224609,-0.0630527,0.00467012,0.040015,0.0628014,0.150484,0.00852537,-0.095622,0.0102265,0.0525498,0.0604164,0.160716,0.0272077,-0.134347,-0.364869,0.302306,-0.229378,0.0981748,0.107187,-0.471891,-0.0184078,-0.591534,-0.143304,-0.252627,-0.0167779,0.0695804,-0.572367,0.24002,-0.776256,0.190981
53.48,-0.0997964,-0.000144876,-2.67838e-05,0.299782,-0.203803,-0.00013055,-0.0994214,-0.000102265,4.01757e-05,0.299552,-0.203786,0.000216069,0.000455324,0.0012808,-0.000865195,0.00262455,-0.000790959,-0.00226502,0.00969524,-5.99211e-05,0.0294294,0.00727107,0.00238486,0.000143811,-0.0013662,0.0108337,-0.0119243,0.0387637,-0.0095567,-0.1,0,0,0.3,-0.2,0,-0.1,0,0,0.3,-0.2,0,0,0,0,0,0,0,0,0,0,0,0,0,0,0,0,0,0,-0.671165,0,-0.0559304,0.615234,0.0881365,-0.052738,-1.11861,-0.175781,0.167791,1.40625,0.262892,-0.367054,-0.838956,-2.66845,1.54963,-2.25,0.5,0.1875,-2.0625,-0.0625,-0.585938,-0.117188,-1.6875,-0.25,0.1875,-2,0.0625,-0.742188,0.224609,0.0310654,0.0308501,-0.053889,0.141717,0.153739,0.00248885,-0.109282,0.026589,-0.0862974,0.181686,0.159459,0.0543048,-0.16231,-0.38715,0.242854,-0.265522,0.10364,0.100979,-0.512374,0.0165382,-0.592515,-0.152294,-0.220078,-0.00824515,0.0468343,-0.550891,0.24769,-0.778219,0.192116
53.52,-0.0998634,-0.000144876,-2.67838e-05,0.299774,-0.203824,-0.000109229,-0.0997428,-0.000102265,4.01757e-05,0.299535,-0.203786,0.000230324,0.000415149,0.00126532,-0.00060441,0.00263653,-0.000790959,-0.00226502,0.00968325,-5.99211e-05,0.0294218,0.0072634,0.00244478,0.000143811,-0.00140215,0.0108098,-0.0119123,0.038756,-0.00956437,-0.1,0,0,0.3,-0.2,0,-0.1,0,0,0.3,-0.2,0,0,0,0,0,0,0,0,0,0,0,0,0,0,0,0,0,0,-0.559304,0,0.335582,0.615234,0.000303461,-0.105054,-0.223722,-0.263672,-0.167791,1.49414,0.174756,-0.419792,-1.23047,-2.5716,0.926666,-2.25,0.4375,0.25,-2.0625,-0.0625,-0.605469,-0.107422,-1.8125,-0.1875,0.1875,-2,0.125,-0.732422,0.224609,0.0377613,0.0144876,0.00267838,0.0993619,0.141564,0.0235012,0.0359934,-0.00613592,-0.019445,0.0697061,0.154696,-0.00374666,-0.201682,-0.344672,0.15905,-0.294333,0.0790959,0.131659,-0.478027,0.00733435,-0.586472,-0.145268,-0.244478,-0.017449,0.0885155,-0.525149,0.242848,-0.76334,0.197178
53.58,-0.0999973,-0.000127832,-5.35676e-05,0.299782,-0.203832,-9.49978e-05,-0.0999437,-9.37433e-05,5.35676e-05,0.299476,-0.203803,0.000258884,0.000334797,0.00119675,-0.000338812,0.00270843,-0.000790959,-0.00231296,0.00967127,-5.99211e-05,0.0294218,0.0072634,0.0025047,0.000155795,-0.00154597,0.0108218,-0.0119123,0.0387714,-0.00956437,-0.1,0,0,0.3,-0.2,0,-0.1,0,0,0.3,-0.2,0,0,0,0,0,0,0,0,0,0,0,0,0,0,0,0,0,0,-0.503374,0,0.111861,0.439453,0.176273,-0.105476,0.111861,0,0.391513,1.8457,0.0869226,-0.367476,-1.17454,-2.37407,0.461582,-2.25,0.5,0.1875,-2.0625,-0.0625,-0.605469,-0.107422,-1.875,-0.1875,0.1875,-2,0.125,-0.742188,0.224609,0.0717229,0.0258731,-0.00492822,-0.0273621,0.163132,0.0147797,0.0355117,0.00282934,0.00492822,0.0568347,0.147173,0.00882393,-0.0850118,-0.33863,0.073819,-0.276979,0.0913677,0.109512,-0.44368,-0.000335558,-0.58549,-0.145268,-0.25047,-0.000239685,0.0466186,-0.531884,0.227509,-0.785245,0.200123
53.62,-0.0999973,-0.000102265,-4.01757e-05,0.299757,-0.203824,-9.49732e-05,-0.0999839,-0.000102265,8.03514e-05,0.299467,-0.20382,0.000230422,0.000321406,0.00112842,-0.00021806,0.00269645,-0.000790959,-0.00228899,0.00969524,-2.39685e-05,0.0294218,0.0072634,0.00251669,0.000143811,-0.00164184,0.0108098,-0.0119123,0.038756,-0.0095567,-0.1,0,0,0.3,-0.2,0,-0.1,0,0,0.3,-0.2,0,0,0,0,0,0,0,0,0,0,0,0,0,0,0,0,0,0,-0.559304,-0.175781,0.447443,0.791016,0.0881365,-0.052738,-0.0559304,0,0.167791,2.28516,-0.0890469,-0.367899,-0.727095,-2.37417,0.306448,-2.3125,0.5,0.1875,-2.0625,0,-0.605469,-0.107422,-1.875,-0.1875,0.1875,-2,0.0625,-0.742188,0.214844,0.00487054,0.0233165,-0.00112492,0.0364691,0.156215,-0.00166738,0.126951,0.0593139,-0.0543175,0.0417508,0.147891,-0.00646486,0.0218556,-0.323986,0.0635537,-0.251237,0.0821638,0.108313,-0.493966,0.0112172,-0.58549,-0.147231,-0.263941,-0.00210922,0.0882279,-0.55276,0.219839,-0.767267,0.18328
53.68,-0.100011,-0.00011931,-4.01757e-05,0.299782,-0.203828,-0.000130642,-0.0999571,-9.37433e-05,0,0.299484,-0.203782,0.000223184,0.000388365,0.00112081,-0.000193914,0.0027324,-0.000790959,-0.00226502,0.00969524,-5.99211e-05,0.0294218,0.0072634,0.00251669,0.000131826,-0.00162985,0.0108337,-0.0119363,0.0387637,-0.00956437,-0.1,0,0,0.3,-0.2,0,-0.1,0,0,0.3,-0.2,0,0,0,0,0,0,0,0,0,0,0,0,0,0,0,0,0,0,-0.447443,-0.263672,0.447443,0.351562,0.000303461,-0.105054,0.111861,-0.175781,-0.223722,2.10938,-0.00151731,-0.525268,-0.838956,-2.32465,0.384094,-2.3125,0.5,0.25,-2.0625,-0.0625,-0.585938,-0.107422,-1.875,-0.1875,0.1875,-2,0.125,-0.742188,0.224609,-0.0606422,-0.0109765,0.0348725,-0.0491788,0.143339,0.0106731,-0.0042893,-0.0102606,0.0822798,0.00101463,0.143155,-0.0335446,-0.173077,-0.315895,0.0600138,-0.282444,0.0790959,0.125523,-0.490898,0.0242081,-0.579599,-0.145268,-0.260873,0.00215716,0.0753568,-0.557027,0.23259,-0.776256,0.205032
53.72,-0.0999973,-7.6699e-05,-4.01757e-05,0.299757,-0.203824,-9.49732e-05,-0.0996491,-0.000110787,4.01757e-05,0.299518,-0.203799,0.000251744,0.000348189,0.00112084,-0.000213226,0.00272042,-0.000790959,-0.00219311,0.00968325,-7.19053e-05,0.0294294,0.00725573,0.00249272,0.000155795,-0.00156993,0.0108218,-0.0119363,0.0387637,-0.00954903,-0.1,0,0,0.3,-0.2,0,-0.1,0,0,0.3,-0.2,0,0,0,0,0,0,0,0,0,0,0,0,0,0,0,0,0,0,-0.559304,0.175781,0,0.527344,0.176273,-0.105476,-0.950817,-0.175781,0,1.8457,0.0869226,-0.367476,-1.17454,-2.32454,0.539228,-2.3125,0.5,0.1875,-2.0625,-0.0625,-0.605469,-0.117188,-1.875,-0.25,0.1875,-2,0.0625,-0.742188,0.224609,-0.133977,0.0142149,-0.109117,0.0637399,0.151344,0.0120078,-0.0813731,0.0208962,0.00112492,0.0722632,0.158412,0.0227659,-0.0376044,-0.324629,0.0676677,-0.262838,0.0882998,0.0912479,-0.468823,0.00450607,-0.595461,-0.135297,-0.246204,-0.0155795,0.0754287,-0.53802,0.244862,-0.781164,0.189999
53.78,-0.0999169,-0.000102265,-5.35676e-05,0.299774,-0.203828,-0.000102113,-0.0996223,-0.000102265,5.35676e-05,0.299501,-0.203786,0.000258852,0.000388365,0.00111329,-0.000227705,0.0027324,-0.00076699,-0.00221708,0.00970722,-3.59527e-05,0.0294294,0.0072634,0.0025047,0.000155795,-0.00156993,0.0108457,-0.0119123,0.038756,-0.00954903,-0.1,0,0,0.3,-0.2,0,-0.1,0,0,0.3,-0.2,0,0,0,0,0,0,0,0,0,0,0,0,0,0,0,0,0,0,0.279652,-0.175781,0,0.0878906,0.176273,-0.105476,-0.503374,0.0878906,-0.223722,1.49414,0.174756,-0.419792,-0.838956,-2.32454,0.539228,-2.3125,0.5,0.25,-2.0625,-0.125,-0.605469,-0.117188,-1.875,-0.25,0.1875,-2,0.0625,-0.732422,0.214844,-0.075159,0.0527689,-0.0357831,-0.00426701,0.161283,-0.00410549,-0.0531967,0.039679,-0.0362117,0.123908,0.166133,-0.00218297,-0.178219,-0.348539,0.0775919,-0.254833,0.0981748,0.110854,-0.494565,-0.00388289,-0.591534,-0.144286,-0.256606,-0.0125115,0.0784967,-0.52081,0.236712,-0.76334,0.178218
53.82,-0.099167,-0.000127832,-5.35676e-05,0.299757,-0.203815,-0.000109204,-0.0996223,-8.52212e-05,4.01757e-05,0.29951,-0.203812,0.000230398,0.000267838,0.00112881,-0.000459469,0.00252867,-0.00076699,-0.00221708,0.00967127,-4.79369e-05,0.0294218,0.0072634,0.00246875,0.000131826,-0.0015939,0.0108218,-0.0119123,0.038756,-0.0095567,-0.1,0,0,0.3,-0.2,0,-0.1,0,0,0.3,-0.2,0,0,0,0,0,0,0,0,0,0,0,0,0,0,0,0,0,0,-1.78977,-0.175781,0.167791,0.351562,0.0881365,-0.052738,-0.838956,-0.175781,0.111861,1.8457,0.174756,-0.419792,-1.17454,-2.32411,1.15976,-2.125,0.4375,0.1875,-2.0625,-0.0625,-0.605469,-0.107422,-1.8125,-0.1875,0.1875,-2,0.0625,-0.742188,0.214844,-0.0575888,0.0749605,-0.107778,0.0964648,0.154287,0.0180623,-0.186901,0.00852212,-0.0143025,0.133537,0.167152,-0.00104478,-0.142061,-0.321199,0.137828,-0.237527,0.0736311,0.0556308,-0.471292,0.0193665,-0.588435,-0.145268,-0.240739,0.017497,0.116511,-0.544156,0.23211,-0.767267,0.189171
53.88,-0.099408,-8.52212e-05,-5.35676e-05,0.299774,-0.203815,-0.000109204,-0.099542,-8.52212e-05,5.35676e-05,0.299561,-0.203799,0.000251744,0.000187487,0.00109862,-0.000517385,0.00256462,-0.000802943,-0.00236089,0.00970722,-2.39685e-05,0.0294218,0.00725573,0.00249272,0.000131826,-0.0017497,0.0108457,-0.0119363,0.0387714,-0.00956437,-0.1,0,0,0.3,-0.2,0,-0.1,0,0,0.3,-0.2,0,0,0,0,0,0,0,0,0,0,0,0,0,0,0,0,0,0,-1.17454,0,0.223722,0.175781,0.0881365,-0.052738,-0.950817,0.0878906,0,2.02148,0.0866192,-0.47253,-0.279652,-2.17576,1.08244,-2.1875,0.5,0.1875,-2.0625,-0.0625,-0.605469,-0.107422,-1.8125,-0.1875,0.1875,-2,0.0625,-0.732422,0.224609,-0.0231989,0.00852212,0.0464967,0.126633,0.154287,0.0180623,0.0107634,0.041247,-0.0156417,0.147683,0.147108,-0.0346965,-0.035676,-0.312159,0.166328,-0.256462,0.0802943,0.124181,-0.485361,0.0158192,-0.573709,-0.140206,-0.230864,-0.0131826,0.115096,-0.542286,0.218784,-0.764628,0.206014
53.92,-0.0992741,-4.26106e-05,-2.67838e-05,0.299774,-0.203807,-0.000123435,-0.0994214,-7.6699e-05,1.33919e-05,0.299561,-0.203786,0.000201813,0.000294622,0.00104581,-0.000638053,0.00256462,-0.000790959,-0.00226502,0.00968325,-7.19053e-05,0.0294294,0.0072634,0.00244478,0.000119842,-0.00172573,0.0108218,-0.0119243,0.0387637,-0.00954903,-0.1,0,0,0.3,-0.2,0,-0.1,0,0,0.3,-0.2,0,0,0,0,0,0,0,0,0,0,0,0,0,0,0,0,0,0,-1.45419,-0.263672,0.503374,0.263672,0.0881365,-0.052738,-1.00675,0.0878906,0.111861,1.66992,0.262892,-0.367054,-0.894886,-2.22518,1.15992,-2.1875,0.5,0.1875,-2.0625,-0.125,-0.605469,-0.107422,-1.8125,-0.25,0.1875,-2,0.0625,-0.732422,0.224609,-0.093158,0.00426106,-0.0178916,0.0884536,0.152412,0.0596949,-0.0835692,0.0240324,-0.0167667,-0.02685,0.166101,0.0110501,-0.00610671,-0.293391,0.189548,-0.250327,0.0852318,0.110183,-0.474959,-0.00776578,-0.596442,-0.147231,-0.244478,-0.0150522,0.037199,-0.516544,0.250758,-0.774292,0.186072
53.98,-0.099475,-0.000144876,-4.01757e-05,0.299817,-0.20382,-0.000116344,-0.0991938,-0.00011931,9.37433e-05,0.299621,-0.203786,0.000201813,0.000348189,0.00111402,-0.000681554,0.00255264,-0.00076699,-0.00214518,0.00967127,0,0.0294294,0.0072634,0.00244478,0.000191748,-0.00161787,0.0108457,-0.0119123,0.0387637,-0.00954903,-0.1,0,0,0.3,-0.2,0,-0.1,0,0,0.3,-0.2,0,0,0,0,0,0,0,0,0,0,0,0,0,0,0,0,0,0,-1.34233,0.0878906,0.391513,0.175781,0.176273,-0.105476,-1.39826,-0.175781,-0.335582,1.49414,0.174756,-0.419792,-0.671165,-2.37341,1.39239,-2.125,0.4375,0.25,-2,-0.0625,-0.605469,-0.107422,-1.75,-0.25,0.1875,-2,0.125,-0.742188,0.224609,-0.0524998,0.0668475,0.00401757,0.0275195,0.167534,0.0183856,-0.0343403,-0.00115901,-0.0813692,-0.0521621,0.151424,-0.00259678,-0.104457,-0.345842,0.208182,-0.23072,0.076699,0.128735,-0.446748,0,-0.590552,-0.14625,-0.253682,-0.0130388,0.0778256,-0.545354,0.233644,-0.771347,0.184108
54.02,-0.0992473,-0.00011931,-2.67838e-05,0.2998,-0.203837,-0.000116411,-0.0992206,-8.52212e-05,5.35676e-05,0.299586,-0.20382,0.000258951,0.000308014,0.00115196,-0.000734691,0.00255264,-0.000790959,-0.00214518,0.00970722,-2.39685e-05,0.0294218,0.0072634,0.00244478,0.000191748,-0.00161787,0.0108218,-0.0119363,0.0387637,-0.00954903,-0.1,0,0,0.3,-0.2,0,-0.1,0,0,0.3,-0.2,0,0,0,0,0,0,0,0,0,0,0,0,0,0,0,0,0,0,-1.90163,0,0.279652,0.615234,0.0884399,-0.157792,-1.45419,0,0.167791,1.66992,-0.000910383,-0.315161,-0.727095,-2.37341,1.39239,-2.125,0.4375,0.1875,-2.0625,-0.0625,-0.585938,-0.107422,-1.8125,-0.3125,0.25,-2,0.0625,-0.732422,0.224609,-0.0958365,0.00865847,-0.0178916,0.0300765,0.158356,-0.00354302,-0.1088,0.0248846,0.0100707,0.182026,0.165788,0.0279344,-0.0461217,-0.325229,0.214831,-0.239924,0.0760279,0.104191,-0.488429,0.00814927,-0.580581,-0.147231,-0.253682,-0.0467864,0.108505,-0.528816,0.24793,-0.774292,0.18509
54.08,-0.0993411,-0.000110787,-1.33919e-05,0.2998,-0.203828,-0.000102113,-0.0993813,-0.000102265,9.37433e-05,0.299544,-0.203812,0.000230398,0.000388365,0.00116704,-0.000696076,0.00256462,-0.000790959,-0.00215716,0.00968325,-4.79369e-05,0.0294294,0.00727874,0.00245677,0.000167779,-0.00160589,0.0108457,-0.0119243,0.0387637,-0.0095567,-0.1,0,0,0.3,-0.2,0,-0.1,0,0,0.3,-0.2,0,0,0,0,0,0,0,0,0,0,0,0,0,0,0,0,0,0,-1.51012,-0.351562,0.167791,0.263672,0.0881365,-0.052738,-0.838956,0,-0.0559304,2.19727,-0.000910383,-0.315161,-0.950817,-2.32389,1.47003,-2.1875,0.4375,0.1875,-2.0625,-0.0625,-0.605469,-0.107422,-1.8125,-0.3125,0.25,-1.9375,0.0625,-0.742188,0.214844,-0.107032,-0.0249187,0.00133919,0.0791639,0.158013,-0.00411493,-0.0155917,0.0102265,-0.112224,0.101153,0.140921,0.0318853,-0.275927,-0.297818,0.231034,-0.256462,0.0852318,0.0894503,-0.471891,0.00556068,-0.592515,-0.157356,-0.257948,-0.0167779,0.0894982,-0.53615,0.23235,-0.776256,0.194079
54.12,-0.099542,-0.00016192,-1.33919e-05,0.299774,-0.203807,-9.4924e-05,-0.099408,-0.000102265,5.35676e-05,0.299595,-0.203782,0.0001804,0.000321406,0.0011897,-0.000662295,0.00257661,-0.00076699,-0.00212121,0.00969524,-4.79369e-05,0.0294294,0.0072634,0.00245677,0.000191748,-0.00155795,0.0108218,-0.0119243,0.0387637,-0.0095567,-0.1,0,0,0.3,-0.2,0,-0.1,0,0,0.3,-0.2,0,0,0,0,0,0,0,0,0,0,0,0,0,0,0,0,0,0,-1.23047,0,-0.335582,0.703125,0.176273,-0.105476,-0.894886,0,0,1.66992,-0.000910383,-0.315161,-1.06268,-2.52198,1.15945,-2.1875,0.4375,0.1875,-2.125,-0.0625,-0.585938,-0.107422,-1.8125,-0.25,0.1875,-2,0.0625,-0.742188,0.224609,0.000478461,0.029282,-0.111796,0.0502745,0.15065,0.00653011,-0.0334839,0.0102265,-0.0362117,0.0553024,0.134853,0.02021,-0.0912792,-0.342365,0.193116,-0.254593,0.079767,0.133672,-0.50317,0.000958738,-0.588588,-0.139377,-0.25488,0.0145728,0.0441499,-0.525748,0.235418,-0.775274,0.200951
54.18,-0.0995554,-0.000170442,-1.33919e-05,0.299817,-0.203828,-0.000102113,-0.099542,-0.00011931,5.35676e-05,0.299569,-0.203816,0.000237538,0.000348189,0.00125016,-0.000594743,0.00257661,-0.00076699,-0.00209724,0.00969524,-2.39685e-05,0.0294294,0.0072634,0.00245677,0.000203732,-0.00155795,0.0108218,-0.0119123,0.0387637,-0.0095567,-0.1,0,0,0.3,-0.2,0,-0.1,0,0,0.3,-0.2,0,0,0,0,0,0,0,0,0,0,0,0,0,0,0,0,0,0,-0.950817,0.0878906,0,0.615234,0.0881365,-0.052738,-0.950817,0.0878906,0,1.31836,0.174756,-0.419792,-0.671165,-2.62091,1.15929,-2.1875,0.4375,0.25,-2.0625,-0.125,-0.605469,-0.107422,-1.8125,-0.3125,0.1875,-2,0.125,-0.742188,0.224609,-0.0341801,0.0530416,-0.0912256,-0.0488387,0.169488,0.00960749,-0.0972288,0.0512009,-0.0207842,-0.0663076,0.146055,0.00694462,-0.0787444,-0.377946,0.172863,-0.254593,0.079767,0.126338,-0.481694,-0.00872452,-0.592515,-0.147231,-0.242609,-0.00196541,0.0686936,-0.541088,0.242848,-0.777237,0.198988
54.22,-0.0996625,-0.000187487,1.33919e-05,0.299774,-0.203828,-0.000102113,-0.0995955,-0.000136354,0.000107135,0.299544,-0.203807,0.000237513,0.000294622,0.00128035,-0.000536826,0.00257661,-0.00076699,-0.00209724,0.00967127,-3.59527e-05,0.0294218,0.0072634,0.00245677,0.000215716,-0.00154597,0.0108337,-0.0119363,0.0387637,-0.00954903,-0.1,0,0,0.3,-0.2,0,-0.1,0,0,0.3,-0.2,0,0,0,0,0,0,0,0,0,0,0,0,0,0,0,0,0,0,-1.11861,0.175781,-0.0559304,0.439453,0.176273,-0.105476,-0.391513,-0.175781,0.111861,1.75781,0.0866192,-0.47253,-0.838956,-2.67054,0.926507,-2.1875,0.4375,0.1875,-2.125,-0.0625,-0.605469,-0.117188,-1.8125,-0.3125,0.1875,-1.9375,0.0625,-0.742188,0.224609,-0.141743,0.0449286,-0.0321941,0.132087,0.167807,-0.00956235,-0.0867301,0.0267254,-0.0518534,0.248415,0.158764,0.0178593,-0.0266767,-0.355003,0.142487,-0.230049,0.104311,0.0956581,-0.489699,0.0206608,-0.583526,-0.14625,-0.264084,-0.0430473,0.0834342,-0.541687,0.257134,-0.775274,0.187054
54.28,-0.0999169,-0.000153398,-2.67838e-05,0.299765,-0.203811,-0.000130575,-0.0999303,-0.000110787,5.35676e-05,0.299518,-0.203799,0.000223233,0.000361581,0.00124208,-0.000280906,0.00270843,-0.00076699,-0.00212121,0.00970722,-1.19842e-05,0.0294294,0.0072634,0.00246875,0.000203732,-0.00154597,0.0108098,-0.0119363,0.0387637,-0.00954903,-0.1,0,0,0.3,-0.2,0,-0.1,0,0,0.3,-0.2,0,0,0,0,0,0,0,0,0,0,0,0,0,0,0,0,0,0,-0.894886,0.263672,-0.111861,0.966797,0.000303461,-0.105054,0.223722,0,0.167791,1.58203,-0.000910383,-0.315161,-1.45419,-2.67086,0.461104,-2.3125,0.4375,0.1875,-2.0625,-0.0625,-0.605469,-0.107422,-1.8125,-0.25,0.1875,-2,0.0625,-0.742188,0.224609,-0.0803015,0.0578822,-0.0281765,0.051553,0.126299,0.00514745,-0.0429652,0.0143512,-0.0413542,0.0340841,0.143744,0.00478365,-0.123902,-0.375523,0.0787117,-0.264708,0.076699,0.0876526,-0.463885,0.000239685,-0.594479,-0.147231,-0.259147,-0.0203732,0.0496866,-0.55276,0.237192,-0.775274,0.182145
54.32,-0.09985,-0.000204531,-1.33919e-05,0.299757,-0.203815,-0.000109204,-0.09985,-0.00011931,9.37433e-05,0.299535,-0.203794,0.000216093,0.000361581,0.00131015,-0.0002375,0.00269645,-0.000743022,-0.00212121,0.00969524,-2.39685e-05,0.0294294,0.00725573,0.00248073,0.0002277,-0.001522,0.0108218,-0.0119363,0.0387637,-0.00954903,-0.1,0,0,0.3,-0.2,0,-0.1,0,0,0.3,-0.2,0,0,0,0,0,0,0,0,0,0,0,0,0,0,0,0,0,0,-0.391513,0.0878906,0.167791,0.263672,0.176273,-0.105476,-0.335582,0,-0.167791,1.05469,0.174756,-0.419792,-0.727095,-2.72017,0.693726,-2.25,0.4375,0.1875,-2.0625,-0.0625,-0.585938,-0.107422,-1.8125,-0.3125,0.1875,-1.9375,0.0625,-0.751953,0.224609,-0.11271,0.00736311,0.0167667,0.0801023,0.15753,0.0071202,-0.0252875,0.0642908,-0.0402293,-0.0557394,0.161559,0.00227944,-0.108474,-0.404698,0.0860903,-0.269645,0.0589624,0.0907206,-0.493966,0.00201335,-0.58957,-0.136279,-0.269549,-0.0135661,0.103711,-0.53802,0.24793,-0.779201,0.190981
54.38,-0.0998768,-0.000136354,-4.01757e-05,0.299757,-0.203837,-0.000116411,-0.0998634,-0.000102265,5.35676e-05,0.299527,-0.203816,0.000237538,0.000294622,0.00122682,-0.000203644,0.00270843,-0.000731038,-0.00213319,0.00968325,-4.79369e-05,0.0294294,0.00727107,0.00245677,0.000203732,-0.00153398,0.0108337,-0.0119123,0.0387637,-0.0095567,-0.1,0,0,0.3,-0.2,0,-0.1,0,0,0.3,-0.2,0,0,0,0,0,0,0,0,0,0,0,0,0,0,0,0,0,0,-0.559304,0,0.279652,0.439453,0.0881365,-0.052738,0.391513,0.0878906,-0.167791,1.8457,0.174756,-0.419792,-1.17454,-2.52252,0.383776,-2.3125,0.4375,0.1875,-2.0625,-0.0625,-0.605469,-0.117188,-1.8125,-0.3125,0.1875,-2,0.125,-0.732422,0.214844,-0.00718152,0.0136354,-0.0319798,0.101919,0.155113,0.00739903,-0.00337864,0.0298615,-0.0619241,0.0382597,0.168898,0.0233058,-0.119241,-0.353524,0.0703532,-0.264708,0.0731038,0.0974557,-0.481095,0.0116966,-0.594479,-0.156221,-0.230337,0.0195103,0.0736311,-0.563163,0.25512,-0.779201,0.204878
54.42,-0.09985,-9.37433e-05,-8.03514e-05,0.299731,-0.203828,-0.000102113,-0.0999303,-8.52212e-05,4.01757e-05,0.299535,-0.203795,0.000244604,0.000267838,0.00115103,-0.000155309,0.00270843,-0.000778975,-0.00213319,0.00968325,-2.39685e-05,0.0294294,0.0072634,0.00248073,0.000167779,-0.00158192,0.0108218,-0.0119123,0.0387637,-0.0095567,-0.1,0,0,0.3,-0.2,0,-0.1,0,0,0.3,-0.2,0,0,0,0,0,0,0,0,0,0,0,0,0,0,0,0,0,0,-0.335582,0,0.335582,0.527344,0.0881365,-0.052738,-0.111861,-0.175781,-0.0559304,1.66992,0.0869226,-0.367476,-0.838956,-2.37407,0.461582,-2.25,0.4375,0.25,-2.0625,-0.0625,-0.605469,-0.107422,-1.8125,-0.25,0.1875,-1.9375,0.0625,-0.732422,0.224609,-0.00471751,-0.0102606,0.05946,0.0348505,0.1499,0.0205023,0.0136022,0.0379745,-0.11201,-0.00119786,0.164884,-0.0207734,-0.126634,-0.330782,0.0521447,-0.252436,0.0871013,0.143475,-0.444279,0.00508131,-0.594479,-0.150177,-0.254209,0.0139017,0.0852318,-0.541088,0.222907,-0.768402,0.196043
54.48,-0.0996491,-0.000102265,-4.01757e-05,0.299757,-0.20382,-0.000144872,-0.0998768,-0.000110787,2.67838e-05,0.299476,-0.203807,0.000237513,0.000254446,0.0011359,-0.000164955,0.00270843,-0.00076699,-0.00210922,0.00970722,-3.59527e-05,0.0294371,0.0072634,0.00245677,0.000179763,-0.0015939,0.0108218,-0.0119123,0.038756,-0.0095567,-0.1,0,0,0.3,-0.2,0,-0.1,0,0,0.3,-0.2,0,0,0,0,0,0,0,0,0,0,0,0,0,0,0,0,0,0,-1.73384,-0.263672,0.279652,0.791016,0.0881365,-0.052738,-0.671165,-0.175781,0.167791,1.93359,-0.00121384,-0.420214,-0.447443,-2.37407,0.461582,-2.3125,0.4375,0.25,-2.0625,-0.0625,-0.605469,-0.107422,-1.8125,-0.3125,0.1875,-2,0.0625,-0.742188,0.224609,-0.173938,0.046224,-0.0216949,0.123736,0.156128,0.0331831,-0.0791764,0.0438037,-0.0232483,0.0186556,0.155521,0.00691728,0.0110885,-0.340777,0.0531946,-0.273911,0.082835,0.102393,-0.466953,0.00225303,-0.605432,-0.145268,-0.251813,-0.00570449,0.0367436,-0.55336,0.23211,-0.76923,0.197024
54.52,-0.0994348,-9.37433e-05,-6.69595e-05,0.29974,-0.203807,-0.000123435,-0.0995152,-0.000102265,5.35676e-05,0.299552,-0.20379,0.000208953,0.000200878,0.00105294,-0.000362852,0.0026605,-0.000790959,-0.00221708,0.00967127,-2.39685e-05,0.0294218,0.0072634,0.00246875,0.000179763,-0.00165382,0.0108218,-0.0119123,0.038756,-0.0095567,-0.1,0,0,0.3,-0.2,0,-0.1,0,0,0.3,-0.2,0,0,0,0,0,0,0,0,0,0,0,0,0,0,0,0,0,0,-1.2864,-0.175781,0.223722,0.527344,0.0881365,-0.052738,-0.615234,-0.175781,0.167791,2.02148,-0.00121384,-0.420214,-0.559304,-2.17598,0.772168,-2.1875,0.5,0.1875,-2.0625,-0.0625,-0.605469,-0.107422,-1.8125,-0.3125,0.25,-1.9375,0.0625,-0.732422,0.214844,-0.0565179,0.0224643,0.00155346,0.0553886,0.142473,0.00490906,-0.0741949,-0.0126809,-0.0156417,0.0835116,0.145083,-0.013815,0.0425862,-0.27808,0.103267,-0.275254,0.0852318,0.0985822,-0.483563,0.000479369,-0.587453,-0.149195,-0.274487,-0.00263653,0.110303,-0.534952,0.250518,-0.764321,0.192116
54.58,-0.099542,8.52212e-06,-1.33919e-05,0.29974,-0.203824,-9.49732e-05,-0.099542,-3.40885e-05,-1.33919e-05,0.299527,-0.203803,0.000230373,0.0004955,0.000780575,-0.000478537,0.00270843,-0.000838896,-0.002277,0.00970722,-2.39685e-05,0.0294218,0.00724806,0.00244478,0.000131826,-0.0017497,0.0108337,-0.0119483,0.0387637,-0.00954903,-0.1,0,0,0.3,-0.2,0,-0.1,0,0,0.3,-0.2,0,0,0,0,0,0,0,0,0,0,0,0,0,0,0,0,0,0,-1.06268,-0.439453,-0.0559304,0.175781,0.176273,-0.105476,-0.838956,-0.175781,-0.0559304,0.263672,0.262892,-0.367054,-1.45419,-1.6811,1.08323,-2.3125,0.5,0.25,-2.125,-0.125,-0.585938,-0.107422,-1.8125,-0.1875,0.1875,-2,0.125,-0.732422,0.224609,-0.138369,-0.0433946,-0.0603707,0.0390261,0.159523,0.0147693,-0.0920863,-0.0293161,-0.0295157,0.0437139,0.147079,0.0482946,-0.184647,-0.219627,0.137989,-0.264708,0.0808216,0.123054,-0.525245,0.00201335,-0.582545,-0.130235,-0.244478,-0.00397876,0.0874848,-0.541687,0.237431,-0.775274,0.186072
54.62,-0.0995687,-4.26106e-05,-8.03514e-05,0.299757,-0.203807,-0.000123435,-0.0991402,-8.52212e-05,5.35676e-05,0.299544,-0.203807,0.000223258,0.000388365,0.000810921,-0.000594519,0.00268447,-0.00085088,-0.00219311,0.00969524,-3.59527e-05,0.0294218,0.0072634,0.00245677,0.000155795,-0.00171374,0.0108218,-0.0119363,0.0387637,-0.0095567,-0.1,0,0,0.3,-0.2,0,-0.1,0,0,0.3,-0.2,0,0,0,0,0,0,0,0,0,0,0,0,0,0,0,0,0,0,-1.45419,0,0,0.791016,0.0881365,-0.052738,-1.56605,0.0878906,0.111861,1.75781,0.175059,-0.314738,-0.447443,-1.8778,1.39467,-2.25,0.5,0.25,-2.0625,-0.0625,-0.585938,-0.107422,-1.8125,-0.25,0.1875,-2,0.0625,-0.751953,0.224609,-0.0996928,-0.00555642,-0.00739233,0.0855565,0.131065,0.0185654,-0.132262,0.047792,-0.0413542,0.112061,0.161952,0.0512746,-0.106225,-0.254917,0.18578,-0.280719,0.103496,0.109656,-0.481694,0.0129909,-0.586472,-0.14625,-0.261016,-0.0186475,0.101027,-0.547224,0.218784,-0.782146,0.19997
54.68,-0.099408,0,-2.67838e-05,0.299774,-0.20382,-0.000116344,-0.0994214,-3.40885e-05,-4.01757e-05,0.299544,-0.203803,0.000216118,0.000294622,0.000727555,-0.000618687,0.00267248,-0.000886833,-0.00231296,0.00969524,-2.39685e-05,0.0294218,0.00725573,0.00245677,0.000131826,-0.00177367,0.0108218,-0.0119483,0.0387637,-0.00954903,-0.1,0,0,0.3,-0.2,0,-0.1,0,0,0.3,-0.2,0,0,0,0,0,0,0,0,0,0,0,0,0,0,0,0,0,0,-1.51012,-0.351562,0.167791,-0.175781,0.176273,-0.105476,-1.11861,-0.175781,-0.223722,1.8457,0.174756,-0.419792,-0.447443,-1.5813,1.39467,-2.25,0.5,0.25,-2.0625,-0.0625,-0.585938,-0.117188,-1.8125,-0.1875,0.25,-2,0.0625,-0.732422,0.224609,-0.00262898,-0.0327249,-0.00246411,0.0557287,0.152751,-0.0117735,-0.0372868,0.0426788,0.00401757,0.0411569,0.138938,0.035199,-0.0472466,-0.212446,0.189318,-0.26418,0.110159,0.115648,-0.469422,-0.00565655,-0.582545,-0.147078,-0.25488,-0.0131826,0.107091,-0.550292,0.252771,-0.774292,0.1792
54.72,-0.0993813,1.70442e-05,-5.35676e-05,0.299757,-0.203815,-0.000109204,-0.0993143,-4.26106e-05,1.33919e-05,0.299552,-0.203803,0.000230373,0.000321406,0.000689662,-0.000700856,0.0026605,-0.000886833,-0.002277,0.00969524,-4.79369e-05,0.0294218,0.00727107,0.00245677,0.000131826,-0.00192946,0.0108457,-0.0119483,0.0387637,-0.0095567,-0.1,0,0,0.3,-0.2,0,-0.1,0,0,0.3,-0.2,0,0,0,0,0,0,0,0,0,0,0,0,0,0,0,0,0,0,-0.671165,-0.439453,0.391513,0.791016,0.0881365,-0.052738,-1.06268,-0.175781,-0.0559304,2.19727,0.0869226,-0.367476,-0.671165,-1.43306,1.31719,-2.25,0.5625,0.25,-2.0625,-0.125,-0.585938,-0.107422,-1.8125,-0.25,0.1875,-2,0.0625,-0.742188,0.224609,-0.000164233,-0.0147944,-0.00492822,-0.00170998,0.146108,0.0153008,-0.0428582,0.00753355,-0.00648168,0.138053,0.150414,0.0209064,-0.106707,-0.198168,0.215825,-0.253778,0.0886833,0.132258,-0.47249,0.000958738,-0.586472,-0.148367,-0.245677,-0.0131826,0.0903371,-0.554558,0.252771,-0.783128,0.191134
54.78,-0.099475,0,-0.000107135,0.299757,-0.203811,-0.000130575,-0.0993545,-7.6699e-05,4.01757e-05,0.299544,-0.203824,0.000223307,0.000308014,0.000689662,-0.000671855,0.0026605,-0.000862864,-0.00221708,0.00969524,-1.19842e-05,0.0294218,0.00725573,0.00245677,0.000155795,-0.00189351,0.0108218,-0.0119363,0.0387637,-0.0095567,-0.1,0,0,0.3,-0.2,0,-0.1,0,0,0.3,-0.2,0,0,0,0,0,0,0,0,0,0,0,0,0,0,0,0,0,0,-1.17454,-0.263672,0,0.615234,0.176273,-0.105476,-1.11861,-0.175781,0.279652,1.58203,-0.000910383,-0.315161,-1.06268,-1.5813,1.39467,-2.25,0.5625,0.1875,-2.125,-0.0625,-0.605469,-0.107422,-1.8125,-0.1875,0.1875,-2,0.0625,-0.732422,0.224609,-0.00107489,0,-0.00985643,0.069194,0.157388,0.0189265,-0.0285552,0.0207599,-0.00401757,0.259323,0.152813,0.0567767,0.0207307,-0.180707,0.195988,-0.269118,0.120034,0.120058,-0.533849,0.0125115,-0.58549,-0.138242,-0.245677,-0.00330765,0.100811,-0.55336,0.246396,-0.774292,0.196043
54.82,-0.099408,-4.26106e-05,-8.03514e-05,0.299765,-0.203811,-0.000130575,-0.099408,-7.6699e-05,5.35676e-05,0.299535,-0.203786,0.000230324,0.000294622,0.000735134,-0.000671855,0.00268447,-0.000862864,-0.0022051,0.00970722,-2.39685e-05,0.0294218,0.00725573,0.00245677,0.000155795,-0.00189351,0.0108218,-0.0119483,0.0387637,-0.0095567,-0.1,0,0,0.3,-0.2,0,-0.1,0,0,0.3,-0.2,0,0,0,0,0,0,0,0,0,0,0,0,0,0,0,0,0,0,-1.51012,-0.351562,0.391513,0.351562,0.0884399,-0.157792,-1.06268,-0.351562,0.279652,1.8457,0.0866192,-0.47253,-0.615234,-1.5813,1.23971,-2.25,0.5625,0.1875,-2.0625,-0.0625,-0.605469,-0.107422,-1.8125,-0.25,0.1875,-2,0.0625,-0.742188,0.224609,-0.0540539,-0.00228393,0.0183201,-0.0466217,0.134478,0.00790893,-0.120906,-0.0217825,-0.092779,0.0969769,0.146556,-0.0174124,-0.0883865,-0.235091,0.210837,-0.271515,0.135374,0.122527,-0.494565,0.000479369,-0.581563,-0.140206,-0.251813,0.0089642,0.0885395,-0.547224,0.243567,-0.771347,0.196043
54.88,-0.0995286,-5.11327e-05,-5.35676e-05,0.299765,-0.203833,-0.000123526,-0.0995821,-7.6699e-05,4.01757e-05,0.299552,-0.203807,0.000237513,0.000227662,0.000788185,-0.00060902,0.00268447,-0.00085088,-0.00216914,0.00968325,-2.39685e-05,0.0294294,0.00727107,0.00244478,0.000179763,-0.00188152,0.0108218,-0.0119363,0.0387714,-0.0095567,-0.1,0,0,0.3,-0.2,0,-0.1,0,0,0.3,-0.2,0,0,0,0,0,0,0,0,0,0,0,0,0,0,0,0,0,0,-1.17454,-0.175781,0.223722,0.527344,0.0881365,-0.052738,-0.838956,-0.175781,-0.0559304,1.49414,0.174756,-0.419792,-0.838956,-1.63072,1.16223,-2.25,0.5,0.1875,-2.0625,-0.0625,-0.605469,-0.107422,-1.8125,-0.25,0.1875,-2,0.125,-0.732422,0.224609,0.0145663,0.0149307,-0.0666381,0.00246566,0.156663,0.0432807,-0.0417866,0.0076699,-0.0143025,0.0235159,0.148944,0.0233634,-0.124866,-0.192802,0.166001,-0.268447,0.100428,0.108457,-0.462687,-0.00105461,-0.604296,-0.158184,-0.244478,-0.0179763,0.0818043,-0.53802,0.249464,-0.775427,0.198988
54.94,-0.0995018,-9.37433e-05,-5.35676e-05,0.299791,-0.203833,-0.000123526,-0.0996491,-7.6699e-05,5.35676e-05,0.299552,-0.203803,0.000230373,0.000267838,0.000939603,-0.000502789,0.00269645,-0.00076699,-0.00212121,0.00970722,-2.39685e-05,0.0294294,0.0072634,0.00245677,0.000203732,-0.00180962,0.0108337,-0.0119363,0.0387714,-0.0095567,-0.1,0,0,0.3,-0.2,0,-0.1,0,0,0.3,-0.2,0,0,0,0,0,0,0,0,0,0,0,0,0,0,0,0,0,0,-1.17454,0,0.223722,0.615234,0.176273,-0.105476,-0.447443,-0.175781,-0.111861,2.02148,0.174756,-0.419792,-0.615234,-1.87907,0.92778,-2.25,0.5,0.1875,-2.0625,-0.0625,-0.605469,-0.107422,-1.8125,-0.3125,0.1875,-2,0.125,-0.732422,0.214844,-0.111532,0.0257368,0.0104992,-0.0013699,0.140292,0.032282,-0.153368,0.0076699,0.00492822,0.105328,0.166772,0.0153834,-0.0649239,-0.27024,0.143413,-0.269645,0.076699,0.0999245,-0.466953,0.00354733,-0.591534,-0.147231,-0.251813,0.00110255,0.0966168,-0.544755,0.246396,-0.780336,0.194079
54.98,-0.099542,-0.000110787,-5.35676e-05,0.299774,-0.20382,-0.000116344,-0.0997027,-9.37433e-05,5.35676e-05,0.299493,-0.203795,0.000244604,0.000200878,0.000939603,-0.000502789,0.00268447,-0.000778975,-0.00208526,0.00969524,-4.79369e-05,0.0294294,0.0072634,0.00245677,0.000179763,-0.00179763,0.0108218,-0.0119483,0.0387637,-0.00954903,-0.1,0,0,0.3,-0.2,0,-0.1,0,0,0.3,-0.2,0,0,0,0,0,0,0,0,0,0,0,0,0,0,0,0,0,0,-1.11861,0.175781,0.223722,0.0878906,0.264409,-0.158214,-0.503374,-0.263672,-0.279652,2.90039,0.174756,-0.419792,-0.503374,-2.02753,0.849974,-2.25,0.4375,0.25,-2.0625,-0.0625,-0.605469,-0.107422,-1.8125,-0.3125,0.1875,-2,0.0625,-0.732422,0.214844,-0.128084,0.0634386,-0.0409256,0.0175496,0.175687,0.0101956,0.0165486,0.00282934,-0.0567816,0.206994,0.155011,0.00663365,-0.116831,-0.281869,0.143421,-0.250039,0.0840334,0.101195,-0.478626,0.0116966,-0.598406,-0.145268,-0.245677,-0.0179763,0.0714739,-0.550292,0.23283,-0.771347,0.183127
55.04,-0.099542,-0.000110787,-2.67838e-05,0.299782,-0.203803,-0.000144806,-0.0996759,-9.37433e-05,6.69595e-05,0.299501,-0.20379,0.000180443,0.000227662,0.000962293,-0.000488321,0.00269645,-0.000790959,-0.00207327,0.00968325,-1.19842e-05,0.0294294,0.0072634,0.00245677,0.000203732,-0.0017497,0.0108218,-0.0119243,0.0387637,-0.0095567,-0.1,0,0,0.3,-0.2,0,-0.1,0,0,0.3,-0.2,0,0,0,0,0,0,0,0,0,0,0,0,0,0,0,0,0,0,-0.950817,0.0878906,-0.111861,-0.175781,0.176273,-0.105476,-1.17454,-0.175781,-0.111861,1.58203,-0.000910383,-0.315161,0.0559304,-1.97812,0.772487,-2.25,0.5,0.1875,-2.0625,-0.125,-0.605469,-0.107422,-1.8125,-0.3125,0.1875,-2.0625,0.125,-0.732422,0.214844,-0.102371,0.00780626,-0.0127491,0.048996,0.156996,-0.00240724,-0.0529822,-0.00371564,-0.0684058,-0.00699209,0.153167,0.0228942,-0.0425862,-0.282861,0.139076,-0.272713,0.0913677,0.106732,-0.462687,0.00177367,-0.592515,-0.141341,-0.25488,-0.0203732,0.0598732,-0.574835,0.238486,-0.769383,0.194079
55.08,-0.0995554,-0.00016192,-5.35676e-05,0.299757,-0.203811,-0.000130575,-0.0997562,-7.6699e-05,5.35676e-05,0.299484,-0.203794,0.000216093,0.000254446,0.000969825,-0.000464185,0.00268447,-0.00076699,-0.00206129,0.00968325,-3.59527e-05,0.0294294,0.0072634,0.00245677,0.000191748,-0.0017497,0.0108218,-0.0119483,0.0387637,-0.00954903,-0.1,0,0,0.3,-0.2,0,-0.1,0,0,0.3,-0.2,0,0,0,0,0,0,0,0,0,0,0,0,0,0,0,0,0,0,-1.2864,-0.175781,0.167791,0.175781,0.176273,-0.105476,-0.167791,-0.175781,0.335582,3.16406,0.174756,-0.419792,-0.503374,-1.97779,1.23789,-2.25,0.5,0.1875,-2.0625,-0.0625,-0.585938,-0.107422,-1.8125,-0.3125,0.25,-2,0.0625,-0.742188,0.224609,-0.152457,-0.00344294,-0.0152132,0.0419233,0.15085,0.0189076,-0.00894934,-0.01851,0.0100707,0.224635,0.161586,-0.00867206,-0.132901,-0.267719,0.157779,-0.259243,0.082835,0.0815886,-0.481095,0.005321,-0.593497,-0.14625,-0.245677,-0.00383495,0.0997567,-0.562563,0.251237,-0.775274,0.188035
55.14,-0.0995821,-9.37433e-05,-1.33919e-05,0.29974,-0.203799,-0.000151939,-0.0995687,-7.6699e-05,8.03514e-05,0.299544,-0.203799,0.000237489,0.000254446,0.000969856,-0.000483498,0.00268447,-0.000778975,-0.0020493,0.00969524,-2.39685e-05,0.0294218,0.0072634,0.00245677,0.000191748,-0.00165382,0.0108218,-0.0119483,0.0387637,-0.00954903,-0.1,0,0,0.3,-0.2,0,-0.1,0,0,0.3,-0.2,0,0,0,0,0,0,0,0,0,0,0,0,0,0,0,0,0,0,-0.559304,0.0878906,0.447443,0.439453,0.0881365,-0.052738,-0.671165,-0.263672,-0.167791,1.8457,0.174756,-0.419792,-0.671165,-1.92838,1.1604,-2.25,0.4375,0.1875,-2.125,-0.0625,-0.605469,-0.117188,-1.8125,-0.3125,0.25,-2,0.0625,-0.742188,0.214844,-0.0160741,0.0257368,0.0321941,0.126293,0.156852,0.00882958,0.0340119,0.0076699,-0.1006,0.133877,0.147067,-0.017699,-0.0557639,-0.264807,0.154301,-0.250039,0.0901693,0.120873,-0.50317,0.00201335,-0.582545,-0.14625,-0.236473,-0.0161068,0.094963,-0.55336,0.266577,-0.77331,0.182145
55.18,-0.0995152,-0.000153398,-4.01757e-05,0.299757,-0.203803,-0.00013055,-0.0995554,-8.52212e-05,8.03514e-05,0.299569,-0.203799,0.000208978,0.000227662,0.000947167,-0.000497966,0.00269645,-0.00076699,-0.00206129,0.00968325,-1.19842e-05,0.0294218,0.0072634,0.00245677,0.000215716,-0.00162985,0.0108218,-0.0119483,0.038756,-0.00954903,-0.1,0,0,0.3,-0.2,0,-0.1,0,0,0.3,-0.2,0,0,0,0,0,0,0,0,0,0,0,0,0,0,0,0,0,0,-1.11861,0,0.279652,0.527344,0.0884399,-0.157792,-0.503374,0,-0.783026,0.439453,0.174756,-0.419792,-0.447443,-2.02742,1.00511,-2.25,0.4375,0.1875,-2.0625,-0.0625,-0.605469,-0.107422,-1.8125,-0.3125,0.25,-1.9375,0.125,-0.742188,0.224609,0.0749373,0.0317023,0.0451575,0.00374418,0.139009,-0.00576726,-0.00332516,0.0183396,-0.198307,-0.0335827,0.158381,0.035428,-0.0528712,-0.26091,0.160498,-0.278849,0.0674952,0.0723847,-0.462687,0.0109775,-0.58549,-0.14625,-0.242609,-0.0246396,0.102968,-0.519612,0.258907,-0.765303,0.189017
55.24,-0.0994348,-0.000136354,-1.33919e-05,0.299757,-0.203815,-0.000109204,-0.0995821,-8.52212e-05,4.01757e-05,0.299535,-0.203782,0.000251712,0.000254446,0.000962324,-0.000507633,0.00268447,-0.00076699,-0.00198938,0.00968325,-4.79369e-05,0.0294218,0.0072634,0.00245677,0.000239685,-0.001522,0.0108098,-0.0119363,0.0387637,-0.0095567,-0.1,0,0,0.3,-0.2,0,-0.1,0,0,0.3,-0.2,0,0,0,0,0,0,0,0,0,0,0,0,0,0,0,0,0,0,-1.34233,0,0.167791,0.966797,0.176273,-0.105476,-0.615234,-0.263672,-0.167791,2.02148,-0.000910383,-0.315161,-0.615234,-2.02742,1.00511,-2.25,0.4375,0.1875,-2.0625,-0.125,-0.615234,-0.107422,-1.8125,-0.3125,0.1875,-2,0.125,-0.742188,0.224609,-0.0205205,0.0136354,-0.14265,0.0582857,0.152659,0.0207954,-0.0417866,0.0150671,-0.0143025,0.151518,0.115312,-0.00996463,-0.0557639,-0.250876,0.135577,-0.259243,0.079767,0.0779933,-0.481095,-0.000575243,-0.58549,-0.145268,-0.251813,-0.0209005,0.0392843,-0.555828,0.243328,-0.785091,0.198988
55.28,-0.099408,-0.000144876,-2.67838e-05,0.299774,-0.20382,-0.000116344,-0.0995286,-7.6699e-05,4.01757e-05,0.299561,-0.203799,0.000223233,0.000267838,0.000947213,-0.000526936,0.00268447,-0.000743022,-0.00200137,0.00968325,-2.39685e-05,0.0294218,0.0072634,0.00245677,0.000203732,-0.00155795,0.0108337,-0.0119483,0.038756,-0.00954903,-0.1,0,0,0.3,-0.2,0,-0.1,0,0,0.3,-0.2,0,0,0,0,0,0,0,0,0,0,0,0,0,0,0,0,0,0,-0.671165,-0.175781,0.223722,0.703125,0.0881365,-0.052738,-1.11861,0.0878906,0.111861,1.40625,0.0869226,-0.367476,-1.17454,-1.9779,1.08275,-2.25,0.4375,0.1875,-2.0625,-0.0625,-0.605469,-0.107422,-1.8125,-0.3125,0.1875,-2,0.0625,-0.742188,0.214844,-0.0591964,0.0406675,-0.0796014,0.0993619,0.157727,0.0183573,-0.0471435,0.0534848,-0.0657274,0.142229,0.173165,0.00469866,-0.100921,-0.246349,0.145076,-0.265379,0.086574,0.0724566,-0.481095,0.00814927,-0.581563,-0.148213,-0.251813,-0.032645,0.0686936,-0.541687,0.246635,-0.761376,0.189999
55.34,-0.0993411,-5.96548e-05,-8.03514e-05,0.299774,-0.203828,-0.000130642,-0.0995018,-5.96548e-05,4.01757e-05,0.29951,-0.20379,0.000237464,0.000227662,0.000924555,-0.000560717,0.00267248,-0.00076699,-0.00207327,0.00970722,-2.39685e-05,0.0294294,0.0072634,0.00245677,0.000179763,-0.00166581,0.0108457,-0.0119363,0.0387637,-0.00956437,-0.1,0,0,0.3,-0.2,0,-0.1,0,0,0.3,-0.2,0,0,0,0,0,0,0,0,0,0,0,0,0,0,0,0,0,0,-1.51012,-0.439453,0.167791,0,0.176273,-0.105476,-0.503374,-0.175781,-0.111861,2.90039,0.0869226,-0.367476,-0.727095,-1.82955,1.00543,-2.25,0.4375,0.1875,-2.0625,-0.125,-0.585938,-0.117188,-1.8125,-0.3125,0.1875,-2,0.125,-0.742188,0.224609,-0.0658922,-0.0529394,0.0286051,-0.0206295,0.161312,0.00798715,-0.0343946,-0.0333044,-0.13258,0.286254,0.159763,-0.00130854,0.0242661,-0.259917,0.164495,-0.267248,0.0705631,0.0821878,-0.485361,-0.00412257,-0.588588,-0.149195,-0.261016,-0.0179763,0.0679506,-0.542286,0.252532,-0.786073,0.209941
55.38,-0.0994348,-0.000102265,-6.69595e-05,0.29974,-0.203803,-0.000144806,-0.0995152,-7.6699e-05,4.01757e-05,0.299535,-0.203799,0.000223233,0.000254446,0.000924555,-0.000560717,0.00267248,-0.00076699,-0.00208526,0.00968325,-1.19842e-05,0.0294294,0.00727107,0.00245677,0.000203732,-0.00166581,0.0108337,-0.0119363,0.0387637,-0.00954903,-0.1,0,0,0.3,-0.2,0,-0.1,0,0,0.3,-0.2,0,0,0,0,0,0,0,0,0,0,0,0,0,0,0,0,0,0,-0.894886,-0.175781,0.447443,0.439453,0.176273,-0.105476,-0.894886,-0.175781,0,2.37305,0.174756,-0.419792,-0.894886,-1.9779,1.08275,-2.25,0.4375,0.1875,-2.0625,-0.0625,-0.605469,-0.107422,-1.8125,-0.3125,0.1875,-2,0.125,-0.732422,0.224609,-0.0822303,0.0102265,0.0426934,-0.0209696,0.165241,0.027733,-0.0947648,0.00112492,0.0165524,0.113339,0.148549,0.0458376,-0.0917613,-0.262815,0.158935,-0.254976,0.076699,0.110399,-0.456551,0.00484163,-0.592515,-0.153275,-0.245677,-0.0234411,0.0679506,-0.541687,0.238726,-0.774292,0.189999
55.44,-0.099475,-5.11327e-05,-5.35676e-05,0.299757,-0.203833,-0.000123526,-0.0994884,-7.6699e-05,5.35676e-05,0.299544,-0.203773,0.000208904,0.000348189,0.000909397,-0.00055105,0.0026605,-0.000790959,-0.00214518,0.00971921,-3.59527e-05,0.0294218,0.00725573,0.00245677,0.000179763,-0.00176168,0.0108098,-0.0119363,0.0387637,-0.0095567,-0.1,0,0,0.3,-0.2,0,-0.1,0,0,0.3,-0.2,0,0,0,0,0,0,0,0,0,0,0,0,0,0,0,0,0,0,-0.838956,0,0.167791,0.351562,0.0881365,-0.052738,-0.783026,0,-0.167791,1.66992,0.174756,-0.419792,-0.727095,-1.92838,1.1604,-2.25,0.5,0.1875,-2,-0.0625,-0.605469,-0.107422,-1.8125,-0.25,0.25,-2,0.0625,-0.732422,0.224609,0.0452075,0.0214757,-0.0409256,0.0255608,0.14192,0.0295489,-0.148868,0.0502123,-0.00535676,0.106607,0.152594,-0.0220503,-0.176452,-0.252477,0.170863,-0.26605,0.0760279,0.0796472,-0.48596,0.0145249,-0.584508,-0.138242,-0.245677,0.0280431,0.106492,-0.540489,0.266337,-0.768402,0.191134
55.48,-0.0995955,-5.96548e-05,-6.69595e-05,0.299748,-0.203828,-0.000130642,-0.0994482,-9.37433e-05,-1.33919e-05,0.299561,-0.203803,0.000230373,0.000361581,0.000901819,-0.000546216,0.00262455,-0.00076699,-0.00212121,0.00967127,-3.59527e-05,0.0294218,0.00725573,0.00245677,0.000203732,-0.00171374,0.0108098,-0.0119243,0.0387637,-0.00954903,-0.1,0,0,0.3,-0.2,0,-0.1,0,0,0.3,-0.2,0,0,0,0,0,0,0,0,0,0,0,0,0,0,0,0,0,0,-1.06268,0,0.111861,0.878906,0.0881365,-0.052738,-0.615234,0,0.279652,2.72461,0.0869226,-0.367476,-0.503374,-2.02742,1.00511,-2.25,0.5,0.1875,-2.0625,-0.0625,-0.585938,-0.107422,-1.8125,-0.3125,0.1875,-2,0.0625,-0.742188,0.214844,-0.0455902,-0.000579504,0.0581208,0.11956,0.158056,0.0134535,0.0065316,0.0224643,0.063049,0.0713247,0.165131,0.018126,-0.0776194,-0.285085,0.165729,-0.262455,0.0736311,0.10606,-0.495835,0.000719053,-0.584508,-0.141188,-0.27022,-0.038781,0.0795513,-0.531285,0.238486,-0.777237,0.176254
55.54,-0.0996223,-4.26106e-05,-8.03514e-05,0.299765,-0.203828,-0.000102113,-0.099475,-9.37433e-05,0,0.299552,-0.20379,0.000237464,0.000321406,0.000916929,-0.000526914,0.00267248,-0.00076699,-0.00212121,0.00967127,-5.99211e-05,0.0294218,0.00725573,0.00245677,0.000179763,-0.00177367,0.0108098,-0.0119243,0.0387637,-0.00957204,-0.1,0,0,0.3,-0.2,0,-0.1,0,0,0.3,-0.2,0,0,0,0,0,0,0,0,0,0,0,0,0,0,0,0,0,0,-0.894886,-0.263672,0.447443,0.615234,0.176273,-0.105476,-0.894886,-0.175781,0.111861,1.49414,-0.000910383,-0.315161,-1.00675,-1.78014,0.927939,-2.25,0.5,0.25,-2.0625,-0.0625,-0.605469,-0.107422,-1.8125,-0.25,0.1875,-2,0.125,-0.732422,0.224609,-0.114907,0.00753355,0.0286051,0.0460989,0.164565,0.0013797,-0.160492,0.0322818,-0.010285,0.110782,0.135186,0.0234031,-0.137562,-0.2373,0.167318,-0.270316,0.0674952,0.10606,-0.471292,0.0196062,-0.586472,-0.145115,-0.251813,-0.0118404,0.0856153,-0.528217,0.244622,-0.780183,0.205185
55.58,-0.0998098,-0.000110787,-5.35676e-05,0.299757,-0.203824,-0.000109229,-0.0995687,-7.6699e-05,5.35676e-05,0.299544,-0.203799,0.000223233,0.000401757,0.000909242,-0.000454486,0.00270843,-0.000790959,-0.00226502,0.00970722,-3.59527e-05,0.0294218,0.00724806,0.00252867,0.000179763,-0.00190549,0.0108697,-0.0119123,0.0387714,-0.0095567,-0.1,0,0,0.3,-0.2,0,-0.1,0,0,0.3,-0.2,0,0,0,0,0,0,0,0,0,0,0,0,0,0,0,0,0,0,-0.838956,0.0878906,0.279652,0.615234,0.0881365,-0.052738,-0.615234,-0.175781,-0.0559304,1.49414,0.0869226,-0.367476,-0.894886,-1.82977,0.695158,-2.25,0.5,0.1875,-2,-0.0625,-0.605469,-0.107422,-1.875,-0.25,0.1875,-2,0.125,-0.742188,0.224609,-0.00359312,0.0438037,0.0670666,0.0582857,0.151411,0.0399568,-0.0328405,0.0076699,-0.0619241,0.0138861,0.138795,0.0239629,0.0234626,-0.26406,0.141902,-0.270843,0.100572,0.110183,-0.454682,0.00378702,-0.581563,-0.12729,-0.246731,0.000431431,0.0952746,-0.555756,0.229043,-0.776409,0.195061
55.64,-0.0998098,-3.40885e-05,-5.35676e-05,0.29974,-0.203828,-0.000102113,-0.0993009,-7.6699e-05,2.67838e-05,0.299578,-0.203795,0.000244604,0.000482108,0.000848768,-0.000512382,0.00257661,-0.000790959,-0.00224105,0.00963532,-7.19053e-05,0.0294218,0.00727107,0.00248073,0.000167779,-0.00210922,0.0107978,-0.0119243,0.038756,-0.00956437,-0.1,0,0,0.3,-0.2,0,-0.1,0,0,0.3,-0.2,0,0,0,0,0,0,0,0,0,0,0,0,0,0,0,0,0,0,0,-0.263672,0.279652,0.439453,0.176273,-0.105476,-1.67791,-0.175781,0.167791,2.19727,0.174756,-0.419792,-1.34233,-1.78014,0.927939,-2.1875,0.5,0.1875,-2.0625,-0.125,-0.605469,-0.107422,-1.8125,-0.25,0.1875,-1.9375,0.0625,-0.732422,0.214844,0.0786867,-0.00313614,0.0362117,0.00630122,0.161309,0.00684601,-0.0647671,0.0371223,-0.0952432,0.0578594,0.161588,-0.00981249,-0.165202,-0.245906,0.151854,-0.269933,0.0882998,0.0997807,-0.469494,0.00143811,-0.589417,-0.156221,-0.248073,-0.0382536,0.105461,-0.539889,0.246156,-0.773157,0.196196
55.68,-0.0998232,-4.26106e-05,-5.35676e-05,0.29974,-0.203824,-0.000109229,-0.0994616,-8.52212e-05,5.35676e-05,0.299501,-0.203782,0.000194673,0.0004955,0.000871411,-0.000468944,0.00274439,-0.000826912,-0.00233692,0.00970722,-3.59527e-05,0.0294294,0.00725573,0.0025047,0.000131826,-0.00239685,0.0108457,-0.0119363,0.0387637,-0.00956437,-0.1,0,0,0.3,-0.2,0,-0.1,0,0,0.3,-0.2,0,0,0,0,0,0,0,0,0,0,0,0,0,0,0,0,0,0,-1.06268,-0.175781,0.391513,-0.439453,0.176273,-0.105476,-1.17454,-0.263672,0.111861,1.49414,-0.000910383,-0.315161,-1.06268,-1.87907,0.92778,-2.25,0.5,0.1875,-2,-0.0625,-0.605469,-0.107422,-1.875,-0.3125,0.3125,-2,0.0625,-0.751953,0.214844,-0.0331084,0.043531,-0.0820655,-0.0209696,0.146422,0.00435026,-0.0126995,0.0379745,-0.0259267,0.107545,0.138058,0.0470083,-0.184647,-0.2498,0.144383,-0.237623,0.101099,0.119914,-0.439342,0.0191268,-0.601351,-0.156896,-0.247402,-0.0101147,0.141318,-0.548422,0.257134,-0.775274,0.197178
55.74,-0.0998366,-4.26106e-05,-2.67838e-05,0.299748,-0.20382,-0.000144872,-0.0993813,-8.52212e-05,0,0.299578,-0.203812,0.000244653,0.000415149,0.000848721,-0.000483413,0.00269645,-0.000826912,-0.00230097,0.00963532,-5.99211e-05,0.0294218,0.00724806,0.0025047,0.000155795,-0.00238486,0.0107978,-0.0119243,0.038756,-0.00957204,-0.1,0,0,0.3,-0.2,0,-0.1,0,0,0.3,-0.2,0,0,0,0,0,0,0,0,0,0,0,0,0,0,0,0,0,0,-0.447443,-0.263672,0.223722,0.263672,0.0884399,-0.157792,-1.2864,0,-0.0559304,2.02148,0.0869226,-0.367476,-0.671165,-1.82955,1.00543,-2.25,0.5,0.1875,-2.0625,-0.125,-0.605469,-0.107422,-1.875,-0.1875,0.25,-2,0.0625,-0.732422,0.224609,-0.0266271,0.000988565,-0.0230341,0.0704725,0.161025,0.0304594,-0.159581,0.0903344,0.0359974,-0.00759046,0.152462,-0.00978613,-0.00112491,-0.260431,0.145028,-0.269645,0.0734873,0.0905049,-0.469494,0.0165382,-0.595307,-0.148888,-0.28115,0.021236,0.119243,-0.542957,0.229282,-0.768248,0.203222
55.78,-0.0998232,3.40885e-05,-5.35676e-05,0.299748,-0.203811,-0.000130575,-0.099542,-7.6699e-05,4.01757e-05,0.29951,-0.203799,0.00028029,0.000361581,0.00081836,-0.00043511,0.00280431,-0.00085088,-0.00231296,0.00970722,-2.39685e-05,0.0294294,0.00724039,0.00251669,0.000131826,-0.00237288,0.0108457,-0.0119363,0.0387637,-0.0095567,-0.1,0,0,0.3,-0.2,0,-0.1,0,0,0.3,-0.2,0,0,0,0,0,0,0,0,0,0,0,0,0,0,0,0,0,0,-0.223722,0.0878906,0.335582,0.263672,0.0881365,-0.052738,-0.503374,0,0.167791,1.49414,-0.00151731,-0.525268,-0.503374,-1.82955,1.00543,-2.3125,0.5,0.1875,-2.0625,-0.125,-0.605469,-0.107422,-1.875,-0.3125,0.25,-2,0.0625,-0.732422,0.224609,0.0543139,0.0587685,-0.0512106,0.0650184,0.150876,0.0298591,-0.102371,0.0273049,0.0114099,0.138992,0.153609,-0.01943,-0.0261946,-0.236783,0.128673,-0.274295,0.0789521,0.100308,-0.473089,-0.00719053,-0.594479,-0.146771,-0.260873,-0.0101147,0.100236,-0.548422,0.243328,-0.766438,0.197024
55.84,-0.0995687,-3.40885e-05,-8.03514e-05,0.299757,-0.203824,-9.49732e-05,-0.0996491,-7.6699e-05,5.35676e-05,0.299535,-0.203803,0.000216118,0.00028123,0.000841111,-0.000459267,0.00270843,-0.000802943,-0.00225303,0.0096473,0,0.0294218,0.00724806,0.00249272,0.000119842,-0.00234891,0.0108098,-0.0119363,0.0387714,-0.00954903,-0.1,0,0,0.3,-0.2,0,-0.1,0,0,0.3,-0.2,0,0,0,0,0,0,0,0,0,0,0,0,0,0,0,0,0,0,-0.838956,-0.175781,0.559304,0.263672,0.176273,-0.105476,-0.447443,0,0.223722,2.19727,0.0869226,-0.367476,-0.503374,-1.87907,0.92778,-2.3125,0.5,0.1875,-2.125,-0.0625,-0.585938,-0.117188,-1.875,-0.1875,0.1875,-2,0.125,-0.732422,0.224609,-0.104835,0.00995383,0.05946,0.0310149,0.156241,0.00928412,-0.0556607,0.0273049,0.00492822,0.0478895,0.171733,-0.00870137,-0.0380865,-0.261058,0.13964,-0.264708,0.0802943,0.103448,-0.506909,0,-0.589417,-0.148888,-0.255408,-0.00278034,0.108242,-0.555828,0.260201,-0.786227,0.176254
55.88,-0.0995955,-0.000102265,-5.35676e-05,0.299757,-0.203837,-0.000116411,-0.0997027,-9.37433e-05,4.01757e-05,0.299561,-0.203803,0.000230373,0.000254446,0.000894038,-0.00041585,0.00279232,-0.00076699,-0.0022051,0.00971921,-4.79369e-05,0.0294448,0.00724806,0.00251669,0.000179763,-0.00234891,0.0108577,-0.0119243,0.0387714,-0.00954903,-0.1,0,0,0.3,-0.2,0,-0.1,0,0,0.3,-0.2,0,0,0,0,0,0,0,0,0,0,0,0,0,0,0,0,0,0,-0.838956,0,0.335582,0.351562,0,0,-0.391513,-0.175781,-0.167791,1.8457,0.174756,-0.419792,-0.615234,-1.92859,0.850133,-2.3125,0.5,0.1875,-2.0625,-0.125,-0.605469,-0.107422,-1.875,-0.25,0.3125,-2,0.0625,-0.742188,0.214844,-0.0198778,0.0593139,-0.0152132,-0.0344349,0.155139,0.0183505,-0.0297338,0.00610183,0.0268374,-0.0104876,0.148812,0.00722176,-0.0506214,-0.274008,0.113635,-0.266961,0.0705631,0.110255,-0.492096,0.00556068,-0.60853,-0.145943,-0.257805,0.000431431,0.108242,-0.561293,0.261496,-0.778373,0.184108
55.94,-0.0995152,-0.000102265,-2.67838e-05,0.299757,-0.20382,-0.000116344,-0.0995687,-7.6699e-05,6.69595e-05,0.299569,-0.203794,0.000216093,0.000267838,0.000947089,-0.000449685,0.00270843,-0.000790959,-0.00214518,0.00965929,-2.39685e-05,0.0294218,0.00724806,0.00248073,0.000155795,-0.00231296,0.0107978,-0.0119363,0.0387637,-0.0095567,-0.1,0,0,0.3,-0.2,0,-0.1,0,0,0.3,-0.2,0,0,0,0,0,0,0,0,0,0,0,0,0,0,0,0,0,0,-1.11861,0,0.223722,0.263672,0.176273,-0.105476,-0.503374,-0.175781,-0.391513,1.8457,-0.0890469,-0.367899,-1.00675,-2.07694,0.927462,-2.3125,0.5,0.1875,-2.0625,-0.0625,-0.605469,-0.117188,-1.8125,-0.3125,0.1875,-2,0.125,-0.732422,0.224609,-0.0484824,0.013499,-0.0847439,0.0855565,0.164278,0.0238519,-0.0791229,0.0076699,0.0447289,0.0318671,0.141879,0.0297148,-0.126634,-0.295773,0.146038,-0.276979,0.115911,0.0796472,-0.486032,0.00968325,-0.589417,-0.150852,-0.23887,-0.0370552,0.0849682,-0.533753,0.249464,-0.775274,0.191134
55.98,-0.0995018,-0.00011931,-4.01757e-05,0.29974,-0.20382,-0.000144872,-0.0995687,-0.000102265,5.35676e-05,0.299552,-0.203795,0.000230349,0.000321406,0.00102288,-0.00049802,0.00276836,-0.000755006,-0.00209724,0.00968325,0,0.0294218,0.00724039,0.00249272,0.000179763,-0.00231296,0.0108218,-0.0119483,0.0387637,-0.00954136,-0.1,0,0,0.3,-0.2,0,-0.1,0,0,0.3,-0.2,0,0,0,0,0,0,0,0,0,0,0,0,0,0,0,0,0,0,-1.2864,-0.175781,0,0.878906,0.0881365,-0.052738,-0.838956,0,-0.335582,1.58203,-0.000910383,-0.315161,-0.559304,-2.17598,0.772168,-2.3125,0.4375,0.1875,-2.0625,-0.0625,-0.605469,-0.107422,-1.8125,-0.3125,0.1875,-2,0.0625,-0.742188,0.224609,-0.0241096,-0.00115901,0.0143025,0.0881135,0.130016,0.0495348,-0.104835,0.0102265,-0.0876366,0.0671491,0.128792,0.0346581,-0.132419,-0.312665,0.141994,-0.249224,0.0939084,0.101794,-0.484163,0.00306796,-0.584508,-0.137936,-0.230864,-0.0670637,0.103376,-0.556428,0.245101,-0.774292,0.181991
56.04,-0.0994348,-0.000196009,0,0.2998,-0.20382,-0.000144872,-0.0995152,-0.000110787,6.69595e-05,0.299552,-0.203803,0.000244629,0.000254446,0.00113651,-0.000541553,0.00272042,-0.000731038,-0.00202533,0.00968325,-2.39685e-05,0.0294218,0.00724806,0.00249272,0.000215716,-0.00219311,0.0108218,-0.0119363,0.0387714,-0.0095567,-0.1,0,0,0.3,-0.2,0,-0.1,0,0,0.3,-0.2,0,0,0,0,0,0,0,0,0,0,0,0,0,0,0,0,0,0,-1.17454,0.263672,0.111861,-0.878906,0.000303461,-0.105054,-0.894886,-0.175781,0.167791,1.8457,0.0869226,-0.367476,-0.894886,-2.37363,1.08212,-2.3125,0.4375,0.1875,-2.0625,0,-0.605469,-0.117188,-1.8125,-0.3125,0.1875,-1.9375,0.0625,-0.742188,0.214844,-0.00509299,0.00978339,-0.0154275,-0.0626441,0.154435,0.00853749,-0.0639099,0.0503487,-0.0426934,0.18714,0.140555,0.0422675,-0.0403364,-0.340965,0.169882,-0.247498,0.0669679,0.101267,-0.514842,0.0112172,-0.584508,-0.153797,-0.26768,0.0183119,0.0789761,-0.52268,0.258668,-0.7823,0.195061
56.08,-0.099475,-0.000136354,-1.33919e-05,0.299757,-0.203816,-0.000123459,-0.0994616,-0.000102265,6.69595e-05,0.299561,-0.203795,0.000244604,0.000294622,0.00113653,-0.000551209,0.00275637,-0.000707069,-0.00203732,0.00968325,-5.99211e-05,0.0294294,0.00724039,0.00248073,0.000215716,-0.00225303,0.0108218,-0.0119483,0.0387637,-0.00954903,-0.1,0,0,0.3,-0.2,0,-0.1,0,0,0.3,-0.2,0,0,0,0,0,0,0,0,0,0,0,0,0,0,0,0,0,0,-1.11861,-0.175781,0.167791,0.351562,0.176273,-0.105476,-1.11861,-0.175781,0.279652,1.58203,0.0866192,-0.47253,-0.503374,-2.2747,1.08228,-2.3125,0.4375,0.1875,-2.125,-0.0625,-0.605469,-0.107422,-1.8125,-0.3125,0.1875,-2,0.0625,-0.742188,0.224609,-0.0524998,0.0169079,-0.0603707,-0.0235266,0.151006,0.0131473,-0.100122,0.00368155,0.0807263,-0.0104876,0.14699,-0.0563139,-0.0883865,-0.335149,0.169067,-0.287909,0.0369594,0.132546,-0.484163,0.00733435,-0.596442,-0.132045,-0.251141,-0.00929976,0.0789041,-0.541088,0.243567,-0.771347,0.190981
56.14,-0.0993813,-0.000187487,-1.33919e-05,0.299757,-0.203811,-0.000130575,-0.099475,-0.000102265,6.69595e-05,0.299544,-0.20382,0.000187656,0.00028123,0.00115171,-0.000580189,0.00272042,-0.000707069,-0.00202533,0.00968325,-2.39685e-05,0.0294294,0.00725573,0.00246875,0.000215716,-0.0022051,0.0108457,-0.0119483,0.0387637,-0.0095567,-0.1,0,0,0.3,-0.2,0,-0.1,0,0,0.3,-0.2,0,0,0,0,0,0,0,0,0,0,0,0,0,0,0,0,0,0,-1.51012,0,-0.0559304,0.175781,-0.087833,-0.0523155,-1.00675,-0.175781,-0.0559304,2.37305,0.0872261,-0.262423,-0.447443,-2.37363,1.08212,-2.3125,0.4375,0.1875,-2.0625,-0.0625,-0.605469,-0.117188,-1.875,-0.3125,0.1875,-2,0.125,-0.742188,0.224609,-0.082444,0.0580186,0.00133919,0.0364691,0.14271,0.0325734,-0.0987822,0.0102265,-0.0529783,0.00297777,0.157549,0.0554507,-0.146079,-0.328077,0.177752,-0.262838,0.061503,0.0889949,-0.481095,-0.00105461,-0.592515,-0.145115,-0.246875,-9.58741e-05,0.113323,-0.548422,0.23283,-0.774292,0.203897
56.18,-0.0993813,-0.000136354,-1.33919e-05,0.299774,-0.203824,-9.49732e-05,-0.0994884,-8.52212e-05,4.01757e-05,0.299561,-0.203816,0.000237538,0.00028123,0.00112148,-0.000609137,0.00270843,-0.000707069,-0.00200137,0.00967127,-5.99211e-05,0.0294218,0.00725573,0.00246875,0.000239685,-0.00224105,0.0108098,-0.0119243,0.038756,-0.0095567,-0.1,0,0,0.3,-0.2,0,-0.1,0,0,0.3,-0.2,0,0,0,0,0,0,0,0,0,0,0,0,0,0,0,0,0,0,-1.34233,0,0.335582,0.263672,0.0881365,-0.052738,-1.11861,-0.175781,0.111861,1.40625,0.0869226,-0.367476,-0.503374,-2.2747,1.08228,-2.3125,0.4375,0.25,-2.125,-0.0625,-0.585938,-0.107422,-1.8125,-0.3125,0.1875,-2,0.0625,-0.742188,0.224609,-0.00530672,-0.00272708,-0.0398007,0.0230038,0.15628,0.0257114,-0.0511609,0.00524962,-0.0708699,0.114958,0.14444,-0.00126428,-0.0123741,-0.310239,0.15862,-0.258572,0.0737749,0.121544,-0.492767,0.00733435,-0.584508,-0.152969,-0.265283,-0.00249272,0.112053,-0.540489,0.235418,-0.766285,0.200951
56.24,-0.0993143,-8.52212e-05,-4.01757e-05,0.29974,-0.203815,-0.000109204,-0.0994616,-7.6699e-05,2.67838e-05,0.299544,-0.203816,0.000180516,0.000254446,0.00109876,-0.000604293,0.0027324,-0.000743022,-0.00206129,0.00971921,-2.39685e-05,0.0294371,0.00724806,0.00248073,0.000203732,-0.00228899,0.0108337,-0.0119603,0.0387637,-0.00954903,-0.1,0,0,0.3,-0.2,0,-0.1,0,0,0.3,-0.2,0,0,0,0,0,0,0,0,0,0,0,0,0,0,0,0,0,0,-0.894886,-0.175781,0.167791,-0.615234,0.0881365,-0.052738,-0.894886,0,0.838956,1.40625,0.174756,-0.419792,-0.335582,-2.27459,1.23741,-2.3125,0.4375,0.1875,-2.0625,-0.0625,-0.585938,-0.107422,-1.8125,-0.3125,0.1875,-2,0.0625,-0.742188,0.224609,-0.0582857,0.0281571,0.040015,-0.0209696,0.133005,0.0043115,-0.00755699,0.0142149,0.0127491,0.0575193,0.17056,0.0118925,-0.0711913,-0.309249,0.164587,-0.264036,0.086574,0.0969284,-0.492096,-0.00258859,-0.598559,-0.144961,-0.257277,0.00723847,0.102178,-0.557027,0.234603,-0.775274,0.189017
56.3,-0.099408,-6.81769e-05,-5.35676e-05,0.299782,-0.20382,-0.000116344,-0.0995018,-7.6699e-05,-1.33919e-05,0.299552,-0.203799,0.000251744,0.000254446,0.00103824,-0.000633219,0.00272042,-0.000743022,-0.00206129,0.00968325,-4.79369e-05,0.0294294,0.00725573,0.00248073,0.000215716,-0.002277,0.0108218,-0.0119363,0.038779,-0.0095567,-0.1,0,0,0.3,-0.2,0,-0.1,0,0,0.3,-0.2,0,0,0,0,0,0,0,0,0,0,0,0,0,0,0,0,0,0,-1.34233,0,0.223722,-0.263672,0.0881365,-0.052738,-1.06268,0,0.279652,1.49414,0.0866192,-0.47253,-0.894886,-2.17555,1.3927,-2.3125,0.4375,0.1875,-2.0625,-0.125,-0.605469,-0.117188,-1.8125,-0.3125,0.1875,-2,0.125,-0.732422,0.224609,-0.0283414,0.0329976,0.0516392,0.0217252,0.146305,0.0265379,-0.049822,0.0240324,-0.0655132,0.0671491,0.152018,-0.0374485,-0.163756,-0.276608,0.204773,-0.27511,0.0344187,0.115336,-0.493367,0.00249272,-0.596442,-0.151987,-0.266481,-0.0185036,0.107714,-0.55336,0.249464,-0.788343,0.197024
56.34,-0.0993545,-5.11327e-05,-5.35676e-05,0.299757,-0.203815,-0.000109204,-0.0995554,-7.6699e-05,1.33919e-05,0.29951,-0.203795,0.000244604,0.000227662,0.00102308,-0.000623552,0.00274439,-0.00076699,-0.00216914,0.00970722,-3.59527e-05,0.0294294,0.00724806,0.00249272,0.000155795,-0.00234891,0.0108697,-0.0119363,0.0387637,-0.0095567,-0.1,0,0,0.3,-0.2,0,-0.1,0,0,0.3,-0.2,0,0,0,0,0,0,0,0,0,0,0,0,0,0,0,0,0,0,-1.45419,-0.263672,0.279652,0.0878906,0.176273,-0.105476,-0.503374,-0.175781,0,1.93359,0.174756,-0.419792,-0.615234,-2.22518,1.15992,-2.3125,0.5,0.1875,-2.0625,-0.0625,-0.605469,-0.117188,-1.8125,-0.25,0.3125,-2,0.0625,-0.742188,0.224609,-0.151975,0.0182032,-0.0820655,0.0419233,0.154247,0.00163501,-0.05475,0.0240324,-0.0579066,0.160808,0.153449,-0.0234783,-0.0682987,-0.283654,0.179633,-0.249895,0.0736311,0.145273,-0.485361,0.0129909,-0.592515,-0.148888,-0.240068,0.00282828,0.120513,-0.56496,0.238726,-0.776256,0.192116
56.4,-0.0994884,-8.52212e-05,-8.03514e-05,0.299765,-0.203803,-0.000144806,-0.0995955,-7.6699e-05,9.37433e-05,0.299535,-0.20379,0.000251737,0.000321406,0.00100034,-0.000609052,0.00270843,-0.000778975,-0.00212121,0.0096473,-2.39685e-05,0.0294218,0.00724039,0.00249272,0.000191748,-0.00232494,0.0108218,-0.0119363,0.0387637,-0.00954903,-0.1,0,0,0.3,-0.2,0,-0.1,0,0,0.3,-0.2,0,0,0,0,0,0,0,0,0,0,0,0,0,0,0,0,0,0,-1.67791,-0.263672,0.279652,0.439453,0.000303461,-0.105054,-0.838956,-0.263672,-0.391513,1.58203,-0.000910383,-0.315161,-1.39826,-2.17566,1.23757,-2.3125,0.4375,0.1875,-2.125,-0.0625,-0.605469,-0.117188,-1.8125,-0.25,0.25,-1.9375,0.0625,-0.742188,0.224609,-0.00487851,-0.00456785,0.0440326,-0.0302593,0.148843,0.00578278,-0.0404477,0.0207599,-0.0505142,0.211514,0.125367,0.0283363,-0.178701,-0.308815,0.17716,-0.270843,0.0901693,0.10606,-0.488501,0.00354733,-0.58549,-0.135972,-0.258476,-0.0222427,0.119315,-0.531884,0.235658,-0.778219,0.189999
56.44,-0.0995152,-3.40885e-05,-5.35676e-05,0.299757,-0.203799,-0.000151939,-0.0995955,-7.6699e-05,1.33919e-05,0.299501,-0.203803,0.000201862,0.000241054,0.00100026,-0.00056077,0.00275637,-0.000778975,-0.00215716,0.00968325,-1.19842e-05,0.0294218,0.00724039,0.00249272,0.000167779,-0.00234891,0.0108457,-0.0119363,0.0387637,-0.00954903,-0.1,0,0,0.3,-0.2,0,-0.1,0,0,0.3,-0.2,0,0,0,0,0,0,0,0,0,0,0,0,0,0,0,0,0,0,-0.894886,-0.175781,-0.0559304,-0.175781,0,0,-1.00675,-0.175781,-0.111861,2.54883,0.174756,-0.419792,-0.447443,-2.07683,1.0826,-2.25,0.4375,0.1875,-2.0625,-0.0625,-0.605469,-0.107422,-1.875,-0.25,0.1875,-2,0.125,-0.742188,0.224609,-0.0433399,0.000136354,-0.0152132,0.0201066,0.138932,0.0334185,-0.143297,0.0174874,-0.0579066,0.156633,0.157041,-0.0163023,-0.000321403,-0.291343,0.158955,-0.266433,0.0809654,0.107858,-0.474959,-0.0012943,-0.586472,-0.139899,-0.255408,-0.010642,0.114377,-0.548422,0.226454,-0.771347,0.190981
56.5,-0.0995955,-7.6699e-05,-5.35676e-05,0.299757,-0.203799,-0.000151939,-0.0995821,-8.52212e-05,5.35676e-05,0.299527,-0.203863,0.000259074,0.00028123,0.000985138,-0.000570416,0.00270843,-0.000743022,-0.00207327,0.00967127,-2.39685e-05,0.0294218,0.00724039,0.00248073,0.000191748,-0.00226502,0.0108098,-0.0119123,0.0387637,-0.0095567,-0.1,0,0,0.3,-0.2,0,-0.1,0,0,0.3,-0.2,0,0,0,0,0,0,0,0,0,0,0,0,0,0,0,0,0,0,-0.671165,-0.175781,0.111861,0.263672,0.000303461,-0.105054,-1.00675,0,0.279652,2.37305,0.262589,-0.472107,-0.671165,-2.02742,1.00511,-2.3125,0.4375,0.1875,-2.0625,-0.125,-0.605469,-0.107422,-1.875,-0.3125,0.25,-1.9375,0.0625,-0.742188,0.224609,-0.0455902,0.0109424,-0.0254982,0.101919,0.151929,0.000601795,-0.0829265,0.0314296,-0.0259267,0.0600764,0.187236,-0.0268846,-0.0380865,-0.251936,0.172948,-0.243232,0.0558944,0.0852558,-0.477428,-0.00565655,-0.587453,-0.136954,-0.266481,-0.0191748,0.119387,-0.525149,0.253586,-0.778219,0.198006
56.54,-0.0995955,8.52212e-05,-8.03514e-05,0.29974,-0.203837,-0.000116411,-0.0999973,-0.000110787,6.69595e-05,0.299348,-0.204803,-7.33165e-05,0.000401757,0.00112127,-0.000483604,0.00274439,-0.00076699,-0.00206129,0.00967127,-2.39685e-05,0.0294218,0.00724039,0.00249272,0.000215716,-0.00230097,0.0108098,-0.0119243,0.0387637,-0.0095567,-0.1,0,0,0.3,-0.2,0,-0.1,0,0,0.3,-0.2,0,0,0,0,0,0,0,0,0,0,0,0,0,0,0,0,0,0,-0.615234,-0.351562,0.335582,0.439453,-0.087833,-0.0523155,0.223722,0.0878906,0.391513,1.49414,1.93566,0.00464713,-0.447443,-2.42348,0.539069,-2.3125,0.4375,0.1875,-2.125,-0.0625,-0.605469,-0.0976562,-1.8125,-0.3125,0.1875,-2,0.0625,-0.742188,0.224609,-0.00959278,0.0143853,0.00289265,0.120838,0.164946,0.0183789,0.0562954,0.0601661,0.137294,-0.0712497,0.329335,0.0299148,-0.0845296,-0.339227,0.106149,-0.252963,0.0613592,0.0969284,-0.498903,0.0188871,-0.583526,-0.136954,-0.249272,-0.00316384,0.0935728,-0.549692,0.24769,-0.777237,0.201933
56.6,-0.0991134,6.81769e-05,-8.03514e-05,0.29974,-0.20382,-0.000116344,-0.101403,6.81769e-05,4.01757e-05,0.298836,-0.206479,-0.000510513,0.000200878,0.00146137,-0.000112074,0.00269645,-0.00076699,-0.00221708,0.00968325,-1.19842e-05,0.0294218,0.00723272,0.00252867,0.000179763,-0.00238486,0.0108457,-0.0119243,0.0387714,-0.00954903,-0.1,0,0,0.3,-0.2,0,-0.1,0,0,0.3,-0.2,0,0,0,0,0,0,0,0,0,0,0,0,0,0,0,0,0,0,-1.8457,-0.527344,0.223722,1.31836,0.176273,-0.105476,3.41175,-0.615234,0.223722,3.33984,3.43277,0.480979,-1.06268,-3.16586,-0.00509408,-2.25,0.4375,0.25,-2.0625,-0.0625,-0.605469,-0.117188,-1.875,-0.25,0.3125,-2,0.0625,-0.742188,0.224609,-0.186365,0.0226347,-0.0279623,0.0935677,0.152791,0.00465376,0.340901,-0.0264526,0.0319798,0.272702,0.381554,0.093989,-0.229966,-0.464549,0.0169543,-0.251237,0.0981748,0.113922,-0.468823,0.0140455,-0.58549,-0.141709,-0.262071,0.000431431,0.152991,-0.53615,0.253826,-0.778373,0.182145
56.64,-0.0988322,0.000357929,-0.000147311,0.299765,-0.203811,-0.000116319,-0.101859,0.00131241,-5.35676e-05,0.2987,-0.208815,-0.00149475,-0.000160703,0.00188492,0.000148373,0.00261256,-0.000982706,-0.00274439,0.00970722,-3.59527e-05,0.0294218,0.0067802,0.00260058,0,-0.0029601,0.0108457,-0.0119243,0.0387637,-0.00956437,-0.1,0,0,0.3,-0.2,0,-0.1,0,0,0.3,-0.2,0,0,0,0,0,0,0,0,0,0,0,0,0,0,0,0,0,0,-2.68466,-1.14258,0.391513,0.791016,0.176576,-0.21053,4.4185,-3.86719,0.335582,4.48242,5.76043,1.43204,0.838956,-3.95776,-0.626796,-2.1875,0.625,0.3125,-2.0625,-0.0625,-0.605469,-0.107422,-1.9375,-0.0625,0.25,-1.9375,0.125,-0.742188,0.224609,-0.188776,-0.107788,0.055871,0.204269,0.154091,0.00739537,0.314438,-0.245778,0.0464967,0.205887,0.475904,0.108711,0.0430683,-0.597429,-0.0611781,-0.267392,0.0829308,0.161763,-0.500701,-0.00234891,-0.58549,-0.132659,-0.27233,0.0337476,0.105054,-0.511607,0.249224,-0.775274,0.196196
56.7,-0.0992473,0.00028123,-0.000107135,0.299774,-0.203811,-0.000130575,-0.101725,0.0024288,-0.000857081,0.299041,-0.209507,-0.00202033,8.03514e-05,0.00206631,0.000341402,0.00264851,-0.000994691,-0.00269645,0.00967127,-3.59527e-05,0.0294218,0.00660379,0.00268447,1.19842e-05,-0.00293614,0.0108098,-0.0119363,0.0387637,-0.00956437,-0.1,0,0,0.3,-0.2,0,-0.1,0,0,0.3,-0.2,0,0,0,0,0,0,0,0,0,0,0,0,0,0,0,0,0,0,-2.06942,-0.791016,0.503374,0.439453,0.000303461,-0.105054,4.97781,-5.44922,2.68466,2.28516,5.93909,1.95774,-0.559304,-4.25455,-0.627272,-2.25,0.625,0.25,-2.0625,-0.125,-0.605469,-0.0976562,-2,-0.125,0.25,-2,0.125,-0.732422,0.224609,-0.234684,-0.00521553,-0.0407114,0.104816,0.167077,-0.0303269,0.517031,-0.28215,0.203985,0.171118,0.409447,0.113582,-0.132098,-0.608277,-0.0950114,-0.249512,0.102537,0.134823,-0.47436,0.000719053,-0.58549,-0.132076,-0.277651,0.0049375,0.146807,-0.549692,0.237192,-0.776256,0.205032
56.74,-0.0991,0.000187487,-6.69595e-05,0.299876,-0.204257,0.000303047,-0.101765,0.00411618,-0.00187487,0.299501,-0.209883,-0.00238285,0.000656203,0.0024899,0.000582549,0.00287621,-0.000707069,-0.00224105,0.00968325,-1.19842e-05,0.0294294,0.00660379,0.00267248,0.0002277,-0.0025047,0.0108577,-0.0119483,0.038756,-0.00956437,-0.1,0,0,0.3,-0.2,0,-0.1,0,0,0.3,-0.2,0,0,0,0,0,0,0,0,0,0,0,0,0,0,0,0,0,0,-2.01349,-0.703125,0.223722,-0.351562,1.05764,-0.632856,3.8592,-8.34961,3.97106,0.966797,6.02841,2.22058,-1.67791,-5.04645,-1.24899,-2.4375,0.375,0.1875,-2.0625,-0.0625,-0.585938,-0.107422,-1.9375,-0.375,0.1875,-2,0.0625,-0.742188,0.224609,-0.172277,-0.0416561,-0.0293015,-0.0414214,0.255216,-0.0392551,0.263924,-0.378893,0.187487,-0.0342629,0.372436,0.155614,-0.330566,-0.720783,-0.187763,-0.312165,0.0246875,0.0230816,-0.478027,0.00330765,-0.58957,-0.136984,-0.267248,-0.0534496,0.0301283,-0.558225,0.251237,-0.762358,0.206995
56.8,-0.0998366,-6.81769e-05,-5.35676e-05,0.299936,-0.205175,0.000799489,-0.101591,0.00254811,-0.00158024,0.299672,-0.209836,-0.0023616,0.000830298,0.00154289,0.00112872,0.00309193,-0.000635164,-0.00185755,0.00971921,-2.39685e-05,0.0294294,0.0066268,0.0026605,0.000251669,-0.00221708,0.0108218,-0.0119483,0.038756,-0.00954903,-0.1,0,0,0.3,-0.2,0,-0.1,0,0,0.3,-0.2,0,0,0,0,0,0,0,0,0,0,0,0,0,0,0,0,0,0,-0.111861,0.263672,0.279652,-0.351562,1.9387,-1.05518,2.96431,-4.21875,2.40501,0.615234,5.85129,2.22016,-1.78977,-3.11958,-2.56214,-2.5625,0.3125,0.1875,-2,-0.0625,-0.605469,-0.0976562,-1.9375,-0.3125,0.1875,-2,0.0625,-0.742188,0.224609,0.0659377,0.095175,-0.0203557,-0.0776418,0.285393,-0.0646074,0.0099601,-0.107549,0.132312,-0.0380166,0.396718,0.0889787,-0.259374,-0.398973,-0.357139,-0.296921,0.0635164,0.07447,-0.482892,0.00354733,-0.590552,-0.129591,-0.278322,-0.0497106,0.110854,-0.550292,0.260441,-0.768248,0.192944
56.84,-0.0999705,-0.00230949,0.000977608,0.300814,-0.206272,0.00145226,-0.100961,0.000698813,-0.000468716,0.299868,-0.209676,-0.00216244,0.000348189,0.00121011,0.00125413,0.00287621,-0.000395479,-0.000922785,0.0096473,-2.39685e-05,0.0294218,0.00663447,0.00276836,0.000647148,-0.000647148,0.0108457,-0.0119243,0.0387714,-0.00954903,-0.1,0,0,0.3,-0.2,0,-0.1,0,0,0.3,-0.2,0,0,0,0,0,0,0,0,0,0,0,0,0,0,0,0,0,0,-0.167791,5.27344,-2.40501,-3.51562,2.99634,-1.68804,2.5728,-1.14258,0.950817,1.40625,5.49645,2.0092,-0.838956,-2.17875,-2.4845,-2.375,0.125,0.125,-2.0625,-0.0625,-0.585938,-0.0976562,-2.0625,-0.625,0.0625,-2,0.0625,-0.732422,0.224609,-0.0132347,0.381484,-0.221181,-0.242032,0.312938,-0.0798139,0.204142,-0.0044315,-0.0302657,0.194381,0.346404,0.105781,-0.0478894,-0.261383,-0.396615,-0.238534,0.0272761,0.0154597,-0.463957,-0.00105461,-0.589417,-0.130726,-0.261496,-0.0647148,-0.0474096,-0.563762,0.246156,-0.784263,0.206689
56.9,-0.0999705,-0.00399687,0.00154007,0.301308,-0.206979,0.00198493,-0.100667,-0.00011931,-0.000160703,0.299953,-0.209427,-0.00185657,0.000334797,0.000733628,0.00130719,0.00282828,-0.000371511,-0.000778975,0.00963532,0,0.0294218,0.00661913,0.00276836,0.000671117,0.00141414,0.0108457,-0.0119363,0.0387637,-0.00954136,-0.1,0,0,0.3,-0.2,0,-0.1,0,0,0.3,-0.2,0,0,0,0,0,0,0,0,0,0,0,0,0,0,0,0,0,0,-0.447443,7.91016,-2.90838,-4.83398,3.37166,-2.2142,1.00675,0.175781,0.167791,-0.0878906,5.67234,1.58941,-0.950817,-1.28745,-2.63978,-2.375,0.125,0.1875,-2.125,0,-0.585938,-0.0976562,-2.125,-0.625,0,-2,0.0625,-0.732422,0.214844,-0.00294968,0.432412,-0.0871544,-0.239819,0.309964,-0.0929966,-0.0207344,0.0904708,-0.0199271,0.0288842,0.373862,0.0687966,-0.136437,-0.15329,-0.401419,-0.282828,0.0708987,-0.00400273,-0.481766,-0.0076699,-0.588435,-0.122565,-0.310583,-0.0395,-0.165814,-0.548422,0.238726,-0.774292,0.188864
56.94,-0.100037,-0.00389461,0.00125884,0.301521,-0.207253,0.0020483,-0.101484,-7.6699e-05,-0.000535676,0.299748,-0.209259,-0.00165744,0.000629419,-0.00126305,0.00170277,0.0033436,-0.000395479,-0.000719053,0.00975516,-3.59527e-05,0.0294294,0.00663447,0.0027324,0.000695085,0.00309193,0.0108457,-0.0119363,0.0387637,-0.00953369,-0.1,0,0,0.3,-0.2,0,-0.1,0,0,0.3,-0.2,0,0,0,0,0,0,0,0,0,0,0,0,0,0,0,0,0,0,-0.167791,7.29492,-2.18129,-5.18555,3.54878,-2.21463,2.68466,-0.263672,1.23047,1.58203,5.40651,1.53625,-1.2864,2.52537,-3.80381,-2.75,0.1875,0.125,-2.0625,-0.0625,-0.605469,-0.0976562,-2,-0.6875,-0.0625,-1.9375,0.0625,-0.742188,0.224609,0.00374615,0.389461,-0.125884,-0.200873,0.298258,-0.0791703,0.328365,-0.00542007,0.0689951,0.223189,0.357293,0.0937142,-0.168256,0.422479,-0.534915,-0.306748,0.0763635,0.0298168,-0.478554,0.005321,-0.597424,-0.132689,-0.28858,-0.0664405,-0.182208,-0.542286,0.241794,-0.774292,0.198528
57,-0.0999973,-0.00358781,0.00119188,0.301512,-0.207719,0.0019186,-0.101752,6.81769e-05,-0.000589243,0.299621,-0.209343,-0.00164292,0.00056246,-0.00132356,0.00180891,0.00329566,-0.000251669,-0.000251669,0.00973119,-2.39685e-05,0.0294218,0.00664981,0.00272042,0.000683101,0.00313987,0.0108218,-0.0119123,0.0387637,-0.00954136,-0.1,0,0,0.3,-0.2,0,-0.1,0,0,0.3,-0.2,0,0,0,0,0,0,0,0,0,0,0,0,0,0,0,0,0,0,-0.559304,6.50391,-2.18129,-5.18555,4.25694,-2.11128,5.36932,-0.527344,1.39826,2.54883,5.58332,1.43162,-1.23047,2.42634,-3.80381,-2.75,0.0625,0.125,-2.0625,-0.0625,-0.605469,-0.107422,-2,-0.625,0,-2,0.125,-0.742188,0.224609,0.0511529,0.352236,-0.155185,-0.16687,0.359166,-0.0464804,0.396289,-0.0199077,0.0126419,0.0678293,0.3753,0.0903528,-0.168738,0.388354,-0.55564,-0.329566,0.0190309,0.00951547,-0.474288,0.00814927,-0.58549,-0.139868,-0.27511,-0.0683101,-0.150857,-0.556428,0.248984,-0.777237,0.202608
57.04,-0.100037,-0.00311909,0.00123205,0.301342,-0.208303,0.00156041,-0.101819,0.000144876,-0.000441933,0.299416,-0.210396,-0.00198922,0.000200878,-8.3195e-05,0.00203083,0.00303201,-0.000347543,-0.000491353,0.00971921,-3.59527e-05,0.0294218,0.00661913,0.0027324,0.000635164,0.00307995,0.0108337,-0.0119243,0.0387637,-0.00953369,-0.1,0,0,0.3,-0.2,0,-0.1,0,0,0.3,-0.2,0,0,0,0,0,0,0,0,0,0,0,0,0,0,0,0,0,0,0.335582,5.625,-2.40501,-4.48242,4.69866,-1.74465,3.41175,-0.615234,0.894886,2.72461,7.1789,1.96071,-0.335582,-0.495172,-4.19196,-2.5,0.125,0.125,-2.0625,-0.0625,-0.605469,-0.107422,-2,-0.5625,0,-2,0.0625,-0.742188,0.214844,0.147736,0.311909,-0.148918,-0.234025,0.392366,0.000730388,0.243568,-0.00467012,0.0699057,0.218501,0.495098,0.202541,0.00658882,-0.0854034,-0.605543,-0.281725,0.0378222,0.0276356,-0.476756,0.00838896,-0.58549,-0.137291,-0.264036,-0.0604484,-0.172405,-0.535551,0.244622,-0.778219,0.185765
57.1,-0.100037,-0.00199417,0.000964216,0.300967,-0.209075,0.000859415,-0.102381,0.00103118,-0.000749946,0.299271,-0.21221,-0.00283442,9.37433e-05,0.000294964,0.00225275,0.00291217,-0.000335558,-0.000635164,0.00970722,-4.79369e-05,0.0294294,0.00661913,0.00275637,0.000527306,0.00284026,0.0108457,-0.0119363,0.0387637,-0.00953369,-0.1,0,0,0.3,-0.2,0,-0.1,0,0,0.3,-0.2,0,0,0,0,0,0,0,0,0,0,0,0,0,0,0,0,0,0,0.335582,3.07617,-1.2864,-2.28516,5.49368,-1.06372,4.81001,-3.07617,1.73384,2.02148,9.28477,2.89804,-0.503374,-0.742757,-4.5801,-2.4375,0.125,0.125,-2.0625,-0.0625,-0.605469,-0.0976562,-2,-0.5,0,-2,0.0625,-0.732422,0.214844,0.065456,0.153603,-0.0192843,-0.00870001,0.421616,0.036979,0.412949,-0.253652,0.162417,0.12024,0.606983,0.236598,-0.017838,-0.0333082,-0.707317,-0.288149,0.0366238,0.0317582,-0.463885,0.0116966,-0.595461,-0.140237,-0.294045,-0.0588665,-0.126673,-0.56683,0.252532,-0.77331,0.187729
57.14,-0.100158,-0.000843689,0.000522284,0.300498,-0.209811,0.000429479,-0.102877,0.0024288,-0.00123205,0.298939,-0.214124,-0.00317506,0.000227662,-7.56318e-05,0.00250844,0.00297209,-0.00085088,-0.00085088,0.00974318,-5.99211e-05,0.0294294,0.0066268,0.00270843,0.000431432,0.00261256,0.0108218,-0.0119243,0.0387714,-0.00953369,-0.1,0,0,0.3,-0.2,0,-0.1,0,0,0.3,-0.2,0,0,0,0,0,0,0,0,0,0,0,0,0,0,0,0,0,0,0.950817,1.05469,-0.783026,-0.439453,6.28933,-0.59289,5.87269,-5.44922,2.68466,3.86719,11.1413,3.05791,-0.167791,0.0495172,-5.04587,-2.5,0.4375,0.1875,-2.0625,-0.0625,-0.585938,-0.107422,-2,-0.4375,0,-2,0.0625,-0.732422,0.224609,0.170074,0.071279,-0.113938,0.0670638,0.421742,0.00480925,0.215659,-0.29524,0.287765,0.371901,0.69828,0.192649,-0.0785836,0.016881,-0.756236,-0.297209,0.00225304,0.0149323,-0.477955,-0.00186954,-0.591534,-0.120755,-0.267776,-0.0124636,-0.0968805,-0.525748,0.241554,-0.777391,0.184783
57.2,-0.0999705,-0.000579504,0.000428541,0.3002,-0.210387,0.000114092,-0.103051,0.0027356,-0.00124545,0.298794,-0.215952,-0.00364127,0.00021427,0.000325217,0.00259045,0.00291217,-0.00103064,-0.00278034,0.00970722,-2.39685e-05,0.0294294,0.00571408,0.00251669,0.000275637,0.00145009,0.0108098,-0.0119363,0.0387637,-0.00954136,-0.1,0,0,0.3,-0.2,0,-0.1,0,0,0.3,-0.2,0,0,0,0,0,0,0,0,0,0,0,0,0,0,0,0,0,0,-0.223722,0.703125,-0.838956,-0.527344,6.64264,-0.27858,5.76083,-5.625,2.12536,3.33984,12.7549,3.57174,-0.167791,-0.990343,-5.27876,-2.4375,0.625,0.3125,-2.0625,-0.125,-0.605469,-0.0683594,-1.875,-0.375,0.125,-2,0.0625,-0.742188,0.224609,-0.0492321,0.0579504,-0.0685665,0.106349,0.439938,0.0310999,0.145646,-0.263742,0.119402,0.180919,0.763175,0.230311,-0.167131,-0.144033,-0.803071,-0.288149,0.106132,0.126745,-0.470021,0.00508131,-0.593497,-0.121154,-0.27928,-0.0244958,-0.0295531,-0.525149,0.238726,-0.781164,0.194754
57.24,-0.100091,-0.000639159,0.0004955,0.300081,-0.210777,7.01708e-05,-0.103452,0.00275264,-0.00117849,0.298444,-0.217044,-0.00363749,0,0.000687551,0.00280224,0.00284026,-0.000671117,-0.00202533,0.00970722,-5.99211e-05,0.0294294,0.00574476,0.00252867,0.000215716,0.00107858,0.0108457,-0.0119243,0.0387714,-0.00954903,-0.1,0,0,0.3,-0.2,0,-0.1,0,0,0.3,-0.2,0,0,0,0,0,0,0,0,0,0,0,0,0,0,0,0,0,0,0.167791,0.878906,-0.783026,0.439453,7.2627,-0.332595,6.87944,-5.625,2.5728,5.09766,13.5507,3.41513,-0.335582,-1.54063,-5.67568,-2.375,0.4375,0.25,-2.0625,-0.125,-0.605469,-0.078125,-1.875,-0.3125,0.0625,-2.0625,0.0625,-0.742188,0.214844,0.214802,0.0933683,-0.0341225,0.11334,0.473322,0.0137438,0.309242,-0.252357,0.128134,0.495129,0.741888,0.169996,0.174845,-0.214948,-0.85362,-0.26255,0.0732476,0.12581,-0.482293,-0.00647148,-0.594479,-0.124713,-0.255935,0.0305837,-0.0754047,-0.576034,0.252292,-0.781318,0.199816
57.3,-0.100064,-0.000698813,0.000468716,0.299944,-0.211626,0.000188893,-0.103827,0.00272708,-0.00101778,0.298087,-0.217755,-0.00346348,0.000160703,0.000407761,0.00295185,0.00284026,-0.00076699,-0.00232494,0.00971921,-3.59527e-05,0.0294218,0.00572942,0.00251669,0.000287621,0.00119842,0.0108337,-0.0119123,0.0387637,-0.00953369,-0.1,0,0,0.3,-0.2,0,-0.1,0,0,0.3,-0.2,0,0,0,0,0,0,0,0,0,0,0,0,0,0,0,0,0,0,-0.447443,1.49414,-0.838956,-0.263672,8.2373,-0.492514,9.39631,-5.625,2.29315,6.85547,14.1696,3.2584,-0.615234,-0.896407,-5.90687,-2.375,0.4375,0.1875,-2.0625,-0.0625,-0.605469,-0.078125,-1.875,-0.375,0.0625,-2,0.0625,-0.742188,0.214844,0.0321371,0.122241,0.00455325,-0.0461954,0.525116,-0.0155937,0.439304,-0.2498,0.0709235,0.292473,0.745973,0.138416,-0.0584958,-0.0700697,-0.907802,-0.26255,0.0674952,0.0732955,-0.479824,0.0175928,-0.584508,-0.114588,-0.260873,-0.0563738,-0.069125,-0.526347,0.23978,-0.775274,0.183802
57.34,-0.100319,-0.00114196,0.00056246,0.299885,-0.212375,0.000265145,-0.103787,0.00239471,-0.000897257,0.297916,-0.217955,-0.0032412,0.000200878,0.000324566,0.00300493,0.00286423,-0.000587227,-0.00201335,0.00970722,-2.39685e-05,0.0294218,0.00574476,0.00251669,0.000263653,0.00142612,0.0108337,-0.0119363,0.0387714,-0.00954136,-0.1,0,0,0.3,-0.2,0,-0.1,0,0,0.3,-0.2,0,0,0,0,0,0,0,0,0,0,0,0,0,0,0,0,0,0,0.503374,2.10938,-1.00675,0.351562,8.85736,-0.546529,9.00479,-4.74609,2.18129,6.50391,14.1685,2.94405,-0.447443,-0.79727,-5.90671,-2.375,0.3125,0.1875,-2.0625,-0.0625,-0.605469,-0.078125,-1.875,-0.3125,0.0625,-2,0.0625,-0.732422,0.214844,0.129576,0.114196,-0.148811,0.0282041,0.529119,0.00318324,0.337579,-0.206747,0.120581,0.350764,0.70195,0.102255,-0.0345511,-0.0712615,-0.899646,-0.289491,0.0403149,0.0945316,-0.506837,-0.00105461,-0.583526,-0.119804,-0.257805,0.00738228,-0.0866459,-0.538619,0.250998,-0.767573,0.191809
57.4,-0.100493,-0.00179817,0.000696379,0.299868,-0.212971,0.000356256,-0.103533,0.00184078,-0.000616027,0.297822,-0.218018,-0.00311946,0.000321406,0.000203785,0.00306271,0.00284026,-0.000575243,-0.00188152,0.00970722,-3.59527e-05,0.0294218,0.00574476,0.0025047,0.000395479,0.0015939,0.0108337,-0.0119243,0.0387637,-0.00954136,-0.1,0,0,0.3,-0.2,0,-0.1,0,0,0.3,-0.2,0,0,0,0,0,0,0,0,0,0,0,0,0,0,0,0,0,0,0.671165,3.16406,-1.11861,0.263672,9.47042,-0.583065,7.60653,-3.7793,1.45419,6.67969,14.1685,2.94405,-1.06268,-0.545813,-6.14534,-2.3125,0.25,0.1875,-2.0625,-0.0625,-0.605469,-0.078125,-1.8125,-0.4375,0.0625,-2,0.0625,-0.742188,0.224609,0.0595631,0.179817,-0.110778,0.0307567,0.556217,-0.0223558,0.245282,-0.177533,0.0358903,0.364827,0.709327,0.155012,-0.260981,-0.0234579,-0.942847,-0.26255,0.0483204,0.0940762,-0.479225,0.00378702,-0.586472,-0.118822,-0.228995,-0.0395479,-0.0674233,-0.560095,0.246156,-0.77331,0.191809
57.44,-0.100707,-0.00224132,0.00077673,0.299851,-0.213411,0.000497709,-0.103372,0.00148285,-0.0004955,0.29778,-0.218014,-0.00308374,0.000227662,-9.81188e-05,0.00319752,0.00284026,-0.000527306,-0.00184557,0.00970722,-2.39685e-05,0.0294294,0.00575243,0.00249272,0.000407464,0.00158192,0.0108218,-0.0119123,0.0387714,-0.00954136,-0.1,0,0,0.3,-0.2,0,-0.1,0,0,0.3,-0.2,0,0,0,0,0,0,0,0,0,0,0,0,0,0,0,0,0,0,1.17454,4.04297,-1.06268,-0.263672,9.8251,-0.792885,7.10316,-3.07617,1.00675,7.20703,14.0799,2.89159,-0.503374,0.148858,-6.4565,-2.375,0.25,0.1875,-2.0625,-0.0625,-0.605469,-0.078125,-1.8125,-0.5,0,-2,0.0625,-0.732422,0.214844,0.0552778,0.204497,-0.13424,0.0224054,0.56571,-0.00333786,0.0955074,-0.135195,0.059835,0.24577,0.709198,0.0986849,-0.0682987,0.0526219,-0.962952,-0.265618,0.0312549,0.0922785,-0.470021,-0.00565655,-0.592515,-0.123884,-0.230864,-0.0407464,-0.0882998,-0.574835,0.248984,-0.776409,0.192791
57.5,-0.100707,-0.00239471,0.000749946,0.29991,-0.213585,0.000575733,-0.103493,0.00134649,-0.000455324,0.297788,-0.218005,-0.00308377,0.000294622,-0.000233975,0.0032264,0.00284026,-0.000467385,-0.00179763,0.00971921,-3.59527e-05,0.0294294,0.00575243,0.0025047,0.000503337,0.00230097,0.0108457,-0.0119123,0.0387714,-0.00954136,-0.1,0,0,0.3,-0.2,0,-0.1,0,0,0.3,-0.2,0,0,0,0,0,0,0,0,0,0,0,0,0,0,0,0,0,0,1.39826,4.30664,-1.45419,-0.351562,9.73679,-0.845214,8.44549,-2.90039,0.894886,7.20703,14.0799,2.89159,-0.671165,0.446575,-6.30092,-2.375,0.25,0.1875,-2,0,-0.605469,-0.078125,-1.8125,-0.5,-0.0625,-2,0.125,-0.742188,0.214844,0.0758478,0.278741,-0.0287122,-0.0356272,0.549892,-0.0120272,0.457249,-0.124832,0.0455324,0.375391,0.716964,0.128852,-0.0523891,0.0962771,-0.951282,-0.284026,0.0436705,0.0929497,-0.455281,0.0191268,-0.591534,-0.128793,-0.247402,-0.0564697,-0.194816,-0.56683,0.241314,-0.778373,0.190827
57.54,-0.100653,-0.00242028,0.000803514,0.29991,-0.213593,0.000589996,-0.103426,0.00132093,-0.000401757,0.297763,-0.218014,-0.00309804,0.000361581,-0.000233975,0.00324566,0.00287621,-0.000395479,-0.000778975,0.00970722,-2.39685e-05,0.0294218,0.00579078,0.00251669,0.000575243,0.00287621,0.0108337,-0.0119483,0.0387637,-0.00953369,-0.1,0,0,0.3,-0.2,0,-0.1,0,0,0.3,-0.2,0,0,0,0,0,0,0,0,0,0,0,0,0,0,0,0,0,0,1.11861,4.6582,-1.2864,-0.263672,9.82546,-0.897669,7.60653,-2.98828,1.23047,6.85547,14.1682,2.83926,-0.223722,0.347336,-6.4565,-2.4375,0.25,0.125,-2.0625,-0.0625,-0.605469,-0.078125,-1.8125,-0.5625,0,-2,0.0625,-0.732422,0.224609,0.0653483,0.307478,-0.044354,0.040731,0.548611,-0.00436864,0.471123,-0.155,0.0401757,0.35741,0.727041,0.145858,-0.0930469,0.0991754,-0.962606,-0.296825,0.033412,0.0358808,-0.473089,0.00968325,-0.581563,-0.121706,-0.251669,-0.0575243,-0.140743,-0.541687,0.234364,-0.769383,0.2054
57.6,-0.100627,-0.00219871,0.000736554,0.299944,-0.213572,0.000625817,-0.103452,0.00145728,-0.000455324,0.297797,-0.21801,-0.0031052,0.000254446,-0.000211333,0.00325047,0.00286423,-0.000503337,-0.000898817,0.00970722,-5.99211e-05,0.0294294,0.00578311,0.00249272,0.000551274,0.00274439,0.0108577,-0.0119123,0.0387714,-0.00951068,-0.1,0,0,0.3,-0.2,0,-0.1,0,0,0.3,-0.2,0,0,0,0,0,0,0,0,0,0,0,0,0,0,0,0,0,0,1.17454,3.7793,-1.2864,0,9.64848,-0.897543,7.5506,-3.16406,0.950817,7.64648,14.1682,2.83926,-0.223722,0.297716,-6.37871,-2.375,0.25,0.1875,-2.0625,-0.125,-0.605469,-0.078125,-1.875,-0.5,0,-2,0.125,-0.742188,0.214844,0.108953,0.193691,-0.114795,0.0356169,0.523372,-0.0251,0.278387,-0.155546,0.0506749,0.428654,0.722006,0.132437,-0.0609063,0.0720947,-0.984386,-0.307899,0.0626056,0.0541447,-0.494565,0.00119842,-0.592515,-0.119589,-0.261544,-0.0551274,-0.112676,-0.567429,0.216771,-0.7823,0.176469
57.66,-0.100412,-0.00186634,0.000629419,0.300038,-0.213555,0.000640167,-0.103385,0.00166181,-0.000589243,0.297933,-0.218005,-0.00309807,0.000227662,-0.000181142,0.00323122,0.00286423,-0.000551274,-0.000994691,0.00971921,-1.19842e-05,0.0294218,0.00578311,0.00251669,0.000455401,0.00246875,0.0108337,-0.0119363,0.038779,-0.00951835,-0.1,0,0,0.3,-0.2,0,-0.1,0,0,0.3,-0.2,0,0,0,0,0,0,0,0,0,0,0,0,0,0,0,0,0,0,0.671165,3.25195,-1.06268,0.0878906,9.64848,-0.897543,7.21502,-3.7793,0.950817,6.5918,14.1685,2.94405,-0.167791,0.198478,-6.37871,-2.4375,0.25,0.1875,-2.0625,-0.0625,-0.605469,-0.078125,-1.875,-0.5,0,-2,0.0625,-0.742188,0.224609,0.0566709,0.163727,-0.042372,0.0106449,0.542189,-0.0365863,0.312831,-0.175999,-0.0439254,0.320936,0.71696,0.134914,-0.0220163,0.0485461,-0.973062,-0.264947,0.0551274,0.0405306,-0.48596,0.000239685,-0.592362,-0.12548,-0.254737,-0.0363362,-0.12037,-0.575435,0.24793,-0.791289,0.196258
57.7,-0.100386,-0.00165329,0.000602635,0.300055,-0.213525,0.000661725,-0.103345,0.00182373,-0.000589243,0.298061,-0.218001,-0.00310523,9.37433e-05,-0.000143404,0.00321677,0.00286423,-0.000575243,-0.00103064,0.00970722,-2.39685e-05,0.0294294,0.00578311,0.00251669,0.000455401,0.00236089,0.0108457,-0.0119363,0.038756,-0.00951835,-0.1,0,0,0.3,-0.2,0,-0.1,0,0,0.3,-0.2,0,0,0,0,0,0,0,0,0,0,0,0,0,0,0,0,0,0,0.783026,2.63672,-1.17454,-0.703125,9.64884,-1.00233,6.65572,-3.95508,1.62198,5.80078,14.1685,2.94405,-0.111861,0.0496194,-6.30092,-2.375,0.25,0.1875,-2.0625,-0.0625,-0.585938,-0.078125,-1.875,-0.5,0,-2,0.0625,-0.732422,0.214844,0.0745624,0.175147,-0.055121,0.0680835,0.542627,-0.0401879,0.349953,-0.211826,0.156632,0.307217,0.710274,0.157182,0.0747268,0.040123,-0.963183,-0.271083,0.075932,0.066872,-0.482293,0.00354733,-0.591534,-0.13137,-0.260873,-0.048608,-0.118045,-0.545354,0.243328,-0.761376,0.175641
57.76,-0.100279,-0.00153398,0.000549068,0.300089,-0.213487,0.000697605,-0.103131,0.00186634,-0.000682987,0.298308,-0.217993,-0.00310527,0.000187487,-0.000120761,0.00320233,0.00284026,-0.000755006,-0.00203732,0.00970722,-8.38896e-05,0.0294218,0.00558369,0.00251669,0.000395479,0.00201335,0.0108337,-0.0119003,0.0387637,-0.00951835,-0.1,0,0,0.3,-0.2,0,-0.1,0,0,0.3,-0.2,0,0,0,0,0,0,0,0,0,0,0,0,0,0,0,0,0,0,-0.391513,2.54883,-1.00675,-0.351562,9.64884,-1.00233,7.71839,-3.86719,1.23047,5.71289,14.1685,2.94405,-0.615234,0.198478,-6.22313,-2.375,0.4375,0.25,-2.0625,-0.0625,-0.585938,-0.0683594,-1.8125,-0.4375,0.0625,-2,0.0625,-0.742188,0.195312,-0.00300391,0.110856,-0.0909042,-0.00793007,0.532967,-0.0553757,0.261674,-0.150637,0.0631562,0.297415,0.719706,0.129701,-0.00996357,0.0768043,-0.957002,-0.259482,0.0509569,0.144817,-0.470021,0.00627973,-0.584508,-0.0940024,-0.270077,-0.0150042,-0.0853277,-0.538619,0.238007,-0.775274,0.185458
57.8,-0.100386,-0.00157659,0.000589243,0.300047,-0.213496,0.000711867,-0.103051,0.00184078,-0.000629419,0.298427,-0.21798,-0.00312676,0.000160703,-0.000135857,0.00320233,0.00286423,-0.000587227,-0.00165382,0.00970722,-3.59527e-05,0.0294218,0.00557602,0.0025047,0.000323574,0.00162985,0.0108457,-0.0119483,0.038756,-0.00952602,-0.1,0,0,0.3,-0.2,0,-0.1,0,0,0.3,-0.2,0,0,0,0,0,0,0,0,0,0,0,0,0,0,0,0,0,0,0.783026,2.90039,-0.894886,0.439453,9.56017,-0.949872,7.32688,-3.95508,1.62198,6.76758,14.0799,2.89159,-0.111861,0.0992388,-6.37871,-2.4375,0.25,0.1875,-2.0625,-0.0625,-0.585938,-0.0976562,-1.875,-0.375,0,-2.0625,0.0625,-0.742188,0.224609,0.120845,0.206747,-0.0743518,0.031183,0.533348,0.00444174,0.54676,-0.157898,0.021802,0.339516,0.709439,0.141573,-0.0482108,0.0639432,-0.975489,-0.271083,0.0464509,0.0550795,-0.466953,0.0283307,-0.578618,-0.10563,-0.247402,-0.0200856,-0.0814927,-0.579102,0.252771,-0.767267,0.20132
57.86,-0.100426,-0.00170442,0.000616027,0.300115,-0.213483,0.000704765,-0.103051,0.00178112,-0.000575852,0.298496,-0.217959,-0.00311966,0.000200878,-0.000135857,0.0031927,0.00287621,-0.000587227,-0.00158192,0.00970722,-2.39685e-05,0.0294294,0.00557602,0.0025047,0.000359527,0.00177367,0.0108457,-0.0119243,0.0387714,-0.00951068,-0.1,0,0,0.3,-0.2,0,-0.1,0,0,0.3,-0.2,0,0,0,0,0,0,0,0,0,0,0,0,0,0,0,0,0,0,0.783026,2.72461,-0.950817,-0.527344,9.64884,-1.00233,6.71165,-3.60352,1.51012,4.48242,14.0799,2.89159,-0.838956,0.198478,-6.22313,-2.4375,0.25,0.1875,-2.0625,-0.0625,-0.605469,-0.078125,-1.875,-0.4375,0,-2,0.125,-0.732422,0.195312,0.0785797,0.131172,-0.0924577,0.0155051,0.534444,-0.0254625,0.356488,-0.165022,0.0215877,0.225659,0.710223,0.133049,-0.065406,0.0755363,-0.954113,-0.266146,0.0648586,0.0453483,-0.485361,0.00508131,-0.592515,-0.106612,-0.256606,0.000862863,-0.0978871,-0.563762,0.24769,-0.778373,0.181378
57.9,-0.100479,-0.00183225,0.000629419,0.300115,-0.213496,0.000711867,-0.10297,0.00167886,-0.000602635,0.298504,-0.217942,-0.00310543,0.000227662,-0.000158499,0.00318789,0.00287621,-0.000587227,-0.00156993,0.00970722,0,0.0294294,0.0056067,0.00251669,0.000395479,0.0018216,0.0108337,-0.0119483,0.0387637,-0.00954136,-0.1,0,0,0.3,-0.2,0,-0.1,0,0,0.3,-0.2,0,0,0,0,0,0,0,0,0,0,0,0,0,0,0,0,0,0,1.00675,3.33984,-1.34233,-1.05469,9.64848,-0.897543,6.37607,-3.42773,1.45419,5.27344,14.1685,2.94405,-0.615234,0.148858,-6.30092,-2.4375,0.25,0.1875,-2.0625,-0.0625,-0.585938,-0.0683594,-1.875,-0.4375,0,-2,0.0625,-0.742188,0.214844,-0.00348561,0.179953,-0.0372295,-0.0499447,0.538202,-0.0257354,0.538725,-0.151523,0.199111,0.229834,0.71604,0.143437,-0.145436,0.0446515,-0.961912,-0.309097,0.0740625,0.0662248,-0.466953,-0.00920388,-0.590552,-0.12686,-0.260873,-0.0119363,-0.0941481,-0.547823,0.255839,-0.77331,0.205553
57.96,-0.100587,-0.00191748,0.000669595,0.300081,-0.213496,0.000683266,-0.10289,0.00161068,-0.000549068,0.298427,-0.217946,-0.00309827,0.000227662,-0.000150952,0.0031927,0.00287621,-0.00053929,-0.00156993,0.00971921,-2.39685e-05,0.0294218,0.00558369,0.0025047,0.000431432,0.00189351,0.0108337,-0.0119243,0.0387637,-0.00951835,-0.1,0,0,0.3,-0.2,0,-0.1,0,0,0.3,-0.2,0,0,0,0,0,0,0,0,0,0,0,0,0,0,0,0,0,0,1.2864,3.42773,-1.17454,-0.263672,9.73715,-0.949998,4.47443,-3.51562,1.06268,5.18555,14.0802,2.99638,-0.447443,0.198478,-6.22313,-2.375,0.25,0.1875,-2.0625,-0.125,-0.605469,-0.078125,-1.875,-0.4375,0,-2.0625,0.0625,-0.742188,0.214844,0.0997924,0.165568,-0.051532,0.0697066,0.531718,-0.00265453,0.206713,-0.161068,0.0857617,0.323153,0.693425,0.187148,-0.0323013,0.0452855,-0.95781,-0.269214,0.0631329,0.0877006,-0.476756,-0.00412257,-0.582545,-0.117564,-0.253538,-0.0370073,-0.0946754,-0.575435,0.24769,-0.771347,0.18055
58,-0.100573,-0.00190895,0.000656203,0.300157,-0.213513,0.000683207,-0.10297,0.00163625,-0.000549068,0.298368,-0.217955,-0.00309824,0.00028123,-0.000166047,0.0031927,0.00286423,-0.000551274,-0.00156993,0.00973119,-7.19053e-05,0.0294218,0.00559136,0.00249272,0.000407464,0.00188152,0.0108457,-0.0119363,0.0387714,-0.00952602,-0.1,0,0,0.3,-0.2,0,-0.1,0,0,0.3,-0.2,0,0,0,0,0,0,0,0,0,0,0,0,0,0,0,0,0,0,0.279652,3.69141,-1.23047,-1.14258,9.64884,-1.00233,6.82351,-3.25195,1.51012,5.53711,14.1685,2.94405,-0.335582,0.198478,-6.22313,-2.4375,0.25,0.1875,-2.0625,-0.0625,-0.585938,-0.078125,-1.875,-0.4375,0.0625,-2,0.0625,-0.742188,0.224609,-0.0146812,0.18435,-0.12733,-0.127241,0.543738,-0.0492763,0.338168,-0.107992,0.0394793,0.228474,0.718175,0.140399,-0.00208914,0.0845934,-0.943021,-0.298695,0.0612634,0.0815646,-0.48656,0.01371,-0.582545,-0.12459,-0.243136,-0.0284745,-0.0879402,-0.542286,0.220318,-0.7823,0.197393
58.06,-0.100573,-0.0018493,0.000642811,0.300098,-0.213513,0.000683207,-0.103077,0.00167033,-0.00056246,0.298248,-0.217959,-0.00310537,0.000241054,-0.000143404,0.00320714,0.00290018,-0.000551274,-0.00153398,0.00970722,-4.79369e-05,0.0294294,0.00558369,0.00251669,0.000419448,0.00207327,0.0108457,-0.0119123,0.0387637,-0.00952602,-0.1,0,0,0.3,-0.2,0,-0.1,0,0,0.3,-0.2,0,0,0,0,0,0,0,0,0,0,0,0,0,0,0,0,0,0,1.00675,3.25195,-1.34233,-0.615234,9.73715,-0.949998,6.71165,-3.60352,1.17454,5.80078,14.1682,2.83926,-0.559304,0.198478,-6.22313,-2.375,0.25,0.1875,-2.0625,-0.125,-0.585938,-0.078125,-1.8125,-0.4375,0,-2,0.125,-0.742188,0.214844,0.093311,0.11948,-0.125991,-0.0637501,0.521001,-0.0273957,0.580294,-0.189941,0.025391,0.251823,0.713474,0.132466,0.0511035,0.0488178,-0.947353,-0.293086,0.0796711,0.0552233,-0.476157,-0.00517719,-0.591534,-0.0910571,-0.245533,-0.00512925,-0.109799,-0.563762,0.230576,-0.771347,0.194447
58.1,-0.100573,-0.00179817,0.000629419,0.300047,-0.213517,0.000676047,-0.103278,0.0016959,-0.000602635,0.298112,-0.217976,-0.00309102,0.000254446,-0.000143404,0.00320714,0.00284026,-0.000575243,-0.00156993,0.00971921,-4.79369e-05,0.0294294,0.00558369,0.00249272,0.000407464,0.00195343,0.0108337,-0.0119243,0.038756,-0.00951835,-0.1,0,0,0.3,-0.2,0,-0.1,0,0,0.3,-0.2,0,0,0,0,0,0,0,0,0,0,0,0,0,0,0,0,0,0,0.838956,3.16406,-0.894886,-0.615234,9.64884,-1.00233,7.60653,-3.7793,1.06268,7.73438,14.0802,2.99638,-0.950817,0.0992388,-6.37871,-2.4375,0.25,0.1875,-2.0625,-0.125,-0.605469,-0.078125,-1.875,-0.4375,0,-2,0.0625,-0.742188,0.224609,0.0521711,0.143819,-0.0680844,-0.0669918,0.53091,-0.043545,0.487247,-0.16959,0.0345511,0.457716,0.704385,0.153885,-0.0969038,0.0546144,-0.958446,-0.287094,0.075932,0.0662248,-0.482892,0.00862864,-0.588588,-0.108729,-0.243136,-0.0407464,-0.0853996,-0.541687,0.252292,-0.760394,0.194294
58.16,-0.100573,-0.00178964,0.000629419,0.300072,-0.213517,0.000676047,-0.103372,0.00172147,-0.000589243,0.298027,-0.217976,-0.00309102,0.000227662,-0.000135857,0.00321196,0.00285225,-0.000575243,-0.00155795,0.00970722,-3.59527e-05,0.0294294,0.00557602,0.0025047,0.000383495,0.00196541,0.0108457,-0.0119483,0.0387714,-0.00951835,-0.1,0,0,0.3,-0.2,0,-0.1,0,0,0.3,-0.2,0,0,0,0,0,0,0,0,0,0,0,0,0,0,0,0,0,0,0.950817,3.25195,-1.11861,0,9.64884,-1.00233,7.49467,-3.60352,1.11861,7.11914,14.1685,2.94405,-0.167791,0.148858,-6.30092,-2.375,0.3125,0.1875,-2.0625,-0.0625,-0.585938,-0.078125,-1.875,-0.5,0,-2.0625,0.0625,-0.742188,0.214844,0.108738,0.195327,-0.0783694,-0.0599146,0.519536,-0.0408394,0.337204,-0.172147,0.0692093,0.535951,0.710897,0.137394,-0.0477287,0.040757,-0.963588,-0.269885,0.0728641,0.0901693,-0.463885,0.005321,-0.593497,-0.100721,-0.287286,-0.0536893,-0.110542,-0.597509,0.246635,-0.781318,0.184477
58.2,-0.1006,-0.00178964,0.000642811,0.300098,-0.213517,0.000676047,-0.103466,0.00172147,-0.000589243,0.298027,-0.217972,-0.00309818,0.000227662,-0.000135857,0.00321196,0.00286423,-0.000611196,-0.00162985,0.00970722,-5.99211e-05,0.0294294,0.00557602,0.0025047,0.000407464,0.00195343,0.0108457,-0.0119363,0.038756,-0.00952602,-0.1,0,0,0.3,-0.2,0,-0.1,0,0,0.3,-0.2,0,0,0,0,0,0,0,0,0,0,0,0,0,0,0,0,0,0,0.894886,3.16406,-0.950817,-0.703125,9.64848,-0.897543,6.93537,-3.7793,1.2864,6.24023,14.0799,2.89159,-0.559304,0.0992388,-6.37871,-2.375,0.3125,0.1875,-2.0625,-0.125,-0.605469,-0.078125,-1.875,-0.5,0.0625,-2,0.0625,-0.742188,0.224609,0.101132,0.165874,-0.0488536,0.00715387,0.534188,-0.00510506,0.480283,-0.178692,0.166917,0.246881,0.710724,0.14317,-0.0323013,0.0610449,-0.972831,-0.304831,0.0641875,0.0722889,-0.491497,-0.00340352,-0.593497,-0.093849,-0.253538,-0.0438143,-0.0884676,-0.542286,0.231056,-0.764321,0.204265
58.26,-0.100546,-0.00182373,0.000656203,0.300064,-0.213525,0.000661725,-0.103426,0.00171295,-0.000549068,0.297967,-0.21798,-0.00308386,0.000187487,-0.000150952,0.00322159,0.00285225,-0.000587227,-0.00156993,0.00970722,-5.99211e-05,0.0294218,0.00559136,0.00249272,0.000407464,0.00191748,0.0108337,-0.0119003,0.0387637,-0.00951835,-0.1,0,0,0.3,-0.2,0,-0.1,0,0,0.3,-0.2,0,0,0,0,0,0,0,0,0,0,0,0,0,0,0,0,0,0,1.34233,3.16406,-1.17454,-0.527344,9.64884,-1.00233,7.38281,-3.60352,1.2864,7.64648,14.0799,2.89159,-0.223722,0.0992388,-6.22313,-2.375,0.3125,0.1875,-2.125,-0.0625,-0.605469,-0.078125,-1.8125,-0.4375,0,-2,0.125,-0.742188,0.214844,0.12663,0.215098,-0.122188,-0.020457,0.532903,-0.00179292,0.46598,-0.141842,0.0703342,0.354001,0.720821,0.131584,0.0620313,0.0626752,-0.973871,-0.279089,0.0679266,0.0570209,-0.488429,0.0104023,-0.582545,-0.13048,-0.230864,-0.0622221,-0.105078,-0.557027,0.221133,-0.775274,0.189385
58.3,-0.100533,-0.0018493,0.000682987,0.300047,-0.213517,0.000676047,-0.103493,0.0016959,-0.000508892,0.29801,-0.217976,-0.00309102,0.000227662,-0.000150952,0.00321196,0.00286423,-0.000575243,-0.00156993,0.00971921,-2.39685e-05,0.0294218,0.00558369,0.00251669,0.000395479,0.00192946,0.0108457,-0.0119363,0.0387714,-0.00951835,-0.1,0,0,0.3,-0.2,0,-0.1,0,0,0.3,-0.2,0,0,0,0,0,0,0,0,0,0,0,0,0,0,0,0,0,0,0.894886,3.51562,-1.06268,0,9.73715,-0.949998,6.71165,-3.51562,1.39826,5.80078,14.0799,2.89159,-0.335582,0.148858,-6.30092,-2.4375,0.25,0.1875,-2.0625,-0.0625,-0.605469,-0.107422,-1.875,-0.5,0,-2,0.0625,-0.742188,0.224609,0.0172988,0.204565,-0.166006,-0.0179044,0.547165,-0.037999,0.369827,-0.1565,0.0714592,0.17308,0.699503,0.162137,-0.0168738,0.0829631,-0.954344,-0.274151,0.0544563,0.0877006,-0.492096,0.00814927,-0.589417,-0.12051,-0.254737,-0.0456839,-0.096473,-0.542286,0.241794,-0.775427,0.190367
58.36,-0.100506,-0.0018493,0.000656203,0.300072,-0.213521,0.000668886,-0.103412,0.00168738,-0.00056246,0.297967,-0.217972,-0.00309818,0.000227662,-0.000150952,0.00321196,0.00286423,-0.000587227,-0.00158192,0.00970722,-3.59527e-05,0.0294218,0.00558369,0.00251669,0.000419448,0.00194144,0.0108457,-0.0119243,0.0387637,-0.00951835,-0.1,0,0,0.3,-0.2,0,-0.1,0,0,0.3,-0.2,0,0,0,0,0,0,0,0,0,0,0,0,0,0,0,0,0,0,1.06268,3.16406,-1.34233,-1.31836,9.64884,-1.00233,6.32014,-3.60352,1.00675,6.67969,14.0799,2.89159,-0.727095,0.0992388,-6.22313,-2.375,0.3125,0.1875,-2.0625,-0.0625,-0.605469,-0.078125,-1.875,-0.5,0,-2,0.0625,-0.732422,0.224609,0.0557602,0.13257,-0.122188,0.00553528,0.542469,-0.0240049,0.361792,-0.181828,0.045961,0.386726,0.705847,0.145931,-0.0528712,0.0568787,-0.956193,-0.255743,0.0863344,0.0545522,-0.479225,0.0129909,-0.584508,-0.10971,-0.27928,-0.0296729,-0.0940043,-0.554558,0.25536,-0.771347,0.190367
58.4,-0.100412,-0.00183225,0.000669595,0.300064,-0.213504,0.000668944,-0.103345,0.0016959,-0.00056246,0.29807,-0.217972,-0.00309818,0.000227662,-0.000150952,0.00321196,0.00286423,-0.000563259,-0.00156993,0.00973119,-3.59527e-05,0.0294294,0.00558369,0.00249272,0.000407464,0.00196541,0.0108337,-0.0119243,0.0387714,-0.00950301,-0.1,0,0,0.3,-0.2,0,-0.1,0,0,0.3,-0.2,0,0,0,0,0,0,0,0,0,0,0,0,0,0,0,0,0,0,0.447443,3.42773,-1.11861,-0.703125,9.64848,-0.897543,7.15909,-3.51562,1.11861,6.94336,14.0799,2.89159,-0.838956,0.148858,-6.30092,-2.4375,0.3125,0.1875,-2.0625,-0.0625,-0.605469,-0.078125,-1.875,-0.5,0,-2,0.0625,-0.742188,0.224609,0.0463859,0.150501,-0.0926719,0.0559012,0.543435,0.00070253,0.380808,-0.163045,-0.0311763,0.289576,0.717236,0.126678,0.0139811,0.0742683,-0.956193,-0.289491,0.0501899,0.0294093,-0.511103,0.0175928,-0.593497,-0.102838,-0.261544,-0.0438143,-0.0921347,-0.557027,0.235418,-0.780336,0.181224
58.46,-0.100439,-0.00180669,0.000642811,0.300115,-0.213504,0.000697528,-0.103225,0.00171295,-0.000602635,0.298138,-0.217967,-0.00309105,0.000254446,-0.000135857,0.00321196,0.00284026,-0.000587227,-0.00156993,0.00973119,-3.59527e-05,0.0294218,0.00558369,0.00251669,0.000407464,0.00203732,0.0108337,-0.0119123,0.0387637,-0.00952602,-0.1,0,0,0.3,-0.2,0,-0.1,0,0,0.3,-0.2,0,0,0,0,0,0,0,0,0,0,0,0,0,0,0,0,0,0,0.615234,3.33984,-1.23047,-0.439453,9.64848,-0.897543,7.04723,-3.51562,1.73384,5.625,14.0799,2.89159,-0.447443,0.0992388,-6.37871,-2.375,0.25,0.1875,-2.0625,-0.125,-0.585938,-0.078125,-1.875,-0.4375,0,-2,0.125,-0.742188,0.214844,0.208482,0.180669,-0.141418,0.0700467,0.528809,0.00225355,0.250478,-0.132025,0.137401,0.202989,0.717059,0.137372,-0.0403364,0.0436553,-0.969134,-0.284026,0.0587227,0.0784967,-0.480424,0.000719053,-0.578618,-0.10971,-0.257805,-0.0223386,-0.123342,-0.538619,0.236712,-0.771347,0.198374
58.5,-0.100386,-0.00180669,0.000616027,0.300072,-0.213504,0.000697528,-0.103238,0.00171295,-0.000602635,0.298146,-0.217972,-0.00309818,0.000227662,-0.000143404,0.00320714,0.00286423,-0.000575243,-0.00156993,0.00971921,-3.59527e-05,0.0294218,0.00558369,0.0025047,0.000383495,0.00189351,0.0108457,-0.0119363,0.0387714,-0.00951835,-0.1,0,0,0.3,-0.2,0,-0.1,0,0,0.3,-0.2,0,0,0,0,0,0,0,0,0,0,0,0,0,0,0,0,0,0,0.783026,3.16406,-1.06268,0,9.56017,-0.949872,7.5506,-3.7793,1.23047,5.71289,14.1685,2.94405,-1.06268,0.0496194,-6.30092,-2.4375,0.25,0.1875,-2.0625,-0.0625,-0.605469,-0.078125,-1.875,-0.5,0,-2,0.125,-0.742188,0.224609,0.00256753,0.190486,-0.0821727,0.109164,0.520662,-0.0279685,0.457517,-0.187657,0.0499786,0.278069,0.715598,0.145898,-0.0682987,0.0459195,-0.960295,-0.298695,0.0513884,0.112244,-0.498232,0.0145249,-0.583526,-0.10382,-0.241266,-0.0260777,-0.0977433,-0.530014,0.24793,-0.790154,0.190367
58.56,-0.100426,-0.00179817,0.000616027,0.300115,-0.2135,0.000704689,-0.103024,0.00171295,-0.000629419,0.298189,-0.217967,-0.00309105,0.000227662,-0.000143404,0.00320714,0.00287621,-0.000587227,-0.0015939,0.00970722,-4.79369e-05,0.0294218,0.00558369,0.00251669,0.000407464,0.00202533,0.0108337,-0.0119243,0.0387714,-0.00952602,-0.1,0,0,0.3,-0.2,0,-0.1,0,0,0.3,-0.2,0,0,0,0,0,0,0,0,0,0,0,0,0,0,0,0,0,0,1.34233,3.25195,-1.23047,-0.878906,9.82546,-0.897669,5.1456,-3.60352,1.17454,6.50391,14.1685,2.94405,-0.559304,0.0992388,-6.22313,-2.375,0.3125,0.1875,-2.0625,-0.0625,-0.605469,-0.078125,-1.875,-0.4375,0,-2,0.0625,-0.732422,0.214844,0.0734372,0.186362,-0.0976001,-0.0390364,0.556274,0.0102973,0.240676,-0.16475,0.0783694,0.157144,0.713786,0.170322,-0.0682987,0.0575126,-0.9529,-0.253874,0.0648586,0.0796951,-0.476157,0.00556068,-0.587453,-0.113637,-0.267009,-0.0284745,-0.138082,-0.566231,0.246156,-0.774446,0.186593
58.6,-0.100439,-0.00180669,0.000602635,0.300055,-0.213504,0.000697528,-0.103144,0.00171295,-0.000602635,0.298214,-0.217967,-0.00309105,0.000267838,-0.000143404,0.00320714,0.00287621,-0.000587227,-0.00155795,0.00970722,-4.79369e-05,0.0294294,0.00558369,0.00251669,0.000395479,0.00195343,0.0108337,-0.0119123,0.0387637,-0.00951835,-0.1,0,0,0.3,-0.2,0,-0.1,0,0,0.3,-0.2,0,0,0,0,0,0,0,0,0,0,0,0,0,0,0,0,0,0,0.503374,3.33984,-1.06268,0.0878906,9.64848,-0.897543,8.22177,-3.60352,1.23047,5.18555,14.1685,2.94405,-0.950817,0.198478,-6.22313,-2.4375,0.3125,0.1875,-2.0625,-0.0625,-0.605469,-0.078125,-1.875,-0.4375,0,-2,0.0625,-0.742188,0.224609,0.110774,0.180669,0.0271588,0.0408128,0.545065,0.00779951,0.355577,-0.177839,0.0911185,0.267845,0.718694,0.123642,-0.0803514,0.0691058,-0.949202,-0.269214,0.0587227,0.105509,-0.479225,0.00556068,-0.593497,-0.115601,-0.251669,-0.0211402,-0.0700598,-0.541687,0.227509,-0.770365,0.187422
58.66,-0.10052,-0.00181521,0.000642811,0.300132,-0.213504,0.000697528,-0.103225,0.0016959,-0.00056246,0.29824,-0.217967,-0.00310534,0.000254446,-0.000135857,0.00320233,0.00286423,-0.000575243,-0.00155795,0.00971921,-2.39685e-05,0.0294294,0.00558369,0.00251669,0.000407464,0.00196541,0.0108337,-0.0119363,0.0387714,-0.00951068,-0.1,0,0,0.3,-0.2,0,-0.1,0,0,0.3,-0.2,0,0,0,0,0,0,0,0,0,0,0,0,0,0,0,0,0,0,0.894886,3.33984,-1.00675,-0.878906,9.64848,-0.897543,5.76083,-3.51562,1.39826,4.57031,14.1685,2.94405,-0.727095,0.248097,-6.30092,-2.4375,0.25,0.1875,-2.0625,-0.0625,-0.605469,-0.0683594,-1.875,-0.4375,0,-2,0.125,-0.742188,0.214844,0.00053174,0.165159,-0.00771373,-0.0743184,0.545053,-0.00866994,0.322473,-0.16959,0.0613885,0.274918,0.736553,0.148856,-0.0763338,0.0610449,-0.962548,-0.280287,0.0575243,0.0778975,-0.48596,0.00508131,-0.593497,-0.102838,-0.251669,-0.0407464,-0.104407,-0.544755,0.237192,-0.776409,0.189232
58.7,-0.100546,-0.0018493,0.000656203,0.300106,-0.213504,0.000668944,-0.103198,0.00168738,-0.00056246,0.298214,-0.217959,-0.00309108,0.000241054,-0.000158499,0.00319752,0.00286423,-0.000563259,-0.00158192,0.00973119,-3.59527e-05,0.0294218,0.00559136,0.00251669,0.000395479,0.0019774,0.0108337,-0.0119483,0.0387637,-0.00951068,-0.1,0,0,0.3,-0.2,0,-0.1,0,0,0.3,-0.2,0,0,0,0,0,0,0,0,0,0,0,0,0,0,0,0,0,0,1.11861,3.33984,-1.39826,-0.966797,9.64884,-1.00233,6.87944,-3.51562,1.23047,6.5918,14.0799,2.89159,-0.223722,0.0992388,-6.37871,-2.4375,0.25,0.1875,-2.0625,-0.0625,-0.585938,-0.0683594,-1.875,-0.5,0,-1.9375,0.0625,-0.742188,0.224609,0.16777,0.230745,-0.0913327,-0.00503295,0.530429,-0.0048322,0.237515,-0.168738,0.0613885,0.246029,0.716733,0.120904,-0.216306,0.0591429,-0.955557,-0.286423,0.0225783,0.0944357,-0.511103,0.005321,-0.59138,-0.10201,-0.257805,-0.0242081,-0.105006,-0.535551,0.248169,-0.778219,0.190214
58.76,-0.100546,-0.0018493,0.000682987,0.300089,-0.213513,0.000683207,-0.103278,0.00167886,-0.000602635,0.298155,-0.217976,-0.00309102,0.000254446,-0.000150952,0.00321196,0.00286423,-0.000551274,-0.00156993,0.00971921,-2.39685e-05,0.0294218,0.00559136,0.00251669,0.000407464,0.00196541,0.0108457,-0.0119483,0.0387637,-0.00951835,-0.1,0,0,0.3,-0.2,0,-0.1,0,0,0.3,-0.2,0,0,0,0,0,0,0,0,0,0,0,0,0,0,0,0,0,0,0.671165,2.98828,-1.17454,-0.175781,9.64848,-0.897543,7.27095,-3.60352,1.23047,5.80078,14.0802,2.99638,-0.838956,0.198478,-6.22313,-2.4375,0.25,0.1875,-2.0625,-0.0625,-0.605469,-0.078125,-1.875,-0.4375,0,-2,0.0625,-0.742188,0.214844,0.0340652,0.17184,-0.109439,0.0520656,0.532395,-0.00265219,0.456392,-0.158068,0.0396936,0.347695,0.715747,0.17306,0.0213735,0.0655735,-0.976529,-0.264947,0.0673993,0.0784967,-0.48596,0.00814927,-0.583526,-0.1079,-0.254737,-0.0315425,-0.116678,-0.548422,0.237431,-0.778219,0.185458
58.8,-0.100506,-0.00183225,0.000629419,0.300038,-0.213517,0.000676047,-0.103198,0.0016959,-0.000575852,0.298138,-0.217976,-0.00309102,0.000227662,-0.000143404,0.00320714,0.00285225,-0.000551274,-0.00158192,0.00970722,-4.79369e-05,0.0294294,0.00558369,0.0025047,0.000395479,0.00200137,0.0108337,-0.0119363,0.0387714,-0.00951835,-0.1,0,0,0.3,-0.2,0,-0.1,0,0,0.3,-0.2,0,0,0,0,0,0,0,0,0,0,0,0,0,0,0,0,0,0,1.2864,3.25195,-1.06268,-0.615234,9.64884,-1.00233,7.21502,-3.60352,1.23047,6.06445,14.0799,2.89159,-0.391513,0.148858,-6.30092,-2.375,0.25,0.1875,-2.0625,-0.125,-0.605469,-0.078125,-1.8125,-0.5,0,-2,0.0625,-0.742188,0.224609,0.0609027,0.20286,-0.0680844,-0.0329883,0.540673,-0.0270419,0.438072,-0.140138,0.0781551,0.328435,0.72553,0.129108,-0.119724,0.0749023,-0.9529,-0.276021,0.0520595,0.07296,-0.460817,-0.00210922,-0.594479,-0.101856,-0.225927,-0.033412,-0.109272,-0.538619,0.220318,-0.79408,0.189385
58.86,-0.100533,-0.00182373,0.000656203,0.300106,-0.213517,0.000676047,-0.103225,0.00171295,-0.00056246,0.298104,-0.21798,-0.00308386,0.000254446,-0.000143404,0.00321677,0.00285225,-0.000587227,-0.00158192,0.00970722,-4.79369e-05,0.0294218,0.00559136,0.00249272,0.000383495,0.00195343,0.0108218,-0.0119363,0.0387637,-0.00951835,-0.1,0,0,0.3,-0.2,0,-0.1,0,0,0.3,-0.2,0,0,0,0,0,0,0,0,0,0,0,0,0,0,0,0,0,0,0.838956,3.42773,-1.06268,-0.791016,9.64848,-0.897543,7.49467,-3.7793,1.51012,6.5918,14.2568,2.89172,-1.45419,0.148858,-6.30092,-2.375,0.25,0.25,-2.125,-0.125,-0.585938,-0.0683594,-1.875,-0.4375,0,-2,0.0625,-0.742188,0.214844,0.0841512,0.179101,-0.0656203,0.0386003,0.539049,-0.0243026,0.425323,-0.158205,0.0305335,0.289916,0.733835,0.115069,-0.0557639,0.0546144,-0.972427,-0.276021,0.0587227,0.118979,-0.479225,-0.00517719,-0.576654,-0.116736,-0.230864,-0.0260777,-0.0946035,-0.53802,0.229522,-0.772329,0.188404
58.9,-0.10052,-0.00181521,0.000656203,0.300021,-0.213517,0.000676047,-0.103278,0.00171295,-0.000549068,0.298138,-0.217976,-0.00309102,0.000254446,-0.000150952,0.00322159,0.00284026,-0.000587227,-0.0015939,0.00970722,-3.59527e-05,0.0294218,0.00556835,0.0025047,0.000383495,0.00192946,0.0108457,-0.0119363,0.0387637,-0.00951068,-0.1,0,0,0.3,-0.2,0,-0.1,0,0,0.3,-0.2,0,0,0,0,0,0,0,0,0,0,0,0,0,0,0,0,0,0,1.11861,3.25195,-1.11861,-0.263672,9.73715,-0.949998,8.05398,-3.60352,1.45419,6.5918,13.9915,2.94392,-0.559304,0.0496194,-6.14534,-2.375,0.3125,0.1875,-2.0625,-0.0625,-0.605469,-0.0976562,-1.875,-0.4375,0,-2,0.0625,-0.732422,0.224609,0.0519566,0.217518,-0.0656203,0.051381,0.547185,-0.01055,0.502675,-0.184384,0.0497643,0.290256,0.707651,0.131915,-0.0711913,0.0626752,-0.962779,-0.271754,0.0679266,0.0704912,-0.485361,0.00992294,-0.588435,-0.0838781,-0.278082,-0.0260777,-0.099541,-0.530014,0.241794,-0.777237,0.190214
58.96,-0.100546,-0.0018493,0.000656203,0.300098,-0.213513,0.000683207,-0.103332,0.00170442,-0.000602635,0.298078,-0.217976,-0.00307673,0.000200878,-0.000150952,0.00321196,0.00287621,-0.000563259,-0.00155795,0.00970722,-3.59527e-05,0.0294294,0.00557602,0.00251669,0.000395479,0.00195343,0.0108337,-0.0119483,0.0387714,-0.00951068,-0.1,0,0,0.3,-0.2,0,-0.1,0,0,0.3,-0.2,0,0,0,0,0,0,0,0,0,0,0,0,0,0,0,0,0,0,0.559304,3.25195,-0.894886,-1.40625,9.64848,-0.897543,7.38281,-3.60352,1.34233,6.32812,14.1685,2.94405,-0.391513,0.0496194,-6.14534,-2.375,0.25,0.1875,-2.0625,0,-0.585938,-0.0976562,-1.875,-0.5,0,-2,0.125,-0.732422,0.214844,0.111202,0.201292,-0.0604778,-0.0364794,0.527506,-0.0218834,0.585168,-0.186805,0.0294086,0.348293,0.719033,0.123069,-0.0396936,0.0771666,-0.943252,-0.299893,0.0287142,0.0778975,-0.463885,0.00685498,-0.592515,-0.103666,-0.254737,-0.0395479,-0.0884676,-0.526347,0.248169,-0.778373,0.178433
59,-0.100546,-0.0018493,0.000629419,0.300072,-0.213517,0.000676047,-0.103211,0.0016959,-0.000535676,0.298104,-0.217972,-0.00309818,0.000294622,-0.000143404,0.00321677,0.00284026,-0.000575243,-0.00156993,0.00971921,-3.59527e-05,0.0294294,0.00559903,0.00251669,0.000407464,0.00196541,0.0108337,-0.0119363,0.0387637,-0.00952602,-0.1,0,0,0.3,-0.2,0,-0.1,0,0,0.3,-0.2,0,0,0,0,0,0,0,0,0,0,0,0,0,0,0,0,0,0,1.06268,3.33984,-1.06268,-0.703125,9.73715,-0.949998,6.15234,-3.51562,1.06268,5.36133,14.1685,2.94405,-0.727095,0.297716,-6.22313,-2.4375,0.3125,0.1875,-2.0625,-0.0625,-0.605469,-0.0683594,-1.875,-0.4375,0,-2,0.0625,-0.732422,0.224609,0.00835271,0.240562,-0.0269445,0.0546227,0.550435,-0.0105387,0.439411,-0.14341,-0.00299979,0.197195,0.710724,0.14317,-0.129526,0.0951902,-0.972427,-0.253347,0.0513884,0.0570209,-0.48596,0.0175928,-0.594479,-0.116889,-0.267009,-0.0530182,-0.12895,-0.538619,0.238726,-0.774292,0.203283
59.06,-0.100533,-0.00182373,0.000642811,0.300055,-0.213513,0.000683207,-0.103185,0.0016959,-0.000522284,0.298104,-0.217976,-0.00309102,0.000267838,-0.000143404,0.00320714,0.00286423,-0.000575243,-0.00158192,0.00970722,-4.79369e-05,0.0294218,0.00558369,0.00251669,0.000383495,0.00200137,0.0108457,-0.0119243,0.0387714,-0.00952602,-0.1,0,0,0.3,-0.2,0,-0.1,0,0,0.3,-0.2,0,0,0,0,0,0,0,0,0,0,0,0,0,0,0,0,0,0,1.06268,3.42773,-1.06268,-0.615234,9.82546,-0.897669,6.87944,-3.60352,1.34233,6.5918,14.0799,2.89159,-0.894886,0.198478,-6.22313,-2.375,0.25,0.1875,-2.0625,-0.0625,-0.605469,-0.078125,-1.875,-0.4375,0,-2,0.125,-0.732422,0.224609,0.0121563,0.188918,-0.161988,-0.0300912,0.547,-0.0327956,0.225891,-0.159773,-0.0351939,0.36082,0.722275,0.134609,-0.111206,0.0662075,-0.958446,-0.277219,0.0452524,0.0790959,-0.454682,0.00556068,-0.58549,-0.10971,-0.267009,-0.0475534,-0.106204,-0.560694,0.235418,-0.7823,0.200338
59.12,-0.100493,-0.0018493,0.000656203,0.300115,-0.213513,0.000683207,-0.103318,0.0016959,-0.000549068,0.298104,-0.217972,-0.00308389,0.000254446,-0.000158499,0.00319752,0.00287621,-0.000575243,-0.00156993,0.00970722,-3.59527e-05,0.0294371,0.00558369,0.00251669,0.000395479,0.00201335,0.0108457,-0.0119483,0.0387637,-0.00952602,-0.1,0,0,0.3,-0.2,0,-0.1,0,0,0.3,-0.2,0,0,0,0,0,0,0,0,0,0,0,0,0,0,0,0,0,0,0.503374,2.98828,-1.17454,-0.878906,9.56017,-0.949872,6.32014,-3.60352,1.34233,6.85547,14.0799,2.89159,-1.17454,0.148858,-6.30092,-2.4375,0.25,0.1875,-2.0625,-0.0625,-0.605469,-0.078125,-1.875,-0.5,0.0625,-2.0625,0.125,-0.732422,0.214844,0.0595631,0.14566,-0.122188,-0.0826696,0.538896,-0.00262973,0.522119,-0.166318,0.00862438,0.306278,0.731869,0.117821,-0.0763338,0.070736,-0.959255,-0.287621,0.0575243,0.0815646,-0.485361,0.00838896,-0.60445,-0.111674,-0.273144,-0.0395479,-0.0393083,-0.560694,0.257373,-0.76742,0.192484
59.16,-0.100453,-0.00181521,0.000656203,0.300106,-0.213504,0.000697528,-0.103292,0.0016959,-0.00056246,0.298163,-0.217976,-0.00309102,0.000227662,-0.000143404,0.00320714,0.00287621,-0.000575243,-0.00156993,0.00970722,-3.59527e-05,0.0294141,0.00559903,0.00251669,0.000407464,0.00200137,0.0108218,-0.0119483,0.0387714,-0.00951835,-0.1,0,0,0.3,-0.2,0,-0.1,0,0,0.3,-0.2,0,0,0,0,0,0,0,0,0,0,0,0,0,0,0,0,0,0,0.335582,3.33984,-1.34233,-1.93359,9.73715,-0.949998,6.87944,-3.60352,1.34233,5.88867,14.1685,2.94405,-0.671165,0.148858,-6.30092,-2.375,0.25,0.1875,-2.0625,-0.125,-0.605469,-0.078125,-1.8125,-0.4375,0,-2,0.125,-0.732422,0.214844,0.0606882,0.178249,-0.142758,-0.0595745,0.536918,-0.0224225,0.576008,-0.163045,0.0305335,0.253695,0.725518,0.145578,-0.0991536,0.0575126,-0.956597,-0.27535,0.0575243,0.0784967,-0.470021,0.00685498,-0.573555,-0.125725,-0.248601,-0.0223386,-0.100068,-0.541088,0.278849,-0.7823,0.194294
59.22,-0.100439,-0.00181521,0.000629419,0.300098,-0.213513,0.000683207,-0.103211,0.00171295,-0.000549068,0.298155,-0.217972,-0.00309818,0.000227662,-0.000143404,0.00320714,0.00287621,-0.000575243,-0.00155795,0.00970722,-2.39685e-05,0.0294218,0.00558369,0.00251669,0.000407464,0.00195343,0.0108457,-0.0119363,0.0387637,-0.00953369,-0.1,0,0,0.3,-0.2,0,-0.1,0,0,0.3,-0.2,0,0,0,0,0,0,0,0,0,0,0,0,0,0,0,0,0,0,0.950817,3.16406,-1.11861,0,9.73715,-0.949998,7.66246,-3.60352,1.39826,5.44922,14.1685,2.94405,-0.671165,0.148858,-6.4565,-2.4375,0.25,0.1875,-2.125,-0.125,-0.605469,-0.078125,-1.875,-0.4375,0,-2,0.0625,-0.742188,0.224609,0.0182095,0.165159,-0.104082,-0.0201169,0.542138,-0.0135981,0.341704,-0.174567,0.00348189,0.282245,0.71397,0.148648,-0.114581,0.0198351,-0.984328,-0.272282,0.0544563,0.0686936,-0.482293,0.00201335,-0.586472,-0.112656,-0.27928,-0.0254066,-0.0761957,-0.548422,0.238726,-0.772329,0.202455
59.26,-0.100479,-0.00181521,0.000642811,0.300064,-0.213513,0.000683207,-0.103131,0.00170442,-0.000589243,0.298155,-0.217972,-0.00308389,0.000254446,-0.000150952,0.00320233,0.00286423,-0.000575243,-0.00155795,0.00970722,-4.79369e-05,0.0294294,0.00558369,0.00251669,0.000407464,0.0019774,0.0108457,-0.0119483,0.0387637,-0.00951835,-0.1,0,0,0.3,-0.2,0,-0.1,0,0,0.3,-0.2,0,0,0,0,0,0,0,0,0,0,0,0,0,0,0,0,0,0,0.894886,3.07617,-1.11861,-0.703125,9.64848,-0.897543,6.432,-3.51562,1.17454,6.32812,14.0799,2.89159,-0.838956,0.148858,-6.4565,-2.4375,0.25,0.1875,-2.125,-0.125,-0.605469,-0.078125,-1.875,-0.5,0,-2,0.125,-0.732422,0.224609,0.130219,0.171704,-0.120848,-0.0695444,0.555147,-0.00257359,0.210249,-0.14099,0.0229269,0.298607,0.720491,0.120605,-0.117474,0.0481838,-0.981035,-0.286423,0.0605922,0.0686936,-0.497633,-0.00210922,-0.595461,-0.105783,-0.260873,-0.0407464,-0.123414,-0.533082,0.243567,-0.788037,0.190367
59.32,-0.100479,-0.00182373,0.000656203,0.300047,-0.213513,0.000683207,-0.103185,0.00170442,-0.000602635,0.298146,-0.217976,-0.00309102,0.000241054,-0.000158499,0.00320714,0.0028882,-0.000587227,-0.00156993,0.00970722,-3.59527e-05,0.0294294,0.00559903,0.00251669,0.000407464,0.00195343,0.0108337,-0.0119363,0.0387484,-0.00952602,-0.1,0,0,0.3,-0.2,0,-0.1,0,0,0.3,-0.2,0,0,0,0,0,0,0,0,0,0,0,0,0,0,0,0,0,0,0.838956,3.25195,-1.11861,0,9.56017,-0.949872,7.88619,-3.60352,1.34233,6.06445,14.0802,2.99638,-0.727095,-1.44329e-13,-6.37871,-2.4375,0.25,0.1875,-2.0625,-0.125,-0.605469,-0.078125,-1.875,-0.4375,0.0625,-2,0.0625,-0.732422,0.214844,0.0890792,0.175828,-0.163328,0.112995,0.547016,-0.0108364,0.539583,-0.176987,0.0602635,0.228982,0.71739,0.148351,-0.0620313,0.0330585,-0.986177,-0.267344,0.0617907,0.13372,-0.457749,-0.00541687,-0.593497,-0.120816,-0.251669,-0.0438143,-0.0915355,-0.541687,0.238726,-0.763186,0.191502
59.36,-0.100546,-0.00184078,0.000616027,0.300047,-0.213513,0.000683207,-0.103225,0.00171295,-0.00056246,0.298129,-0.217972,-0.00308389,0.000227662,-0.000143404,0.00320714,0.00284026,-0.000575243,-0.00156993,0.00970722,-3.59527e-05,0.0294218,0.00559136,0.00249272,0.000395479,0.0019774,0.0108457,-0.0119243,0.0387637,-0.00951835,-0.1,0,0,0.3,-0.2,0,-0.1,0,0,0.3,-0.2,0,0,0,0,0,0,0,0,0,0,0,0,0,0,0,0,0,0,1.39826,3.25195,-1.06268,-0.878906,9.73715,-0.949998,6.32014,-3.60352,1.11861,6.32812,14.0799,2.89159,-1.11861,0.0496194,-6.30092,-2.4375,0.25,0.1875,-2.0625,-0.0625,-0.605469,-0.0683594,-1.875,-0.4375,0,-1.9375,0.0625,-0.732422,0.214844,0.121487,0.256073,-0.0256053,-0.00154194,0.540507,-0.0218385,0.39961,-0.194202,-0.000321407,0.302443,0.713978,0.137097,-0.104296,0.0517161,-0.960295,-0.274822,0.0575243,0.0846326,-0.476157,0.0252627,-0.584508,-0.114772,-0.233932,-0.033412,-0.141821,-0.542286,0.227748,-0.775274,0.173677
59.42,-0.100546,-0.00183225,0.000656203,0.300047,-0.213513,0.000683207,-0.103359,0.00171295,-0.00056246,0.298078,-0.217972,-0.00308389,0.000241054,-0.000143404,0.00320714,0.00286423,-0.000575243,-0.00156993,0.00970722,-5.99211e-05,0.0294218,0.00558369,0.00251669,0.000371511,0.00195343,0.0108218,-0.0119363,0.0387714,-0.00953369,-0.1,0,0,0.3,-0.2,0,-0.1,0,0,0.3,-0.2,0,0,0,0,0,0,0,0,0,0,0,0,0,0,0,0,0,0,0.838956,3.33984,-1.00675,0.263672,9.64884,-1.00233,5.64897,-3.60352,1.23047,5.53711,14.0799,2.89159,-0.894886,0.148858,-6.30092,-2.375,0.3125,0.1875,-2.0625,-0.125,-0.585938,-0.078125,-1.875,-0.4375,0,-2,0.0625,-0.742188,0.214844,0.0546351,0.206133,-0.0604778,0.0475454,0.519374,-0.0301462,0.392432,-0.154932,0.0871009,0.511918,0.717229,0.137086,0.0202486,0.0459195,-0.960295,-0.246539,0.0115049,0.050885,-0.473089,0.00119842,-0.583526,-0.106765,-0.260873,-0.0187433,-0.116079,-0.544156,0.237192,-0.775427,0.204418
59.46,-0.100546,-0.00182373,0.000629419,0.300064,-0.213517,0.000676047,-0.103332,0.0016959,-0.00056246,0.298078,-0.217967,-0.00310534,0.000200878,-0.000150952,0.00320233,0.00287621,-0.000587227,-0.00155795,0.00970722,-7.19053e-05,0.0294218,0.00559903,0.00251669,0.000395479,0.00192946,0.0108457,-0.0119483,0.0387637,-0.00952602,-0.1,0,0,0.3,-0.2,0,-0.1,0,0,0.3,-0.2,0,0,0,0,0,0,0,0,0,0,0,0,0,0,0,0,0,0,1.11861,3.51562,-1.06268,-0.351562,9.64884,-1.00233,6.93537,-3.7793,1.06268,6.24023,14.1685,2.94405,-0.279652,0.0496194,-6.4565,-2.375,0.25,0.1875,-2.0625,-0.0625,-0.605469,-0.0683594,-1.875,-0.5,0,-2,0.0625,-0.732422,0.224609,0.10606,0.208553,-0.0269445,0.0231763,0.535803,-0.018824,0.662305,-0.16959,0.0202485,0.353747,0.733303,0.148867,0.0323013,0.0423873,-0.962548,-0.266146,0.0832664,0.0778975,-0.457749,0.00910801,-0.584508,-0.125725,-0.245533,-0.0426159,-0.142492,-0.563762,0.261975,-0.774292,0.203283
59.52,-0.100573,-0.00184078,0.000669595,0.30003,-0.213513,0.000683207,-0.103238,0.00172147,-0.00056246,0.298104,-0.217972,-0.00308389,0.000254446,-0.000150952,0.00321196,0.00286423,-0.000587227,-0.00158192,0.00970722,-5.99211e-05,0.0294294,0.00557602,0.00251669,0.000407464,0.00195343,0.0108457,-0.0119483,0.0387637,-0.00951835,-0.1,0,0,0.3,-0.2,0,-0.1,0,0,0.3,-0.2,0,0,0,0,0,0,0,0,0,0,0,0,0,0,0,0,0,0,1.39826,3.25195,-1.17454,0,9.73715,-0.949998,6.65572,-3.51562,1.39826,6.50391,14.0802,2.99638,-0.279652,0.0992388,-6.37871,-2.375,0.3125,0.1875,-2.0625,-0.0625,-0.605469,-0.0683594,-1.875,-0.4375,0.0625,-2,0.0625,-0.732422,0.214844,0.113881,0.170988,-0.128669,0.03374,0.545385,-0.0190767,0.23639,-0.191782,0.056246,0.371728,0.697711,0.159112,-0.0866188,0.0481838,-0.965436,-0.277219,0.0832664,0.112843,-0.476157,0.0119363,-0.593497,-0.0997394,-0.267009,-0.0254066,-0.0946035,-0.554558,0.245101,-0.76742,0.179568
59.56,-0.10052,-0.00181521,0.000629419,0.300098,-0.213517,0.000676047,-0.103252,0.00170442,-0.000602635,0.298104,-0.217967,-0.00309105,0.000174095,-0.000150952,0.00321196,0.00286423,-0.000575243,-0.0015939,0.00973119,-4.79369e-05,0.0294141,0.00558369,0.00251669,0.000395479,0.00206129,0.0108457,-0.0119243,0.0387637,-0.00951068,-0.1,0,0,0.3,-0.2,0,-0.1,0,0,0.3,-0.2,0,0,0,0,0,0,0,0,0,0,0,0,0,0,0,0,0,0,0.559304,3.16406,-1.00675,-0.878906,9.64884,-1.00233,8.05398,-3.51562,1.39826,5.97656,13.9915,2.94392,-0.615234,0.0992388,-6.22313,-2.375,0.25,0.1875,-2.125,-0.0625,-0.585938,-0.0683594,-1.875,-0.5,0,-2,0.125,-0.742188,0.214844,0.0365292,0.142251,-0.00637454,-0.0146627,0.534176,-0.0215745,0.294297,-0.147535,0.127116,0.339003,0.70405,0.148397,0.112331,0.0510821,-0.95989,-0.283355,0.0575243,0.0582194,-0.508035,-0.0036432,-0.583373,-0.102838,-0.254737,-0.0487518,-0.106132,-0.563762,0.24769,-0.775274,0.178433
59.62,-0.100546,-0.00181521,0.000629419,0.300081,-0.213517,0.000676047,-0.103225,0.00170442,-0.000575852,0.29807,-0.217967,-0.00307676,0.000227662,-0.000135857,0.00321196,0.00284026,-0.000587227,-0.00156993,0.00971921,-4.79369e-05,0.0294218,0.00558369,0.00251669,0.000395479,0.00195343,0.0108218,-0.0119363,0.0387714,-0.00951068,-0.1,0,0,0.3,-0.2,0,-0.1,0,0,0.3,-0.2,0,0,0,0,0,0,0,0,0,0,0,0,0,0,0,0,0,0,1.67791,3.25195,-1.11861,-1.05469,9.73715,-0.949998,6.2642,-3.60352,1.39826,6.32812,14.0799,2.89159,0.111861,0.0992388,-6.37871,-2.375,0.3125,0.1875,-2.0625,-0.0625,-0.605469,-0.0683594,-1.875,-0.4375,0,-2,0.0625,-0.742188,0.214844,0.0443501,0.119344,-0.0269445,-0.192093,0.543931,-0.016051,0.497318,-0.183532,0.0935826,0.404113,0.72358,0.109329,-0.0374437,0.0436553,-0.976529,-0.284026,0.0894023,0.0662248,-0.498232,-0.0036432,-0.586472,-0.0989111,-0.270077,-0.0303441,-0.0669918,-0.52268,0.234124,-0.7823,0.167633
59.66,-0.100546,-0.00182373,0.000629419,0.300089,-0.213513,0.000683207,-0.103292,0.0016959,-0.000549068,0.298078,-0.217972,-0.00308389,0.000227662,-0.000143404,0.00320714,0.00285225,-0.000575243,-0.00156993,0.00971921,-5.99211e-05,0.0294218,0.00558369,0.00251669,0.000395479,0.0019774,0.0108457,-0.0119363,0.0387714,-0.00951068,-0.1,0,0,0.3,-0.2,0,-0.1,0,0,0.3,-0.2,0,0,0,0,0,0,0,0,0,0,0,0,0,0,0,0,0,0,0.671165,3.33984,-1.17454,-0.703125,9.64848,-0.897543,7.60653,-3.51562,1.2864,6.85547,14.1685,2.94405,-0.447443,0.0496194,-6.30092,-2.375,0.25,0.1875,-2.0625,-0.0625,-0.605469,-0.078125,-1.875,-0.4375,0,-2,0.125,-0.742188,0.214844,0.0649201,0.182373,-0.0629419,-0.040655,0.540519,-0.00536902,0.462874,-0.11723,0.0291943,0.402834,0.715602,0.139836,-0.0631562,0.040123,-0.960295,-0.272953,0.0575243,0.0692928,-0.461417,-0.00800546,-0.583526,-0.114619,-0.263941,-0.0395479,-0.117278,-0.545354,0.24026,-0.791135,0.180396
59.72,-0.100546,-0.00184078,0.000629419,0.300047,-0.213513,0.000683207,-0.103278,0.00171295,-0.000535676,0.298129,-0.217976,-0.00309102,0.000227662,-0.000150952,0.00322159,0.00286423,-0.000551274,-0.00160589,0.00970722,-3.59527e-05,0.0294294,0.00558369,0.00251669,0.000395479,0.00200137,0.0108457,-0.0119243,0.0387714,-0.00951068,-0.1,0,0,0.3,-0.2,0,-0.1,0,0,0.3,-0.2,0,0,0,0,0,0,0,0,0,0,0,0,0,0,0,0,0,0,0.279652,3.51562,-1.17454,-0.263672,9.64884,-1.00233,7.21502,-3.7793,1.23047,6.24023,14.0799,2.89159,-0.838956,0.198478,-6.37871,-2.4375,0.25,0.1875,-2.125,-0.0625,-0.585938,-0.078125,-1.875,-0.4375,0.0625,-2,0.0625,-0.751953,0.195312,0.0392076,0.22662,-0.0629419,-0.0124502,0.538876,-0.0300788,0.656949,-0.181112,0.0227127,0.269718,0.720656,0.12638,-0.114581,0.091658,-0.977569,-0.310967,0.0520595,0.0496147,-0.491497,-0.000814927,-0.588588,-0.0998928,-0.251669,-0.033412,-0.0970003,-0.542286,0.233884,-0.78819,0.175487
59.76,-0.100479,-0.00183225,0.000656203,0.300064,-0.213513,0.000683207,-0.103131,0.0016959,-0.00056246,0.298087,-0.217972,-0.00308389,0.000227662,-0.000150952,0.00320233,0.00286423,-0.000587227,-0.00156993,0.00968325,-3.59527e-05,0.0294294,0.00558369,0.00251669,0.000395479,0.0019774,0.0108457,-0.0119483,0.0387637,-0.00952602,-0.1,0,0,0.3,-0.2,0,-0.1,0,0,0.3,-0.2,0,0,0,0,0,0,0,0,0,0,0,0,0,0,0,0,0,0,0.671165,3.42773,-1.11861,-0.439453,9.64848,-0.897543,6.432,-3.42773,1.34233,6.41602,14.1685,2.94405,-0.671165,0.0992388,-6.37871,-2.375,0.3125,0.1875,-2.0625,-0.125,-0.605469,-0.078125,-1.875,-0.4375,0,-2,0.0625,-0.742188,0.224609,0.00679937,0.222495,-0.111903,-0.0259111,0.525898,0.00281517,0.266816,-0.16959,0.0665309,0.40701,0.705847,0.14536,-0.0477287,0.0597769,-0.97364,-0.283355,0.0679266,0.0447491,-0.456551,-0.0130868,-0.595461,-0.10971,-0.257805,-0.033412,-0.101938,-0.560694,0.229762,-0.775274,0.191502
59.82,-0.100506,-0.00180669,0.000642811,0.300021,-0.213513,0.000683207,-0.103225,0.0016959,-0.00056246,0.298138,-0.217967,-0.00309105,0.000187487,-0.000143404,0.00320714,0.00287621,-0.000587227,-0.00155795,0.00973119,-4.79369e-05,0.0294218,0.00559903,0.0025047,0.000395479,0.00200137,0.0108218,-0.0119243,0.0387637,-0.00951068,-0.1,0,0,0.3,-0.2,0,-0.1,0,0,0.3,-0.2,0,0,0,0,0,0,0,0,0,0,0,0,0,0,0,0,0,0,0.950817,3.16406,-1.17454,-0.263672,9.73715,-0.949998,6.48793,-3.60352,1.23047,6.06445,14.1682,2.83926,-0.167791,0.0992388,-6.37871,-2.375,0.25,0.1875,-2.0625,-0.0625,-0.605469,-0.078125,-1.875,-0.4375,0,-2,0.125,-0.732422,0.214844,0.0866152,0.111947,-0.0899935,0.0786518,0.553516,-0.0108139,0.245336,-0.176135,0.0511035,0.279348,0.726838,0.0989098,0.0311763,0.0546144,-0.969538,-0.287621,0.0679266,0.102441,-0.483492,0.00862864,-0.58549,-0.124743,-0.290354,-0.0395479,-0.133816,-0.531884,0.233884,-0.77331,0.176469
59.86,-0.100493,-0.00182373,0.000629419,0.300047,-0.213513,0.000683207,-0.103345,0.0016959,-0.00056246,0.298138,-0.217967,-0.00309105,0.000241054,-0.000143404,0.00320714,0.00286423,-0.000599211,-0.00154597,0.00971921,-3.59527e-05,0.0294218,0.00559136,0.00251669,0.000395479,0.00196541,0.0108218,-0.0119363,0.0387637,-0.00951835,-0.1,0,0,0.3,-0.2,0,-0.1,0,0,0.3,-0.2,0,0,0,0,0,0,0,0,0,0,0,0,0,0,0,0,0,0,1.00675,3.07617,-1.23047,-0.351562,9.64884,-1.00233,8.05398,-3.7793,1.11861,6.5918,14.1685,2.94405,-0.559304,0.0992388,-6.37871,-2.4375,0.25,0.1875,-2.0625,-0.0625,-0.585938,-0.078125,-1.875,-0.4375,0,-2,0.125,-0.742188,0.224609,-0.0381441,0.175828,-0.042372,0.0148205,0.540492,-0.0437977,0.349953,-0.18268,0.0511035,0.268439,0.699165,0.162138,-0.0106064,0.0430213,-0.969538,-0.280287,0.0844648,0.0588905,-0.504368,0.005321,-0.577636,-0.117718,-0.248601,-0.0180722,-0.101339,-0.525748,0.238726,-0.764475,0.187422
59.92,-0.100546,-0.00182373,0.000656203,0.300098,-0.213513,0.000683207,-0.103225,0.0016959,-0.000549068,0.298129,-0.217976,-0.00309102,0.000227662,-0.000166047,0.00320233,0.00285225,-0.000587227,-0.00155795,0.00971921,-3.59527e-05,0.0294218,0.00558369,0.0025047,0.000395479,0.00195343,0.0108337,-0.0119363,0.038756,-0.00952602,-0.1,0,0,0.3,-0.2,0,-0.1,0,0,0.3,-0.2,0,0,0,0,0,0,0,0,0,0,0,0,0,0,0,0,0,0,0.894886,3.16406,-1.11861,-0.878906,9.73715,-0.949998,6.59979,-3.86719,0.950817,5.97656,14.1685,2.94405,-0.391513,0.148858,-6.30092,-2.375,0.25,0.1875,-2.0625,-0.0625,-0.605469,-0.078125,-1.875,-0.5,0,-2,0.0625,-0.742188,0.214844,0.095775,0.159466,-0.10676,-0.096475,0.551885,-0.0190543,0.188768,-0.18268,0.0240518,0.247901,0.722268,0.145589,0.0191236,0.0903899,-0.949607,-0.288293,0.0648586,0.0748295,-0.495164,0.0175928,-0.587453,-0.104802,-0.241266,-0.0456839,-0.0884676,-0.572367,0.24026,-0.771194,0.194447
59.96,-0.100453,-0.00183225,0.000616027,0.300064,-0.213513,0.000683207,-0.103292,0.0016959,-0.00056246,0.298087,-0.217972,-0.00309818,0.000267838,-0.000143404,0.00320714,0.00285225,-0.000575243,-0.00155795,0.00971921,-4.79369e-05,0.0294218,0.0056067,0.0025047,0.000407464,0.00195343,0.0108457,-0.0119243,0.0387714,-0.00952602,-0.1,0,0,0.3,-0.2,0,-0.1,0,0,0.3,-0.2,0,0,0,0,0,0,0,0,0,0,0,0,0,0,0,0,0,0,0.615234,3.42773,-1.11861,0.703125,9.64848,-0.897543,8.55735,-3.7793,1.34233,6.67969,14.0799,2.89159,-0.335582,0.148858,-6.30092,-2.4375,0.25,0.1875,-2.125,-0.125,-0.605469,-0.078125,-1.875,-0.4375,0,-2,0.0625,-0.742188,0.214844,-0.0318765,0.186498,-0.0616027,0.104989,0.537257,-0.0218497,0.504013,-0.163045,0.0819584,0.347014,0.723737,0.126655,-0.147204,0.0546144,-0.954748,-0.251477,0.0667282,0.0840334,-0.489028,-0.00824515,-0.586472,-0.131769,-0.241266,-0.0407464,-0.119147,-0.557626,0.220078,-0.780336,0.202301
60.02,-0.100546,-0.00182373,0.000629419,0.300089,-0.213508,0.000690368,-0.103185,0.00171295,-0.00056246,0.298129,-0.217972,-0.00309818,0.000227662,-0.000150952,0.00321196,0.00287621,-0.000587227,-0.00156993,0.00970722,-2.39685e-05,0.0294294,0.00559136,0.00251669,0.000407464,0.00192946,0.0108337,-0.0119363,0.0387637,-0.00951835,-0.1,0,0,0.3,-0.2,0,-0.1,0,0,0.3,-0.2,0,0,0,0,0,0,0,0,0,0,0,0,0,0,0,0,0,0,0.894886,3.25195,-1.06268,-0.703125,9.64848,-0.897543,5.98455,-3.60352,1.2864,4.6582,14.0799,2.89159,-0.615234,0.148858,-6.14534,-2.4375,0.25,0.1875,-2.0625,0,-0.605469,-0.078125,-1.875,-0.4375,0,-2,0.0625,-0.742188,0.224609,0.0649201,0.169283,0.0553353,0.00843239,0.530582,-0.0276484,0.215606,-0.16475,0.0665309,0.144272,0.700965,0.154183,-0.0785836,0.0771666,-0.950647,-0.281485,0.0587227,0.0784967,-0.448546,0.000479369,-0.593497,-0.117718,-0.276212,-0.0407464,-0.0627254,-0.535551,0.238726,-0.769383,0.181531
60.06,-0.100506,-0.00183225,0.000642811,0.300064,-0.213517,0.000676047,-0.103252,0.00168738,-0.000575852,0.298078,-0.217967,-0.00309105,0.000187487,-0.000158499,0.00321677,0.00286423,-0.000587227,-0.00156993,0.00971921,-4.79369e-05,0.0294218,0.00558369,0.0025047,0.000395479,0.00192946,0.0108457,-0.0119483,0.038756,-0.00951835,-0.1,0,0,0.3,-0.2,0,-0.1,0,0,0.3,-0.2,0,0,0,0,0,0,0,0,0,0,0,0,0,0,0,0,0,0,0.615234,3.33984,-0.950817,0.791016,9.64848,-0.897543,8.33363,-3.7793,1.62198,6.50391,13.9915,2.94392,-0.223722,0.148858,-6.30092,-2.4375,0.25,0.1875,-2.0625,-0.0625,-0.605469,-0.078125,-1.875,-0.4375,0,-2,0.0625,-0.742188,0.214844,-0.041947,0.163591,-0.0694236,0.050447,0.542304,-0.0188015,0.350864,-0.168738,0.139865,0.310114,0.68941,0.167662,0.0414613,0.0765326,-0.965032,-0.271083,0.0587227,0.0416811,-0.507436,0.00862864,-0.584508,-0.0969476,-0.232063,-0.0180722,-0.114881,-0.53615,0.228228,-0.772175,0.18644
60.12,-0.100506,-0.00182373,0.000629419,0.300081,-0.213517,0.000676047,-0.103318,0.0016959,-0.00056246,0.298095,-0.217976,-0.00309102,0.000227662,-0.000150952,0.00320233,0.00287621,-0.000587227,-0.00156993,0.00970722,-3.59527e-05,0.0294294,0.00558369,0.0025047,0.000395479,0.00195343,0.0108337,-0.0119363,0.038756,-0.00951835,-0.1,0,0,0.3,-0.2,0,-0.1,0,0,0.3,-0.2,0,0,0,0,0,0,0,0,0,0,0,0,0,0,0,0,0,0,0.671165,3.51562,-1.00675,-0.791016,9.64884,-1.00233,6.54386,-3.60352,1.8457,5.625,14.0799,2.89159,-0.223722,0.0496194,-6.4565,-2.4375,0.25,0.1875,-2.0625,-0.0625,-0.605469,-0.078125,-1.875,-0.4375,0.0625,-2,0.0625,-0.742188,0.214844,0.00947785,0.202008,-0.0526569,-0.023014,0.53743,-0.0160735,0.609542,-0.16959,0.0613885,0.231199,0.722275,0.134609,-0.0323013,0.039489,-0.949607,-0.287621,0.0587227,0.0938365,-0.470021,0.0114569,-0.594479,-0.0930206,-0.25047,-0.0027324,-0.0853996,-0.538619,0.235658,-0.767267,0.190367
60.16,-0.100546,-0.00183225,0.000656203,0.300038,-0.213513,0.000683207,-0.103225,0.00171295,-0.000589243,0.298078,-0.217976,-0.00309102,0.000267838,-0.000143404,0.00321677,0.00286423,-0.000575243,-0.00156993,0.00971921,-3.59527e-05,0.0294294,0.00557602,0.0025047,0.000419448,0.00192946,0.0108457,-0.0119363,0.0387714,-0.00953369,-0.1,0,0,0.3,-0.2,0,-0.1,0,0,0.3,-0.2,0,0,0,0,0,0,0,0,0,0,0,0,0,0,0,0,0,0,0.894886,3.16406,-0.950817,-0.791016,9.64848,-0.897543,7.71839,-3.60352,1.39826,6.76758,14.1685,2.94405,-1.11861,0.148858,-6.30092,-2.4375,0.3125,0.1875,-2.125,-0.0625,-0.585938,-0.0683594,-1.875,-0.4375,0,-2,0.0625,-0.751953,0.224609,0.0546351,0.183225,-0.0604778,0.0106449,0.534018,-0.00539148,0.296761,-0.190929,0.0229269,0.217393,0.719033,0.123641,-0.111206,0.0633092,-0.970578,-0.304831,0.0605922,0.0723607,-0.519708,0.00378702,-0.590552,-0.0987577,-0.241266,-0.0327409,-0.111813,-0.560694,0.244862,-0.791135,0.212272
60.22,-0.100479,-0.00184078,0.000629419,0.300064,-0.213517,0.000676047,-0.103278,0.0016959,-0.000602635,0.298138,-0.21798,-0.00308386,0.000160703,-0.000150952,0.00321196,0.00284026,-0.000587227,-0.00154597,0.00970722,-4.79369e-05,0.0294218,0.00559136,0.00251669,0.000407464,0.00194144,0.0108218,-0.0119363,0.0387714,-0.00952602,-0.1,0,0,0.3,-0.2,0,-0.1,0,0,0.3,-0.2,0,0,0,0,0,0,0,0,0,0,0,0,0,0,0,0,0,0,0.783026,3.16406,-1.11861,-1.05469,9.64884,-1.00233,7.60653,-3.60352,1.17454,5.625,14.1685,2.94405,-0.503374,0.148858,-6.30092,-2.4375,0.25,0.1875,-2.0625,-0.125,-0.605469,-0.0976562,-1.875,-0.4375,0.0625,-2,0.0625,-0.742188,0.214844,0.0170843,0.210258,-0.0629419,-0.0531819,0.535795,-0.0298036,0.728944,-0.133593,0.121973,0.224806,0.72246,0.112364,-0.00192843,0.07137,-0.961739,-0.29323,0.0709945,0.117182,-0.479225,-0.0036432,-0.582545,-0.108882,-0.245533,-0.0346104,-0.0848004,-0.531884,0.229522,-0.783281,0.186593
60.26,-0.100493,-0.00183225,0.000629419,0.300072,-0.213513,0.000683207,-0.103305,0.0016959,-0.00056246,0.298112,-0.217972,-0.00309818,0.000254446,-0.000143404,0.00320714,0.00286423,-0.000587227,-0.00156993,0.00970722,-3.59527e-05,0.0294218,0.00559136,0.00251669,0.000407464,0.00203732,0.0108337,-0.0119363,0.0387637,-0.00952602,-0.1,0,0,0.3,-0.2,0,-0.1,0,0,0.3,-0.2,0,0,0,0,0,0,0,0,0,0,0,0,0,0,0,0,0,0,0.783026,3.33984,-1.06268,-0.439453,9.64848,-0.897543,5.7049,-3.51562,1.62198,5.44922,14.0799,2.89159,-0.335582,0.0496194,-6.14534,-2.4375,0.25,0.1875,-2.0625,-0.125,-0.605469,-0.078125,-1.875,-0.4375,0,-2,0.0625,-0.742188,0.214844,0.0852756,0.186498,-0.021802,-0.038098,0.524263,-0.010915,0.335651,-0.146683,0.035676,0.294091,0.709097,0.14592,-0.0609063,0.0285299,-0.949202,-0.295627,0.0924703,0.0631569,-0.491497,-0.00848483,-0.582545,-0.117718,-0.276212,-0.0346104,-0.09573,-0.547823,0.243328,-0.775274,0.203283
60.32,-0.100466,-0.00181521,0.000629419,0.300089,-0.213513,0.000683207,-0.103185,0.00170442,-0.000575852,0.298129,-0.217976,-0.00309102,0.000227662,-0.000158499,0.00321677,0.00286423,-0.000575243,-0.00156993,0.00973119,-5.99211e-05,0.0294218,0.00559136,0.0025047,0.000407464,0.00201335,0.0108337,-0.0119243,0.0387637,-0.00952602,-0.1,0,0,0.3,-0.2,0,-0.1,0,0,0.3,-0.2,0,0,0,0,0,0,0,0,0,0,0,0,0,0,0,0,0,0,0.503374,3.25195,-1.06268,-0.966797,9.64884,-1.00233,8.16584,-3.60352,1.51012,6.50391,14.0799,2.89159,0,0.148858,-6.14534,-2.375,0.3125,0.1875,-2.0625,-0.0625,-0.605469,-0.078125,-1.875,-0.4375,0,-2,0.0625,-0.732422,0.214844,0.0106022,0.171704,-0.104082,-0.0133842,0.537249,-0.0328293,0.225891,-0.170442,0.0935826,0.22063,0.72064,0.148339,-0.0888686,0.0823292,-0.95394,-0.2312,0.0575243,0.0570209,-0.465084,0.00733435,-0.584508,-0.122626,-0.25047,-0.0376784,-0.106803,-0.572367,0.226214,-0.77331,0.191502
60.36,-0.100506,-0.00184078,0.000629419,0.300132,-0.213504,0.000668944,-0.103292,0.0016959,-0.000575852,0.298138,-0.217967,-0.00309105,0.000107135,-0.000158499,0.00319752,0.00285225,-0.000587227,-0.00156993,0.00971921,-2.39685e-05,0.0294218,0.00558369,0.00251669,0.000395479,0.00200137,0.0108457,-0.0119363,0.0387637,-0.00951068,-0.1,0,0,0.3,-0.2,0,-0.1,0,0,0.3,-0.2,0,0,0,0,0,0,0,0,0,0,0,0,0,0,0,0,0,0,0.671165,3.42773,-1.11861,-0.615234,9.56017,-0.949872,6.37607,-3.7793,1.06268,7.03125,13.9915,2.94392,0.783026,0.0496194,-6.30092,-2.4375,0.25,0.1875,-2.0625,-0.0625,-0.605469,-0.078125,-1.875,-0.4375,0,-2,0.0625,-0.732422,0.214844,0.0506178,0.23971,-0.0783694,-0.107043,0.532057,-0.00208168,0.385736,-0.149955,0.0473002,0.29571,0.700808,0.137428,0.0655667,0.0852274,-0.953709,-0.33738,0.0617907,0.0999724,-0.482892,0.0219551,-0.584508,-0.102838,-0.288484,-0.03648,-0.14302,-0.539218,0.237192,-0.775274,0.18825
60.42,-0.100546,-0.00182373,0.000656203,0.300115,-0.213504,0.000668944,-0.103225,0.0016959,-0.00056246,0.298095,-0.217976,-0.00309102,0.000187487,-0.000143404,0.00320714,0.00285225,-0.000575243,-0.00156993,0.00970722,-4.79369e-05,0.0294294,0.00558369,0.0025047,0.000395479,0.0019774,0.0108337,-0.0119363,0.0387637,-0.00951835,-0.1,0,0,0.3,-0.2,0,-0.1,0,0,0.3,-0.2,0,0,0,0,0,0,0,0,0,0,0,0,0,0,0,0,0,0,1.62198,3.33984,-1.17454,-0.966797,9.73715,-0.949998,6.82351,-3.60352,1.34233,6.06445,14.1685,2.94405,-0.335582,0.0992388,-6.06755,-2.375,0.3125,0.125,-2.125,-0.0625,-0.605469,-0.078125,-1.875,-0.375,0,-2,0.125,-0.742188,0.195312,0.301475,0.211826,-0.0861902,0.0155051,0.540184,0.0006913,0.245336,-0.16959,0.0511035,0.35119,0.723903,0.131859,-0.035676,0.0806989,-0.930715,-0.279089,0.0544563,0.0324772,-0.494565,0.000958738,-0.592515,-0.107747,-0.25047,-0.00886833,-0.0927339,-0.557027,0.24026,-0.772329,0.175641
60.46,-0.100506,-0.00180669,0.000642811,0.300115,-0.213508,0.000690368,-0.103198,0.0016959,-0.000616027,0.298155,-0.217967,-0.00309105,0.000267838,-0.000158499,0.00319752,0.00284026,-0.000587227,-0.00156993,0.00970722,-4.79369e-05,0.0294294,0.00561437,0.00251669,0.000395479,0.00198938,0.0108577,-0.0119483,0.0387637,-0.00951835,-0.1,0,0,0.3,-0.2,0,-0.1,0,0,0.3,-0.2,0,0,0,0,0,0,0,0,0,0,0,0,0,0,0,0,0,0,0.783026,3.33984,-1.00675,-0.703125,9.64848,-0.897543,7.5506,-3.60352,1.34233,5.80078,13.9915,2.94392,-0.335582,0.148858,-6.30092,-2.375,0.3125,0.1875,-2.0625,-0.125,-0.605469,-0.078125,-1.875,-0.4375,0,-2,0.0625,-0.742188,0.214844,0.17918,0.183941,-0.0899935,0.0373218,0.527348,-0.00570036,0.324937,-0.149955,0.0976001,0.238611,0.691045,0.153931,-0.034069,0.0620412,-0.950011,-0.299366,0.0771305,0.0784967,-0.470021,-0.00824515,-0.594479,-0.124068,-0.270077,-0.0150042,-0.133217,-0.561293,0.266577,-0.777237,0.190367
60.52,-0.100479,-0.00184078,0.000642811,0.300098,-0.213513,0.000683207,-0.103399,0.0016959,-0.000549068,0.298138,-0.217976,-0.00309102,0.000200878,-0.000143404,0.00320714,0.00284026,-0.000575243,-0.00156993,0.00970722,-7.19053e-05,0.0294218,0.00559903,0.0025047,0.000407464,0.0019774,0.0108457,-0.0119243,0.0387714,-0.00951835,-0.1,0,0,0.3,-0.2,0,-0.1,0,0,0.3,-0.2,0,0,0,0,0,0,0,0,0,0,0,0,0,0,0,0,0,0,0.838956,2.98828,-1.00675,-1.49414,9.73715,-0.949998,7.71839,-3.51562,1.23047,5.625,14.1685,2.94405,-0.559304,0.0992388,-6.37871,-2.375,0.3125,0.1875,-2.0625,-0.0625,-0.605469,-0.0683594,-1.875,-0.4375,0,-2,0.0625,-0.732422,0.224609,0.0427968,0.193895,0.00257125,-0.0419335,0.553501,-0.0327732,0.586722,-0.16959,-0.0119456,0.192081,0.717394,0.142861,-0.0602635,0.0546144,-0.973236,-0.256415,0.0636602,0.0784967,-0.476157,0.012176,-0.588435,-0.124743,-0.271946,-0.0376784,-0.11421,-0.557626,0.23235,-0.774446,0.179568
60.58,-0.100533,-0.00183225,0.000669595,0.300106,-0.213513,0.000683207,-0.103252,0.0016959,-0.000616027,0.298112,-0.217972,-0.00309818,0.000187487,-0.000143404,0.00321677,0.00286423,-0.000587227,-0.00158192,0.00971921,-5.99211e-05,0.0294294,0.00558369,0.0025047,0.000407464,0.00196541,0.0108457,-0.0119363,0.038756,-0.00952602,-0.1,0,0,0.3,-0.2,0,-0.1,0,0,0.3,-0.2,0,0,0,0,0,0,0,0,0,0,0,0,0,0,0,0,0,0,0.950817,3.33984,-1.11861,-1.14258,9.64884,-1.00233,6.32014,-3.7793,1.17454,5.97656,14.1685,2.94405,-0.559304,0.0992388,-6.22313,-2.375,0.3125,0.1875,-2.0625,-0.125,-0.585938,-0.0976562,-1.875,-0.4375,0,-2,0.0625,-0.732422,0.214844,0.0738662,0.176681,-0.133812,0.0331461,0.529109,-0.0520718,0.11431,-0.176135,0.0204628,0.305,0.725353,0.140374,-0.056246,0.0546144,-0.965032,-0.286423,0.0587227,0.0606881,-0.495164,-0.0110734,-0.591534,-0.106765,-0.259674,-0.0530182,-0.0737269,-0.557626,0.24793,-0.768248,0.185612
60.62,-0.100479,-0.00182373,0.000616027,0.300064,-0.213508,0.000690368,-0.103252,0.0016959,-0.00056246,0.298087,-0.217972,-0.00308389,0.000187487,-0.000143404,0.00321677,0.00286423,-0.000587227,-0.00156993,0.00970722,-3.59527e-05,0.0294294,0.00559136,0.00251669,0.000383495,0.00196541,0.0108457,-0.0119483,0.0387714,-0.00952602,-0.1,0,0,0.3,-0.2,0,-0.1,0,0,0.3,-0.2,0,0,0,0,0,0,0,0,0,0,0,0,0,0,0,0,0,0,0.615234,3.16406,-1.11861,-0.791016,9.64848,-0.897543,7.04723,-3.60352,1.23047,5.71289,14.0799,2.89159,-0.335582,0.198478,-6.22313,-2.4375,0.25,0.1875,-2.0625,0,-0.605469,-0.078125,-1.875,-0.4375,0.0625,-2,0.0625,-0.742188,0.214844,0.0222268,0.152921,-0.0204628,0.0777178,0.530594,-0.0111789,0.273727,-0.163045,0.035676,0.24884,0.704216,0.1536,0.0208913,0.072004,-0.968729,-0.274151,0.0587227,0.0723607,-0.470021,0.000719053,-0.591534,-0.116736,-0.257805,-0.0383495,-0.0982706,-0.53615,0.246635,-0.783281,0.194447
60.68,-0.100533,-0.00184078,0.000656203,0.300115,-0.213517,0.000676047,-0.103198,0.00168738,-0.000575852,0.298121,-0.217976,-0.00309102,0.000200878,-0.000150952,0.00320233,0.00284026,-0.000587227,-0.00155795,0.00970722,-3.59527e-05,0.0294294,0.00559903,0.00251669,0.000395479,0.00201335,0.0108457,-0.0119483,0.038756,-0.00951835,-0.1,0,0,0.3,-0.2,0,-0.1,0,0,0.3,-0.2,0,0,0,0,0,0,0,0,0,0,0,0,0,0,0,0,0,0,1.17454,3.25195,-1.23047,-0.263672,9.56017,-0.949872,7.27095,-3.60352,1.23047,6.06445,13.9915,2.94392,-0.894886,0.0496194,-6.4565,-2.4375,0.3125,0.1875,-2.125,-0.0625,-0.605469,-0.078125,-1.875,-0.4375,0,-2,0.125,-0.742188,0.214844,0.115006,0.220075,-0.0553353,-0.0117656,0.521186,-0.00514997,0.10381,-0.136013,0.0987251,0.27645,0.701123,0.170366,0.0785836,0.0365907,-0.962548,-0.26255,0.0587227,0.0441499,-0.497633,0.0175928,-0.593497,-0.12867,-0.270077,-0.00580037,-0.0975995,-0.530014,0.231296,-0.759413,0.195276
60.72,-0.100493,-0.00183225,0.000629419,0.300115,-0.213517,0.000676047,-0.103305,0.0016959,-0.000589243,0.29807,-0.217967,-0.00309105,0.000227662,-0.000135857,0.00321196,0.00286423,-0.000575243,-0.00158192,0.00970722,-2.39685e-05,0.0294218,0.00558369,0.0025047,0.000395479,0.00195343,0.0108457,-0.0119483,0.0387714,-0.00951068,-0.1,0,0,0.3,-0.2,0,-0.1,0,0,0.3,-0.2,0,0,0,0,0,0,0,0,0,0,0,0,0,0,0,0,0,0,1.06268,3.25195,-1.00675,-0.966797,9.56017,-0.949872,6.71165,-3.51562,1.2864,5.97656,14.0799,2.89159,-0.111861,0.148858,-6.14534,-2.4375,0.25,0.1875,-2.0625,-0.0625,-0.605469,-0.078125,-1.875,-0.4375,0,-2.0625,0.0625,-0.742188,0.214844,0.00299574,0.176681,-0.0166595,0.0536842,0.537418,-0.0325429,0.453928,-0.140138,0.0434969,0.344117,0.707301,0.148386,-0.00658881,0.0436553,-0.946949,-0.286423,0.0544563,0.0790959,-0.485361,0.0158192,-0.584508,-0.111674,-0.253538,-0.0395479,-0.0976714,-0.585238,0.246635,-0.792117,0.170579
60.78,-0.100479,-0.00184078,0.000642811,0.300132,-0.213513,0.000683207,-0.103211,0.0016959,-0.00056246,0.298104,-0.217972,-0.00308389,0.000241054,-0.000143404,0.00320714,0.00287621,-0.000587227,-0.00155795,0.00970722,-4.79369e-05,0.0294294,0.00558369,0.00251669,0.000407464,0.0019774,0.0108337,-0.0119363,0.0387637,-0.00951835,-0.1,0,0,0.3,-0.2,0,-0.1,0,0,0.3,-0.2,0,0,0,0,0,0,0,0,0,0,0,0,0,0,0,0,0,0,0.950817,3.25195,-1.06268,-0.439453,9.73715,-0.949998,5.92862,-3.51562,1.17454,5.88867,14.0799,2.89159,-0.727095,0.0992388,-6.37871,-2.4375,0.25,0.1875,-2.0625,-0.0625,-0.605469,-0.0683594,-1.875,-0.4375,0,-2,0.0625,-0.742188,0.214844,0.0222268,0.197168,-0.00257124,-0.0197768,0.532387,-0.0136318,0.264567,-0.18268,-0.0414613,0.300824,0.726999,0.109603,-0.0311763,0.0430213,-0.965841,-0.309097,0.0587227,0.0502858,-0.460817,0.00862864,-0.595461,-0.0940024,-0.263941,-0.0407464,-0.105006,-0.507939,0.2556,-0.775274,0.176623
60.82,-0.100573,-0.00182373,0.000656203,0.30003,-0.213517,0.000676047,-0.103292,0.00171295,-0.00056246,0.298112,-0.217967,-0.00309105,0.000227662,-0.000143404,0.00320714,0.00285225,-0.000599211,-0.00156993,0.00970722,-7.19053e-05,0.0294294,0.0056067,0.00251669,0.000395479,0.0019774,0.0108457,-0.0119363,0.038756,-0.00951835,-0.1,0,0,0.3,-0.2,0,-0.1,0,0,0.3,-0.2,0,0,0,0,0,0,0,0,0,0,0,0,0,0,0,0,0,0,1.23047,3.16406,-1.17454,-0.263672,9.64848,-0.897543,5.76083,-3.51562,1.34233,6.50391,14.0799,2.89159,-0.335582,0.0496194,-6.30092,-2.4375,0.25,0.1875,-2.0625,-0.0625,-0.605469,-0.0683594,-1.8125,-0.4375,0.0625,-2,0.125,-0.742188,0.214844,0.175591,0.146376,-0.153043,0.0937357,0.552066,-0.00229839,0.488586,-0.154932,0.056246,0.315908,0.715436,0.134633,-0.0528712,0.0546144,-0.958446,-0.282157,0.0967367,0.0815646,-0.466953,-0.00776578,-0.584661,-0.12097,-0.245533,-0.0395479,-0.0958019,-0.526946,0.24026,-0.761376,0.184477
60.88,-0.100479,-0.00184078,0.000642811,0.300115,-0.213513,0.000683207,-0.103238,0.00171295,-0.000589243,0.298146,-0.217972,-0.00309818,0.000241054,-0.000158499,0.00320714,0.00286423,-0.000587227,-0.00154597,0.00973119,-2.39685e-05,0.0294294,0.00558369,0.00251669,0.000383495,0.00194144,0.0108337,-0.0119483,0.0387714,-0.00953369,-0.1,0,0,0.3,-0.2,0,-0.1,0,0,0.3,-0.2,0,0,0,0,0,0,0,0,0,0,0,0,0,0,0,0,0,0,0.615234,3.25195,-1.17454,-0.175781,9.56017,-0.949872,6.54386,-3.60352,1.17454,5.44922,14.0799,2.89159,-0.391513,0.0992388,-6.37871,-2.375,0.25,0.1875,-2.0625,-0.0625,-0.585938,-0.0976562,-1.875,-0.4375,0,-2,0.0625,-0.732422,0.224609,-0.00348561,0.190623,-0.105421,0.010051,0.529117,-0.0410921,0.164395,-0.171295,0.0846368,0.250798,0.707462,0.15965,-0.113456,0.0707361,-0.973236,-0.295627,0.0556547,0.0374148,-0.48656,0.00201335,-0.577789,-0.10971,-0.267009,-0.0352816,-0.11548,-0.523279,0.252771,-0.784263,0.211291
60.92,-0.10052,-0.00184078,0.000616027,0.300089,-0.213513,0.000683207,-0.103332,0.00171295,-0.000589243,0.298129,-0.21798,-0.00308386,0.000294622,-0.000143404,0.00320714,0.00286423,-0.000575243,-0.00154597,0.00970722,-8.38896e-05,0.0294218,0.00559136,0.00251669,0.000383495,0.00194144,0.0108337,-0.0119243,0.0387637,-0.00952602,-0.1,0,0,0.3,-0.2,0,-0.1,0,0,0.3,-0.2,0,0,0,0,0,0,0,0,0,0,0,0,0,0,0,0,0,0,1.11861,3.33984,-1.17454,-1.31836,9.64848,-0.897543,7.99805,-3.7793,1.2864,5.71289,14.0799,2.89159,-0.894886,0.248097,-6.14534,-2.4375,0.25,0.1875,-2.0625,-0.0625,-0.605469,-0.078125,-1.875,-0.5,0,-2,0.125,-0.742188,0.214844,0.149664,0.20044,-0.0204628,0.0138865,0.538876,-0.0300788,0.513173,-0.171295,0.0589243,0.209722,0.732215,0.10684,-0.124384,0.100987,-0.943656,-0.271083,0.0697961,0.098774,-0.476157,0.0200856,-0.593344,-0.109864,-0.251669,-0.0230097,-0.0970722,-0.541687,0.230816,-0.769383,0.194447
60.98,-0.100506,-0.00180669,0.000642811,0.300047,-0.213517,0.000676047,-0.103252,0.0016959,-0.000602635,0.298129,-0.217967,-0.00309105,0.000241054,-0.000143404,0.00320714,0.00285225,-0.000587227,-0.00155795,0.00971921,-2.39685e-05,0.0294218,0.00559136,0.00251669,0.000395479,0.00192946,0.0108457,-0.0119363,0.038756,-0.00951835,-0.1,0,0,0.3,-0.2,0,-0.1,0,0,0.3,-0.2,0,0,0,0,0,0,0,0,0,0,0,0,0,0,0,0,0,0,0.783026,3.42773,-1.06268,0,9.64848,-0.897543,5.20153,-3.7793,1.62198,5.97656,14.1685,2.94405,-0.559304,-1.40998e-13,-6.22313,-2.4375,0.25,0.1875,-2.0625,-0.0625,-0.585938,-0.078125,-1.875,-0.4375,0,-2,0.0625,-0.742188,0.224609,0.0866152,0.157761,-0.0437111,0.129358,0.535819,0.00313528,0.289154,-0.176135,0.137401,0.269718,0.733303,0.148296,-0.0774587,0.0372247,-0.954748,-0.251477,0.0709945,0.0502858,-0.467553,0.00201335,-0.576654,-0.114772,-0.260873,-0.0211402,-0.105677,-0.542286,0.243328,-0.767267,0.190367
61.02,-0.100573,-0.00181521,0.000629419,0.300064,-0.213508,0.000690368,-0.103399,0.00171295,-0.000549068,0.298112,-0.217967,-0.00309105,0.000267838,-0.000143404,0.00320714,0.00286423,-0.000587227,-0.00155795,0.00970722,0,0.0294371,0.00558369,0.00251669,0.000395479,0.00200137,0.0108457,-0.0119363,0.0387714,-0.00952602,-0.1,0,0,0.3,-0.2,0,-0.1,0,0,0.3,-0.2,0,0,0,0,0,0,0,0,0,0,0,0,0,0,0,0,0,0,1.17454,3.25195,-1.17454,0,9.64848,-0.897543,7.15909,-3.60352,1.51012,7.38281,14.0802,2.99638,-0.727095,0.198478,-6.22313,-2.4375,0.3125,0.1875,-2.0625,-0.0625,-0.585938,-0.0976562,-1.8125,-0.4375,0,-2,0.0625,-0.742188,0.224609,0.093311,0.132434,-0.0629419,-0.107723,0.52409,-0.0166912,0.627862,-0.171295,0.0909042,0.332271,0.692676,0.145691,-0.111206,0.0517161,-0.960295,-0.274151,0.0648586,0.0840334,-0.454682,-0.00920388,-0.602486,-0.104802,-0.254737,-0.0180722,-0.118476,-0.539218,0.24026,-0.781318,0.206228
61.08,-0.100506,-0.00182373,0.000642811,0.300038,-0.213513,0.000683207,-0.103238,0.0016959,-0.000575852,0.298112,-0.217967,-0.00309105,0.000254446,-0.000143404,0.00320714,0.00286423,-0.000587227,-0.00155795,0.00971921,-5.99211e-05,0.0294294,0.00559903,0.00251669,0.000395479,0.00195343,0.0108337,-0.0119363,0.0387637,-0.00952602,-0.1,0,0,0.3,-0.2,0,-0.1,0,0,0.3,-0.2,0,0,0,0,0,0,0,0,0,0,0,0,0,0,0,0,0,0,0.950817,3.42773,-1.00675,0,9.56017,-0.949872,6.65572,-3.51562,1.34233,6.06445,14.1685,2.94405,-1.17454,0.0992388,-6.37871,-2.4375,0.25,0.1875,-2.0625,-0.0625,-0.605469,-0.0683594,-1.875,-0.375,0,-2,0.0625,-0.742188,0.224609,0.0146203,0.202008,0.0179987,0.0215532,0.535638,-0.0136206,0.560366,-0.16959,0.0421577,0.403175,0.712158,0.173073,-0.174041,0.0372247,-0.984328,-0.301763,0.0464509,0.0410819,-0.479824,0.0165382,-0.593497,-0.10609,-0.248601,-0.0119363,-0.0915355,-0.560095,0.249464,-0.782146,0.185612
61.12,-0.100546,-0.0018493,0.000669595,0.300115,-0.213517,0.000676047,-0.103185,0.00168738,-0.00056246,0.298121,-0.217976,-0.00309102,0.000227662,-0.000128309,0.00320714,0.00286423,-0.000587227,-0.00156993,0.00971921,-4.79369e-05,0.0294371,0.00559136,0.00251669,0.000395479,0.0019774,0.0108457,-0.0119363,0.0387637,-0.00952602,-0.1,0,0,0.3,-0.2,0,-0.1,0,0,0.3,-0.2,0,0,0,0,0,0,0,0,0,0,0,0,0,0,0,0,0,0,1.45419,3.42773,-1.56605,-0.615234,9.64884,-1.00233,6.2642,-3.7793,1.2864,6.5918,14.0799,2.89159,-0.838956,0.198478,-6.37871,-2.4375,0.25,0.1875,-2.0625,-0.0625,-0.605469,-0.078125,-1.875,-0.4375,0,-2,0.0625,-0.742188,0.214844,0.27062,0.220927,-0.128669,-0.00085732,0.555289,-0.0407159,0.349311,-0.191645,0.056246,0.211001,0.72553,0.129108,-0.145436,0.0529841,-0.967689,-0.280287,0.0617907,0.0692928,-0.489028,0.00556068,-0.60445,-0.106918,-0.248601,-0.0211402,-0.108074,-0.554558,0.24026,-0.771347,0.193466
61.18,-0.100533,-0.00182373,0.000656203,0.300064,-0.213508,0.000690368,-0.103305,0.0016959,-0.000549068,0.298121,-0.217976,-0.00309102,0.000200878,-0.000143404,0.00321677,0.00286423,-0.000587227,-0.00156993,0.00970722,-4.79369e-05,0.0294218,0.00559136,0.0025047,0.000395479,0.0019774,0.0108218,-0.0119363,0.0387637,-0.00951835,-0.1,0,0,0.3,-0.2,0,-0.1,0,0,0.3,-0.2,0,0,0,0,0,0,0,0,0,0,0,0,0,0,0,0,0,0,0.894886,3.25195,-1.11861,-0.439453,9.64848,-0.897543,6.37607,-3.60352,1.00675,6.76758,14.1685,2.94405,-0.838956,0.248097,-6.14534,-2.4375,0.25,0.1875,-2.0625,-0.0625,-0.585938,-0.0683594,-1.8125,-0.4375,0,-2,0.0625,-0.732422,0.214844,0.0995786,0.179101,-0.137615,0.126805,0.541976,-0.00290493,0.124809,-0.149955,-0.00680308,0.3419,0.719005,0.16207,-0.0808335,0.0951902,-0.961335,-0.292559,0.0679266,0.050885,-0.473089,0.00862864,-0.582545,-0.101028,-0.232063,-0.0395479,-0.132617,-0.541088,0.229522,-0.769383,0.18055
61.22,-0.100546,-0.00183225,0.000656203,0.300072,-0.213517,0.000676047,-0.103211,0.00171295,-0.00056246,0.298129,-0.217967,-0.00310534,0.000227662,-0.000143404,0.00320714,0.00284026,-0.000587227,-0.00158192,0.00970722,-1.19842e-05,0.0294294,0.00559903,0.0025047,0.000395479,0.00190549,0.0108457,-0.0119483,0.038756,-0.00951835,-0.1,0,0,0.3,-0.2,0,-0.1,0,0,0.3,-0.2,0,0,0,0,0,0,0,0,0,0,0,0,0,0,0,0,0,0,0.950817,3.42773,-0.894886,-0.615234,9.64848,-0.897543,7.66246,-3.51562,1.17454,5.71289,14.1685,2.94405,-0.559304,0.198478,-6.37871,-2.375,0.3125,0.1875,-2.0625,-0.0625,-0.585938,-0.078125,-1.8125,-0.4375,0,-2,0.0625,-0.742188,0.224609,0.0443501,0.183225,-0.111903,8.11238e-05,0.547189,-0.00506015,0.110292,-0.187657,0.056246,0.275172,0.718666,0.162642,-0.0888686,0.072004,-0.965841,-0.241075,0.0709945,0.0361444,-0.473089,0.000239685,-0.58957,-0.108054,-0.225927,-0.033412,-0.0891387,-0.55149,0.238965,-0.753522,0.197239
61.28,-0.100546,-0.00183225,0.000629419,0.300047,-0.213517,0.000676047,-0.103198,0.0016959,-0.000589243,0.298112,-0.217972,-0.00309818,0.000294622,-0.000150952,0.00321196,0.00286423,-0.000587227,-0.00156993,0.00973119,-4.79369e-05,0.0294294,0.00559903,0.00251669,0.000395479,0.00198938,0.0108337,-0.0119363,0.0387637,-0.00951835,-0.1,0,0,0.3,-0.2,0,-0.1,0,0,0.3,-0.2,0,0,0,0,0,0,0,0,0,0,0,0,0,0,0,0,0,0,0.615234,3.33984,-1.2864,0.175781,9.64848,-0.897543,5.87269,-3.60352,1.06268,6.06445,14.1685,2.94405,-0.894886,0.0496194,-6.30092,-2.4375,0.25,0.1875,-2.0625,-0.0625,-0.605469,-0.078125,-1.875,-0.4375,0,-2,0.0625,-0.742188,0.224609,0.095775,0.199588,-0.119509,-0.0179044,0.547177,-0.0215296,0.201517,-0.179408,0.0589243,0.190463,0.723729,0.137635,-0.222091,0.0481838,-0.961739,-0.274151,0.0740625,0.0784967,-0.501899,0.0101626,-0.595461,-0.134561,-0.267009,-0.0395479,-0.124013,-0.557027,0.24793,-0.777237,0.190367
61.32,-0.100479,-0.00181521,0.000642811,0.300072,-0.213517,0.000676047,-0.103278,0.0016959,-0.000549068,0.29807,-0.21798,-0.00308386,0.000200878,-0.000150952,0.00321196,0.00285225,-0.000575243,-0.00155795,0.00971921,-5.99211e-05,0.0294294,0.00559136,0.00249272,0.000419448,0.0019774,0.0108457,-0.0119363,0.0387637,-0.00953369,-0.1,0,0,0.3,-0.2,0,-0.1,0,0,0.3,-0.2,0,0,0,0,0,0,0,0,0,0,0,0,0,0,0,0,0,0,0.838956,3.16406,-1.11861,-0.175781,9.73715,-0.949998,8.05398,-3.51562,1.2864,6.76758,14.1685,2.94405,-0.559304,0.0496194,-6.4565,-2.4375,0.25,0.1875,-2.0625,-0.0625,-0.605469,-0.078125,-1.875,-0.5,0,-2,0.0625,-0.742188,0.214844,0.0427968,0.135706,-0.105421,0.0382602,0.543935,-0.0105612,0.497532,-0.13032,0.0189094,0.475017,0.714309,0.148075,-0.065406,0.0423873,-0.995016,-0.257613,0.0544563,0.0778975,-0.489028,0.0119363,-0.595461,-0.106918,-0.249272,-0.0634205,-0.0988699,-0.55149,0.252532,-0.774292,0.196564
61.38,-0.100546,-0.00182373,0.000656203,0.300064,-0.213513,0.000683207,-0.103305,0.0016959,-0.00056246,0.298078,-0.217976,-0.00309102,0.000227662,-0.000150952,0.00321196,0.00284026,-0.000575243,-0.00155795,0.00971921,-4.79369e-05,0.0294294,0.00559136,0.0025047,0.000407464,0.00201335,0.0108337,-0.0119363,0.038756,-0.00951835,-0.1,0,0,0.3,-0.2,0,-0.1,0,0,0.3,-0.2,0,0,0,0,0,0,0,0,0,0,0,0,0,0,0,0,0,0,1.17454,3.07617,-1.11861,-0.439453,9.64848,-0.897543,6.09641,-3.51562,1.62198,6.67969,14.0799,2.89159,-0.727095,0.198478,-6.22313,-2.375,0.25,0.1875,-2.0625,-0.0625,-0.585938,-0.078125,-1.875,-0.5,0,-2,0.0625,-0.742188,0.214844,0.0906325,0.123468,-0.0501928,0.115897,0.537253,-0.0273395,0.330509,-0.166318,0.035676,0.30466,0.733661,0.120845,-0.0374437,0.0858614,-0.95989,-0.259482,0.0636602,0.0778975,-0.495164,0.0040267,-0.592515,-0.12459,-0.253538,-0.0560862,-0.125211,-0.541687,0.24793,-0.766285,0.185458
61.42,-0.100479,-0.00182373,0.000656203,0.300081,-0.213513,0.000683207,-0.103305,0.00170442,-0.00056246,0.298087,-0.217976,-0.00309102,0.000241054,-0.000143404,0.00320714,0.00285225,-0.000575243,-0.00155795,0.00970722,-7.19053e-05,0.0294218,0.00559136,0.0025047,0.000395479,0.00198938,0.0108337,-0.0119243,0.038756,-0.00953369,-0.1,0,0,0.3,-0.2,0,-0.1,0,0,0.3,-0.2,0,0,0,0,0,0,0,0,0,0,0,0,0,0,0,0,0,0,0.950817,3.07617,-1.17454,-1.40625,9.73715,-0.949998,7.27095,-3.51562,1.17454,6.50391,14.1685,2.94405,-0.559304,0.248097,-6.30092,-2.375,0.25,0.1875,-2.0625,-0.0625,-0.585938,-0.078125,-1.875,-0.4375,0,-1.9375,0.0625,-0.732422,0.214844,0.0787942,0.130013,-0.111903,-0.0557389,0.545369,-0.041036,0.330509,-0.190077,0.0202485,0.308835,0.736873,0.175732,0.045961,0.0980885,-0.956597,-0.276021,0.0513884,0.0778975,-0.457749,0.012176,-0.581563,-0.116736,-0.259674,0.000335559,-0.105605,-0.520211,0.233884,-0.760394,0.197546
61.48,-0.10052,-0.0018493,0.000656203,0.300047,-0.213513,0.000683207,-0.103305,0.00171295,-0.000575852,0.298129,-0.217972,-0.00309818,0.000267838,-0.000166047,0.00320233,0.00285225,-0.000575243,-0.00155795,0.00970722,-4.79369e-05,0.0294294,0.00559136,0.0025047,0.000383495,0.00195343,0.0108457,-0.0119363,0.0387714,-0.00952602,-0.1,0,0,0.3,-0.2,0,-0.1,0,0,0.3,-0.2,0,0,0,0,0,0,0,0,0,0,0,0,0,0,0,0,0,0,0.783026,3.16406,-1.23047,-0.878906,9.56017,-0.949872,5.98455,-3.60352,1.06268,6.50391,13.9915,2.94392,-0.503374,0.198478,-6.22313,-2.4375,0.25,0.1875,-2.125,-0.0625,-0.585938,-0.078125,-1.875,-0.4375,0,-2,0.0625,-0.732422,0.224609,0.087954,0.178385,-0.0964752,0.031183,0.54213,-0.0245778,0.294511,-0.187657,0.0113028,0.28608,0.700961,0.159673,-0.0700664,0.10778,-0.938514,-0.272953,0.0697961,0.0963052,-0.512973,0.000958738,-0.591534,-0.104955,-0.25047,-0.0260777,-0.0823316,-0.548422,0.243328,-0.776409,0.20132
61.52,-0.100506,-0.00184078,0.000656203,0.300081,-0.213513,0.000683207,-0.103265,0.0016959,-0.000602635,0.298121,-0.217976,-0.00309102,0.000227662,-0.000150952,0.00320233,0.00285225,-0.000575243,-0.00155795,0.00970722,-5.99211e-05,0.0294294,0.00559136,0.00251669,0.000383495,0.00196541,0.0108457,-0.0119483,0.0387714,-0.00951835,-0.1,0,0,0.3,-0.2,0,-0.1,0,0,0.3,-0.2,0,0,0,0,0,0,0,0,0,0,0,0,0,0,0,0,0,0,0.783026,3.25195,-0.950817,-0.878906,9.64848,-0.897543,7.99805,-3.60352,1.00675,6.50391,13.9915,2.94392,-0.391513,-1.44329e-13,-6.37871,-2.4375,0.3125,0.1875,-2.0625,-0.0625,-0.585938,-0.0683594,-1.875,-0.5,0,-2,0.0625,-0.742188,0.214844,0.122613,0.197168,-0.0656203,0.0860691,0.538896,-0.00262973,0.290493,-0.16959,-0.00658881,0.3419,0.702766,0.145656,-0.109439,0.0481838,-0.977338,-0.279089,0.0605922,0.034946,-0.463885,0.0150042,-0.591534,-0.0912105,-0.248601,-0.0291456,-0.0829308,-0.55149,0.242033,-0.781318,0.185458
61.58,-0.100453,-0.00182373,0.000642811,0.300055,-0.213517,0.000676047,-0.103104,0.00171295,-0.000575852,0.298138,-0.217967,-0.00309105,0.000241054,-0.000158499,0.00320714,0.00285225,-0.000575243,-0.00158192,0.00971921,-3.59527e-05,0.0294218,0.00559903,0.0025047,0.000383495,0.0019774,0.0108457,-0.0119363,0.0387637,-0.00951835,-0.1,0,0,0.3,-0.2,0,-0.1,0,0,0.3,-0.2,0,0,0,0,0,0,0,0,0,0,0,0,0,0,0,0,0,0,0.503374,3.42773,-1.23047,-0.175781,9.64884,-1.00233,5.59304,-3.42773,1.73384,6.06445,14.1685,2.94405,-0.391513,0.0496194,-6.30092,-2.4375,0.25,0.1875,-2,-0.0625,-0.605469,-0.078125,-1.875,-0.4375,0.0625,-2,0.0625,-0.742188,0.214844,0.0761157,0.159466,-0.0385687,-0.057362,0.530914,-0.0380552,0.26928,-0.177839,0.155292,0.23026,0.692668,0.156671,-0.0517463,0.0591429,-0.958446,-0.300564,0.0667282,0.0606881,-0.461417,0.00685498,-0.584508,-0.123762,-0.256606,-0.0291456,-0.086598,-0.560694,0.229522,-0.776256,0.183495
61.62,-0.100506,-0.00183225,0.000629419,0.30003,-0.213513,0.000683207,-0.103305,0.0016959,-0.00056246,0.298129,-0.217967,-0.00309105,0.000267838,-0.000135857,0.00321196,0.00286423,-0.000587227,-0.00153398,0.00970722,-3.59527e-05,0.0294218,0.00559903,0.00251669,0.000407464,0.00196541,0.0108337,-0.0119363,0.0387714,-0.00952602,-0.1,0,0,0.3,-0.2,0,-0.1,0,0,0.3,-0.2,0,0,0,0,0,0,0,0,0,0,0,0,0,0,0,0,0,0,0.503374,3.25195,-1.06268,0.351562,9.64848,-0.897543,7.5506,-3.60352,1.34233,6.06445,13.9915,2.94392,-1.39826,0.198478,-6.22313,-2.375,0.25,0.1875,-2.0625,-0.0625,-0.605469,-0.078125,-1.875,-0.4375,0,-2,0.0625,-0.732422,0.214844,0.00947785,0.179953,-0.0269445,0.0228317,0.538896,-0.00262973,0.279084,-0.16959,0.056246,0.264264,0.699153,0.178608,-0.167774,0.0639432,-0.95989,-0.304831,0.0617907,0.101243,-0.494565,-0.000814927,-0.584508,-0.117871,-0.29462,-0.0591541,-0.104407,-0.553959,0.24026,-0.775427,0.192484
61.68,-0.10052,-0.00181521,0.000629419,0.300115,-0.213508,0.000690368,-0.103252,0.00168738,-0.000575852,0.298155,-0.217967,-0.00309105,0.000227662,-0.000143404,0.00320714,0.00286423,-0.000575243,-0.00156993,0.00970722,-5.99211e-05,0.0294218,0.00559903,0.0025047,0.000383495,0.00200137,0.0108218,-0.0119243,0.0387484,-0.00952602,-0.1,0,0,0.3,-0.2,0,-0.1,0,0,0.3,-0.2,0,0,0,0,0,0,0,0,0,0,0,0,0,0,0,0,0,0,1.00675,3.33984,-1.11861,-1.40625,9.73715,-0.949998,5.87269,-3.7793,1.23047,5.625,14.1685,2.94405,-0.894886,0.198478,-6.22313,-2.375,0.3125,0.1875,-2.0625,-0.0625,-0.605469,-0.078125,-1.875,-0.5,0,-2,0.0625,-0.732422,0.214844,0.0930965,0.129161,-0.0577994,-0.0717613,0.530571,-0.0441178,0.304582,-0.14583,0.0370152,0.260428,0.707281,0.175835,-0.104296,0.0517161,-0.967689,-0.289491,0.082068,0.0386132,-0.479225,0.00733435,-0.58549,-0.115908,-0.26581,-0.0383495,-0.106204,-0.541088,0.241554,-0.75435,0.191502
61.72,-0.100546,-0.00181521,0.000616027,0.300055,-0.213517,0.000676047,-0.103332,0.0016959,-0.000575852,0.298095,-0.21798,-0.00308386,0.000187487,-0.000143404,0.00321677,0.00286423,-0.000599211,-0.00155795,0.00970722,-3.59527e-05,0.0294294,0.00558369,0.00251669,0.000407464,0.0019774,0.0108457,-0.0119243,0.0387637,-0.00952602,-0.1,0,0,0.3,-0.2,0,-0.1,0,0,0.3,-0.2,0,0,0,0,0,0,0,0,0,0,0,0,0,0,0,0,0,0,1.00675,3.33984,-1.11861,-0.351562,9.56017,-0.949872,7.94212,-3.51562,1.17454,6.24023,14.0799,2.89159,-0.223722,0.0992388,-6.22313,-2.375,0.3125,0.1875,-2.0625,-0.0625,-0.605469,-0.078125,-1.875,-0.4375,0,-2,0.0625,-0.732422,0.224609,0.0597776,0.161886,-0.0616027,0.00263369,0.53091,-0.043545,0.353756,-0.153228,0.0575852,0.318465,0.732207,0.11782,0.00546389,0.0285299,-0.955788,-0.301763,0.0629891,0.0901693,-0.479225,0.005321,-0.593497,-0.112656,-0.263941,-0.0499503,-0.111142,-0.523878,0.236952,-0.771347,0.198374
61.78,-0.100546,-0.00182373,0.000629419,0.300064,-0.213513,0.000683207,-0.103292,0.00171295,-0.000575852,0.298104,-0.217972,-0.00309818,0.000227662,-0.000150952,0.00321196,0.00284026,-0.000587227,-0.00155795,0.00970722,-5.99211e-05,0.0294218,0.00558369,0.00249272,0.000371511,0.00196541,0.0108457,-0.0119363,0.0387637,-0.00951835,-0.1,0,0,0.3,-0.2,0,-0.1,0,0,0.3,-0.2,0,0,0,0,0,0,0,0,0,0,0,0,0,0,0,0,0,0,0.894886,3.25195,-1.17454,-0.351562,9.73715,-0.949998,8.66921,-3.60352,1.34233,6.24023,14.1685,2.94405,-0.838956,0.148858,-6.30092,-2.375,0.25,0.1875,-2,-0.0625,-0.605469,-0.078125,-1.875,-0.5,0,-2,0.0625,-0.732422,0.214844,0.100918,0.139831,-0.109224,0.132259,0.543746,-0.0382967,0.437161,-0.177839,0.0524427,0.322641,0.71559,0.156877,-0.160863,0.0655735,-0.976529,-0.259482,0.0771305,0.123917,-0.457749,0.00580037,-0.58549,-0.105783,-0.25234,-0.0340831,-0.0859988,-0.560694,0.250998,-0.77331,0.181531
61.82,-0.100533,-0.00182373,0.000629419,0.300115,-0.213513,0.000683207,-0.103198,0.00170442,-0.00056246,0.298087,-0.217963,-0.00309821,0.000227662,-0.000135857,0.00321196,0.00285225,-0.000575243,-0.00156993,0.00970722,-5.99211e-05,0.0294218,0.00559136,0.0025047,0.000383495,0.0019774,0.0108457,-0.0119363,0.0387637,-0.00953369,-0.1,0,0,0.3,-0.2,0,-0.1,0,0,0.3,-0.2,0,0,0,0,0,0,0,0,0,0,0,0,0,0,0,0,0,0,0.783026,3.42773,-1.34233,-0.703125,9.73679,-0.845214,5.1456,-3.51562,1.11861,5.53711,14.0799,2.89159,-0.559304,0.198478,-6.22313,-2.4375,0.25,0.1875,-2.0625,-0.0625,-0.605469,-0.0683594,-1.875,-0.4375,0.0625,-2,0.125,-0.742188,0.214844,0.0841512,0.130013,-0.0680844,-0.0717613,0.550278,0.00564429,0.263227,-0.150807,0.0922434,0.287019,0.699,0.156935,-0.0682987,0.0639432,-0.95989,-0.282157,0.0667282,0.0784967,-0.457749,0.0165382,-0.58549,-0.104955,-0.253538,-0.0260777,-0.089666,-0.557626,0.226454,-0.789018,0.201473
61.88,-0.100546,-0.00183225,0.000629419,0.300047,-0.213513,0.000683207,-0.103372,0.0016959,-0.000549068,0.298104,-0.217976,-0.00309102,0.000227662,-0.000143404,0.00320714,0.00286423,-0.000575243,-0.00156993,0.00970722,-2.39685e-05,0.0294218,0.00559903,0.0025047,0.000395479,0.00201335,0.0108337,-0.0119243,0.0387714,-0.00951835,-0.1,0,0,0.3,-0.2,0,-0.1,0,0,0.3,-0.2,0,0,0,0,0,0,0,0,0,0,0,0,0,0,0,0,0,0,0.894886,3.07617,-1.06268,0.439453,9.73715,-0.949998,5.87269,-3.7793,1.17454,6.06445,14.0799,2.89159,-0.559304,0.0992388,-6.37871,-2.4375,0.25,0.1875,-2.0625,-0.0625,-0.605469,-0.078125,-1.875,-0.4375,0,-2,0.125,-0.732422,0.214844,0.0803476,0.150501,-0.0269445,0.0911787,0.532379,-0.0246114,0.512049,-0.172863,0.0343368,0.349912,0.704393,0.142906,-0.0734412,0.040123,-0.956597,-0.274151,0.0575243,0.0692928,-0.479225,0.0127512,-0.586472,-0.120816,-0.259674,-0.03648,-0.131347,-0.529415,0.230816,-0.775427,0.185458
61.92,-0.10052,-0.0018493,0.000656203,0.300081,-0.213513,0.000683207,-0.103292,0.00171295,-0.00056246,0.298121,-0.217972,-0.00308389,0.000227662,-0.000135857,0.00321196,0.00285225,-0.000575243,-0.00156993,0.00971921,-8.38896e-05,0.0294218,0.00558369,0.00251669,0.000383495,0.00196541,0.0108337,-0.0119363,0.0387637,-0.00951068,-0.1,0,0,0.3,-0.2,0,-0.1,0,0,0.3,-0.2,0,0,0,0,0,0,0,0,0,0,0,0,0,0,0,0,0,0,0.559304,2.98828,-1.00675,-0.791016,9.64848,-0.897543,6.76758,-3.7793,1.2864,6.85547,14.1685,2.94405,-0.894886,0.0496194,-6.14534,-2.4375,0.25,0.1875,-2.0625,-0.0625,-0.605469,-0.078125,-1.875,-0.4375,0,-2.0625,0.125,-0.732422,0.214844,0.144521,0.178385,-0.1479,-0.0830097,0.535626,-0.03009,0.0617595,-0.200747,0.045961,0.401896,0.715602,0.139836,-0.0631562,0.0262656,-0.954344,-0.272953,0.0421845,0.0662248,-0.48596,-0.00139017,-0.584508,-0.0861484,-0.260873,-0.0199418,-0.0982706,-0.58157,0.252532,-0.760548,0.18236
61.98,-0.100493,-0.00182373,0.000642811,0.300089,-0.213517,0.000676047,-0.103359,0.0016959,-0.00056246,0.298104,-0.217963,-0.00309821,0.000227662,-0.000150952,0.0031927,0.00286423,-0.000575243,-0.00155795,0.00970722,-7.19053e-05,0.0294294,0.00559903,0.0025047,0.000395479,0.0020493,0.0108337,-0.0119483,0.0387637,-0.00951835,-0.1,0,0,0.3,-0.2,0,-0.1,0,0,0.3,-0.2,0,0,0,0,0,0,0,0,0,0,0,0,0,0,0,0,0,0,1.2864,3.69141,-1.56605,-1.14258,9.56017,-0.949872,7.66246,-3.51562,1.2864,6.5918,14.2568,2.89172,0,-1.44329e-13,-6.37871,-2.4375,0.25,0.1875,-2.0625,-0.0625,-0.605469,-0.078125,-1.875,-0.4375,0,-2,0.125,-0.742188,0.214844,0.0338507,0.179101,-0.115706,-0.00793007,0.537434,-0.0105836,0.335865,-0.16959,0.025391,0.284462,0.699003,0.151445,-0.0168738,0.0336924,-0.954113,-0.255743,0.0697961,0.0564217,-0.485361,0.00450607,-0.593497,-0.119835,-0.268878,-0.0242081,-0.102465,-0.553959,0.255839,-0.77331,0.181531
62.02,-0.100506,-0.00181521,0.000642811,0.300064,-0.213513,0.000683207,-0.103252,0.00170442,-0.000549068,0.298104,-0.217976,-0.00309102,0.000267838,-0.000150952,0.00321196,0.00285225,-0.000575243,-0.00156993,0.00970722,-1.19842e-05,0.0294218,0.00558369,0.00249272,0.000383495,0.00198938,0.0108337,-0.0119363,0.0387637,-0.00952602,-0.1,0,0,0.3,-0.2,0,-0.1,0,0,0.3,-0.2,0,0,0,0,0,0,0,0,0,0,0,0,0,0,0,0,0,0,0.838956,3.25195,-0.950817,-0.263672,9.82546,-0.897669,5.87269,-3.60352,1.51012,6.67969,14.1685,2.94405,-0.671165,0.0992388,-6.37871,-2.4375,0.25,0.1875,-2.0625,-0.0625,-0.605469,-0.078125,-1.875,-0.4375,0,-2,0.0625,-0.742188,0.214844,0.0609027,0.204429,-0.0437111,-0.00409451,0.548639,-0.0135757,0.181162,-0.157352,0.0240518,0.45354,0.723895,0.142838,-0.0649239,0.0626752,-0.97468,-0.263749,0.0513884,0.0815646,-0.497633,0.0109775,-0.586472,-0.115601,-0.249272,-0.0168738,-0.0902652,-0.557027,0.229522,-0.775274,0.185612
62.08,-0.100506,-0.00183225,0.000629419,0.300055,-0.213517,0.000676047,-0.103265,0.0016959,-0.000589243,0.298087,-0.217963,-0.00308392,0.000321406,-0.000143404,0.00320714,0.00286423,-0.000575243,-0.00154597,0.00971921,-5.99211e-05,0.0294218,0.00559136,0.00251669,0.000407464,0.00203732,0.0108457,-0.0119243,0.0387714,-0.00951835,-0.1,0,0,0.3,-0.2,0,-0.1,0,0,0.3,-0.2,0,0,0,0,0,0,0,0,0,0,0,0,0,0,0,0,0,0,0.671165,3.42773,-0.894886,-0.439453,9.56017,-0.949872,6.82351,-3.51562,1.73384,5.36133,14.0799,2.89159,-1.00675,0.148858,-6.4565,-2.4375,0.25,0.1875,-2.0625,-0.0625,-0.605469,-0.078125,-1.875,-0.4375,0,-2,0.0625,-0.742188,0.224609,0.0197628,0.238858,0.00391044,-0.0137288,0.54068,-0.0160622,0.264781,-0.13032,0.208056,0.34156,0.700634,0.142633,-0.122134,0.0459195,-0.982479,-0.286423,0.0636602,0.0742303,-0.489028,0.0226742,-0.584508,-0.111827,-0.27928,-0.0376784,-0.123342,-0.545354,0.252292,-0.7823,0.190367
62.12,-0.100533,-0.00183225,0.000629419,0.300038,-0.213513,0.000683207,-0.103292,0.00171295,-0.000535676,0.298146,-0.217967,-0.00309105,0.000267838,-0.000143404,0.00320714,0.00286423,-0.000587227,-0.00156993,0.00971921,-3.59527e-05,0.0294218,0.00559136,0.00251669,0.000383495,0.0019774,0.0108457,-0.0119483,0.0387714,-0.00951835,-0.1,0,0,0.3,-0.2,0,-0.1,0,0,0.3,-0.2,0,0,0,0,0,0,0,0,0,0,0,0,0,0,0,0,0,0,1.11861,3.07617,-0.783026,-0.175781,9.73715,-0.949998,8.05398,-3.7793,1.39826,5.97656,14.0799,2.89159,-0.727095,0.0496194,-6.4565,-2.4375,0.25,0.1875,-2.0625,-0.0625,-0.605469,-0.078125,-1.875,-0.4375,0,-2,0.125,-0.732422,0.214844,0.109864,0.22904,-0.0783694,-0.0438967,0.535618,-0.0410697,0.432019,-0.190929,0.0329976,0.272615,0.705673,0.151136,-0.106064,0.0198351,-0.965841,-0.268015,0.0709945,0.0877006,-0.489028,0.0191268,-0.58549,-0.108882,-0.282348,0.00153398,-0.111142,-0.56683,0.237431,-0.778373,0.193312
62.18,-0.10052,-0.0018493,0.000642811,0.300115,-0.213513,0.000683207,-0.103238,0.0016959,-0.00056246,0.298129,-0.217976,-0.00309102,0.000160703,-0.000150952,0.00321196,0.00287621,-0.000587227,-0.00154597,0.00971921,-3.59527e-05,0.0294218,0.00558369,0.0025047,0.000407464,0.0019774,0.0108337,-0.0119363,0.0387637,-0.00951835,-0.1,0,0,0.3,-0.2,0,-0.1,0,0,0.3,-0.2,0,0,0,0,0,0,0,0,0,0,0,0,0,0,0,0,0,0,0.671165,3.16406,-1.23047,-0.351562,9.73715,-0.949998,7.15909,-3.60352,1.23047,5.27344,13.9915,2.94392,-0.279652,0.0992388,-6.22313,-2.4375,0.25,0.1875,-2.0625,-0.0625,-0.605469,-0.078125,-1.8125,-0.4375,0,-2,0.0625,-0.732422,0.224609,0.0673841,0.214382,-0.100279,-0.0553989,0.53888,-0.024589,0.328954,-0.1565,-0.0208913,0.25881,0.709266,0.145634,0.0752089,0.039489,-0.95989,-0.306029,0.0587227,0.0619584,-0.467553,0.005321,-0.584508,-0.111674,-0.238198,-0.0407464,-0.0712582,-0.550891,0.250998,-0.764475,0.202148
62.22,-0.100479,-0.00182373,0.000629419,0.300123,-0.213513,0.000683207,-0.103211,0.00171295,-0.000575852,0.298121,-0.217976,-0.00309102,0.000241054,-0.000135857,0.00321196,0.00287621,-0.000575243,-0.00156993,0.00971921,-3.59527e-05,0.0294218,0.00558369,0.00251669,0.000371511,0.00196541,0.0108457,-0.0119123,0.0387637,-0.00950301,-0.1,0,0,0.3,-0.2,0,-0.1,0,0,0.3,-0.2,0,0,0,0,0,0,0,0,0,0,0,0,0,0,0,0,0,0,0.783026,3.42773,-1.17454,-1.05469,9.56017,-0.949872,6.71165,-3.51562,1.39826,6.24023,14.1685,2.94405,-0.838956,0.148858,-6.14534,-2.4375,0.25,0.1875,-2.0625,-0.0625,-0.605469,-0.078125,-1.875,-0.5,0,-2,0.0625,-0.742188,0.224609,0.0376543,0.159466,-0.021802,-0.133036,0.537249,-0.0328293,0.511406,-0.158205,0.0832976,0.40735,0.697876,0.164887,-0.0311763,0.0523501,-0.952495,-0.290689,0.0728641,0.112244,-0.48596,0.00378702,-0.584508,-0.102838,-0.254737,-0.0218113,-0.0982706,-0.55149,0.218305,-0.775274,0.177298
62.28,-0.100546,-0.00183225,0.000629419,0.300064,-0.213517,0.000676047,-0.103171,0.0016959,-0.000549068,0.298146,-0.217972,-0.00308389,0.000200878,-0.000135857,0.00320233,0.00284026,-0.000575243,-0.00156993,0.00971921,-3.59527e-05,0.0294218,0.00558369,0.00251669,0.000395479,0.0019774,0.0108457,-0.0119243,0.0387637,-0.00952602,-0.1,0,0,0.3,-0.2,0,-0.1,0,0,0.3,-0.2,0,0,0,0,0,0,0,0,0,0,0,0,0,0,0,0,0,0,1.06268,3.42773,-1.00675,-0.263672,9.73715,-0.949998,7.38281,-3.60352,1.11861,5.18555,14.1685,2.94405,0.559304,0.0992388,-6.37871,-2.4375,0.25,0.1875,-2.0625,-0.0625,-0.605469,-0.078125,-1.875,-0.4375,0,-2,0.0625,-0.732422,0.214844,0.116345,0.186498,-0.109224,-0.0477277,0.550435,-0.0105387,0.142272,-0.179408,-0.0016606,0.223528,0.713967,0.153566,0.0477287,0.0465535,-0.957002,-0.29323,0.0575243,0.0723607,-0.48596,0.0175928,-0.584508,-0.0949841,-0.257805,-0.00886833,-0.111142,-0.572966,0.250758,-0.770365,0.194447
62.34,-0.100479,-0.00184078,0.000669595,0.300106,-0.213508,0.000690368,-0.103211,0.0016959,-0.00056246,0.298087,-0.217972,-0.00308389,0.000187487,-0.000150952,0.00321196,0.00284026,-0.000575243,-0.00156993,0.00970722,-4.79369e-05,0.0294218,0.00558369,0.0025047,0.000395479,0.00192946,0.0108457,-0.0119243,0.0387714,-0.00951835,-0.1,0,0,0.3,-0.2,0,-0.1,0,0,0.3,-0.2,0,0,0,0,0,0,0,0,0,0,0,0,0,0,0,0,0,0,0.559304,3.25195,-1.00675,-0.351562,9.91413,-0.950124,6.04048,-3.7793,1.17454,5.36133,14.0802,2.99638,-0.559304,0.0992388,-6.37871,-2.4375,0.3125,0.1875,-2.0625,-0.0625,-0.605469,-0.078125,-1.875,-0.4375,0,-2,0.0625,-0.742188,0.224609,0.0119419,0.220075,-0.0361045,0.0876877,0.564717,-0.0192958,0.434269,-0.16959,0.0305335,0.325198,0.713963,0.159056,0.0311763,0.0742683,-0.978377,-0.284026,0.0513884,0.0478171,-0.488429,0.00556068,-0.587453,-0.10382,-0.256606,-0.0395479,-0.0719293,-0.554558,0.241554,-0.786227,0.196258
62.38,-0.10052,-0.00183225,0.000629419,0.300106,-0.213513,0.000683207,-0.103238,0.0016959,-0.000589243,0.29807,-0.217972,-0.00308389,0.000187487,-0.000143404,0.00320714,0.00284026,-0.000575243,-0.00156993,0.00970722,-2.39685e-05,0.0294218,0.00559136,0.00251669,0.000395479,0.0019774,0.0108457,-0.0119243,0.0387637,-0.00952602,-0.1,0,0,0.3,-0.2,0,-0.1,0,0,0.3,-0.2,0,0,0,0,0,0,0,0,0,0,0,0,0,0,0,0,0,0,0.950817,3.16406,-1.11861,-0.703125,9.73715,-0.949998,6.09641,-3.7793,1.11861,6.94336,14.0799,2.89159,-0.279652,0.148858,-6.30092,-2.4375,0.3125,0.1875,-2.125,-0.125,-0.605469,-0.078125,-1.875,-0.4375,0,-2,0.0625,-0.742188,0.214844,0.0776691,0.150501,-0.0629419,-0.0650287,0.548639,-0.0135757,0.375237,-0.149955,0.0126419,0.349571,0.71399,0.120628,0.0568888,0.0575126,-0.960295,-0.247211,0.0667282,0.0969044,-0.512973,-0.00258859,-0.586472,-0.109864,-0.260873,-0.03648,-0.086598,-0.542286,0.241554,-0.777237,0.191502
62.44,-0.10052,-0.00183225,0.000616027,0.300115,-0.213513,0.000683207,-0.103305,0.0016959,-0.00056246,0.298078,-0.217976,-0.00307673,0.000200878,-0.000143404,0.00320714,0.00286423,-0.000575243,-0.00155795,0.00970722,-3.59527e-05,0.0294218,0.0056067,0.0025047,0.000383495,0.00198938,0.0108337,-0.0119243,0.0387714,-0.00951835,-0.1,0,0,0.3,-0.2,0,-0.1,0,0,0.3,-0.2,0,0,0,0,0,0,0,0,0,0,0,0,0,0,0,0,0,0,0.783026,3.16406,-0.950817,-0.791016,9.73715,-0.949998,6.93537,-3.7793,1.51012,5.625,14.1685,2.94405,-0.447443,0.0992388,-6.37871,-2.4375,0.25,0.1875,-2.0625,-0.125,-0.605469,-0.078125,-1.875,-0.4375,0,-2,0.0625,-0.732422,0.224609,0.00567423,0.147228,-0.0358903,-0.0226739,0.537257,-0.0218497,0.165949,-0.133593,0.0665309,0.413743,0.727169,0.109317,-0.00883865,0.0604109,-0.973236,-0.277219,0.0544563,0.0472178,-0.485361,0.000719053,-0.586472,-0.132751,-0.25047,-0.0322136,-0.0718574,-0.557027,0.238486,-0.787208,0.190367
62.48,-0.100506,-0.00184078,0.000669595,0.300115,-0.213517,0.000676047,-0.103252,0.0016959,-0.000522284,0.298087,-0.217972,-0.00308389,0.000241054,-0.000158499,0.00319752,0.00285225,-0.000587227,-0.00158192,0.00971921,-2.39685e-05,0.0294294,0.00559136,0.0025047,0.000395479,0.0019774,0.0108457,-0.0119243,0.0387714,-0.00951835,-0.1,0,0,0.3,-0.2,0,-0.1,0,0,0.3,-0.2,0,0,0,0,0,0,0,0,0,0,0,0,0,0,0,0,0,0,0.950817,2.98828,-1.2864,-1.05469,9.64884,-1.00233,7.27095,-3.60352,0.838956,5.88867,14.0799,2.89159,-0.503374,0.198478,-6.37871,-2.375,0.25,0.1875,-2.0625,-0.0625,-0.605469,-0.078125,-1.875,-0.375,0,-2.0625,0.0625,-0.742188,0.214844,0.0351903,0.203713,-0.226377,-0.0444905,0.547169,-0.0325092,0.556563,-0.16959,0.0368009,0.34156,0.715609,0.128857,-0.0568888,0.0533464,-0.959255,-0.282157,0.0587227,0.066824,-0.476756,0.00508131,-0.587607,-0.112809,-0.271946,-0.00886833,-0.0988699,-0.563762,0.230816,-0.785245,0.18644
62.54,-0.100546,-0.00184078,0.000629419,0.300064,-0.213517,0.000676047,-0.103292,0.0016959,-0.000616027,0.298104,-0.217976,-0.00309102,0.00021427,-0.000143404,0.00321677,0.00285225,-0.000575243,-0.00158192,0.00970722,-3.59527e-05,0.0294294,0.00558369,0.0025047,0.000407464,0.00201335,0.0108337,-0.0119363,0.0387637,-0.00951835,-0.1,0,0,0.3,-0.2,0,-0.1,0,0,0.3,-0.2,0,0,0,0,0,0,0,0,0,0,0,0,0,0,0,0,0,0,1.00675,3.25195,-1.2864,-1.14258,9.56017,-0.949872,6.15234,-3.86719,0.950817,5.97656,14.0799,2.89159,0.335582,0.148858,-6.30092,-2.4375,0.25,0.1875,-2.0625,-0.0625,-0.605469,-0.078125,-1.875,-0.4375,0,-1.9375,0.0625,-0.742188,0.224609,0.0392076,0.210258,-0.129794,-0.118632,0.529294,-0.0298261,0.447446,-0.163045,0.0256053,0.219012,0.710886,0.153863,0.0539961,0.072004,-0.979822,-0.279089,0.0697961,0.0790959,-0.457749,-0.000814927,-0.586625,-0.0969476,-0.271946,-0.0407464,-0.106803,-0.514075,0.235658,-0.779201,0.190367
62.58,-0.10052,-0.00184078,0.000669595,0.300106,-0.213513,0.000683207,-0.103252,0.0016959,-0.000549068,0.29807,-0.217976,-0.00309102,0.000200878,-0.000143404,0.00320714,0.00286423,-0.000575243,-0.00156993,0.00970722,-3.59527e-05,0.0294294,0.00559136,0.00251669,0.000395479,0.00200137,0.0108457,-0.0119363,0.0387637,-0.00951835,-0.1,0,0,0.3,-0.2,0,-0.1,0,0,0.3,-0.2,0,0,0,0,0,0,0,0,0,0,0,0,0,0,0,0,0,0,0.671165,3.16406,-1.2864,0.0878906,9.73715,-0.949998,7.10316,-3.51562,1.23047,5.88867,14.0802,2.99638,-0.447443,0.198478,-6.37871,-2.4375,0.25,0.1875,-2.0625,-0.0625,-0.605469,-0.0683594,-1.875,-0.4375,0.0625,-2,0.0625,-0.732422,0.214844,0.113666,0.23971,-0.133812,0.0331461,0.540503,-0.0273283,0.129737,-0.133593,0.0343368,0.36048,0.704369,0.175845,0.0528712,0.0864954,-0.960295,-0.289491,0.0575243,0.0662248,-0.445478,-0.00388289,-0.594479,-0.109864,-0.248601,-0.0395479,-0.0908644,-0.530014,0.250998,-0.766438,0.187422
62.64,-0.10052,-0.00183225,0.000642811,0.300064,-0.213517,0.000676047,-0.103345,0.0016959,-0.000575852,0.298121,-0.217967,-0.00309105,0.000227662,-0.000158499,0.00320714,0.00285225,-0.000587227,-0.00156993,0.00970722,-2.39685e-05,0.0294294,0.00559136,0.0025047,0.000395479,0.00195343,0.0108457,-0.0119243,0.0387637,-0.00952602,-0.1,0,0,0.3,-0.2,0,-0.1,0,0,0.3,-0.2,0,0,0,0,0,0,0,0,0,0,0,0,0,0,0,0,0,0,0.838956,3.25195,-1.39826,0.175781,9.56017,-0.949872,7.38281,-3.60352,1.11861,6.06445,14.1685,2.94405,-0.223722,0.0992388,-6.37871,-2.4375,0.25,0.1875,-2.0625,-0.125,-0.605469,-0.0683594,-1.8125,-0.4375,0,-2,0.125,-0.742188,0.214844,0.0725266,0.176681,-0.0899935,-0.091361,0.539045,-0.0297924,0.622505,-0.153228,0.12958,0.145551,0.720302,0.148341,0.00369617,0.0533464,-0.980631,-0.272953,0.0679266,0.0631569,-0.494565,-0.0179284,-0.593497,-0.101028,-0.232063,-0.0303441,-0.119147,-0.53615,0.23235,-0.769383,0.193466
62.68,-0.100479,-0.00183225,0.000616027,0.300047,-0.213513,0.000683207,-0.103198,0.0016959,-0.00056246,0.298155,-0.217972,-0.00308389,0.000227662,-0.000150952,0.00320233,0.00285225,-0.000575243,-0.00158192,0.00970722,-3.59527e-05,0.0294218,0.00559136,0.0025047,0.000395479,0.00202533,0.0108457,-0.0119243,0.0387637,-0.00951835,-0.1,0,0,0.3,-0.2,0,-0.1,0,0,0.3,-0.2,0,0,0,0,0,0,0,0,0,0,0,0,0,0,0,0,0,0,0.783026,3.33984,-1.06268,-0.527344,9.56017,-0.949872,5.76083,-3.7793,1.39826,5.71289,14.0799,2.89159,-0.559304,0.0496194,-6.30092,-2.375,0.25,0.1875,-2.0625,-0.0625,-0.605469,-0.078125,-1.875,-0.5,0,-2,0.0625,-0.742188,0.214844,0.0170843,0.20286,-0.0513177,-0.00154194,0.522628,-0.0246451,0.319795,-0.159773,0.0151061,0.173162,0.72211,0.128834,-0.0888686,0.07137,-0.962548,-0.263749,0.0636602,0.0637561,-0.470021,0.00838896,-0.589417,-0.106918,-0.25047,-0.0395479,-0.128878,-0.545354,0.238486,-0.775274,0.190367
62.74,-0.100533,-0.00184078,0.000656203,0.300149,-0.213513,0.000683207,-0.103171,0.00170442,-0.000602635,0.298121,-0.217967,-0.00310534,0.00028123,-0.000135857,0.00320233,0.00286423,-0.000575243,-0.00156993,0.00970722,-3.59527e-05,0.0294218,0.00559136,0.00251669,0.000383495,0.0019774,0.0108337,-0.0119243,0.0387637,-0.00951835,-0.1,0,0,0.3,-0.2,0,-0.1,0,0,0.3,-0.2,0,0,0,0,0,0,0,0,0,0,0,0,0,0,0,0,0,0,1.2864,3.25195,-1.06268,-1.14258,9.64848,-0.897543,5.76083,-3.7793,1.17454,5.80078,14.1685,2.94405,-1.17454,0.0992388,-6.37871,-2.375,0.25,0.1875,-2.125,-0.0625,-0.605469,-0.0976562,-1.875,-0.4375,0.0625,-2,0.0625,-0.742188,0.224609,0.151004,0.233165,-0.10676,-0.0659671,0.530772,8.71085e-05,0.193696,-0.209712,0.0962609,0.292813,0.713773,0.187363,-0.0895114,0.0262656,-0.966245,-0.258811,0.0697961,0.0692928,-0.488429,0.00992294,-0.583526,-0.123608,-0.263941,-0.0383495,-0.0773941,-0.538619,0.238486,-0.775274,0.196258
62.78,-0.100546,-0.00181521,0.000616027,0.300047,-0.213513,0.000683207,-0.103305,0.0016959,-0.000575852,0.298146,-0.217967,-0.00309105,0.000174095,-0.000143404,0.00320714,0.00285225,-0.000575243,-0.00155795,0.00970722,-2.39685e-05,0.0294218,0.00559136,0.0025047,0.000395479,0.00196541,0.0108457,-0.0119243,0.0387714,-0.00952602,-0.1,0,0,0.3,-0.2,0,-0.1,0,0,0.3,-0.2,0,0,0,0,0,0,0,0,0,0,0,0,0,0,0,0,0,0,0.671165,3.42773,-1.23047,0.0878906,9.64848,-0.897543,7.66246,-3.60352,0.950817,6.94336,14.0799,2.89159,-0.335582,0.0992388,-6.22313,-2.4375,0.3125,0.1875,-2.0625,-0.0625,-0.605469,-0.078125,-1.875,-0.4375,0,-2,0.125,-0.742188,0.214844,0.1472,0.188066,-0.0256053,-0.0179044,0.532387,-0.0136318,0.315081,-0.1565,0.0318727,0.299886,0.707304,0.142896,0.00948146,0.0517161,-0.9529,-0.285225,0.0697961,0.0901693,-0.482293,0.00201335,-0.582545,-0.106918,-0.25047,-0.0487518,-0.0952027,-0.542286,0.238486,-0.793099,0.19052
62.84,-0.100533,-0.00183225,0.000656203,0.300064,-0.213513,0.000683207,-0.103345,0.00168738,-0.00056246,0.298104,-0.217972,-0.00309818,0.000241054,-0.000143404,0.00320714,0.00287621,-0.000587227,-0.00154597,0.00970722,-1.19842e-05,0.0294218,0.00558369,0.00251669,0.000371511,0.00198938,0.0108457,-0.0119363,0.0387714,-0.00951835,-0.1,0,0,0.3,-0.2,0,-0.1,0,0,0.3,-0.2,0,0,0,0,0,0,0,0,0,0,0,0,0,0,0,0,0,0,1.00675,3.33984,-1.11861,0.175781,9.73715,-0.949998,6.59979,-3.51562,0.950817,5.71289,13.9915,2.94392,-0.279652,0.148858,-6.14534,-2.4375,0.25,0.1875,-2.0625,-0.0625,-0.605469,-0.078125,-1.875,-0.5,0,-2,0.0625,-0.742188,0.214844,0.0121563,0.21595,0.00637455,0.0395387,0.543757,-0.0218272,0.607078,-0.13274,0.0408185,0.268099,0.699338,0.156934,-0.118599,0.0459195,-0.949202,-0.290689,0.0771305,0.0895701,-0.460817,-0.00589624,-0.572727,-0.0959658,-0.251669,-0.0187433,-0.133217,-0.545354,0.244862,-0.793099,0.187422
62.88,-0.100506,-0.00183225,0.000616027,0.300047,-0.213513,0.000683207,-0.103198,0.00170442,-0.000575852,0.298138,-0.217972,-0.00308389,0.000254446,-0.000150952,0.00321196,0.00286423,-0.000587227,-0.00154597,0.00970722,-4.79369e-05,0.0294294,0.00558369,0.00251669,0.000371511,0.00196541,0.0108337,-0.0119243,0.0387637,-0.00952602,-0.1,0,0,0.3,-0.2,0,-0.1,0,0,0.3,-0.2,0,0,0,0,0,0,0,0,0,0,0,0,0,0,0,0,0,0,1.00675,3.16406,-0.783026,0.0878906,9.73715,-0.949998,7.88619,-3.60352,1.23047,5.18555,14.2568,2.89172,-0.671165,0.0496194,-6.30092,-2.4375,0.25,0.1875,-2.125,-0.0625,-0.605469,-0.078125,-1.875,-0.5,0,-2,0.0625,-0.732422,0.214844,0.00947785,0.160318,-0.0461753,0.129358,0.550266,-0.0108252,0.252942,-0.170442,0.0884401,0.301164,0.733496,0.11507,-0.0763338,0.0597769,-0.958041,-0.268015,0.0525868,0.0865021,-0.497633,0.0040267,-0.595461,-0.106765,-0.257805,-0.0310152,-0.0859988,-0.541687,0.243088,-0.766438,0.196411
62.94,-0.100546,-0.00182373,0.000656203,0.300064,-0.213513,0.000683207,-0.103292,0.0016959,-0.00056246,0.298095,-0.217972,-0.00309818,0.000227662,-0.000158499,0.00319752,0.00286423,-0.000587227,-0.00156993,0.00970722,-5.99211e-05,0.0294294,0.00559136,0.0025047,0.000395479,0.00195343,0.0108457,-0.0119363,0.0387637,-0.00952602,-0.1,0,0,0.3,-0.2,0,-0.1,0,0,0.3,-0.2,0,0,0,0,0,0,0,0,0,0,0,0,0,0,0,0,0,0,0.894886,3.25195,-1.06268,-0.351562,9.4715,-0.897417,7.04723,-3.7793,1.39826,5.97656,13.9919,3.04871,-0.615234,0.0992388,-6.37871,-2.375,0.3125,0.1875,-2,-0.0625,-0.605469,-0.078125,-1.9375,-0.4375,0,-2,0.0625,-0.742188,0.214844,0.08549,0.175828,-0.10676,0.0231763,0.522632,-0.0191553,0.483443,-0.18268,0.0871009,0.280286,0.705831,0.167891,-0.0117313,0.0852274,-0.950011,-0.292559,0.0587227,0.0570209,-0.436274,0.0196062,-0.595461,-0.109864,-0.253538,-0.0303441,-0.0608559,-0.548422,0.238726,-0.772329,0.193466
62.98,-0.100506,-0.00184078,0.000656203,0.300055,-0.213517,0.000676047,-0.103225,0.0016959,-0.00056246,0.298112,-0.217967,-0.00309105,0.000200878,-0.000143404,0.00320714,0.00285225,-0.000551274,-0.00158192,0.00971921,-3.59527e-05,0.0294294,0.00557602,0.00249272,0.000395479,0.00200137,0.0108218,-0.0119243,0.0387637,-0.00951835,-0.1,0,0,0.3,-0.2,0,-0.1,0,0,0.3,-0.2,0,0,0,0,0,0,0,0,0,0,0,0,0,0,0,0,0,0,1.23047,3.51562,-1.23047,-0.175781,9.64884,-1.00233,7.21502,-3.51562,1.39826,6.32812,14.1685,2.94405,-0.391513,0.198478,-6.22313,-2.4375,0.25,0.1875,-2.0625,-0.125,-0.605469,-0.078125,-1.875,-0.4375,0,-2,0.0625,-0.732422,0.214844,0.0249053,0.272435,-0.132473,0.138988,0.542296,-0.0297812,0.147628,-0.176135,0.0716734,0.283183,0.715424,0.151102,-0.0139811,0.0517161,-0.956597,-0.288293,0.0367197,0.0760279,-0.495164,-0.00234891,-0.595461,-0.106612,-0.249272,-0.0303441,-0.12768,-0.541088,0.243088,-0.775274,0.185458
63.04,-0.100493,-0.00183225,0.000616027,0.300047,-0.213517,0.000676047,-0.103332,0.0016959,-0.000549068,0.298095,-0.217972,-0.00308389,0.000200878,-0.000143404,0.00320714,0.00287621,-0.000551274,-0.00158192,0.00971921,-4.79369e-05,0.0294218,0.00556835,0.0025047,0.000407464,0.00200137,0.0108218,-0.0119363,0.038756,-0.00952602,-0.1,0,0,0.3,-0.2,0,-0.1,0,0,0.3,-0.2,0,0,0,0,0,0,0,0,0,0,0,0,0,0,0,0,0,0,1.2864,3.25195,-1.23047,-0.615234,9.56017,-0.949872,7.83026,-3.51562,1.11861,6.24023,13.9915,2.94392,-0.503374,0.198478,-6.22313,-2.4375,0.25,0.1875,-2.0625,-0.125,-0.585938,-0.078125,-1.875,-0.4375,0,-2,0.125,-0.732422,0.214844,0.0492781,0.157046,-0.0770302,-0.0124502,0.526052,-0.0188577,0.667448,-0.189225,0.0549068,0.345736,0.704227,0.137131,-0.0911185,0.0691058,-0.956597,-0.309097,0.0489915,0.115911,-0.467553,-0.000575243,-0.577636,-0.0878051,-0.222859,-0.0438143,-0.106204,-0.53802,0.250998,-0.76334,0.196411
63.08,-0.100546,-0.00181521,0.000616027,0.300089,-0.213513,0.000683207,-0.103265,0.0016959,-0.000549068,0.298087,-0.217976,-0.00309102,0.000227662,-0.000158499,0.00319752,0.00286423,-0.000575243,-0.00156993,0.00971921,-2.39685e-05,0.0294294,0.00558369,0.0025047,0.000395479,0.00198938,0.0108457,-0.0119363,0.0387714,-0.00951835,-0.1,0,0,0.3,-0.2,0,-0.1,0,0,0.3,-0.2,0,0,0,0,0,0,0,0,0,0,0,0,0,0,0,0,0,0,1.56605,3.25195,-1.06268,-0.263672,9.73715,-0.949998,6.54386,-3.7793,1.17454,7.03125,14.0799,2.89159,-0.111861,0.0496194,-6.4565,-2.375,0.25,0.1875,-2.0625,-0.0625,-0.605469,-0.0976562,-1.875,-0.5,0,-2,0.125,-0.742188,0.214844,0.162627,0.165159,-0.0410328,-0.13883,0.527518,-0.00541394,0.578472,-0.189225,-0.0222305,0.259748,0.723903,0.131859,-0.0374437,0.0475498,-0.970347,-0.298695,0.075932,0.0662248,-0.48596,0.00814927,-0.592515,-0.102838,-0.25047,-0.0395479,-0.0964011,-0.55149,0.238726,-0.7823,0.184477
63.14,-0.100493,-0.00179817,0.000642811,0.300098,-0.213517,0.000676047,-0.103265,0.00170442,-0.00056246,0.298104,-0.217972,-0.00308389,0.000254446,-0.000158499,0.00319752,0.00284026,-0.000587227,-0.00156993,0.00970722,0,0.0294294,0.00556835,0.00251669,0.000395479,0.00198938,0.0108457,-0.0119123,0.0387637,-0.00951835,-0.1,0,0,0.3,-0.2,0,-0.1,0,0,0.3,-0.2,0,0,0,0,0,0,0,0,0,0,0,0,0,0,0,0,0,0,0.838956,3.42773,-1.00675,-0.615234,9.73715,-0.949998,5.48118,-3.60352,1.51012,6.94336,14.1685,2.94405,-1.06268,0.0992388,-6.37871,-2.375,0.25,0.1875,-2.0625,-0.0625,-0.605469,-0.0683594,-1.875,-0.4375,0,-2,0.0625,-0.732422,0.224609,0.0132807,0.143819,-0.0282837,-0.0419335,0.552062,-0.00778821,0.0179411,-0.163897,0.0768159,0.388091,0.718852,0.139825,-0.102046,0.0794308,-0.950011,-0.228803,0.0587227,0.0355452,-0.457749,-0.0168738,-0.595461,-0.0858416,-0.257805,-0.0395479,-0.127081,-0.542286,0.235178,-0.772329,0.188404
63.18,-0.100546,-0.00184078,0.000629419,0.300115,-0.213513,0.000683207,-0.103305,0.0016959,-0.000549068,0.298138,-0.217976,-0.00309102,0.000254446,-0.000158499,0.00319752,0.00285225,-0.000587227,-0.00156993,0.00970722,-5.99211e-05,0.0294294,0.00556835,0.00251669,0.000395479,0.0019774,0.0108457,-0.0119243,0.0387637,-0.00951835,-0.1,0,0,0.3,-0.2,0,-0.1,0,0,0.3,-0.2,0,0,0,0,0,0,0,0,0,0,0,0,0,0,0,0,0,0,0.894886,3.33984,-1.39826,-0.791016,9.73715,-0.949998,6.71165,-3.60352,1.17454,4.57031,13.9915,2.94392,-0.838956,0.0992388,-6.37871,-2.4375,0.25,0.1875,-2.0625,-0.125,-0.585938,-0.078125,-1.875,-0.4375,0,-2,0.0625,-0.732422,0.214844,0.136915,0.184078,-0.104082,-0.115395,0.551877,-0.0300339,0.6442,-0.16959,0.00862438,0.224806,0.701135,0.153897,-0.0711913,0.0649395,-0.959255,-0.29136,0.0832664,0.0815646,-0.470021,0.00119842,-0.590552,-0.0809328,-0.282348,-0.0150042,-0.129549,-0.545354,0.22468,-0.772329,0.185458
63.24,-0.100533,-0.00183225,0.000629419,0.300064,-0.213517,0.000676047,-0.103144,0.00170442,-0.000589243,0.298104,-0.217976,-0.00309102,0.00021427,-0.000143404,0.00320714,0.00285225,-0.000575243,-0.00154597,0.00970722,-5.99211e-05,0.0294294,0.0056067,0.00251669,0.000395479,0.00200137,0.0108337,-0.0119363,0.038756,-0.00953369,-0.1,0,0,0.3,-0.2,0,-0.1,0,0,0.3,-0.2,0,0,0,0,0,0,0,0,0,0,0,0,0,0,0,0,0,0,1.00675,3.33984,-1.17454,-1.05469,9.64848,-0.897543,6.71165,-3.86719,1.67791,6.67969,14.1682,2.83926,-0.615234,0.148858,-6.30092,-2.4375,0.3125,0.1875,-2.0625,-0.0625,-0.605469,-0.0976562,-1.8125,-0.4375,0,-2,0.0625,-0.732422,0.214844,0.109864,0.183225,-0.0937968,-0.020457,0.55209,0.0306405,0.0778832,-0.199895,0.166917,0.306278,0.736908,0.126324,0.00257125,0.0633092,-0.960295,-0.285225,0.0544563,0.0588905,-0.479225,0.0196062,-0.594479,-0.144532,-0.233261,-0.0272761,-0.0877964,-0.529415,0.254066,-0.761376,0.212272
63.28,-0.100479,-0.00182373,0.000629419,0.300081,-0.213513,0.000683207,-0.103332,0.0016959,-0.00056246,0.298104,-0.217976,-0.00309102,0.000254446,-0.000143404,0.00320714,0.00286423,-0.000575243,-0.00155795,0.00970722,-7.19053e-05,0.0294294,0.00559136,0.00251669,0.000395479,0.00200137,0.0108337,-0.0119363,0.0387714,-0.00952602,-0.1,0,0,0.3,-0.2,0,-0.1,0,0,0.3,-0.2,0,0,0,0,0,0,0,0,0,0,0,0,0,0,0,0,0,0,0.783026,3.42773,-1.23047,-0.439453,9.73715,-0.949998,7.88619,-3.51562,1.23047,6.67969,14.1685,2.94405,-0.335582,0.0496194,-6.14534,-2.4375,0.3125,0.1875,-2.0625,-0.125,-0.605469,-0.078125,-1.875,-0.4375,0,-2,0.0625,-0.742188,0.214844,0.125077,0.188918,-0.042372,-0.0611931,0.548651,0.00289377,0.292046,-0.123775,0.0665309,0.197195,0.717394,0.142861,-0.0711913,0.0285299,-0.941807,-0.286423,0.106612,0.0533538,-0.460817,0.01371,-0.585643,-0.115754,-0.254737,-0.0456839,-0.106204,-0.538619,0.252532,-0.785245,0.197393
63.34,-0.100479,-0.00183225,0.000642811,0.300047,-0.213513,0.000683207,-0.103211,0.00171295,-0.00056246,0.298129,-0.217976,-0.00309102,0.000187487,-0.000150952,0.00321196,0.00285225,-0.000575243,-0.00155795,0.00970722,-3.59527e-05,0.0294294,0.00559903,0.0025047,0.000407464,0.0019774,0.0108218,-0.0119363,0.0387637,-0.00951835,-0.1,0,0,0.3,-0.2,0,-0.1,0,0,0.3,-0.2,0,0,0,0,0,0,0,0,0,0,0,0,0,0,0,0,0,0,0.279652,3.25195,-1.11861,0.263672,9.64848,-0.897543,5.76083,-3.60352,1.34233,5.44922,13.9915,2.94392,-0.838956,0.0496194,-6.30092,-2.375,0.25,0.1875,-2.125,-0.0625,-0.605469,-0.078125,-1.875,-0.4375,0,-2,0.0625,-0.742188,0.224609,0.0273693,0.20286,-0.0385687,0.0529996,0.537253,-0.0273395,0.434269,-0.181112,0.056246,0.356984,0.706008,0.156625,-0.025391,0.0539804,-0.976529,-0.254545,0.075932,0.102441,-0.485361,0.0145249,-0.593497,-0.114926,-0.262742,-0.0192706,-0.086598,-0.541088,0.23259,-0.77331,0.195276
63.38,-0.100533,-0.00183225,0.000656203,0.300098,-0.213508,0.000690368,-0.103412,0.0016959,-0.000589243,0.298146,-0.217972,-0.00309818,0.000254446,-0.000158499,0.00319752,0.00287621,-0.000587227,-0.00156993,0.00973119,-3.59527e-05,0.0294218,0.00558369,0.0025047,0.000395479,0.00196541,0.0108457,-0.0119363,0.0387714,-0.00951835,-0.1,0,0,0.3,-0.2,0,-0.1,0,0,0.3,-0.2,0,0,0,0,0,0,0,0,0,0,0,0,0,0,0,0,0,0,0.894886,3.33984,-1.00675,-1.14258,9.64848,-0.897543,7.66246,-3.60352,0.950817,4.6582,14.0799,2.89159,-0.615234,0.0992388,-6.37871,-2.4375,0.25,0.25,-2.0625,-0.0625,-0.605469,-0.078125,-1.875,-0.375,0,-2,0.0625,-0.751953,0.224609,0.0635812,0.261765,-0.0656203,-0.0255711,0.535464,-0.0193968,0.654913,-0.153228,-0.00278552,0.17444,0.710728,0.13768,-0.0660488,0.0417532,-0.95186,-0.296825,0.0709945,0.109176,-0.47122,-0.00388289,-0.58549,-0.105783,-0.253538,-0.0211402,-0.104407,-0.539218,0.24026,-0.783281,0.192331
63.44,-0.100506,-0.00181521,0.000629419,0.300098,-0.213513,0.000683207,-0.103198,0.0016959,-0.000589243,0.298104,-0.217976,-0.00309102,0.000227662,-0.000150952,0.00321196,0.00286423,-0.000587227,-0.00158192,0.00971921,-3.59527e-05,0.0294218,0.00559903,0.00249272,0.000407464,0.00198938,0.0108457,-0.0119243,0.0387637,-0.00951835,-0.1,0,0,0.3,-0.2,0,-0.1,0,0,0.3,-0.2,0,0,0,0,0,0,0,0,0,0,0,0,0,0,0,0,0,0,0.615234,3.42773,-1.11861,-0.439453,9.82546,-0.897669,6.48793,-3.60352,1.17454,6.5918,14.0799,2.89159,-0.447443,0.0496194,-6.30092,-2.4375,0.3125,0.1875,-2.0625,-0.0625,-0.605469,-0.078125,-1.875,-0.4375,0,-2,0.125,-0.742188,0.214844,0.112328,0.204429,-0.042372,0.012608,0.55352,-0.00532411,0.216945,-0.1565,-0.0284979,0.322641,0.710893,0.142883,-0.0477287,0.0481838,-0.983924,-0.274151,0.0587227,0.0760279,-0.489028,-0.00234891,-0.586472,-0.12278,-0.249272,-0.0438143,-0.0933331,-0.557626,0.259962,-0.78411,0.187422
63.48,-0.100506,-0.00180669,0.000616027,0.300047,-0.213513,0.000683207,-0.103332,0.00171295,-0.00056246,0.298104,-0.217976,-0.00309102,0.000254446,-0.000158499,0.00320714,0.00286423,-0.000575243,-0.00156993,0.00970722,-5.99211e-05,0.0294218,0.00557602,0.00249272,0.000383495,0.0019774,0.0108337,-0.0119243,0.0387637,-0.00951835,-0.1,0,0,0.3,-0.2,0,-0.1,0,0,0.3,-0.2,0,0,0,0,0,0,0,0,0,0,0,0,0,0,0,0,0,0,0.671165,3.25195,-1.06268,0.0878906,9.73715,-0.949998,7.38281,-3.25195,0.894886,6.24023,14.1685,2.94405,-0.335582,0.148858,-6.4565,-2.4375,0.25,0.1875,-2.0625,-0.0625,-0.605469,-0.078125,-1.875,-0.5,0.0625,-2,0.0625,-0.742188,0.214844,0.0711877,0.174124,-0.0307478,-0.0124502,0.53076,-0.0163823,0.538886,-0.15166,-0.0106064,0.240828,0.725522,0.140088,-0.0300514,0.0794309,-0.963992,-0.286423,0.0636602,0.0631569,-0.466953,0.00733435,-0.584508,-0.107593,-0.233932,-0.0291456,-0.101938,-0.535551,0.23235,-0.775274,0.195276
63.54,-0.10052,-0.00183225,0.000642811,0.300115,-0.213504,0.000668944,-0.103225,0.00171295,-0.000549068,0.298112,-0.217963,-0.00309821,0.000227662,-0.000143404,0.00320714,0.00286423,-0.000551274,-0.00155795,0.00970722,-3.59527e-05,0.0294294,0.00559136,0.00249272,0.000395479,0.00200137,0.0108218,-0.0119243,0.038756,-0.00951835,-0.1,0,0,0.3,-0.2,0,-0.1,0,0,0.3,-0.2,0,0,0,0,0,0,0,0,0,0,0,0,0,0,0,0,0,0,0.894886,3.16406,-1.23047,0.263672,9.64848,-0.897543,6.54386,-3.60352,1.17454,6.06445,14.0802,2.99638,-0.615234,0.0992388,-6.37871,-2.4375,0.25,0.1875,-2.0625,-0.0625,-0.605469,-0.078125,-1.875,-0.4375,0.0625,-2,0.0625,-0.742188,0.214844,0.0365292,0.170136,-0.0642811,0.0427759,0.525556,-0.00210413,0.348185,-0.194202,-0.0016606,0.294091,0.690868,0.165198,-0.0785836,0.0517161,-0.960295,-0.307899,0.0551274,0.0993732,-0.463885,0.0160589,-0.595461,-0.109864,-0.233932,-0.0180722,-0.100068,-0.541088,0.238486,-0.764321,0.184477
63.58,-0.100533,-0.00184078,0.000629419,0.300115,-0.213504,0.000668944,-0.103252,0.0016959,-0.00056246,0.298087,-0.217976,-0.00309102,0.000254446,-0.000143404,0.00320714,0.00285225,-0.000575243,-0.00156993,0.00971921,-2.39685e-05,0.0294218,0.0056067,0.0025047,0.000419448,0.0019774,0.0108218,-0.0119243,0.0387637,-0.00952602,-0.1,0,0,0.3,-0.2,0,-0.1,0,0,0.3,-0.2,0,0,0,0,0,0,0,0,0,0,0,0,0,0,0,0,0,0,0.335582,3.25195,-1.00675,-1.31836,9.73715,-0.949998,7.99805,-3.60352,1.06268,7.73438,14.1685,2.94405,-0.335582,0.0992388,-6.06755,-2.375,0.25,0.1875,-2.125,-0.125,-0.605469,-0.078125,-1.875,-0.5,0.0625,-2,0.125,-0.742188,0.214844,0.0790087,0.190623,-0.0937968,-0.0663072,0.53693,-0.00480974,0.376576,-0.146683,0.00482108,0.308835,0.717394,0.142861,0.005946,0.0459195,-0.949202,-0.279089,0.0667282,0.0478171,-0.489028,-0.00565655,-0.58549,-0.122933,-0.232063,-0.0634205,-0.0835301,-0.534952,0.229282,-0.775274,0.198374
63.64,-0.100466,-0.00183225,0.000642811,0.300081,-0.213517,0.000676047,-0.103318,0.00171295,-0.00056246,0.298095,-0.217972,-0.00308389,0.000147311,-0.000150952,0.00320233,0.00286423,-0.000587227,-0.00156993,0.00970722,-3.59527e-05,0.0294218,0.00559136,0.00251669,0.000407464,0.0019774,0.0108337,-0.0119243,0.0387637,-0.00951835,-0.1,0,0,0.3,-0.2,0,-0.1,0,0,0.3,-0.2,0,0,0,0,0,0,0,0,0,0,0,0,0,0,0,0,0,0,1.23047,3.16406,-1.23047,-0.615234,9.56017,-0.949872,7.66246,-3.60352,1.06268,6.24023,14.1682,2.83926,0.503374,0.0992388,-6.37871,-2.375,0.25,0.1875,-2.0625,-0.125,-0.585938,-0.078125,-1.875,-0.5,0,-2,0.125,-0.742188,0.224609,-0.0356801,0.130866,-0.084851,-0.0393765,0.519543,-0.0298598,0.527262,-0.197474,0.0922434,0.263924,0.738389,0.0903494,0.0843689,0.0510821,-0.979186,-0.317103,0.0894023,0.0784967,-0.457749,-0.00388289,-0.582545,-0.1079,-0.251669,-0.0652901,-0.105006,-0.544755,0.241554,-0.77331,0.181531
63.68,-0.100546,-0.00183225,0.000629419,0.300081,-0.213513,0.000683207,-0.103225,0.00170442,-0.000575852,0.298104,-0.217976,-0.00309102,0.000254446,-0.000143404,0.00320714,0.00286423,-0.000599211,-0.00156993,0.00970722,-3.59527e-05,0.0294218,0.0056067,0.00249272,0.000395479,0.00200137,0.0108337,-0.0119243,0.0387637,-0.00952602,-0.1,0,0,0.3,-0.2,0,-0.1,0,0,0.3,-0.2,0,0,0,0,0,0,0,0,0,0,0,0,0,0,0,0,0,0,1.11861,3.33984,-1.00675,-0.439453,9.73715,-0.949998,6.09641,-3.60352,1.06268,5.97656,13.9915,2.94392,-0.671165,0.248097,-6.30092,-2.4375,0.25,0.1875,-2.0625,-0.0625,-0.605469,-0.078125,-1.875,-0.4375,0,-2,0.0625,-0.742188,0.224609,0.193482,0.183225,-0.0680844,0.102432,0.545385,-0.0190767,0.157913,-0.15408,0.0421577,0.377182,0.717386,0.15384,-0.204896,0.0951902,-0.965841,-0.292559,0.072193,0.0784967,-0.479225,-0.00234891,-0.58549,-0.12097,-0.233932,-0.0395479,-0.109272,-0.547823,0.230816,-0.78411,0.193466
63.74,-0.100546,-0.00182373,0.000602635,0.300064,-0.213521,0.000668886,-0.103225,0.00171295,-0.000575852,0.298095,-0.217967,-0.00309105,0.00021427,-0.000135857,0.00321196,0.00285225,-0.000587227,-0.00155795,0.00970722,-4.79369e-05,0.0294218,0.00559903,0.00251669,0.000395479,0.00195343,0.0108218,-0.0119483,0.0387637,-0.00952602,-0.1,0,0,0.3,-0.2,0,-0.1,0,0,0.3,-0.2,0,0,0,0,0,0,0,0,0,0,0,0,0,0,0,0,0,0,0.671165,3.25195,-1.11861,-0.263672,9.73715,-0.949998,5.25746,-3.7793,1.67791,6.41602,14.0802,2.99638,-0.950817,0.248097,-6.14534,-2.4375,0.25,0.1875,-2.125,-0.125,-0.605469,-0.078125,-1.875,-0.5,0,-2,0.125,-0.732422,0.224609,0.131772,0.188918,-0.0808335,-0.00409451,0.55874,0.0035003,0.0859186,-0.190929,0.0781551,0.394823,0.691021,0.18687,-0.095136,0.0697397,-0.948798,-0.272953,0.0495188,0.0564217,-0.506837,0.000958738,-0.58549,-0.118853,-0.251669,-0.03648,-0.103807,-0.525748,0.268111,-0.77331,0.195429
63.78,-0.100506,-0.00181521,0.000656203,0.300106,-0.213508,0.000690368,-0.103332,0.00171295,-0.000535676,0.298112,-0.217967,-0.00307676,0.000267838,-0.000143404,0.00320714,0.00286423,-0.000575243,-0.00155795,0.00970722,-5.99211e-05,0.0294218,0.00558369,0.00251669,0.000395479,0.0019774,0.0108457,-0.0119003,0.0387714,-0.00952602,-0.1,0,0,0.3,-0.2,0,-0.1,0,0,0.3,-0.2,0,0,0,0,0,0,0,0,0,0,0,0,0,0,0,0,0,0,1.34233,3.42773,-1.11861,-1.75781,9.73715,-0.949998,6.48793,-3.51562,1.39826,5.88867,14.0799,2.89159,-0.559304,0.148858,-6.30092,-2.375,0.3125,0.1875,-2.0625,-0.0625,-0.605469,-0.078125,-1.875,-0.4375,0,-2,0.125,-0.742188,0.214844,-0.0676595,0.194611,-0.111903,-0.0323037,0.543588,-0.0221137,0.528601,-0.154932,-0.00814227,0.261367,0.708936,0.134084,-0.162631,0.0575126,-0.971387,-0.271083,0.0636602,0.0257421,-0.470021,0.0104023,-0.58549,-0.0979293,-0.254737,-0.0303441,-0.151025,-0.55149,0.227269,-0.781318,0.195429
63.84,-0.100479,-0.00182373,0.000629419,0.300081,-0.213508,0.000690368,-0.103185,0.00172999,-0.00056246,0.298138,-0.217967,-0.00309105,0.000200878,-0.000135857,0.00320233,0.00286423,-0.000587227,-0.00155795,0.00971921,-3.59527e-05,0.0294141,0.00559903,0.0025047,0.000395479,0.00201335,0.0108457,-0.0119363,0.0387637,-0.00952602,-0.1,0,0,0.3,-0.2,0,-0.1,0,0,0.3,-0.2,0,0,0,0,0,0,0,0,0,0,0,0,0,0,0,0,0,0,1.06268,3.51562,-1.00675,0.175781,9.64848,-0.897543,6.2642,-3.7793,1.23047,6.32812,14.0799,2.89159,-0.391513,0.198478,-6.22313,-2.4375,0.25,0.1875,-2.125,-0.0625,-0.605469,-0.078125,-1.875,-0.4375,0,-2,0.0625,-0.742188,0.224609,0.0736517,0.136558,-0.0629419,0.0642525,0.541953,-0.0358438,0.138469,-0.215541,0.056246,0.377522,0.713805,0.142873,0.0117313,0.0755363,-0.945909,-0.264947,0.0679266,0.0533538,-0.510504,0.00685498,-0.578464,-0.124743,-0.256606,-0.0150042,-0.116007,-0.579102,0.229522,-0.771347,0.192484
63.88,-0.100533,-0.0018493,0.000629419,0.300064,-0.213513,0.000683207,-0.103412,0.00171295,-0.00056246,0.29807,-0.217972,-0.00309818,0.000227662,-0.000135857,0.00320233,0.00286423,-0.000575243,-0.00153398,0.00970722,-4.79369e-05,0.0294294,0.00559136,0.00249272,0.000395479,0.00201335,0.0108337,-0.0119363,0.0387637,-0.00952602,-0.1,0,0,0.3,-0.2,0,-0.1,0,0,0.3,-0.2,0,0,0,0,0,0,0,0,0,0,0,0,0,0,0,0,0,0,0.838956,3.16406,-1.11861,-0.791016,9.55981,-0.845088,7.88619,-3.7793,1.2864,6.5918,13.9915,2.94392,-0.167791,0.148858,-6.30092,-2.4375,0.3125,0.1875,-2.0625,-0.125,-0.605469,-0.078125,-1.875,-0.4375,0,-1.9375,0.125,-0.742188,0.214844,0.0790087,0.191475,-0.109224,-0.0640902,0.525894,-0.00267464,0.608631,-0.194202,0.056246,0.415021,0.699334,0.162423,-0.0631562,0.0436553,-0.947758,-0.268015,0.0697961,0.0552233,-0.485361,0.00709466,-0.593497,-0.117718,-0.255408,-0.0426159,-0.100667,-0.535551,0.238726,-0.772329,0.194447
63.94,-0.100479,-0.00183225,0.000656203,0.300089,-0.213513,0.000683207,-0.103292,0.0016959,-0.000616027,0.298129,-0.217967,-0.00309105,0.00021427,-0.000143404,0.00320714,0.00285225,-0.000587227,-0.00156993,0.00970722,-4.79369e-05,0.0294218,0.00559903,0.0025047,0.000395479,0.00194144,0.0108457,-0.0119243,0.0387714,-0.00951835,-0.1,0,0,0.3,-0.2,0,-0.1,0,0,0.3,-0.2,0,0,0,0,0,0,0,0,0,0,0,0,0,0,0,0,0,0,0.783026,3.42773,-1.17454,-0.351562,9.73715,-0.949998,7.49467,-3.60352,1.11861,6.32812,14.1685,2.94405,-0.615234,0.148858,-6.4565,-2.375,0.3125,0.1875,-2.0625,-0.0625,-0.605469,-0.078125,-1.875,-0.4375,0,-2,0.0625,-0.742188,0.214844,-0.0086281,0.22904,-0.0861902,0.15024,0.540503,-0.0273283,0.555438,-0.172863,0.15931,0.302443,0.708924,0.151125,-0.0128562,0.0749023,-0.967689,-0.276021,0.0771305,0.0999724,-0.482293,0.0040267,-0.583526,-0.124743,-0.26581,-0.0242081,-0.136956,-0.533082,0.238486,-0.784263,0.179568
63.98,-0.100479,-0.00183225,0.000629419,0.300132,-0.213517,0.000676047,-0.103211,0.00168738,-0.000589243,0.298104,-0.217967,-0.00309105,0.000227662,-0.000143404,0.00320714,0.00286423,-0.000575243,-0.00155795,0.00970722,-1.19842e-05,0.0294218,0.00557602,0.0025047,0.000395479,0.0019774,0.0108457,-0.0119123,0.0387637,-0.00951835,-0.1,0,0,0.3,-0.2,0,-0.1,0,0,0.3,-0.2,0,0,0,0,0,0,0,0,0,0,0,0,0,0,0,0,0,0,0.615234,3.33984,-0.894886,-0.703125,9.64848,-0.897543,8.16584,-3.51562,1.34233,5.97656,14.0799,2.89159,-0.615234,0.148858,-6.30092,-2.4375,0.25,0.1875,-2.0625,-0.0625,-0.605469,-0.0683594,-1.875,-0.4375,0,-2,0.125,-0.732422,0.214844,0.0273693,0.18977,-0.0372295,-0.0361393,0.54395,0.0113981,0.321134,-0.14583,0.0126419,0.240828,0.705677,0.145646,-0.0425862,0.040123,-0.963992,-0.286423,0.0544563,0.111645,-0.451614,0.00484163,-0.586472,-0.100721,-0.238198,-0.0395479,-0.0988699,-0.533082,0.242848,-0.769383,0.182513
64.04,-0.10052,-0.00185782,0.000642811,0.300132,-0.213508,0.000690368,-0.103118,0.0016959,-0.00056246,0.298121,-0.217972,-0.00308389,0.000308014,-0.000143404,0.00320714,0.00286423,-0.000575243,-0.00155795,0.00970722,-2.39685e-05,0.0294218,0.00559136,0.0025047,0.000395479,0.00195343,0.0108457,-0.0119243,0.0387637,-0.00951835,-0.1,0,0,0.3,-0.2,0,-0.1,0,0,0.3,-0.2,0,0,0,0,0,0,0,0,0,0,0,0,0,0,0,0,0,0,1.11861,3.16406,-1.34233,-1.49414,9.64884,-1.00233,4.81001,-3.60352,1.39826,6.41602,14.0799,2.89159,-1.11861,0.198478,-6.37871,-2.4375,0.3125,0.1875,-2.0625,-0.0625,-0.605469,-0.0976562,-1.875,-0.5,0,-1.9375,0.0625,-0.742188,0.214844,0.134236,0.1956,-0.0797086,-0.183401,0.533833,-0.0276372,0.0906329,-0.179408,0.045961,0.265542,0.710728,0.137108,-0.107832,0.0749023,-0.967689,-0.277219,0.0513884,0.0840334,-0.457749,-0.00105461,-0.581563,-0.127535,-0.25047,-0.0548877,-0.0915355,-0.530014,0.235418,-0.772329,0.185458
64.08,-0.100573,-0.00183225,0.000629419,0.300089,-0.213517,0.000676047,-0.103238,0.0016959,-0.000549068,0.298104,-0.217976,-0.00309102,0.000294622,-0.000158499,0.00319752,0.00285225,-0.000575243,-0.00158192,0.00970722,-2.39685e-05,0.0294218,0.00559136,0.0025047,0.000395479,0.0019774,0.0108457,-0.0119363,0.0387714,-0.00951068,-0.1,0,0,0.3,-0.2,0,-0.1,0,0,0.3,-0.2,0,0,0,0,0,0,0,0,0,0,0,0,0,0,0,0,0,0,1.11861,3.16406,-1.34233,-0.263672,9.56017,-0.949872,7.71839,-3.51562,1.39826,5.88867,14.0802,2.99638,-1.17454,0.148858,-6.14534,-2.375,0.25,0.1875,-2.0625,-0.0625,-0.605469,-0.078125,-1.875,-0.4375,0.0625,-2,0.0625,-0.742188,0.214844,0.108738,0.140683,-0.0886544,-0.0297467,0.532556,-0.0133454,0.210677,-0.146683,0.0189094,0.328095,0.70927,0.140144,-0.201521,0.0591429,-0.93707,-0.297496,0.0728641,0.0821638,-0.451614,0.00354733,-0.584508,-0.106918,-0.256606,-0.0518198,-0.0773941,-0.557626,0.237192,-0.786227,0.180396
64.14,-0.100533,-0.00183225,0.000656203,0.300047,-0.213517,0.000676047,-0.103131,0.00170442,-0.00056246,0.298087,-0.217967,-0.00307676,0.000227662,-0.000158499,0.00319752,0.00286423,-0.000575243,-0.00156993,0.00971921,-4.79369e-05,0.0294294,0.00559903,0.0025047,0.000407464,0.00201335,0.0108337,-0.0119243,0.0387637,-0.00951068,-0.1,0,0,0.3,-0.2,0,-0.1,0,0,0.3,-0.2,0,0,0,0,0,0,0,0,0,0,0,0,0,0,0,0,0,0,1.2864,3.33984,-1.11861,-0.175781,9.64848,-0.897543,6.09641,-3.7793,1.2864,6.67969,14.0799,2.89159,-0.894886,0.0496194,-6.30092,-2.375,0.25,0.1875,-2.0625,-0.0625,-0.605469,-0.078125,-1.875,-0.4375,0,-2,0.125,-0.732422,0.224609,0.140719,0.209405,-0.0450503,0.00936637,0.542327,0.0141374,0.107399,-0.196622,0.056246,0.325198,0.707317,0.125855,-0.0682987,0.0562446,-0.931524,-0.292559,0.0636602,0.050885,-0.479824,0.000958738,-0.595461,-0.116889,-0.259674,-0.0346104,-0.100667,-0.566231,0.24002,-0.774292,0.173524
64.2,-0.100533,-0.00182373,0.000642811,0.300106,-0.2135,0.000676105,-0.103345,0.0016959,-0.000549068,0.298104,-0.217972,-0.00308389,0.000254446,-0.000135857,0.00321196,0.00285225,-0.000575243,-0.00155795,0.00971921,-3.59527e-05,0.0294294,0.00559136,0.00251669,0.000395479,0.00196541,0.0108337,-0.0119363,0.0387637,-0.00951835,-0.1,0,0,0.3,-0.2,0,-0.1,0,0,0.3,-0.2,0,0,0,0,0,0,0,0,0,0,0,0,0,0,0,0,0,0,0.950817,3.07617,-1.23047,-0.527344,9.64884,-1.00233,8.05398,-3.7793,1.00675,6.06445,14.0799,2.89159,-1.62198,0.198478,-6.37871,-2.4375,0.25,0.1875,-2.0625,-0.0625,-0.605469,-0.078125,-1.875,-0.4375,0,-2,0.0625,-0.742188,0.214844,0.0635812,0.162738,-0.0642811,-0.00503295,0.513989,-0.0326238,0.555653,-0.176135,0.0137669,0.311732,0.733488,0.12605,-0.204896,0.0813328,-0.97468,-0.288293,0.0452524,0.0564217,-0.492096,0.0145249,-0.592515,-0.113791,-0.251669,-0.0119363,-0.0982706,-0.541687,0.24026,-0.774292,0.195276
64.24,-0.100533,-0.00182373,0.000629419,0.300038,-0.213513,0.000683207,-0.103265,0.0016959,-0.000549068,0.298104,-0.217972,-0.00308389,0.00021427,-0.000150952,0.00320233,0.00286423,-0.000575243,-0.00156993,0.00970722,-4.79369e-05,0.0294294,0.0056067,0.00251669,0.000407464,0.00198938,0.0108457,-0.0119363,0.0387637,-0.00952602,-0.1,0,0,0.3,-0.2,0,-0.1,0,0,0.3,-0.2,0,0,0,0,0,0,0,0,0,0,0,0,0,0,0,0,0,0,1.00675,3.33984,-1.06268,-0.351562,9.64848,-0.897543,5.31339,-3.86719,1.23047,5.97656,14.0799,2.89159,-0.894886,0.0992388,-6.37871,-2.375,0.25,0.1875,-2.0625,-0.0625,-0.605469,-0.0683594,-1.875,-0.4375,0,-2,0.0625,-0.742188,0.214844,0.151004,0.182373,-0.0937968,-0.0275342,0.532383,-0.0191216,0.300778,-0.189225,0.0497643,0.284462,0.722122,0.112365,-0.0231412,0.0539804,-0.947758,-0.283355,0.0636602,0.0416811,-0.488429,0.0193665,-0.602333,-0.119006,-0.273144,-0.0254066,-0.117877,-0.576034,0.24793,-0.770365,0.196411
64.3,-0.100533,-0.00180669,0.000656203,0.300064,-0.213504,0.000668944,-0.103225,0.0016959,-0.000575852,0.29807,-0.217967,-0.00309105,0.000267838,-0.000158499,0.00320714,0.00285225,-0.000587227,-0.00154597,0.00970722,-4.79369e-05,0.0294218,0.00559903,0.00251669,0.000371511,0.00203732,0.0108337,-0.0119243,0.0387714,-0.00951835,-0.1,0,0,0.3,-0.2,0,-0.1,0,0,0.3,-0.2,0,0,0,0,0,0,0,0,0,0,0,0,0,0,0,0,0,0,0.671165,3.33984,-1.06268,-0.351562,9.56017,-0.949872,6.09641,-3.7793,1.39826,5.80078,14.0799,2.89159,-0.727095,0.0992388,-6.22313,-2.4375,0.25,0.1875,-2.0625,-0.0625,-0.605469,-0.078125,-1.8125,-0.4375,0,-2,0.0625,-0.742188,0.224609,0.207571,0.167579,-0.122188,-0.0586361,0.517428,-0.00487711,0.0396362,-0.179408,0.0987251,0.289576,0.71544,0.129143,-0.100921,0.0707361,-0.954748,-0.303632,0.0525868,0.0803662,-0.479225,0.0162985,-0.587453,-0.116889,-0.257805,-0.0310152,-0.117206,-0.547823,0.244622,-0.781318,0.193312
64.34,-0.100546,-0.00182373,0.000656203,0.300089,-0.213517,0.000690339,-0.103252,0.0016959,-0.000549068,0.298138,-0.217972,-0.00309818,0.000187487,-0.000143404,0.00320714,0.00286423,-0.000575243,-0.00156993,0.00973119,-5.99211e-05,0.0294141,0.00559136,0.0025047,0.000395479,0.00200137,0.0108337,-0.0119363,0.0387637,-0.00951835,-0.1,0,0,0.3,-0.2,0,-0.1,0,0,0.3,-0.2,0,0,0,0,0,0,0,0,0,0,0,0,0,0,0,0,0,0,1.06268,3.42773,-1.17454,-0.703125,9.64848,-0.897543,6.04048,-3.7793,1.51012,5.88867,14.1685,2.94405,-0.223722,0.198478,-6.37871,-2.375,0.25,0.1875,-2.0625,-0.0625,-0.605469,-0.078125,-1.875,-0.5,0,-2,0.125,-0.732422,0.224609,0.100918,0.162738,-0.163328,-0.0461091,0.534156,-0.0495953,0.515424,-0.176135,0.0291943,0.257531,0.702592,0.151433,0.149454,0.0662075,-0.965841,-0.249607,0.0605922,0.0907685,-0.504967,0.0211402,-0.571592,-0.111827,-0.259674,-0.0548877,-0.130748,-0.538619,0.235658,-0.768402,0.193312
64.4,-0.100533,-0.00183225,0.000656203,0.300106,-0.213508,0.000690368,-0.103292,0.0016959,-0.00056246,0.298129,-0.217972,-0.00309818,0.000267838,-0.000158499,0.00320714,0.00287621,-0.000575243,-0.00156993,0.00970722,-2.39685e-05,0.0294218,0.00559136,0.0025047,0.000395479,0.0019774,0.0108457,-0.0119363,0.0387637,-0.00952602,-0.1,0,0,0.3,-0.2,0,-0.1,0,0,0.3,-0.2,0,0,0,0,0,0,0,0,0,0,0,0,0,0,0,0,0,0,1.17454,3.07617,-1.06268,-1.58203,9.73715,-0.949998,7.83026,-3.60352,1.23047,5.71289,14.1685,2.94405,-0.727095,0.0992388,-6.37871,-2.4375,0.25,0.1875,-2.0625,-0.0625,-0.605469,-0.078125,-1.875,-0.5,0,-2,0.0625,-0.742188,0.214844,0.161288,0.183225,-0.0810478,-0.075937,0.533825,-0.0386168,0.370309,-0.1565,0.0511035,0.144272,0.717213,0.159617,-0.131776,0.0794309,-0.967689,-0.272282,0.0636602,0.0784967,-0.451614,0.0219551,-0.577636,-0.0951375,-0.228995,-0.0518198,-0.086598,-0.554558,0.234124,-0.776256,0.195429
64.44,-0.100546,-0.00183225,0.000629419,0.300089,-0.213513,0.000683207,-0.103225,0.0016959,-0.000589243,0.298078,-0.217972,-0.00309818,0.000160703,-0.000158499,0.00319752,0.00285225,-0.000587227,-0.00156993,0.00971921,-3.59527e-05,0.0294294,0.00559136,0.00249272,0.000419448,0.00195343,0.0108337,-0.0119483,0.0387637,-0.00952602,-0.1,0,0,0.3,-0.2,0,-0.1,0,0,0.3,-0.2,0,0,0,0,0,0,0,0,0,0,0,0,0,0,0,0,0,0,0.783026,3.33984,-1.17454,-0.439453,9.56017,-0.949872,5.81676,-3.60352,1.06268,7.64648,14.0799,2.89159,0.0559304,0.0992388,-6.37871,-2.375,0.3125,0.1875,-2.0625,-0.0625,-0.605469,-0.078125,-1.875,-0.4375,0,-2,0.0625,-0.742188,0.224609,0.116345,0.20286,-0.011517,0.0411573,0.534007,-0.0218609,0.332758,-0.163045,-0.00278552,0.435559,0.726984,0.132134,0.034069,0.0504481,-0.957406,-0.288293,0.0924703,0.112244,-0.470621,0.00992294,-0.592515,-0.12459,-0.240068,-0.0327409,-0.140623,-0.557027,0.251237,-0.786073,0.197393
64.5,-0.100506,-0.00182373,0.000629419,0.300089,-0.213517,0.000676047,-0.103252,0.00171295,-0.000549068,0.298104,-0.217972,-0.00309818,0.000227662,-0.000150952,0.00321196,0.00287621,-0.000587227,-0.00158192,0.00970722,-3.59527e-05,0.0294218,0.00559903,0.00251669,0.000395479,0.00198938,0.0108337,-0.0119483,0.0387714,-0.00952602,-0.1,0,0,0.3,-0.2,0,-0.1,0,0,0.3,-0.2,0,0,0,0,0,0,0,0,0,0,0,0,0,0,0,0,0,0,0.838956,3.33984,-1.34233,-0.175781,9.73715,-0.949998,6.82351,-3.7793,1.23047,5.88867,14.0799,2.89159,-0.447443,0.0496194,-6.14534,-2.375,0.3125,0.1875,-2.0625,-0.0625,-0.585938,-0.078125,-1.875,-0.4375,0.0625,-2,0.125,-0.742188,0.224609,0.0609027,0.221643,-0.134937,-0.0842882,0.552062,-0.00778821,0.217159,-0.184384,0.0446218,0.311732,0.713967,0.154138,-0.0940111,0.0539804,-0.965436,-0.296825,0.0709945,0.0852318,-0.479225,0.005321,-0.581563,-0.121798,-0.260873,-0.0119363,-0.0718574,-0.541687,0.240499,-0.787208,0.192484
64.54,-0.10052,-0.00180669,0.000629419,0.300089,-0.213517,0.000676047,-0.103278,0.00171295,-0.00056246,0.298104,-0.217972,-0.00309818,0.000200878,-0.000158499,0.00319752,0.00285225,-0.000575243,-0.00155795,0.00970722,-4.79369e-05,0.0294218,0.00557602,0.0025047,0.000395479,0.00200137,0.0108457,-0.0119243,0.0387867,-0.00952602,-0.1,0,0,0.3,-0.2,0,-0.1,0,0,0.3,-0.2,0,0,0,0,0,0,0,0,0,0,0,0,0,0,0,0,0,0,1.00675,3.33984,-1.06268,-0.175781,9.56017,-0.949872,7.49467,-3.42773,1.06268,5.80078,14.1685,2.94405,-0.167791,0.0992388,-6.37871,-2.4375,0.25,0.1875,-2.0625,-0.0625,-0.605469,-0.078125,-1.875,-0.4375,0,-1.9375,0.0625,-0.742188,0.214844,0.0828115,0.190486,-0.042372,0.0138865,0.530953,0.016843,0.615809,-0.181112,-0.0106064,0.317187,0.713974,0.143159,0.0425862,0.0591429,-0.955557,-0.260681,0.0605922,0.0871013,-0.457749,0.0101626,-0.587453,-0.0909037,-0.26581,-0.0027324,-0.109272,-0.53615,0.25536,-0.793406,0.194447
64.6,-0.100506,-0.00181521,0.000669595,0.300047,-0.213517,0.000676047,-0.103345,0.0016959,-0.00056246,0.298121,-0.217976,-0.00309102,0.000200878,-0.000143404,0.00320714,0.00287621,-0.000587227,-0.00154597,0.00970722,-4.79369e-05,0.0294218,0.00559903,0.00251669,0.000395479,0.00200137,0.0108457,-0.0119363,0.038756,-0.00953369,-0.1,0,0,0.3,-0.2,0,-0.1,0,0,0.3,-0.2,0,0,0,0,0,0,0,0,0,0,0,0,0,0,0,0,0,0,0.279652,3.33984,-1.06268,-0.175781,9.73715,-0.949998,7.10316,-3.7793,1.45419,5.97656,14.0799,2.89159,-0.671165,0.148858,-6.30092,-2.4375,0.25,0.1875,-2.0625,-0.0625,-0.585938,-0.0683594,-1.8125,-0.4375,0,-2,0.0625,-0.742188,0.214844,0.0711877,0.201156,-0.102957,0.0202747,0.543935,-0.0105612,0.576223,-0.176135,0.045961,0.27645,0.722279,0.129119,-0.00883865,0.0546144,-0.958446,-0.281485,0.0556547,0.0926381,-0.485361,0.0132306,-0.584508,-0.111981,-0.230193,-0.0395479,-0.103136,-0.560694,0.231056,-0.764321,0.179875
64.64,-0.100439,-0.00181521,0.000616027,0.300072,-0.213513,0.000683207,-0.103278,0.00171295,-0.00056246,0.298112,-0.21798,-0.00308386,0.000227662,-0.000150952,0.00320233,0.00287621,-0.000587227,-0.00156993,0.00970722,-7.19053e-05,0.0294218,0.00559903,0.00251669,0.000383495,0.00200137,0.0108457,-0.0119243,0.0387637,-0.00951835,-0.1,0,0,0.3,-0.2,0,-0.1,0,0,0.3,-0.2,0,0,0,0,0,0,0,0,0,0,0,0,0,0,0,0,0,0,0.615234,3.07617,-1.06268,-1.49414,9.73715,-0.949998,8.22177,-3.51562,1.11861,5.00977,13.9915,2.94392,-0.615234,0.148858,-6.4565,-2.4375,0.25,0.1875,-2.125,-0.0625,-0.585938,-0.078125,-1.875,-0.4375,0,-2,0.0625,-0.742188,0.214844,0.0079245,0.181521,-0.00503535,-0.0871853,0.540503,-0.0273283,0.281548,-0.154932,-0.0106064,0.212279,0.719186,0.145314,-0.0477287,0.0684718,-0.953304,-0.278418,0.0832664,0.0846326,-0.494565,0.0152439,-0.583526,-0.114926,-0.251669,-0.0199418,-0.121544,-0.554558,0.241554,-0.783128,0.184477
64.7,-0.10052,-0.00182373,0.000642811,0.300072,-0.213508,0.000690368,-0.103345,0.0016959,-0.00056246,0.298095,-0.217967,-0.00309105,0.000227662,-0.000143404,0.00320714,0.00287621,-0.000575243,-0.00156993,0.00971921,-3.59527e-05,0.0294218,0.00559903,0.0025047,0.000395479,0.00191748,0.0108457,-0.0119483,0.0387714,-0.00952602,-0.1,0,0,0.3,-0.2,0,-0.1,0,0,0.3,-0.2,0,0,0,0,0,0,0,0,0,0,0,0,0,0,0,0,0,0,0.559304,3.16406,-1.11861,-0.878906,9.64848,-0.897543,6.32014,-3.7793,1.51012,5.88867,14.0802,2.99638,-1.00675,0.0992388,-6.37871,-2.4375,0.25,0.1875,-2.0625,-0.0625,-0.605469,-0.078125,-1.875,-0.4375,0,-1.9375,0.0625,-0.742188,0.214844,-0.00975323,0.139831,-0.0334262,-0.0435521,0.515977,0.00249507,0.535083,-0.16959,0.0665309,0.307557,0.707285,0.170345,-0.135151,0.0517161,-0.967689,-0.296825,0.079,0.109176,-0.479824,-0.00234891,-0.58549,-0.113944,-0.271946,-0.0242081,-0.080534,-0.526946,0.235897,-0.781318,0.203283
64.74,-0.100479,-0.00181521,0.000629419,0.300064,-0.213517,0.000676047,-0.103252,0.0016959,-0.000589243,0.298095,-0.217967,-0.00309105,0.000227662,-0.000135857,0.00321196,0.00286423,-0.000575243,-0.00155795,0.00971921,-3.59527e-05,0.0294294,0.00559903,0.0025047,0.000395479,0.00200137,0.0108457,-0.0119483,0.0387637,-0.00951835,-0.1,0,0,0.3,-0.2,0,-0.1,0,0,0.3,-0.2,0,0,0,0,0,0,0,0,0,0,0,0,0,0,0,0,0,0,0.391513,3.25195,-0.950817,0,9.73715,-0.949998,8.44549,-3.7793,1.06268,5.88867,14.1685,2.94405,-1.2864,0.198478,-6.37871,-2.375,0.25,0.1875,-2.0625,-0.0625,-0.605469,-0.078125,-1.875,-0.4375,0,-2,0.0625,-0.742188,0.224609,0.00165688,0.155341,0.0296229,0.012268,0.555305,-0.0187566,0.371434,-0.179408,0.105207,0.242107,0.712166,0.162093,-0.0425862,0.0668415,-0.958041,-0.283355,0.0513884,0.0625577,-0.476756,0.00378702,-0.595461,-0.116889,-0.271946,-0.0426159,-0.0908644,-0.569898,0.243567,-0.77331,0.192331
64.8,-0.100533,-0.00183225,0.000602635,0.300098,-0.213517,0.000676047,-0.103278,0.0016959,-0.00056246,0.298095,-0.217976,-0.00309102,0.000227662,-0.000143404,0.00320714,0.00286423,-0.000575243,-0.00156993,0.00973119,-3.59527e-05,0.0294218,0.00558369,0.00251669,0.000395479,0.00201335,0.0108457,-0.0119123,0.0387637,-0.00949534,-0.1,0,0,0.3,-0.2,0,-0.1,0,0,0.3,-0.2,0,0,0,0,0,0,0,0,0,0,0,0,0,0,0,0,0,0,0.950817,3.16406,-1.06268,0.263672,9.73715,-0.949998,5.76083,-3.42773,1.34233,6.24023,14.0799,2.89159,-0.894886,0.148858,-6.14534,-2.4375,0.25,0.1875,-2.0625,-0.0625,-0.585938,-0.078125,-1.875,-0.4375,0,-2,0.0625,-0.742188,0.224609,0.145861,0.176681,0.00658881,-0.0310252,0.535823,0.0086251,0.435822,-0.120503,0.0408185,0.454819,0.722264,0.151079,-0.119724,0.0517161,-0.941807,-0.289491,0.0667282,0.0692928,-0.511103,0.00838896,-0.583526,-0.100875,-0.273144,-0.03648,-0.106803,-0.542286,0.235178,-0.772329,0.170272
64.84,-0.100506,-0.00183225,0.000656203,0.300064,-0.213513,0.000683207,-0.103198,0.0016959,-0.000575852,0.298138,-0.21798,-0.00308386,0.000254446,-0.000143404,0.00320714,0.00284026,-0.000587227,-0.00156993,0.00970722,-5.99211e-05,0.0294294,0.00559136,0.0025047,0.000395479,0.00196541,0.0108337,-0.0119363,0.0387714,-0.00951835,-0.1,0,0,0.3,-0.2,0,-0.1,0,0,0.3,-0.2,0,0,0,0,0,0,0,0,0,0,0,0,0,0,0,0,0,0,0.950817,3.33984,-1.06268,-0.615234,9.64884,-1.00233,6.82351,-3.51562,1.34233,5.44922,14.0799,2.89159,-0.503374,0.148858,-6.4565,-2.375,0.3125,0.1875,-2.0625,-0.125,-0.605469,-0.0976562,-1.875,-0.4375,0,-2,0.0625,-0.732422,0.214844,0.0866152,0.222495,-0.0553353,0.0177221,0.529137,-0.013643,0.170662,-0.153228,0.0730126,0.279348,0.730576,0.12606,-0.158614,0.0575126,-0.975084,-0.244143,0.0863344,0.0846326,-0.466953,0.00886833,-0.592515,-0.111827,-0.256606,-0.0211402,-0.12895,-0.544755,0.241794,-0.779354,0.18644
64.9,-0.100506,-0.00181521,0.000642811,0.300081,-0.213517,0.000676047,-0.103225,0.00170442,-0.000575852,0.298129,-0.217976,-0.00309102,0.000254446,-0.000143404,0.00320714,0.00285225,-0.000587227,-0.00156993,0.00970722,-3.59527e-05,0.0294294,0.00559903,0.0025047,0.000395479,0.00198938,0.0108457,-0.0119483,0.0387714,-0.00952602,-0.1,0,0,0.3,-0.2,0,-0.1,0,0,0.3,-0.2,0,0,0,0,0,0,0,0,0,0,0,0,0,0,0,0,0,0,0.783026,3.25195,-1.34233,-1.31836,9.64848,-0.897543,8.16584,-3.60352,1.2864,5.97656,14.1685,2.94405,-1.2864,0.0992388,-6.22313,-2.4375,0.25,0.1875,-2.0625,-0.125,-0.605469,-0.078125,-1.875,-0.4375,0,-2,0.0625,-0.742188,0.224609,0.0917577,0.168431,-0.0797086,-0.0721014,0.547177,-0.0215296,0.260763,-0.176987,-0.0144097,0.198814,0.715786,0.118162,-0.179184,0.040123,-0.941807,-0.285225,0.0771305,0.0784967,-0.473089,-0.00234891,-0.593497,-0.116889,-0.25047,-0.0211402,-0.145488,-0.563762,0.258907,-0.787208,0.200338
64.94,-0.100533,-0.00182373,0.000616027,0.300132,-0.213517,0.000676047,-0.103278,0.0016959,-0.000629419,0.298087,-0.217972,-0.00308389,0.000227662,-0.000158499,0.00319752,0.00284026,-0.000575243,-0.00155795,0.00970722,-4.79369e-05,0.0294294,0.00559136,0.00251669,0.000395479,0.00201335,0.0108457,-0.0119363,0.0387637,-0.00951835,-0.1,0,0,0.3,-0.2,0,-0.1,0,0,0.3,-0.2,0,0,0,0,0,0,0,0,0,0,0,0,0,0,0,0,0,0,1.11861,3.51562,-1.2864,-0.527344,9.64884,-1.00233,5.36932,-3.7793,1.34233,6.50391,14.0799,2.89159,-0.447443,0.0992388,-6.37871,-2.4375,0.25,0.1875,-2.0625,-0.125,-0.605469,-0.078125,-1.875,-0.4375,0.0625,-2,0.0625,-0.732422,0.224609,0.0327263,0.198736,-0.0461753,-0.025231,0.547165,-0.037999,0.43068,-0.166318,0.0886544,0.336106,0.712359,0.128868,-0.166006,0.0794308,-0.957406,-0.253347,0.0452524,0.0778975,-0.466953,-0.000575243,-0.594479,-0.108882,-0.251669,-0.0395479,-0.0822597,-0.560694,0.231056,-0.769383,0.195276
65,-0.10052,-0.00183225,0.000669595,0.300098,-0.213517,0.000676047,-0.103305,0.00171295,-0.00056246,0.298104,-0.217976,-0.00309102,0.000227662,-0.000150952,0.00320233,0.00286423,-0.000575243,-0.00155795,0.00970722,-5.99211e-05,0.0294294,0.00558369,0.00249272,0.000395479,0.00198938,0.0108337,-0.0119483,0.0387714,-0.00951835,-0.1,0,0,0.3,-0.2,0,-0.1,0,0,0.3,-0.2,0,0,0,0,0,0,0,0,0,0,0,0,0,0,0,0,0,0,0.503374,3.33984,-1.11861,-1.49414,9.64884,-1.00233,7.83026,-3.42773,1.11861,6.06445,14.1685,2.94405,-0.447443,0.0992388,-6.37871,-2.4375,0.3125,0.1875,-2.0625,-0.0625,-0.605469,-0.078125,-1.875,-0.4375,0,-2.0625,0.125,-0.732422,0.214844,0.113666,0.212678,-0.0978144,-0.0746584,0.550427,-0.0215184,0.325366,-0.16475,0.0305335,0.415361,0.723899,0.137349,-0.0888686,0.0423873,-0.962548,-0.286423,0.0575243,0.038014,-0.470021,0.00426638,-0.594479,-0.114619,-0.240068,-0.0395479,-0.0871972,-0.572367,0.223626,-0.786227,0.184477
65.04,-0.10052,-0.00181521,0.000629419,0.300106,-0.213517,0.000676047,-0.103252,0.00171295,-0.000602635,0.298095,-0.21798,-0.00308386,0.000254446,-0.000150952,0.00320233,0.00285225,-0.000575243,-0.00158192,0.00970722,-5.99211e-05,0.0294294,0.00556835,0.0025047,0.000395479,0.00195343,0.0108457,-0.0119363,0.0387637,-0.00951835,-0.1,0,0,0.3,-0.2,0,-0.1,0,0,0.3,-0.2,0,0,0,0,0,0,0,0,0,0,0,0,0,0,0,0,0,0,0.894886,3.25195,-1.23047,-0.615234,9.73715,-0.949998,7.60653,-3.60352,1.00675,7.55859,14.0802,2.99638,-0.838956,0.0992388,-6.22313,-2.4375,0.25,0.1875,-2.0625,-0.125,-0.585938,-0.0683594,-1.875,-0.4375,0.0625,-2,0.0625,-0.742188,0.224609,-0.00461075,0.214246,-0.0732269,-0.043212,0.552074,0.00868124,0.469141,-0.171295,0.0396936,0.405732,0.709439,0.139858,-0.0403364,0.0626752,-0.942212,-0.282157,0.0575243,0.0790959,-0.476157,0.00733435,-0.594479,-0.0868233,-0.25047,-0.0272761,-0.0608559,-0.563762,0.238726,-0.769383,0.192331
65.1,-0.100546,-0.00184078,0.000629419,0.300106,-0.213513,0.000683207,-0.103252,0.00171295,-0.00056246,0.298121,-0.217967,-0.00309105,0.000227662,-0.000143404,0.00320714,0.00286423,-0.000575243,-0.00156993,0.00971921,-3.59527e-05,0.0294294,0.00561437,0.00251669,0.000395479,0.00198938,0.0108218,-0.0119243,0.0387637,-0.00951835,-0.1,0,0,0.3,-0.2,0,-0.1,0,0,0.3,-0.2,0,0,0,0,0,0,0,0,0,0,0,0,0,0,0,0,0,0,1.17454,3.16406,-1.06268,-0.351562,9.64848,-0.897543,5.64897,-3.60352,1.2864,5.80078,14.1685,2.94405,-0.503374,0.0992388,-6.37871,-2.4375,0.25,0.1875,-2.0625,-0.0625,-0.605469,-0.078125,-1.875,-0.5,0,-2,0.0625,-0.742188,0.214844,0.095775,0.206985,-0.0475144,0.0331461,0.548639,-0.0135757,0.350864,-0.184384,0.0511035,0.27645,0.723556,0.14284,-0.00658881,0.0575126,-0.975084,-0.283355,0.0667282,0.0784967,-0.473688,0.000719053,-0.592515,-0.121123,-0.260873,-0.0487518,-0.127081,-0.516544,0.243088,-0.770365,0.183495
65.14,-0.100506,-0.00184078,0.000629419,0.300072,-0.213513,0.000683207,-0.103372,0.0016959,-0.000602635,0.298087,-0.217976,-0.00309102,0.000227662,-0.000143404,0.00320714,0.00287621,-0.000575243,-0.00155795,0.00970722,0,0.0294218,0.00559136,0.00251669,0.000395479,0.00202533,0.0108337,-0.0119243,0.0387714,-0.00951068,-0.1,0,0,0.3,-0.2,0,-0.1,0,0,0.3,-0.2,0,0,0,0,0,0,0,0,0,0,0,0,0,0,0,0,0,0,0.279652,3.16406,-0.950817,0.263672,9.64848,-0.897543,8.33363,-3.60352,0.727095,5.80078,13.9919,3.04871,-0.671165,0.148858,-6.30092,-2.4375,0.25,0.1875,-2,-0.0625,-0.605469,-0.0683594,-1.875,-0.4375,0,-2,0.0625,-0.732422,0.214844,-0.0265196,0.18735,-0.0166595,-0.0108272,0.540511,-0.0163487,0.568616,-0.149955,0.0962609,0.336106,0.699488,0.184096,-0.0168738,0.0749023,-0.971387,-0.293757,0.0483204,0.0778975,-0.457749,-0.00306796,-0.584508,-0.104955,-0.267009,-0.0272761,-0.116607,-0.560095,0.244622,-0.783281,0.177451
65.2,-0.100506,-0.00183225,0.000669595,0.300115,-0.213513,0.000683207,-0.103252,0.00168738,-0.00056246,0.298121,-0.217967,-0.00309105,0.000200878,-0.000143404,0.00320714,0.00287621,-0.000575243,-0.00155795,0.00971921,-4.79369e-05,0.0294294,0.00559136,0.00251669,0.000395479,0.00198938,0.0108457,-0.0119243,0.0387637,-0.00951835,-0.1,0,0,0.3,-0.2,0,-0.1,0,0,0.3,-0.2,0,0,0,0,0,0,0,0,0,0,0,0,0,0,0,0,0,0,0.559304,3.42773,-1.00675,-0.263672,9.73715,-0.949998,5.25746,-3.51562,1.39826,6.41602,14.0799,2.89159,0,0.0496194,-6.30092,-2.4375,0.25,0.1875,-2.0625,-0.125,-0.585938,-0.078125,-1.8125,-0.4375,0,-2,0.0625,-0.742188,0.214844,0.0403328,0.183225,-0.118384,-0.0172198,0.545396,-0.00260727,0.0114598,-0.122923,-0.0414613,0.281905,0.726826,0.115379,0.0785836,0.0227333,-0.967689,-0.296825,0.079,0.0717615,-0.48596,0.0040267,-0.591534,-0.115754,-0.245533,-0.0303441,-0.120945,-0.545354,0.259962,-0.77331,0.179568
65.24,-0.100533,-0.00181521,0.000629419,0.300098,-0.213517,0.000676047,-0.103385,0.00171295,-0.00056246,0.298104,-0.217976,-0.00309102,0.000241054,-0.000150952,0.00320233,0.00287621,-0.000587227,-0.00155795,0.00970722,-4.79369e-05,0.0294218,0.00559903,0.00251669,0.000395479,0.00195343,0.0108457,-0.0119363,0.0387637,-0.00951835,-0.1,0,0,0.3,-0.2,0,-0.1,0,0,0.3,-0.2,0,0,0,0,0,0,0,0,0,0,0,0,0,0,0,0,0,0,0.783026,3.16406,-1.06268,-0.439453,9.64848,-0.897543,7.94212,-3.7793,1.17454,5.53711,13.9915,2.94392,-1.17454,0.0992388,-6.53429,-2.4375,0.25,0.1875,-2.0625,-0.0625,-0.605469,-0.0976562,-1.875,-0.5,0,-2,0.0625,-0.742188,0.214844,0.0532962,0.168431,-0.0886544,0.0180622,0.547201,0.0114093,0.451678,-0.207292,0.056246,0.344457,0.714144,0.142872,0.00482108,0.0481838,-0.969943,-0.287621,0.0464509,0.0594897,-0.485361,0.0116966,-0.586472,-0.129652,-0.248601,-0.0395479,-0.0915355,-0.542286,0.231056,-0.782146,0.18644
65.3,-0.100533,-0.00182373,0.000656203,0.300115,-0.213513,0.000683207,-0.103292,0.0016959,-0.000575852,0.298138,-0.217976,-0.00309102,0.000308014,-0.000143404,0.00320714,0.00285225,-0.000575243,-0.00156993,0.00970722,-3.59527e-05,0.0294218,0.0056067,0.00251669,0.000383495,0.00201335,0.0108337,-0.0119123,0.0387637,-0.00951835,-0.1,0,0,0.3,-0.2,0,-0.1,0,0,0.3,-0.2,0,0,0,0,0,0,0,0,0,0,0,0,0,0,0,0,0,0,1.11861,3.07617,-1.34233,-0.966797,9.73715,-0.949998,7.49467,-3.51562,1.11861,5.97656,14.0799,2.89159,-0.727095,0.0992388,-6.37871,-2.4375,0.3125,0.1875,-2.0625,-0.0625,-0.605469,-0.0683594,-1.875,-0.4375,0,-2,0.0625,-0.742188,0.214844,0.0995786,0.130013,-0.0964752,-0.0172198,0.540503,-0.0273283,0.678858,-0.172863,0.00101778,0.284802,0.723903,0.131859,-0.184969,0.0343264,-0.971387,-0.279089,0.0575243,0.0416811,-0.485361,0.0114569,-0.584508,-0.129805,-0.260873,-0.0536893,-0.100667,-0.544755,0.23211,-0.775274,0.190367
65.36,-0.100506,-0.00185782,0.000656203,0.300064,-0.213508,0.000661784,-0.103278,0.0016959,-0.00056246,0.298121,-0.217972,-0.00309818,0.000200878,-0.000143404,0.00321677,0.00285225,-0.000575243,-0.00156993,0.00970722,-3.59527e-05,0.0294218,0.00559136,0.00251669,0.000383495,0.00198938,0.0108457,-0.0119243,0.0387637,-0.00951835,-0.1,0,0,0.3,-0.2,0,-0.1,0,0,0.3,-0.2,0,0,0,0,0,0,0,0,0,0,0,0,0,0,0,0,0,0,1.23047,3.25195,-1.17454,-0.791016,9.64884,-1.00233,8.16584,-3.7793,1.62198,6.32812,14.1685,2.94405,-0.615234,0.0496194,-6.14534,-2.375,0.3125,0.1875,-2.125,-0.125,-0.605469,-0.078125,-1.875,-0.4375,0,-2,0.0625,-0.742188,0.214844,0.102043,0.254504,-0.0913327,-0.0259111,0.527341,-0.0155366,0.543815,-0.149955,0.0871009,0.24918,0.712343,0.151399,-0.0602635,0.0546144,-0.961335,-0.269885,0.0483204,0.0846326,-0.516041,-0.0146208,-0.592362,-0.110845,-0.260873,-0.0352816,-0.114809,-0.560694,0.24002,-0.772329,0.183495
65.4,-0.100506,-0.00184078,0.000629419,0.300072,-0.213517,0.000676047,-0.103385,0.0016959,-0.00056246,0.298104,-0.217967,-0.00309105,0.00021427,-0.000166047,0.00320233,0.00284026,-0.000587227,-0.00156993,0.00970722,-3.59527e-05,0.0294218,0.00559903,0.0025047,0.000419448,0.00198938,0.0108457,-0.0119363,0.0387714,-0.00951835,-0.1,0,0,0.3,-0.2,0,-0.1,0,0,0.3,-0.2,0,0,0,0,0,0,0,0,0,0,0,0,0,0,0,0,0,0,0.838956,3.16406,-1.00675,-0.351562,9.64884,-1.00233,7.21502,-3.60352,1.34233,5.88867,14.0799,2.89159,-0.167791,0.0992388,-6.37871,-2.4375,0.25,0.1875,-2.0625,-0.0625,-0.585938,-0.0976562,-1.875,-0.4375,0,-2,0.0625,-0.742188,0.214844,0.107185,0.203713,-0.0526569,0.0546227,0.539053,-0.0188128,0.677947,-0.140138,0.0408185,0.268099,0.699177,0.145669,-0.125991,0.0816951,-0.962548,-0.259482,0.0709945,0.0692928,-0.494565,0.00685498,-0.583526,-0.121798,-0.25047,-0.0450128,-0.0994691,-0.554558,0.238726,-0.786227,0.185458
65.46,-0.100546,-0.00182373,0.000642811,0.300072,-0.213504,0.000668944,-0.103238,0.00168738,-0.00056246,0.298112,-0.217967,-0.00309105,0.000187487,-0.000143404,0.00320714,0.00285225,-0.000587227,-0.00156993,0.00970722,-3.59527e-05,0.0294218,0.00561437,0.0025047,0.000383495,0.0019774,0.0108457,-0.0119483,0.0387637,-0.00951835,-0.1,0,0,0.3,-0.2,0,-0.1,0,0,0.3,-0.2,0,0,0,0,0,0,0,0,0,0,0,0,0,0,0,0,0,0,0.783026,2.98828,-1.06268,0.263672,9.73715,-0.949998,7.99805,-3.51562,1.06268,6.24023,14.1685,2.94405,-0.111861,0.0992388,-6.06755,-2.4375,0.3125,0.1875,-2.125,-0.125,-0.585938,-0.078125,-1.875,-0.4375,0.0625,-2,0.0625,-0.732422,0.214844,0.0546351,0.156193,-0.095136,8.11238e-05,0.535299,-0.0130501,0.272387,-0.126195,0.0151061,0.310454,0.717055,0.142862,0.0311763,0.0604109,-0.943656,-0.285225,0.104742,0.0784967,-0.491497,-0.0100188,-0.584508,-0.127995,-0.271946,-0.0138058,-0.0988699,-0.539218,0.243567,-0.769383,0.187422
65.5,-0.10052,-0.00183225,0.000616027,0.30003,-0.213513,0.000683207,-0.103198,0.00171295,-0.000549068,0.298155,-0.217967,-0.00310534,0.000200878,-0.000135857,0.00320233,0.00286423,-0.000575243,-0.00156993,0.00971921,-3.59527e-05,0.0294294,0.00559903,0.0025047,0.000419448,0.0019774,0.0108457,-0.0119123,0.0387637,-0.00952602,-0.1,0,0,0.3,-0.2,0,-0.1,0,0,0.3,-0.2,0,0,0,0,0,0,0,0,0,0,0,0,0,0,0,0,0,0,1.06268,3.16406,-1.00675,-0.791016,9.73715,-0.949998,7.5506,-3.60352,1.45419,5.44922,14.2568,2.89172,-0.727095,0.148858,-6.30092,-2.4375,0.25,0.1875,-2.0625,-0.0625,-0.605469,-0.078125,-1.875,-0.5,0,-2,0.0625,-0.742188,0.214844,0.0776691,0.170136,-0.0307478,0.0119234,0.537253,-0.0273395,0.0986676,-0.177839,0.0549068,0.260428,0.721924,0.151652,-0.00369616,0.0436553,-0.944061,-0.292559,0.0636602,0.0662248,-0.479824,0.00992294,-0.593497,-0.118853,-0.247402,-0.0480807,-0.11421,-0.554558,0.24745,-0.774292,0.193466
65.56,-0.100479,-0.00184078,0.000642811,0.300089,-0.213517,0.000676047,-0.103278,0.00168738,-0.000575852,0.298112,-0.217972,-0.00309818,0.000200878,-0.000150952,0.00320233,0.0028882,-0.000575243,-0.00156993,0.00970722,-8.38896e-05,0.0294218,0.00558369,0.0025047,0.000383495,0.00198938,0.0108457,-0.0119363,0.0387637,-0.00952602,-0.1,0,0,0.3,-0.2,0,-0.1,0,0,0.3,-0.2,0,0,0,0,0,0,0,0,0,0,0,0,0,0,0,0,0,0,0.503374,3.25195,-1.11861,0.527344,9.64884,-1.00233,7.21502,-3.51562,1.62198,6.76758,14.0799,2.89159,-0.615234,-1.40998e-13,-6.22313,-2.4375,0.25,0.1875,-2.0625,-0.0625,-0.605469,-0.078125,-1.875,-0.4375,0,-2,0.0625,-0.732422,0.214844,0.0170843,0.20044,0.00257125,-0.040655,0.542304,-0.0188015,0.595239,-0.13274,0.0267302,0.294091,0.718848,0.145887,-0.0396936,0.0307942,-0.951455,-0.319499,0.079,0.0784967,-0.497633,0.00781371,-0.586472,-0.102838,-0.244334,-0.0475534,-0.130149,-0.560694,0.2556,-0.769383,0.196411
65.6,-0.100533,-0.00180669,0.000629419,0.300081,-0.213513,0.000683207,-0.103238,0.0016959,-0.00056246,0.298112,-0.217976,-0.00309102,0.000227662,-0.000128309,0.00320714,0.00287621,-0.000575243,-0.00156993,0.00970722,-3.59527e-05,0.0294218,0.00559136,0.00251669,0.000383495,0.00195343,0.0108337,-0.0119363,0.0387637,-0.00952602,-0.1,0,0,0.3,-0.2,0,-0.1,0,0,0.3,-0.2,0,0,0,0,0,0,0,0,0,0,0,0,0,0,0,0,0,0,0.783026,3.42773,-1.2864,0,9.82546,-0.897669,6.09641,-3.86719,1.23047,6.5918,13.9915,2.94392,-0.615234,0.248097,-6.30092,-2.4375,0.25,0.1875,-2.0625,-0.125,-0.605469,-0.078125,-1.875,-0.4375,0,-2,0.125,-0.742188,0.214844,0.104721,0.190486,-0.0577994,-0.104826,0.560021,-0.00530166,0.272387,-0.19577,0.056246,0.272275,0.710886,0.153863,-0.0940111,0.0587806,-0.963992,-0.287621,0.0421845,0.0938365,-0.488429,-0.00388289,-0.584508,-0.118699,-0.267009,-0.0383495,-0.109943,-0.529415,0.238726,-0.772329,0.194447
65.66,-0.100493,-0.00183225,0.000629419,0.300047,-0.213517,0.000676047,-0.103252,0.00170442,-0.00056246,0.298104,-0.217972,-0.00309818,0.000200878,-0.000150952,0.00321196,0.00287621,-0.000575243,-0.00155795,0.00970722,-5.99211e-05,0.0294448,0.00559136,0.00251669,0.000407464,0.00192946,0.0108337,-0.0119363,0.0387637,-0.00953369,-0.1,0,0,0.3,-0.2,0,-0.1,0,0,0.3,-0.2,0,0,0,0,0,0,0,0,0,0,0,0,0,0,0,0,0,0,0.894886,3.33984,-1.17454,-0.263672,9.64884,-1.00233,7.99805,-3.60352,1.00675,5.44922,14.0799,2.89159,-0.559304,0.198478,-6.22313,-2.4375,0.25,0.1875,-2.125,-0.125,-0.605469,-0.078125,-1.875,-0.4375,0,-2,0.0625,-0.751953,0.224609,0.0749906,0.20286,-0.0989393,0.0257288,0.53091,-0.043545,0.320009,-0.163897,0.045961,0.268099,0.707474,0.143181,0.0271588,0.103251,-0.952495,-0.302961,0.0575243,0.0840334,-0.500701,0.00426638,-0.596749,-0.127535,-0.263941,-0.0407464,-0.099541,-0.529415,0.252532,-0.779201,0.200491
65.7,-0.100533,-0.00182373,0.000629419,0.300072,-0.213517,0.000676047,-0.103292,0.00168738,-0.00056246,0.298104,-0.217972,-0.00308389,0.000200878,-0.000135857,0.00321196,0.00286423,-0.000575243,-0.00156993,0.00970722,-2.39685e-05,0.0294371,0.00559136,0.00251669,0.000407464,0.00196541,0.0108337,-0.0119363,0.038756,-0.00951835,-0.1,0,0,0.3,-0.2,0,-0.1,0,0,0.3,-0.2,0,0,0,0,0,0,0,0,0,0,0,0,0,0,0,0,0,0,1.11861,3.25195,-1.23047,-0.527344,9.64884,-1.00233,5.76083,-3.42773,1.23047,5.625,14.1685,2.94405,-1.06268,0.198478,-6.37871,-2.4375,0.25,0.1875,-2.0625,-0.0625,-0.605469,-0.078125,-1.875,-0.4375,0,-2,0.0625,-0.742188,0.214844,0.125291,0.182373,-0.0166595,0.0491685,0.532556,-0.0133454,0.401164,-0.13274,0.035676,0.377182,0.712351,0.139848,-0.075691,0.0552484,-0.965436,-0.261879,0.0575243,0.0570209,-0.463885,-0.00258859,-0.592669,-0.115754,-0.267009,-0.0346104,-0.0952027,-0.569299,0.241794,-0.764321,0.187422
65.76,-0.100546,-0.00183225,0.000656203,0.300064,-0.213517,0.000676047,-0.103305,0.0016959,-0.00056246,0.298087,-0.217972,-0.00308389,0.000187487,-0.000158499,0.00319752,0.00287621,-0.000575243,-0.00158192,0.00971921,-7.19053e-05,0.0294294,0.00558369,0.00251669,0.000395479,0.00192946,0.0108457,-0.0119123,0.0387637,-0.00952602,-0.1,0,0,0.3,-0.2,0,-0.1,0,0,0.3,-0.2,0,0,0,0,0,0,0,0,0,0,0,0,0,0,0,0,0,0,0.894886,3.25195,-1.06268,-0.439453,9.56017,-0.949872,7.5506,-3.60352,1.39826,7.03125,14.1682,2.83926,-0.447443,0.0992388,-6.37871,-2.4375,0.25,0.1875,-2.0625,-0.0625,-0.605469,-0.0683594,-1.875,-0.4375,0.0625,-2,0.0625,-0.742188,0.214844,0.0546351,0.196315,-0.0399078,0.0068138,0.54068,-0.0160622,0.500211,-0.136865,0.045961,0.374285,0.722134,0.0958953,-0.123098,0.0475498,-0.962952,-0.302961,0.0544563,0.0790959,-0.452213,0.00143811,-0.593497,-0.0930206,-0.270077,-0.0395479,-0.096473,-0.542286,0.23978,-0.770365,0.194447
65.8,-0.100506,-0.00181521,0.000656203,0.300089,-0.213513,0.000683207,-0.103305,0.00171295,-0.000589243,0.298138,-0.217976,-0.00309102,0.000227662,-0.000158499,0.00319752,0.00285225,-0.000575243,-0.00155795,0.00970722,-3.59527e-05,0.0294294,0.00559903,0.0025047,0.000407464,0.00192946,0.0108218,-0.0119363,0.0387637,-0.00952602,-0.1,0,0,0.3,-0.2,0,-0.1,0,0,0.3,-0.2,0,0,0,0,0,0,0,0,0,0,0,0,0,0,0,0,0,0,0.894886,3.33984,-1.34233,-0.263672,9.73715,-0.949998,7.66246,-3.42773,1.34233,6.41602,14.1685,2.94405,-0.391513,0.198478,-6.22313,-2.4375,0.25,0.1875,-2.0625,-0.0625,-0.605469,-0.078125,-1.875,-0.4375,0,-2,0.0625,-0.732422,0.214844,0.0711877,0.181521,-0.137615,-0.0897424,0.545377,-0.0300564,0.253371,-0.161477,0.115492,0.312073,0.714152,0.131892,0.0602635,0.102617,-0.946314,-0.263749,0.0605922,0.0932373,-0.470021,0.000719053,-0.594479,-0.117871,-0.247402,-0.0254066,-0.0780652,-0.534952,0.24026,-0.76153,0.195429
65.86,-0.100506,-0.00183225,0.000629419,0.300115,-0.213513,0.000683207,-0.103238,0.00170442,-0.00056246,0.298112,-0.217976,-0.00309102,0.000227662,-0.000143404,0.00320714,0.00285225,-0.000587227,-0.00156993,0.00973119,-3.59527e-05,0.0294294,0.00559136,0.00249272,0.000395479,0.00198938,0.0108337,-0.0119363,0.0387637,-0.00952602,-0.1,0,0,0.3,-0.2,0,-0.1,0,0,0.3,-0.2,0,0,0,0,0,0,0,0,0,0,0,0,0,0,0,0,0,0,0.615234,3.25195,-0.950817,-0.439453,9.64848,-0.897543,8.55735,-3.7793,1.39826,6.50391,14.0799,2.89159,-0.335582,0.0992388,-6.37871,-2.4375,0.25,0.1875,-2.0625,-0.0625,-0.605469,-0.0683594,-1.875,-0.4375,0,-2,0.125,-0.732422,0.224609,-0.0368045,0.186498,-0.042372,-0.00085732,0.535645,-0.00264096,0.400949,-0.183532,0.0819584,0.283183,0.710897,0.137394,-0.124866,0.0662075,-0.958446,-0.276021,0.0863344,0.0969044,-0.48656,-0.00541687,-0.595461,-0.10201,-0.22166,-0.0272761,-0.139353,-0.553959,0.24026,-0.768402,0.196411
65.9,-0.100479,-0.00180669,0.000629419,0.300098,-0.213517,0.000676047,-0.103359,0.0016959,-0.00056246,0.298104,-0.217963,-0.00308392,0.000241054,-0.000143404,0.00320714,0.00285225,-0.000575243,-0.00156993,0.00971921,-4.79369e-05,0.0294218,0.00559136,0.00251669,0.000395479,0.00196541,0.0108337,-0.0119243,0.038756,-0.00952602,-0.1,0,0,0.3,-0.2,0,-0.1,0,0,0.3,-0.2,0,0,0,0,0,0,0,0,0,0,0,0,0,0,0,0,0,0,0.615234,3.25195,-1.00675,-0.878906,9.56017,-0.949872,6.48793,-3.60352,1.39826,6.41602,14.1685,2.94405,-0.447443,0.198478,-6.22313,-2.4375,0.25,0.1875,-2.0625,-0.0625,-0.605469,-0.078125,-1.875,-0.4375,0.0625,-2,0.125,-0.742188,0.214844,-0.0549105,0.131581,-0.0835119,-0.0310252,0.530933,-0.0106061,0.603274,-0.159773,0.0768159,0.328095,0.705496,0.16183,-0.0774587,0.0691058,-0.945505,-0.248409,0.0575243,0.0969044,-0.476756,0.0101626,-0.584508,-0.101028,-0.251669,-0.0242081,-0.0859988,-0.550891,0.229282,-0.761376,0.196411
65.96,-0.100573,-0.00182373,0.000616027,0.300047,-0.213517,0.000676047,-0.103278,0.0016959,-0.000549068,0.298095,-0.217967,-0.00309105,0.000254446,-0.000135857,0.00321196,0.00286423,-0.000551274,-0.00158192,0.00970722,-3.59527e-05,0.0294218,0.00559136,0.0025047,0.000395479,0.00201335,0.0108457,-0.0119243,0.0387637,-0.00953369,-0.1,0,0,0.3,-0.2,0,-0.1,0,0,0.3,-0.2,0,0,0,0,0,0,0,0,0,0,0,0,0,0,0,0,0,0,1.06268,3.33984,-1.23047,-0.439453,9.73715,-0.949998,6.65572,-3.60352,1.34233,6.94336,14.0799,2.89159,-0.335582,0.0992388,-6.22313,-2.4375,0.3125,0.1875,-2.0625,-0.0625,-0.605469,-0.0976562,-1.875,-0.4375,0,-2,0.0625,-0.732422,0.214844,0.083026,0.182373,-0.0564602,0.0257288,0.550431,-0.0160285,0.49239,-0.149955,0.0446218,0.274832,0.713805,0.142873,-0.0351939,0.040757,-0.963588,-0.295627,0.0735352,0.0637561,-0.479225,0.0129909,-0.584508,-0.114772,-0.25047,-0.0272761,-0.106803,-0.548422,0.23235,-0.766438,0.197546
66,-0.100546,-0.00182373,0.000629419,0.300021,-0.213504,0.000668944,-0.103265,0.0016959,-0.000522284,0.298087,-0.217976,-0.00309102,0.000227662,-0.000143404,0.00320714,0.00287621,-0.000599211,-0.00155795,0.00970722,-3.59527e-05,0.0294294,0.00559903,0.00251669,0.000395479,0.00200137,0.0108337,-0.0119243,0.0387714,-0.00951835,-0.1,0,0,0.3,-0.2,0,-0.1,0,0,0.3,-0.2,0,0,0,0,0,0,0,0,0,0,0,0,0,0,0,0,0,0,1.17454,3.25195,-1.34233,0.615234,9.64848,-0.897543,5.64897,-3.51562,1.34233,5.97656,14.0799,2.89159,0,0.0496194,-6.30092,-2.4375,0.25,0.1875,-2.125,-0.0625,-0.605469,-0.078125,-1.875,-0.5,0,-2,0.0625,-0.742188,0.195312,0.1472,0.133286,-0.104082,0.105923,0.533684,0.000668846,0.316205,-0.18268,0.0522284,0.357923,0.710893,0.142883,-0.0888686,0.0169368,-0.975084,-0.315233,0.0906007,0.0656256,-0.506837,0.005321,-0.594479,-0.113944,-0.273144,-0.033412,-0.0847285,-0.563163,0.235418,-0.790154,0.184477
66.06,-0.100506,-0.00184078,0.000602635,0.300106,-0.213513,0.000683207,-0.103252,0.0016959,-0.00056246,0.298129,-0.217976,-0.00309102,0.000267838,-0.000158499,0.00320714,0.00286423,-0.000575243,-0.00154597,0.00973119,-7.19053e-05,0.0294294,0.00559136,0.0025047,0.000383495,0.00200137,0.0108337,-0.0119363,0.0387714,-0.00951835,-0.1,0,0,0.3,-0.2,0,-0.1,0,0,0.3,-0.2,0,0,0,0,0,0,0,0,0,0,0,0,0,0,0,0,0,0,0.950817,3.07617,-0.894886,-0.791016,9.64884,-1.00233,8.66921,-3.51562,1.34233,5.44922,14.0799,2.89159,-0.950817,0.0496194,-6.30092,-2.4375,0.25,0.1875,-2.0625,-0.0625,-0.605469,-0.0683594,-1.875,-0.4375,0,-2,0.125,-0.742188,0.214844,0.0763302,0.141535,-0.0294086,-0.0213954,0.537257,-0.0218497,0.515424,-0.1565,0.056246,0.231539,0.717406,0.126391,-0.0957788,0.0620412,-0.967689,-0.289491,0.0421845,0.0619584,-0.474288,0.010642,-0.593497,-0.111827,-0.268878,-0.0260777,-0.115408,-0.523279,0.243328,-0.7823,0.185458
66.1,-0.100533,-0.0018493,0.000656203,0.300081,-0.213513,0.000683207,-0.103385,0.00171295,-0.000508892,0.298146,-0.217967,-0.00307676,0.000267838,-0.000135857,0.00321196,0.00285225,-0.000587227,-0.00156993,0.00970722,-4.79369e-05,0.0294218,0.00559136,0.0025047,0.000383495,0.00198938,0.0108457,-0.0119363,0.038756,-0.00951835,-0.1,0,0,0.3,-0.2,0,-0.1,0,0,0.3,-0.2,0,0,0,0,0,0,0,0,0,0,0,0,0,0,0,0,0,0,0.671165,3.16406,-1.23047,0.263672,9.64884,-1.00233,7.27095,-3.51562,1.2864,5.97656,13.9032,2.99625,-1.11861,0.198478,-6.22313,-2.4375,0.3125,0.1875,-2.0625,-0.125,-0.605469,-0.078125,-1.8125,-0.4375,0,-2,0.0625,-0.742188,0.195312,0.0430113,0.181657,-0.0296229,-0.0011974,0.535622,-0.0355799,0.590525,-0.171295,0.0971716,0.207165,0.699173,0.150587,-0.265481,0.0697397,-0.956193,-0.260681,0.0709945,0.0631569,-0.485361,-0.00671117,-0.584508,-0.108882,-0.225927,-0.0107379,-0.136285,-0.542286,0.252532,-0.76334,0.183495
66.16,-0.100533,-0.00183225,0.000656203,0.300115,-0.213513,0.000683207,-0.103225,0.0016959,-0.000602635,0.298104,-0.217972,-0.00309818,0.000254446,-0.000135857,0.00321196,0.00284026,-0.000587227,-0.00156993,0.00971921,-8.38896e-05,0.0294294,0.00559903,0.0025047,0.000407464,0.00200137,0.0108218,-0.0119243,0.0387714,-0.00952602,-0.1,0,0,0.3,-0.2,0,-0.1,0,0,0.3,-0.2,0,0,0,0,0,0,0,0,0,0,0,0,0,0,0,0,0,0,1.11861,3.07617,-1.11861,-0.791016,9.73715,-0.949998,5.7049,-3.60352,0.894886,6.32812,14.0799,2.89159,-0.391513,0.248097,-6.30092,-2.375,0.25,0.1875,-2.0625,-0.125,-0.605469,-0.078125,-1.875,-0.4375,0,-2,0.0625,-0.732422,0.214844,0.0275838,0.157046,-0.0707628,-0.0935779,0.542134,-0.0190879,0.209338,-0.153228,0.00369616,0.273553,0.709093,0.15141,-0.112331,0.072638,-0.954344,-0.244143,0.0679266,0.106108,-0.479824,0.00474575,-0.594479,-0.12278,-0.244334,-0.0407464,-0.0970003,-0.531884,0.227748,-0.775427,0.19052
66.2,-0.100493,-0.00182373,0.000642811,0.300064,-0.213513,0.000683207,-0.103278,0.0016959,-0.00056246,0.298129,-0.217976,-0.00309102,0.000227662,-0.000135857,0.00320233,0.00285225,-0.000587227,-0.00154597,0.00970722,-7.19053e-05,0.0294218,0.00559136,0.00251669,0.000371511,0.00202533,0.0108337,-0.0119243,0.0387714,-0.00951835,-0.1,0,0,0.3,-0.2,0,-0.1,0,0,0.3,-0.2,0,0,0,0,0,0,0,0,0,0,0,0,0,0,0,0,0,0,0.838956,3.33984,-1.11861,-0.791016,9.73715,-0.949998,5.92862,-3.60352,1.39826,6.06445,13.9915,2.94392,-0.391513,0.148858,-6.14534,-2.4375,0.25,0.1875,-2.0625,-0.0625,-0.605469,-0.078125,-1.875,-0.4375,0,-2,0.0625,-0.742188,0.214844,-0.0535716,0.159466,-0.0745661,0.0559012,0.538888,-0.0136094,0.28669,-0.16959,0.0408185,0.236993,0.704385,0.153885,-0.0528712,0.0639432,-0.949607,-0.285225,0.0863344,0.0895701,-0.479225,0.00450607,-0.587453,-0.109864,-0.248601,-0.00340352,-0.135014,-0.569299,0.233884,-0.7823,0.193312
66.26,-0.100533,-0.00183225,0.000602635,0.300055,-0.213517,0.000676047,-0.103225,0.00172147,-0.00056246,0.298121,-0.217976,-0.00309102,0.000227662,-0.000158499,0.00319752,0.00286423,-0.000575243,-0.00154597,0.00971921,-7.19053e-05,0.0294294,0.00559136,0.0025047,0.000395479,0.00198938,0.0108337,-0.0119243,0.0387714,-0.00952602,-0.1,0,0,0.3,-0.2,0,-0.1,0,0,0.3,-0.2,0,0,0,0,0,0,0,0,0,0,0,0,0,0,0,0,0,0,1.11861,3.07617,-1.17454,0.0878906,9.64848,-0.897543,5.98455,-3.60352,0.727095,6.67969,13.9915,2.94392,-0.559304,0.0992388,-6.37871,-2.375,0.25,0.1875,-2.0625,-0.125,-0.585938,-0.078125,-1.875,-0.4375,0.0625,-2,0.0625,-0.742188,0.214844,0.0790087,0.176681,-0.0242661,-0.00827461,0.552074,0.00868124,0.255621,-0.214689,-0.0208913,0.303721,0.694626,0.164899,-0.00658881,0.0765326,-0.955557,-0.264947,0.0544563,0.095706,-0.48596,-0.00316384,-0.600369,-0.117718,-0.25047,-0.0456839,-0.114809,-0.535551,0.24002,-0.783281,0.198374
66.3,-0.100506,-0.00182373,0.000656203,0.300098,-0.213513,0.000683207,-0.103332,0.00171295,-0.00056246,0.298078,-0.217972,-0.00309818,0.000227662,-0.000135857,0.00321196,0.00287621,-0.000575243,-0.00156993,0.00970722,-2.39685e-05,0.0294294,0.00559136,0.0025047,0.000383495,0.00203732,0.0108337,-0.0119243,0.0387714,-0.00952602,-0.1,0,0,0.3,-0.2,0,-0.1,0,0,0.3,-0.2,0,0,0,0,0,0,0,0,0,0,0,0,0,0,0,0,0,0,1.00675,3.25195,-1.06268,-0.527344,9.73715,-0.949998,8.61328,-3.42773,1.23047,7.4707,14.1685,2.94405,-0.559304,0.148858,-6.14534,-2.4375,0.3125,0.1875,-2,-0.0625,-0.605469,-0.078125,-1.875,-0.4375,0,-2,0.0625,-0.742188,0.214844,-0.0162346,0.202008,-0.1479,-0.00920859,0.538876,-0.0300788,0.590311,-0.15166,0.0511035,0.451922,0.705835,0.162401,-0.0580137,0.0813328,-0.956193,-0.287621,0.0667282,0.053953,-0.436274,-0.00105461,-0.595461,-0.111827,-0.26581,-0.0199418,-0.141749,-0.526347,0.235418,-0.781318,0.196411
66.36,-0.100506,-0.00184078,0.000669595,0.300047,-0.213517,0.000676047,-0.103198,0.0016959,-0.00056246,0.298095,-0.217972,-0.00308389,0.000227662,-0.000143404,0.00320714,0.00285225,-0.000587227,-0.00153398,0.00970722,-2.39685e-05,0.0294371,0.00558369,0.00251669,0.000395479,0.00194144,0.0108218,-0.0119123,0.038756,-0.00951835,-0.1,0,0,0.3,-0.2,0,-0.1,0,0,0.3,-0.2,0,0,0,0,0,0,0,0,0,0,0,0,0,0,0,0,0,0,0.894886,3.25195,-0.894886,0.0878906,9.82582,-1.00245,7.15909,-3.60352,1.17454,6.5918,13.9915,2.94392,-1.11861,0.0992388,-6.37871,-2.4375,0.25,0.1875,-2.0625,-0.125,-0.605469,-0.078125,-1.875,-0.4375,0,-2,0.0625,-0.742188,0.214844,0.107185,0.184078,-0.108099,0.0748162,0.556905,-0.0544348,0.18609,-0.163045,0.0305335,0.247561,0.702592,0.150861,-0.0940111,0.0488178,-0.969538,-0.248409,0.0556547,0.0398835,-0.463885,-0.0133265,-0.603468,-0.110692,-0.276212,-0.0456839,-0.124684,-0.544156,0.238246,-0.757449,0.184477
66.4,-0.10052,-0.00182373,0.000629419,0.300072,-0.213517,0.000676047,-0.103211,0.00170442,-0.000589243,0.298104,-0.217972,-0.00308389,0.000267838,-0.000143404,0.00320714,0.00285225,-0.000575243,-0.00155795,0.00971921,-3.59527e-05,0.0294294,0.00559136,0.00251669,0.000395479,0.00201335,0.0108218,-0.0119123,0.0387637,-0.00952602,-0.1,0,0,0.3,-0.2,0,-0.1,0,0,0.3,-0.2,0,0,0,0,0,0,0,0,0,0,0,0,0,0,0,0,0,0,0.559304,3.33984,-1.06268,-0.263672,9.64884,-1.00233,6.04048,-3.51562,1.34233,6.41602,14.0799,2.89159,0,0.0992388,-6.22313,-2.4375,0.25,0.1875,-2.0625,-0.0625,-0.605469,-0.078125,-1.875,-0.4375,0,-2,0.0625,-0.732422,0.224609,0.0416716,0.192191,-0.0629419,0.0873476,0.539042,-0.0352822,0.413699,-0.15408,-0.0130705,0.36082,0.712355,0.134358,-0.0597814,0.0430213,-0.962143,-0.282157,0.0544563,0.0778975,-0.476756,0.00838896,-0.594479,-0.112809,-0.251669,-0.0395479,-0.137483,-0.528816,0.225975,-0.762511,0.205247
66.46,-0.100493,-0.00181521,0.000656203,0.300149,-0.213517,0.000676047,-0.103211,0.0016959,-0.00056246,0.298087,-0.21798,-0.00308386,0.000294622,-0.000158499,0.00320714,0.00286423,-0.000575243,-0.00158192,0.00970722,-5.99211e-05,0.0294218,0.00559903,0.0025047,0.000395479,0.00198938,0.0108337,-0.0119363,0.0387637,-0.00951835,-0.1,0,0,0.3,-0.2,0,-0.1,0,0,0.3,-0.2,0,0,0,0,0,0,0,0,0,0,0,0,0,0,0,0,0,0,1.00675,3.25195,-1.23047,-1.31836,9.73715,-0.949998,7.10316,-3.51562,1.2864,5.88867,14.0799,2.89159,-1.39826,0.0992388,-6.37871,-2.375,0.25,0.1875,-2.0625,-0.125,-0.605469,-0.0683594,-1.875,-0.4375,0,-2,0.125,-0.742188,0.224609,0.0852756,0.174976,-0.10676,-0.0823296,0.54555,-0.0242801,0.254282,-0.163045,0.0305335,0.390648,0.735458,0.117809,-0.144954,0.0591429,-0.969538,-0.286423,0.0544563,0.0606881,-0.488429,0.00119842,-0.584508,-0.111981,-0.268878,-0.0456839,-0.0871972,-0.541687,0.244862,-0.775274,0.187422
66.5,-0.100479,-0.00185782,0.000642811,0.300081,-0.213513,0.000683207,-0.103318,0.0016959,-0.00056246,0.298129,-0.217972,-0.00308389,0.000187487,-0.000135857,0.00321196,0.00285225,-0.000575243,-0.00155795,0.00970722,-2.39685e-05,0.0294218,0.00559136,0.00251669,0.000395479,0.00194144,0.0108457,-0.0119363,0.0387637,-0.00950301,-0.1,0,0,0.3,-0.2,0,-0.1,0,0,0.3,-0.2,0,0,0,0,0,0,0,0,0,0,0,0,0,0,0,0,0,0,0.950817,2.98828,-1.2864,-1.05469,9.73715,-0.949998,6.59979,-3.7793,1.39826,5.88867,14.1685,2.94405,-0.615234,0.148858,-6.4565,-2.4375,0.25,0.1875,-2.0625,-0.0625,-0.605469,-0.0976562,-1.875,-0.4375,0,-2,0.0625,-0.742188,0.214844,-0.0240556,0.205417,-0.0694236,-0.0011974,0.556767,-0.0108027,0.46041,-0.146683,0.0871009,0.269718,0.715602,0.139836,-0.045961,0.0320622,-0.980226,-0.260681,0.0605922,0.0656256,-0.482293,-0.00565655,-0.582545,-0.123608,-0.257805,-0.0272761,-0.0970722,-0.55149,0.237192,-0.771347,0.176316
66.56,-0.100506,-0.00182373,0.000629419,0.300021,-0.213508,0.000690368,-0.103225,0.0016959,-0.00056246,0.298112,-0.217976,-0.00309102,0.000227662,-0.000143404,0.00320714,0.00284026,-0.000587227,-0.00153398,0.00970722,-2.39685e-05,0.0294294,0.00558369,0.00251669,0.000383495,0.0019774,0.0108218,-0.0119003,0.0387637,-0.00951835,-0.1,0,0,0.3,-0.2,0,-0.1,0,0,0.3,-0.2,0,0,0,0,0,0,0,0,0,0,0,0,0,0,0,0,0,0,0.671165,3.42773,-1.2864,-0.351562,9.82546,-0.897669,7.38281,-3.60352,1.23047,6.32812,14.1685,2.94405,-0.559304,0.148858,-6.30092,-2.4375,0.25,0.1875,-2.0625,-0.0625,-0.585938,-0.078125,-1.875,-0.4375,0,-2,0.0625,-0.751953,0.214844,0.0249053,0.228188,-0.119509,0.165918,0.541972,-0.00839474,0.163056,-0.185953,-0.0260338,0.457716,0.727145,0.142827,-0.0580137,0.0372247,-0.958446,-0.26255,0.0464509,0.0490874,-0.476157,0.000479369,-0.58957,-0.101856,-0.251669,-0.0260777,-0.0835301,-0.52268,0.236473,-0.781164,0.187422
66.6,-0.100533,-0.00182373,0.000629419,0.300106,-0.213513,0.000683207,-0.103171,0.00171295,-0.000575852,0.298129,-0.217967,-0.00309105,0.000160703,-0.000158499,0.00319752,0.00286423,-0.000575243,-0.00158192,0.00970722,-3.59527e-05,0.0294218,0.00559903,0.00252867,0.000395479,0.00194144,0.0108218,-0.0119363,0.0387714,-0.00951835,-0.1,0,0,0.3,-0.2,0,-0.1,0,0,0.3,-0.2,0,0,0,0,0,0,0,0,0,0,0,0,0,0,0,0,0,0,1.00675,3.42773,-1.11861,-0.263672,9.73715,-0.949998,5.25746,-3.60352,1.17454,5.27344,14.0799,2.89159,-0.391513,0.0992388,-6.37871,-2.375,0.3125,0.1875,-2.0625,-0.0625,-0.605469,-0.078125,-1.8125,-0.4375,0,-2,0.0625,-0.742188,0.214844,0.0995786,0.169283,-0.104082,-0.0159413,0.550266,-0.0108252,0.337686,-0.16475,0.0627276,0.231539,0.718687,0.134622,0.100921,0.0678377,-0.946314,-0.304831,0.0605922,0.07296,-0.454682,0.005321,-0.58549,-0.110999,-0.243663,-0.0456839,-0.103208,-0.55336,0.252532,-0.783281,0.188404
66.66,-0.100533,-0.00183225,0.000616027,0.300106,-0.213517,0.000676047,-0.103252,0.00171295,-0.00056246,0.298121,-0.217967,-0.00309105,0.000227662,-0.000143404,0.00320714,0.00286423,-0.000587227,-0.00156993,0.00970722,-2.39685e-05,0.0294218,0.00559903,0.00251669,0.000371511,0.00201335,0.0108457,-0.0119363,0.038756,-0.00951068,-0.1,0,0,0.3,-0.2,0,-0.1,0,0,0.3,-0.2,0,0,0,0,0,0,0,0,0,0,0,0,0,0,0,0,0,0,0.559304,3.33984,-1.06268,-0.615234,9.73715,-0.949998,7.43874,-3.42773,1.23047,5.88867,14.0802,2.99638,-0.447443,0.0496194,-6.30092,-2.375,0.3125,0.1875,-2.0625,-0.0625,-0.585938,-0.078125,-1.875,-0.5,0.0625,-2,0.0625,-0.742188,0.214844,0.0738662,0.196315,-0.0358903,0.0604169,0.550435,-0.0105387,0.222302,-0.174567,-0.0208913,0.358263,0.707285,0.170345,-0.0220163,0.0488178,-0.965841,-0.271083,0.0556547,0.0692928,-0.485361,0.000479369,-0.580581,-0.121798,-0.267009,-0.0310152,-0.0791918,-0.542286,0.238726,-0.760394,0.178433
66.7,-0.100533,-0.00182373,0.000616027,0.300098,-0.213513,0.000683207,-0.103359,0.0016959,-0.000522284,0.298121,-0.217972,-0.00309818,0.000267838,-0.000143404,0.00320714,0.00285225,-0.000599211,-0.00156993,0.00970722,-5.99211e-05,0.0294218,0.00557602,0.00249272,0.000371511,0.0019774,0.0108218,-0.0119363,0.0387714,-0.00951835,-0.1,0,0,0.3,-0.2,0,-0.1,0,0,0.3,-0.2,0,0,0,0,0,0,0,0,0,0,0,0,0,0,0,0,0,0,1.23047,3.16406,-1.00675,-0.175781,9.82546,-0.897669,7.66246,-3.51562,1.34233,6.94336,14.1685,2.94405,-0.335582,0.148858,-6.30092,-2.4375,0.25,0.1875,-2.0625,-0.125,-0.605469,-0.078125,-1.875,-0.4375,0,-2,0.125,-0.732422,0.224609,0.0995786,0.152921,-0.00503535,-0.0364794,0.548635,-0.0190655,0.289582,-0.14341,0.0110885,0.232817,0.707454,0.17063,-0.0957788,0.0778006,-0.951051,-0.260681,0.0599211,0.0784967,-0.470021,0.00119842,-0.584508,-0.093849,-0.264612,-0.0248793,-0.086598,-0.53802,0.2556,-0.783281,0.189385
66.76,-0.10052,-0.00183225,0.000642811,0.300047,-0.213513,0.000683207,-0.103077,0.00168738,-0.00056246,0.298087,-0.217972,-0.00309818,0.000227662,-0.000158499,0.00319752,0.00286423,-0.000575243,-0.00154597,0.00970722,-1.19842e-05,0.0294218,0.00559136,0.00251669,0.000395479,0.00196541,0.0108457,-0.0119363,0.0387637,-0.00952602,-0.1,0,0,0.3,-0.2,0,-0.1,0,0,0.3,-0.2,0,0,0,0,0,0,0,0,0,0,0,0,0,0,0,0,0,0,0.335582,3.25195,-1.23047,-1.05469,9.73715,-0.949998,5.1456,-3.7793,1.2864,5.625,14.0799,2.89159,-0.671165,0.0992388,-6.37871,-2.4375,0.3125,0.1875,-2.0625,-0.0625,-0.615234,-0.078125,-1.875,-0.4375,0,-2,0.0625,-0.742188,0.214844,0.0519566,0.199588,-0.105421,0.0257288,0.537257,-0.0218497,0.297457,-0.14583,0.0871009,0.34156,0.722094,0.151365,-0.104296,0.0678377,-0.957406,-0.292559,0.0421845,0.0772983,-0.44241,-0.00589624,-0.588435,-0.105937,-0.260873,-0.0272761,-0.070659,-0.557626,0.249464,-0.772329,0.195429
66.8,-0.100546,-0.00182373,0.000629419,0.300064,-0.213513,0.000683207,-0.103211,0.0016959,-0.000602635,0.298138,-0.217976,-0.00307673,0.00021427,-0.000143404,0.00320714,0.00286423,-0.000587227,-0.00154597,0.00970722,-3.59527e-05,0.0294218,0.00559903,0.00251669,0.000395479,0.00200137,0.0108337,-0.0119243,0.0387637,-0.00952602,-0.1,0,0,0.3,-0.2,0,-0.1,0,0,0.3,-0.2,0,0,0,0,0,0,0,0,0,0,0,0,0,0,0,0,0,0,0.894886,3.33984,-1.11861,-0.703125,9.64884,-1.00233,7.04723,-3.7793,1.34233,5.53711,14.1682,2.83926,-0.503374,0.0992388,-6.37871,-2.4375,0.3125,0.1875,-2.0625,-0.0625,-0.605469,-0.078125,-1.875,-0.5,0,-2,0.0625,-0.742188,0.214844,0.0134952,0.195463,-0.0835119,0.0559012,0.527502,-0.0273732,0.290279,-0.176135,0.0242661,0.279348,0.756441,0.0817665,-0.0231412,0.0488178,-0.965841,-0.258811,0.0832664,0.0496866,-0.485361,0.005321,-0.58549,-0.119835,-0.27928,-0.0395479,-0.115408,-0.550891,0.246156,-0.772329,0.185612
66.86,-0.100546,-0.00184078,0.000629419,0.300106,-0.213513,0.000683207,-0.103426,0.00168738,-0.00056246,0.298129,-0.217963,-0.00308392,0.000200878,-0.000143404,0.00320714,0.00286423,-0.000575243,-0.00156993,0.00970722,-4.79369e-05,0.0294218,0.00558369,0.00251669,0.000395479,0.00198938,0.0108457,-0.0119123,0.038779,-0.00951835,-0.1,0,0,0.3,-0.2,0,-0.1,0,0,0.3,-0.2,0,0,0,0,0,0,0,0,0,0,0,0,0,0,0,0,0,0,1.00675,3.16406,-1.17454,-0.439453,9.64848,-0.897543,7.71839,-3.60352,1.23047,6.32812,14.0799,2.89159,-0.671165,0.148858,-6.30092,-2.375,0.25,0.1875,-2.0625,-0.125,-0.585938,-0.078125,-1.875,-0.4375,0,-2,0.125,-0.742188,0.214844,0.0700626,0.167715,-0.00637454,0.0822335,0.538896,-0.00262973,0.635682,-0.139285,0.0408185,0.280626,0.703889,0.137132,0.0734412,0.0459195,-0.975084,-0.277219,0.0544563,0.0846326,-0.466953,-0.00824515,-0.576654,-0.102838,-0.276212,-0.0272761,-0.0994691,-0.545354,0.23211,-0.799143,0.185458
66.92,-0.100533,-0.00182373,0.000642811,0.300089,-0.213513,0.000683207,-0.103345,0.0016959,-0.000575852,0.298104,-0.21798,-0.00308386,0.000227662,-0.000150952,0.00321196,0.00284026,-0.000575243,-0.00156993,0.00970722,-4.79369e-05,0.0294294,0.00559903,0.0025047,0.000383495,0.0020493,0.0108337,-0.0119243,0.0387867,-0.00952602,-0.1,0,0,0.3,-0.2,0,-0.1,0,0,0.3,-0.2,0,0,0,0,0,0,0,0,0,0,0,0,0,0,0,0,0,0,0.838956,3.33984,-1.11861,-0.351562,9.73715,-0.949998,7.15909,-3.51562,1.2864,6.41602,14.0799,2.89159,-0.447443,0.0992388,-6.37871,-2.4375,0.25,0.1875,-2.0625,-0.125,-0.605469,-0.078125,-1.875,-0.4375,0,-2,0.125,-0.732422,0.214844,0.0532962,0.205281,0.00257125,-0.0133842,0.5454,0.00288254,0.473373,-0.163045,0.0524427,0.382636,0.727318,0.137051,-0.0477287,0.0510821,-0.982075,-0.27789,0.0697961,0.115312,-0.463885,-0.0036432,-0.593497,-0.116889,-0.268878,-0.0168738,-0.117805,-0.538619,0.253826,-0.794387,0.19052
66.96,-0.100479,-0.00182373,0.000616027,0.30003,-0.213504,0.000697528,-0.103171,0.0016959,-0.000575852,0.298095,-0.217976,-0.00309102,0.000348189,-0.000158499,0.00319752,0.00285225,-0.000575243,-0.00155795,0.00970722,-3.59527e-05,0.0294218,0.00559136,0.00251669,0.000383495,0.00206129,0.0108337,-0.0119243,0.0387637,-0.00951835,-0.1,0,0,0.3,-0.2,0,-0.1,0,0,0.3,-0.2,0,0,0,0,0,0,0,0,0,0,0,0,0,0,0,0,0,0,0.783026,3.51562,-1.06268,0.615234,9.82546,-0.897669,5.1456,-3.86719,1.00675,5.97656,13.9915,2.94392,-1.06268,0.0496194,-6.4565,-2.4375,0.25,0.1875,-2.0625,-0.0625,-0.605469,-0.078125,-1.875,-0.4375,0,-2,0.0625,-0.732422,0.214844,0.00679937,0.228188,-0.0513177,0.0882816,0.538537,-0.0306517,0.162841,-0.199043,0.00616027,0.433002,0.689752,0.162171,-0.269016,0.0504481,-0.957406,-0.282157,0.0391165,0.0778975,-0.473089,0.0206608,-0.584508,-0.110845,-0.270077,-0.0138058,-0.106132,-0.569299,0.243088,-0.76742,0.187422
67.02,-0.100466,-0.00184078,0.000629419,0.300064,-0.213517,0.000676047,-0.103185,0.0016959,-0.00056246,0.298138,-0.217972,-0.00308389,0.00028123,-0.000143404,0.00320714,0.00285225,-0.000575243,-0.00156993,0.00970722,-3.59527e-05,0.0294218,0.00559136,0.00251669,0.000371511,0.00202533,0.0108457,-0.0119123,0.0387714,-0.00951835,-0.1,0,0,0.3,-0.2,0,-0.1,0,0,0.3,-0.2,0,0,0,0,0,0,0,0,0,0,0,0,0,0,0,0,0,0,0.671165,3.25195,-1.2864,0,9.56017,-0.949872,7.27095,-3.60352,1.00675,4.57031,14.0802,2.99638,-1.2864,0.198478,-6.37871,-2.4375,0.3125,0.1875,-2.0625,-0.0625,-0.605469,-0.078125,-1.875,-0.4375,0.0625,-2,0.0625,-0.732422,0.214844,-0.0202527,0.220075,-0.0629419,0.0286304,0.529294,-0.0298261,0.287601,-0.176135,0.035676,0.213898,0.710716,0.153578,-0.110081,0.0662075,-0.962143,-0.276021,0.0513884,0.0999724,-0.470021,0.0129909,-0.583526,-0.105937,-0.257805,-0.0218113,-0.076723,-0.545354,0.238246,-0.780336,0.188404
67.06,-0.100533,-0.00181521,0.000642811,0.300089,-0.213513,0.000683207,-0.103225,0.0016959,-0.000549068,0.298155,-0.217972,-0.00308389,0.000308014,-0.000158499,0.00319752,0.00285225,-0.000587227,-0.00156993,0.00971921,-4.79369e-05,0.0294294,0.00559903,0.00251669,0.000395479,0.00206129,0.0108337,-0.0119243,0.0387714,-0.00952602,-0.1,0,0,0.3,-0.2,0,-0.1,0,0,0.3,-0.2,0,0,0,0,0,0,0,0,0,0,0,0,0,0,0,0,0,0,0.503374,3.25195,-1.06268,0.175781,9.64848,-0.897543,6.15234,-3.60352,1.39826,6.06445,14.0802,2.99638,-1.00675,0.148858,-6.30092,-2.4375,0.25,0.1875,-2.125,-0.0625,-0.605469,-0.0683594,-1.8125,-0.4375,0,-2,0.0625,-0.742188,0.214844,0.0635812,0.168431,-0.0591386,0.030249,0.5389,0.00286008,0.466463,-0.172863,0.0394793,0.265882,0.709101,0.139859,-0.112974,0.0591429,-0.96665,-0.282157,0.0801984,0.0846326,-0.504368,0.00862864,-0.594479,-0.119835,-0.248601,-0.033412,-0.121472,-0.566231,0.243088,-0.781318,0.197393
67.12,-0.100573,-0.00183225,0.000629419,0.300106,-0.213513,0.000683207,-0.103185,0.0016959,-0.000535676,0.298061,-0.217976,-0.00309102,0.000241054,-0.000158499,0.00319752,0.00286423,-0.000575243,-0.0015939,0.00971921,-3.59527e-05,0.0294218,0.00559903,0.00251669,0.000419448,0.00198938,0.0108337,-0.0119483,0.0387484,-0.00951835,-0.1,0,0,0.3,-0.2,0,-0.1,0,0,0.3,-0.2,0,0,0,0,0,0,0,0,0,0,0,0,0,0,0,0,0,0,1.2864,3.07617,-1.39826,-0.791016,9.82546,-0.897669,7.83026,-3.60352,1.23047,7.64648,13.9915,2.94392,-0.391513,0.0992388,-6.37871,-2.375,0.3125,0.1875,-2.0625,-0.0625,-0.585938,-0.078125,-1.875,-0.375,0,-2,0.125,-0.732422,0.214844,0.144736,0.173408,-0.0886544,0.0167837,0.547024,0.000143245,0.215606,-0.146683,-0.0184272,0.476296,0.697876,0.164887,-0.0414613,0.0475498,-0.959255,-0.280287,0.0391165,0.0704912,-0.495164,0.00378702,-0.582545,-0.116889,-0.267009,-0.0174011,-0.105605,-0.538619,0.240499,-0.753369,0.187422
67.16,-0.100506,-0.00182373,0.000642811,0.300089,-0.213517,0.000676047,-0.103171,0.0016959,-0.00056246,0.298104,-0.217972,-0.00309818,0.000227662,-0.000158499,0.00319752,0.00285225,-0.000551274,-0.00160589,0.00970722,-4.79369e-05,0.0294294,0.00557602,0.00251669,0.000383495,0.00200137,0.0108337,-0.0119363,0.038779,-0.00951835,-0.1,0,0,0.3,-0.2,0,-0.1,0,0,0.3,-0.2,0,0,0,0,0,0,0,0,0,0,0,0,0,0,0,0,0,0,1.11861,3.33984,-1.11861,-1.05469,9.73715,-0.949998,7.27095,-3.60352,1.2864,5.625,14.0799,2.89159,-0.335582,0.0992388,-6.37871,-2.4375,0.3125,0.1875,-2.0625,-0.0625,-0.585938,-0.0683594,-1.875,-0.5,0,-2,0.0625,-0.732422,0.224609,0.194607,0.188918,-0.120848,-0.23155,0.54068,-0.0160622,0.147414,-0.140138,0.0716734,0.355366,0.713959,0.165118,0.00883865,0.0736343,-0.946314,-0.285225,0.0612634,0.0618865,-0.466953,-0.00517719,-0.593497,-0.0801045,-0.282348,-0.0383495,-0.115408,-0.547823,0.235658,-0.788343,0.192331
67.22,-0.100546,-0.00182373,0.000629419,0.300098,-0.213517,0.000676047,-0.103292,0.0016959,-0.000549068,0.298078,-0.217976,-0.00309102,0.000227662,-0.000150952,0.00321196,0.00285225,-0.000575243,-0.00156993,0.00971921,-5.99211e-05,0.0294294,0.00559903,0.00251669,0.000383495,0.00196541,0.0108218,-0.0119003,0.0387637,-0.00952602,-0.1,0,0,0.3,-0.2,0,-0.1,0,0,0.3,-0.2,0,0,0,0,0,0,0,0,0,0,0,0,0,0,0,0,0,0,1.17454,3.33984,-1.11861,-1.31836,9.64884,-1.00233,7.10316,-3.60352,1.2864,6.41602,14.0799,2.89159,-0.615234,0.148858,-6.4565,-2.375,0.25,0.1875,-2.0625,-0.0625,-0.605469,-0.0683594,-1.875,-0.375,0,-2,0.0625,-0.742188,0.214844,0.08549,0.175828,-0.0732269,-0.0855667,0.53418,-0.0160847,0.570866,-0.16959,0.0600493,0.364655,0.71739,0.148351,-0.0168738,0.0684718,-0.978377,-0.279089,0.0544563,0.0907685,-0.48596,0.0027324,-0.597424,-0.115908,-0.276212,0.0076699,-0.0952027,-0.556428,0.208861,-0.772329,0.198374
67.26,-0.100506,-0.00183225,0.000642811,0.300115,-0.213513,0.000683207,-0.103198,0.0016959,-0.000549068,0.298104,-0.217976,-0.00309102,0.000267838,-0.000143404,0.00320714,0.00285225,-0.000587227,-0.00156993,0.00973119,-2.39685e-05,0.0294294,0.00559136,0.0025047,0.000407464,0.00201335,0.0108457,-0.0119123,0.0387407,-0.00952602,-0.1,0,0,0.3,-0.2,0,-0.1,0,0,0.3,-0.2,0,0,0,0,0,0,0,0,0,0,0,0,0,0,0,0,0,0,0.783026,3.25195,-1.2864,-0.966797,9.73715,-0.949998,6.15234,-3.51562,1.17454,6.5918,14.0799,2.89159,-1.06268,0.0992388,-6.37871,-2.4375,0.25,0.1875,-2.0625,0,-0.605469,-0.0683594,-1.875,-0.4375,0,-2,0.0625,-0.742188,0.195312,0.0403328,0.193043,-0.100279,0.00459683,0.53888,-0.024589,0.0421002,-0.1565,0.00348189,0.311732,0.719033,0.123641,-0.142061,0.0546144,-0.969538,-0.285225,0.0587227,0.0877006,-0.483492,0.00354733,-0.591534,-0.110845,-0.228995,-0.0407464,-0.106803,-0.548422,0.225975,-0.762051,0.196411
67.32,-0.100546,-0.00182373,0.000656203,0.300123,-0.213513,0.000683207,-0.103265,0.0016959,-0.000549068,0.298087,-0.217976,-0.00309102,0.000200878,-0.000150952,0.0031927,0.00286423,-0.000587227,-0.00156993,0.00973119,-5.99211e-05,0.0294294,0.00559136,0.0025047,0.000419448,0.0019774,0.0108457,-0.0119123,0.0387637,-0.00953369,-0.1,0,0,0.3,-0.2,0,-0.1,0,0,0.3,-0.2,0,0,0,0,0,0,0,0,0,0,0,0,0,0,0,0,0,0,1.17454,3.07617,-0.783026,-1.05469,9.73715,-0.949998,7.49467,-3.60352,1.23047,6.94336,14.0795,2.78681,-0.391513,0.148858,-6.4565,-2.375,0.3125,0.1875,-2.0625,-0.0625,-0.605469,-0.0683594,-1.875,-0.4375,0.0625,-2,0.125,-0.742188,0.224609,0.0597776,0.179101,-0.0861902,-0.0730398,0.547012,-0.0163262,0.233926,-0.163045,-0.0016606,0.396102,0.72393,0.0934301,-0.0191236,0.0626752,-0.965205,-0.274151,0.0679266,0.0969044,-0.526443,0.00426638,-0.594479,-0.111827,-0.247402,-0.0388768,-0.0988699,-0.55149,0.253586,-0.781164,0.210309
67.36,-0.100546,-0.00184078,0.000616027,0.300098,-0.213513,0.000683207,-0.103278,0.00171295,-0.00056246,0.298129,-0.21798,-0.00308386,0.000227662,-0.000135857,0.00321196,0.00286423,-0.000599211,-0.00156993,0.00971921,-3.59527e-05,0.0294218,0.00559136,0.0025047,0.000395479,0.00200137,0.0108337,-0.0119003,0.0387637,-0.00952602,-0.1,0,0,0.3,-0.2,0,-0.1,0,0,0.3,-0.2,0,0,0,0,0,0,0,0,0,0,0,0,0,0,0,0,0,0,0.894886,3.16406,-1.17454,-0.263672,9.73715,-0.949998,7.38281,-3.51562,1.17454,5.80078,14.1685,2.94405,-0.559304,0.248097,-6.14534,-2.4375,0.3125,0.1875,-2.125,-0.0625,-0.605469,-0.0683594,-1.875,-0.4375,0.0625,-2,0.125,-0.742188,0.214844,0.116345,0.216803,-0.0718877,0.0344246,0.537261,-0.0163599,0.543815,-0.181112,-0.0106064,0.356984,0.725699,0.128822,-0.0220163,0.0610449,-0.965436,-0.274151,0.0936687,0.139856,-0.5013,0.000719053,-0.593344,-0.10201,-0.259674,-0.0395479,-0.0877964,-0.541687,0.241075,-0.770365,0.196411
67.42,-0.100506,-0.00183225,0.000629419,0.300106,-0.213513,0.000683207,-0.103171,0.0016959,-0.000549068,0.298121,-0.217967,-0.00309105,0.000200878,-0.000150952,0.00320233,0.00286423,-0.000587227,-0.00156993,0.00970722,-3.59527e-05,0.0294294,0.00559903,0.00251669,0.000419448,0.00201335,0.0108337,-0.0119003,0.0387637,-0.00951835,-0.1,0,0,0.3,-0.2,0,-0.1,0,0,0.3,-0.2,0,0,0,0,0,0,0,0,0,0,0,0,0,0,0,0,0,0,0.783026,3.25195,-1.34233,-0.703125,9.73715,-0.949998,5.98455,-3.7793,1.39826,6.24023,14.1682,2.83926,-0.335582,0.0496194,-6.30092,-2.4375,0.25,0.1875,-2.0625,-0.0625,-0.605469,-0.0683594,-1.875,-0.4375,0,-2,0.0625,-0.742188,0.224609,0.00947785,0.20286,-0.0732269,-0.163203,0.543757,-0.0218272,0.188554,-0.1565,0.0549068,0.270996,0.721937,0.13461,-0.0705485,0.0278959,-0.960699,-0.277219,0.0617907,0.0846326,-0.470021,0.005321,-0.592515,-0.103145,-0.263941,-0.0511487,-0.140551,-0.58157,0.230337,-0.778219,0.196258
67.46,-0.100533,-0.00182373,0.000642811,0.300055,-0.213517,0.000676047,-0.103225,0.0016959,-0.000549068,0.298087,-0.217972,-0.00309818,0.000200878,-0.000143404,0.00320714,0.00286423,-0.000575243,-0.00155795,0.00970722,-5.99211e-05,0.0294218,0.00559903,0.00251669,0.000395479,0.0020493,0.0108218,-0.0119123,0.0387637,-0.00951835,-0.1,0,0,0.3,-0.2,0,-0.1,0,0,0.3,-0.2,0,0,0,0,0,0,0,0,0,0,0,0,0,0,0,0,0,0,0.671165,3.25195,-1.00675,-0.791016,9.64848,-0.897543,7.71839,-3.51562,1.17454,6.67969,14.0799,2.89159,-0.503374,0.198478,-6.37871,-2.375,0.25,0.1875,-2.0625,-0.0625,-0.605469,-0.078125,-1.875,-0.5,0,-2,0.0625,-0.732422,0.214844,0.0738662,0.188918,-0.0591386,0.0244503,0.522802,-0.0188689,0.301903,-0.149955,-0.0119456,0.412464,0.709105,0.134941,-0.0396936,0.0633092,-0.960295,-0.280287,0.0299126,0.0778975,-0.488429,0.0119363,-0.584508,-0.125725,-0.248601,-0.0487518,-0.117805,-0.541088,0.242848,-0.754657,0.188404
67.52,-0.100533,-0.00181521,0.000656203,0.300089,-0.213508,0.000690368,-0.103332,0.00170442,-0.000575852,0.298155,-0.217972,-0.00308389,0.000254446,-0.000143404,0.00320714,0.00287621,-0.000587227,-0.00156993,0.00971921,-5.99211e-05,0.0294218,0.00559136,0.00251669,0.000371511,0.00200137,0.0108337,-0.0119003,0.0387637,-0.00951835,-0.1,0,0,0.3,-0.2,0,-0.1,0,0,0.3,-0.2,0,0,0,0,0,0,0,0,0,0,0,0,0,0,0,0,0,0,0.950817,3.25195,-1.34233,-0.263672,9.73715,-0.949998,7.71839,-3.7793,1.67791,4.83398,14.1685,2.94405,-1.06268,0.0992388,-6.37871,-2.4375,0.25,0.1875,-2,-0.125,-0.605469,-0.078125,-1.875,-0.4375,0,-2,0.0625,-0.742188,0.214844,0.145861,0.178249,-0.122188,-0.0951965,0.54683,-0.0330821,0.626308,-0.186805,0.0730126,0.0531702,0.725341,0.156272,-0.179184,0.040123,-0.963992,-0.281485,0.0648586,0.0969044,-0.464485,0.0104023,-0.58549,-0.110845,-0.263941,-0.0248793,-0.0908644,-0.541687,0.244143,-0.769383,0.187422
67.56,-0.100479,-0.00182373,0.000669595,0.30014,-0.213513,0.000683207,-0.103211,0.00170442,-0.000522284,0.298104,-0.217972,-0.00308389,0.000294622,-0.000150952,0.00320233,0.00286423,-0.000575243,-0.00156993,0.00973119,-7.19053e-05,0.0294371,0.00559136,0.0025047,0.000407464,0.00198938,0.0108457,-0.0119483,0.0387637,-0.00951835,-0.1,0,0,0.3,-0.2,0,-0.1,0,0,0.3,-0.2,0,0,0,0,0,0,0,0,0,0,0,0,0,0,0,0,0,0,0.783026,3.33984,-1.17454,-0.791016,9.64848,-0.897543,5.76083,-3.60352,1.2864,5.44922,13.9915,2.94392,-0.727095,0.148858,-6.4565,-2.4375,0.25,0.1875,-2.0625,-0.0625,-0.585938,-0.078125,-1.875,-0.4375,0,-2,0.0625,-0.742188,0.214844,0.0582242,0.182373,-0.138954,-0.0755969,0.534014,-0.0108813,0.233712,-0.15408,-0.0249089,0.219012,0.700965,0.153611,-0.186094,0.0510821,-0.975489,-0.283355,0.0605922,0.0754287,-0.48656,0.00604005,-0.592669,-0.114772,-0.235131,-0.0346104,-0.0994691,-0.530014,0.254305,-0.774292,0.187422
67.62,-0.100533,-0.00182373,0.000629419,0.300064,-0.213517,0.000676047,-0.103318,0.0016959,-0.00056246,0.298129,-0.217972,-0.00309818,0.000187487,-0.000143404,0.00320714,0.00286423,-0.000599211,-0.00156993,0.00971921,-4.79369e-05,0.0294294,0.00559903,0.00251669,0.000395479,0.00196541,0.0108337,-0.0119003,0.0387714,-0.00952602,-0.1,0,0,0.3,-0.2,0,-0.1,0,0,0.3,-0.2,0,0,0,0,0,0,0,0,0,0,0,0,0,0,0,0,0,0,1.11861,3.25195,-1.11861,0,9.56017,-0.949872,7.43874,-3.51562,1.62198,5.71289,14.0799,2.89159,-0.615234,0.198478,-6.37871,-2.4375,0.25,0.1875,-2.0625,-0.0625,-0.585938,-0.078125,-1.875,-0.4375,0,-2,0.0625,-0.742188,0.214844,0.151004,0.166011,-0.0629419,-0.0259111,0.535803,-0.018824,0.182715,-0.136865,0.0305335,0.160635,0.722094,0.151365,0.0106064,0.0806989,-0.963992,-0.268015,0.0752609,0.0784967,-0.479824,-0.0036432,-0.577789,-0.111981,-0.263941,-0.0395479,-0.0859988,-0.553959,0.238007,-0.780336,0.198374
67.66,-0.100533,-0.00182373,0.000629419,0.300081,-0.213517,0.000676047,-0.103211,0.00171295,-0.00056246,0.298078,-0.217967,-0.00309105,0.000227662,-0.000143404,0.00320714,0.00286423,-0.000587227,-0.00156993,0.00970722,-4.79369e-05,0.0294218,0.00559136,0.0025047,0.000383495,0.00195343,0.0108457,-0.0119003,0.0387714,-0.00951835,-0.1,0,0,0.3,-0.2,0,-0.1,0,0,0.3,-0.2,0,0,0,0,0,0,0,0,0,0,0,0,0,0,0,0,0,0,1.11861,3.16406,-1.06268,0.0878906,9.73715,-0.949998,5.98455,-3.60352,1.34233,7.03125,14.0799,2.89159,0,0.148858,-6.30092,-2.4375,0.3125,0.1875,-2.0625,-0.125,-0.605469,-0.0683594,-1.8125,-0.4375,0,-2,0.0625,-0.742188,0.214844,0.0995786,0.159466,-0.109224,0.129702,0.543935,-0.0105612,0.465124,-0.184384,0.056246,0.37011,0.713805,0.142873,-0.0837261,0.0517161,-0.975084,-0.298695,0.0556547,0.0447491,-0.497633,0.0040267,-0.574691,-0.108882,-0.219791,-0.0199418,-0.0915355,-0.55149,0.248745,-0.789172,0.196258
67.72,-0.100493,-0.00182373,0.000642811,0.300072,-0.213513,0.000683207,-0.103252,0.0016959,-0.00056246,0.298112,-0.217972,-0.00308389,0.000227662,-0.000143404,0.00320714,0.00286423,-0.000587227,-0.00156993,0.00970722,-2.39685e-05,0.0294294,0.00559903,0.0025047,0.000371511,0.00200137,0.0108457,-0.0119123,0.0387637,-0.00952602,-0.1,0,0,0.3,-0.2,0,-0.1,0,0,0.3,-0.2,0,0,0,0,0,0,0,0,0,0,0,0,0,0,0,0,0,0,0.950817,3.25195,-0.950817,0.263672,9.64884,-1.00233,8.55735,-3.60352,1.2864,5.88867,14.1685,2.94405,-0.559304,0.0992388,-6.37871,-2.4375,0.3125,0.1875,-2.0625,-0.0625,-0.585938,-0.0976562,-1.875,-0.5,0.0625,-2,0.0625,-0.751953,0.214844,0.0338507,0.169283,-0.0642811,0.0818934,0.524236,-0.0493437,0.371434,-0.146683,0.056246,0.245004,0.718856,0.134335,-0.0477287,0.0575126,-0.971387,-0.286423,0.0433829,0.0754287,-0.439342,0.00661529,-0.58957,-0.124743,-0.275014,-0.0371511,-0.0816605,-0.56683,0.253586,-0.777237,0.195429
67.76,-0.100506,-0.00184078,0.000656203,0.300064,-0.213508,0.000690368,-0.103171,0.0016959,-0.000549068,0.298121,-0.217972,-0.00308389,0.000227662,-0.000143404,0.00320714,0.00285225,-0.000587227,-0.0015939,0.00971921,-4.79369e-05,0.0294218,0.00559136,0.00251669,0.000419448,0.0020493,0.0108337,-0.0119123,0.0387637,-0.00951835,-0.1,0,0,0.3,-0.2,0,-0.1,0,0,0.3,-0.2,0,0,0,0,0,0,0,0,0,0,0,0,0,0,0,0,0,0,0.783026,3.25195,-1.11861,0,9.56017,-0.949872,5.76083,-3.51562,1.34233,6.5918,14.0799,2.89159,-0.447443,0.0496194,-6.30092,-2.4375,0.3125,0.1875,-2,-0.0625,-0.585938,-0.078125,-1.875,-0.4375,0,-2,0.0625,-0.751953,0.214844,0.0454753,0.256073,-0.0861902,0.0613553,0.528959,-0.0249091,0.116559,-0.133593,-0.0325155,0.281905,0.710744,0.115149,0.055121,0.0430213,-0.962143,-0.285225,0.0832664,0.0582194,-0.476756,0.0147646,-0.584508,-0.112809,-0.267009,-0.0511487,-0.120873,-0.538619,0.224441,-0.777237,0.18644
67.82,-0.100546,-0.00181521,0.000629419,0.300081,-0.213517,0.000676047,-0.103225,0.0016959,-0.000575852,0.298095,-0.217967,-0.00309105,0.000200878,-0.000158499,0.00319752,0.00286423,-0.000575243,-0.00156993,0.00971921,-5.99211e-05,0.0294141,0.0056067,0.00251669,0.000371511,0.00194144,0.0108457,-0.0118884,0.0387637,-0.00952602,-0.1,0,0,0.3,-0.2,0,-0.1,0,0,0.3,-0.2,0,0,0,0,0,0,0,0,0,0,0,0,0,0,0,0,0,0,1.11861,3.42773,-1.23047,-0.791016,9.64884,-1.00233,5.87269,-3.60352,1.73384,6.06445,14.0802,2.99638,-0.559304,0.198478,-6.22313,-2.4375,0.3125,0.1875,-2.0625,-0.125,-0.605469,-0.078125,-1.875,-0.4375,0,-1.9375,0.125,-0.732422,0.214844,0.0700626,0.168431,-0.0577994,-0.0284682,0.530937,-0.00511628,0.0962036,-0.1565,0.0421577,0.362098,0.695907,0.173129,-0.0191236,0.0852274,-0.953709,-0.295627,0.0544563,0.0846326,-0.495164,0.0165382,-0.573555,-0.129805,-0.276212,-0.0248793,-0.0786645,-0.523878,0.220893,-0.768402,0.196411
67.86,-0.10052,-0.00182373,0.000642811,0.300115,-0.213513,0.000683207,-0.103292,0.0016959,-0.000549068,0.298121,-0.217967,-0.00309105,0.000160703,-0.000158499,0.00319752,0.00287621,-0.000587227,-0.00156993,0.00971921,-4.79369e-05,0.0294218,0.00559903,0.0025047,0.000383495,0.00200137,0.0108337,-0.0119123,0.0387714,-0.00953369,-0.1,0,0,0.3,-0.2,0,-0.1,0,0,0.3,-0.2,0,0,0,0,0,0,0,0,0,0,0,0,0,0,0,0,0,0,0.503374,3.33984,-1.34233,0.0878906,9.73715,-0.949998,6.432,-3.60352,1.17454,5.71289,13.9915,2.94392,0.167791,0.0496194,-6.4565,-2.4375,0.3125,0.1875,-2.0625,-0.0625,-0.585938,-0.0683594,-1.875,-0.4375,0,-2,0.0625,-0.742188,0.214844,0.0468141,0.195463,-0.131133,-0.0826696,0.542126,-0.0300676,0.432019,-0.16959,0.0394793,0.254634,0.697534,0.170378,0.106064,0.0417532,-0.955557,-0.290689,0.0709945,0.0600889,-0.507436,-0.000575243,-0.580581,-0.111981,-0.247402,-0.00766991,-0.139952,-0.557027,0.24745,-0.790154,0.19951
67.92,-0.100533,-0.00182373,0.000629419,0.300072,-0.213508,0.000690368,-0.103278,0.0016959,-0.00056246,0.298078,-0.217976,-0.00309102,0.000294622,-0.000135857,0.00320233,0.00286423,-0.000575243,-0.00153398,0.00971921,-3.59527e-05,0.0294218,0.00559136,0.0025047,0.000395479,0.00198938,0.0108457,-0.0119003,0.0387637,-0.00952602,-0.1,0,0,0.3,-0.2,0,-0.1,0,0,0.3,-0.2,0,0,0,0,0,0,0,0,0,0,0,0,0,0,0,0,0,0,1.00675,3.16406,-1.34233,-0.791016,9.64848,-0.897543,6.93537,-3.60352,1.34233,6.06445,13.9915,2.94392,-0.838956,0.148858,-6.4565,-2.4375,0.25,0.1875,-2.0625,-0.0625,-0.585938,-0.078125,-1.875,-0.4375,0,-2,0.125,-0.742188,0.214844,0.0378688,0.152921,-0.104082,0.0437144,0.537107,0.00531295,0.147843,-0.166318,0.0665309,0.30466,0.70275,0.167616,-0.0369616,0.0552484,-0.969943,-0.271083,0.0483204,0.0460194,-0.507436,0.00685498,-0.583526,-0.111827,-0.256606,-0.0303441,-0.139353,-0.545354,0.256414,-0.77331,0.196411
67.96,-0.100533,-0.00184078,0.000656203,0.300021,-0.213513,0.000683207,-0.103265,0.00171295,-0.00056246,0.298104,-0.217976,-0.00309102,0.000200878,-0.000135857,0.00321196,0.00287621,-0.000587227,-0.00156993,0.00970722,-3.59527e-05,0.0294218,0.00558369,0.00251669,0.000383495,0.00198938,0.0108337,-0.0119243,0.038756,-0.00951835,-0.1,0,0,0.3,-0.2,0,-0.1,0,0,0.3,-0.2,0,0,0,0,0,0,0,0,0,0,0,0,0,0,0,0,0,0,1.00675,3.25195,-1.39826,-0.263672,9.73715,-0.949998,6.09641,-3.60352,1.2864,6.41602,14.1685,2.94405,0,0.198478,-6.37871,-2.4375,0.3125,0.1875,-2.0625,0,-0.605469,-0.078125,-1.875,-0.4375,0,-2,0.0625,-0.742188,0.214844,0.0532962,0.220075,-0.0964752,0.00774777,0.538888,-0.0136094,0.32649,-0.200747,0.0511035,0.284462,0.720648,0.13736,-0.0962609,0.0668415,-0.976529,-0.269214,0.0556547,0.0723607,-0.476157,0.0129909,-0.587453,-0.10971,-0.27928,-0.0475534,-0.0933331,-0.541687,0.23235,-0.761376,0.187422
68.02,-0.100506,-0.00184078,0.000656203,0.300072,-0.213517,0.000676047,-0.103265,0.0016959,-0.000602635,0.298112,-0.217963,-0.00308392,0.000200878,-0.000143404,0.00320714,0.00286423,-0.000587227,-0.00156993,0.00970722,-3.59527e-05,0.0294371,0.00559903,0.00251669,0.000407464,0.00202533,0.0108337,-0.0119003,0.0387637,-0.00951835,-0.1,0,0,0.3,-0.2,0,-0.1,0,0,0.3,-0.2,0,0,0,0,0,0,0,0,0,0,0,0,0,0,0,0,0,0,0.671165,3.25195,-1.06268,0.0878906,9.73715,-0.949998,7.15909,-3.51562,1.23047,6.5918,14.1685,2.94405,-0.838956,0.0992388,-6.22313,-2.4375,0.3125,0.1875,-2.125,-0.0625,-0.605469,-0.0976562,-1.875,-0.5,0,-2,0.0625,-0.742188,0.214844,0.0146203,0.184078,-0.0656203,0.0873476,0.543927,-0.0215408,0.208213,-0.13032,0.0139811,0.321362,0.703885,0.142622,-0.0139811,0.0343264,-0.956597,-0.271083,0.0617907,0.0631569,-0.519109,0.00378702,-0.591687,-0.130634,-0.257805,-0.0499503,-0.110471,-0.560095,0.234939,-0.771347,0.187422
68.06,-0.100479,-0.00182373,0.000656203,0.300055,-0.213517,0.000676047,-0.103332,0.0016959,-0.00056246,0.298138,-0.217972,-0.00308389,0.000200878,-0.000158499,0.00319752,0.00287621,-0.000575243,-0.0015939,0.00970722,-4.79369e-05,0.0294218,0.00559136,0.00251669,0.000395479,0.00195343,0.0108337,-0.0119003,0.038756,-0.00952602,-0.1,0,0,0.3,-0.2,0,-0.1,0,0,0.3,-0.2,0,0,0,0,0,0,0,0,0,0,0,0,0,0,0,0,0,0,0.894886,3.42773,-1.06268,0.0878906,9.73715,-0.949998,7.32688,-3.60352,1.2864,5.625,14.1685,2.94405,-0.559304,0.148858,-6.4565,-2.4375,0.3125,0.1875,-2.0625,-0.0625,-0.585938,-0.0976562,-1.875,-0.4375,0,-2,0.0625,-0.742188,0.195312,0.00165688,0.205281,-0.101618,-0.0900869,0.535803,-0.018824,0.302331,-0.1565,0.0613885,0.279348,0.713963,0.159056,-0.0139811,0.0794308,-0.953709,-0.281485,0.0575243,0.0643553,-0.466953,-0.000575243,-0.578618,-0.127535,-0.267009,-0.033412,-0.0761957,-0.553959,0.242609,-0.762358,0.194447
68.12,-0.100546,-0.00182373,0.000642811,0.30003,-0.213517,0.000676047,-0.103252,0.00168738,-0.00056246,0.298121,-0.217967,-0.00309105,0.000187487,-0.000143404,0.00320714,0.00286423,-0.000587227,-0.0015939,0.00970722,-4.79369e-05,0.0294294,0.00559136,0.0025047,0.000383495,0.00196541,0.0108218,-0.0119123,0.0387714,-0.00951835,-0.1,0,0,0.3,-0.2,0,-0.1,0,0,0.3,-0.2,0,0,0,0,0,0,0,0,0,0,0,0,0,0,0,0,0,0,0.671165,3.25195,-1.11861,0,9.56017,-0.949872,7.83026,-3.7793,1.17454,6.50391,14.2568,2.89172,-0.503374,0.0496194,-6.14534,-2.4375,0.3125,0.1875,-2.0625,-0.0625,-0.605469,-0.078125,-1.875,-0.4375,0,-2,0.0625,-0.742188,0.224609,0.178055,0.162738,-0.0437111,0.121006,0.539049,-0.0243026,0.402289,-0.126195,-0.000321407,0.243726,0.7317,0.118107,0.0568888,0.0314282,-0.947353,-0.274151,0.0771305,0.0704912,-0.479225,0.00249272,-0.593497,-0.111827,-0.232063,-0.0322136,-0.0982706,-0.541088,0.245916,-0.785245,0.196258
68.16,-0.100479,-0.00182373,0.000642811,0.300064,-0.213508,0.000661784,-0.103292,0.0016959,-0.00056246,0.298104,-0.217976,-0.00309102,0.000227662,-0.000150952,0.00321196,0.00286423,-0.000587227,-0.00158192,0.00970722,-8.38896e-05,0.0294218,0.00558369,0.0025047,0.000407464,0.00195343,0.0108457,-0.0119123,0.0387714,-0.00953369,-0.1,0,0,0.3,-0.2,0,-0.1,0,0,0.3,-0.2,0,0,0,0,0,0,0,0,0,0,0,0,0,0,0,0,0,0,0.503374,3.16406,-1.17454,-0.527344,9.64884,-1.00233,6.15234,-3.51562,1.34233,6.50391,14.0802,2.99638,-0.559304,0.148858,-6.30092,-2.4375,0.3125,0.1875,-2.125,-0.0625,-0.605469,-0.078125,-1.875,-0.4375,0,-1.9375,0.0625,-0.742188,0.214844,-0.039483,0.179101,-0.0539961,0.0395387,0.537096,-0.0100131,0.478301,-0.14341,0.056246,0.284462,0.735265,0.151034,-0.104296,0.0568787,-0.985772,-0.286423,0.0679266,0.0790959,-0.497633,0.00474575,-0.576654,-0.0979293,-0.25047,-0.0254066,-0.0976714,-0.533082,0.23978,-0.779354,0.198528
68.22,-0.100533,-0.00183225,0.000656203,0.300047,-0.213508,0.000690368,-0.103278,0.00171295,-0.00056246,0.298163,-0.217972,-0.00309818,0.000267838,-0.000143404,0.00320714,0.00285225,-0.000587227,-0.00156993,0.00971921,-2.39685e-05,0.0294218,0.00558369,0.00251669,0.000395479,0.00200137,0.0108337,-0.0119123,0.0387867,-0.00952602,-0.1,0,0,0.3,-0.2,0,-0.1,0,0,0.3,-0.2,0,0,0,0,0,0,0,0,0,0,0,0,0,0,0,0,0,0,1.06268,3.33984,-1.06268,-0.175781,9.64848,-0.897543,6.87944,-3.7793,1.2864,5.53711,14.1685,2.94405,-0.559304,0.148858,-6.30092,-2.4375,0.3125,0.1875,-2.125,0,-0.585938,-0.078125,-1.875,-0.4375,0,-2,0.0625,-0.742188,0.224609,0.156146,0.179953,-0.10676,0.0202747,0.538718,-0.0138958,0.518102,-0.158205,0.056246,0.330054,0.712347,0.145909,-0.034069,0.0633092,-0.975084,-0.260681,0.0556547,0.11838,-0.513572,0.00661529,-0.576654,-0.106765,-0.251669,-0.0426159,-0.0785926,-0.569299,0.245916,-0.795369,0.205247
68.26,-0.10052,-0.00183225,0.000629419,0.300081,-0.213513,0.000683207,-0.103198,0.00170442,-0.000535676,0.298087,-0.217967,-0.00307676,0.000227662,-0.000143404,0.00320714,0.00286423,-0.000587227,-0.00153398,0.00970722,-1.19842e-05,0.0294218,0.00558369,0.0025047,0.000407464,0.00198938,0.0108457,-0.0119003,0.038756,-0.00952602,-0.1,0,0,0.3,-0.2,0,-0.1,0,0,0.3,-0.2,0,0,0,0,0,0,0,0,0,0,0,0,0,0,0,0,0,0,1.17454,3.33984,-0.950817,-0.615234,9.73715,-0.949998,7.10316,-3.51562,1.17454,6.50391,14.1685,2.94405,-0.615234,0.148858,-6.30092,-2.4375,0.3125,0.1875,-2.0625,0,-0.605469,-0.0683594,-1.875,-0.375,0,-2,0.0625,-0.732422,0.214844,0.0776691,0.18977,-0.0372295,0.00971091,0.550246,-0.0382742,0.252942,-0.163897,0.0535676,0.287019,0.694288,0.164328,-0.0682987,0.0488178,-0.954748,-0.271083,0.0740625,0.0398835,-0.485361,0.00944357,-0.584508,-0.0979293,-0.259674,-0.0284745,-0.0994691,-0.563762,0.242609,-0.766285,0.192484
68.32,-0.100479,-0.00182373,0.000656203,0.300098,-0.213513,0.000683207,-0.103359,0.0016959,-0.000549068,0.298104,-0.217972,-0.00309818,0.000227662,-0.000143404,0.00320714,0.00285225,-0.000575243,-0.00158192,0.00970722,-1.19842e-05,0.0294218,0.00559136,0.00251669,0.000419448,0.00200137,0.0108218,-0.0119123,0.0387637,-0.00952602,-0.1,0,0,0.3,-0.2,0,-0.1,0,0,0.3,-0.2,0,0,0,0,0,0,0,0,0,0,0,0,0,0,0,0,0,0,0.279652,3.16406,-1.23047,-0.439453,9.73715,-0.949998,8.61328,-3.60352,1.23047,5.80078,14.0799,2.89159,-0.727095,0.198478,-6.22313,-2.4375,0.3125,0.1875,-2.0625,-0.125,-0.585938,-0.078125,-1.875,-0.4375,0,-2,0.125,-0.742188,0.214844,-0.152618,0.182373,-0.16847,-0.123746,0.537261,-0.0163599,0.515852,-0.133593,-0.027373,0.273553,0.699338,0.156934,0.0191236,0.0691058,-0.9529,-0.272953,0.0544563,0.0821638,-0.463885,-0.00589624,-0.576654,-0.123608,-0.257805,-0.0450128,-0.100068,-0.53802,0.264324,-0.772329,0.197393
68.36,-0.100493,-0.0018493,0.000629419,0.300081,-0.213513,0.000683207,-0.103318,0.00170442,-0.00056246,0.298121,-0.217976,-0.00309102,0.000267838,-0.000135857,0.00320233,0.00287621,-0.000575243,-0.00155795,0.00973119,-2.39685e-05,0.0294218,0.00559136,0.00251669,0.000407464,0.00198938,0.0108457,-0.0119003,0.0387637,-0.00953369,-0.1,0,0,0.3,-0.2,0,-0.1,0,0,0.3,-0.2,0,0,0,0,0,0,0,0,0,0,0,0,0,0,0,0,0,0,0.671165,3.25195,-1.23047,-0.263672,9.73715,-0.949998,8.05398,-3.51562,1.11861,5.625,14.0799,2.89159,-0.335582,0.0992388,-6.22313,-2.4375,0.25,0.1875,-2.0625,-0.0625,-0.605469,-0.078125,-1.875,-0.4375,0,-2,0.0625,-0.732422,0.214844,0.0287082,0.19802,-0.0680844,0.0151651,0.540507,-0.0218385,0.31642,-0.14099,0.0408185,0.292813,0.728784,0.123607,-0.023784,0.0552484,-0.951455,-0.299893,0.0575243,0.0472178,-0.498831,0.0127512,-0.575672,-0.111827,-0.260873,-0.0560862,-0.102537,-0.576034,0.224201,-0.771347,0.208345
68.42,-0.100533,-0.00182373,0.000669595,0.300064,-0.213517,0.000676047,-0.103185,0.00171295,-0.000575852,0.298078,-0.217972,-0.00309818,0.000187487,-0.000143404,0.00319752,0.00287621,-0.000575243,-0.00156993,0.00970722,-5.99211e-05,0.0294218,0.00559136,0.00251669,0.000407464,0.00201335,0.0108457,-0.0119243,0.038779,-0.00951835,-0.1,0,0,0.3,-0.2,0,-0.1,0,0,0.3,-0.2,0,0,0,0,0,0,0,0,0,0,0,0,0,0,0,0,0,0,0.783026,3.51562,-1.39826,-0.527344,9.73715,-0.949998,6.37607,-3.60352,1.62198,5.97656,14.1685,2.94405,-0.503374,0.148858,-6.4565,-2.4375,0.3125,0.1875,-2.0625,-0.0625,-0.605469,-0.078125,-1.875,-0.4375,0,-2,0.0625,-0.732422,0.214844,0.0790087,0.175828,-0.138954,0.0559012,0.540688,-0.0050826,0.195036,-0.204019,0.124437,0.402834,0.725353,0.140374,-0.056246,0.0633092,-0.946314,-0.306029,0.0329806,0.0784967,-0.479225,0.0119363,-0.584508,-0.111827,-0.267009,-0.0100668,-0.122143,-0.560694,0.233884,-0.778526,0.187422
68.46,-0.100546,-0.00182373,0.000656203,0.300106,-0.213508,0.000690368,-0.103305,0.0016959,-0.00056246,0.298112,-0.217976,-0.00309102,0.000187487,-0.000158499,0.00319752,0.00285225,-0.000587227,-0.00156993,0.00970722,-3.59527e-05,0.0294218,0.00558369,0.00251669,0.000395479,0.0019774,0.0108337,-0.0119363,0.0387714,-0.00951835,-0.1,0,0,0.3,-0.2,0,-0.1,0,0,0.3,-0.2,0,0,0,0,0,0,0,0,0,0,0,0,0,0,0,0,0,0,0.950817,3.25195,-1.23047,-0.791016,9.73715,-0.949998,7.49467,-3.7793,1.45419,5.36133,13.9032,2.99625,-0.335582,0.148858,-6.4565,-2.4375,0.25,0.1875,-2.0625,-0.0625,-0.605469,-0.078125,-1.875,-0.5,0.0625,-2,0.0625,-0.742188,0.224609,0.00835271,0.179101,-0.153043,0.0222378,0.533841,-0.0166575,0.592775,-0.179408,0.107671,0.294091,0.69463,0.159409,0.0517463,0.0649395,-0.959255,-0.269885,0.0771305,0.0999724,-0.491497,0.00685498,-0.58549,-0.0998928,-0.251669,-0.0242081,-0.0804621,-0.547823,0.249464,-0.785245,0.190367
68.52,-0.100479,-0.00182373,0.000629419,0.300149,-0.213513,0.000683207,-0.103332,0.0016959,-0.00056246,0.298121,-0.217972,-0.00308389,0.00021427,-0.000158499,0.00319752,0.00287621,-0.000587227,-0.00158192,0.00971921,-4.79369e-05,0.0294294,0.0056067,0.00249272,0.000395479,0.00201335,0.0108457,-0.0118884,0.038756,-0.00952602,-0.1,0,0,0.3,-0.2,0,-0.1,0,0,0.3,-0.2,0,0,0,0,0,0,0,0,0,0,0,0,0,0,0,0,0,0,1.00675,3.16406,-1.17454,-0.878906,9.64884,-1.00233,6.15234,-3.51562,1.17454,5.53711,14.1685,2.94405,-1.06268,0.198478,-6.37871,-2.375,0.25,0.1875,-2.0625,-0.0625,-0.605469,-0.0683594,-1.875,-0.375,0,-2,0.125,-0.742188,0.214844,-0.0189131,0.175828,-0.104082,0.043116,0.537237,-0.0492988,0.569741,-0.163045,0.00482108,0.24918,0.720487,0.126095,-0.00257124,0.0823291,-0.95186,-0.26001,0.0587227,0.069892,-0.476756,-0.0036432,-0.594479,-0.119006,-0.255408,-0.0303441,-0.116007,-0.56683,0.234699,-0.781011,0.198374
68.58,-0.100479,-0.00183225,0.000656203,0.300064,-0.213517,0.000676047,-0.103399,0.0016959,-0.000535676,0.298112,-0.217972,-0.00308389,0.000187487,-0.000143404,0.00320714,0.00286423,-0.000587227,-0.00158192,0.00970722,-5.99211e-05,0.0294218,0.00559136,0.0025047,0.000395479,0.00198938,0.0108337,-0.0119243,0.0387714,-0.00951835,-0.1,0,0,0.3,-0.2,0,-0.1,0,0,0.3,-0.2,0,0,0,0,0,0,0,0,0,0,0,0,0,0,0,0,0,0,0.783026,3.16406,-1.11861,-0.439453,9.56017,-0.949872,7.43874,-3.60352,1.34233,6.32812,14.0799,2.89159,-0.111861,0.0992388,-6.37871,-2.4375,0.25,0.1875,-2.0625,-0.0625,-0.605469,-0.078125,-1.875,-0.5,0,-2,0.125,-0.732422,0.214844,0.0273693,0.170136,-0.0399078,-0.0368194,0.534188,-0.00510506,0.56101,-0.172863,0.0484251,0.23955,0.71886,0.128845,-0.0408185,0.0488178,-0.969538,-0.286423,0.0495188,0.0514842,-0.494565,0.00119842,-0.583526,-0.1079,-0.256606,-0.0456839,-0.0749254,-0.538619,0.223146,-0.793099,0.188404
68.62,-0.100506,-0.00181521,0.000642811,0.300098,-0.213513,0.000683207,-0.103305,0.0016959,-0.000522284,0.298104,-0.217976,-0.00309102,0.000267838,-0.000143404,0.00320714,0.00286423,-0.000587227,-0.00158192,0.00971921,-2.39685e-05,0.0294141,0.00557602,0.00251669,0.000371511,0.00202533,0.0108337,-0.0119243,0.038756,-0.00952602,-0.1,0,0,0.3,-0.2,0,-0.1,0,0,0.3,-0.2,0,0,0,0,0,0,0,0,0,0,0,0,0,0,0,0,0,0,0.838956,3.42773,-1.11861,-0.351562,9.64848,-0.897543,6.32014,-3.60352,1.51012,5.97656,14.0799,2.89159,-1.06268,0.198478,-6.22313,-2.4375,0.25,0.1875,-2.0625,-0.0625,-0.605469,-0.078125,-1.875,-0.4375,0,-1.9375,0.0625,-0.742188,0.214844,0.0300478,0.181521,-0.120848,0.0889662,0.537261,-0.0163599,0.459071,-0.159773,0.0368009,0.437178,0.719033,0.123641,-0.0957788,0.0517161,-0.956597,-0.264947,0.0587227,0.0637561,-0.48596,0.00508131,-0.586318,-0.0909037,-0.276212,-0.0156754,-0.110471,-0.523279,0.246156,-0.760394,0.197393
68.68,-0.100506,-0.00182373,0.000642811,0.300098,-0.213517,0.000676047,-0.103211,0.00170442,-0.000575852,0.298112,-0.217976,-0.00309102,0.000254446,-0.000143404,0.00320714,0.00285225,-0.000587227,-0.00154597,0.00970722,-4.79369e-05,0.0294294,0.0056067,0.00251669,0.000395479,0.00198938,0.0108337,-0.0119123,0.038756,-0.00951835,-0.1,0,0,0.3,-0.2,0,-0.1,0,0,0.3,-0.2,0,0,0,0,0,0,0,0,0,0,0,0,0,0,0,0,0,0,1.06268,3.42773,-1.2864,-0.703125,9.73715,-0.949998,7.88619,-3.42773,1.06268,5.71289,14.0799,2.89159,-0.279652,0.0496194,-6.30092,-2.4375,0.25,0.1875,-2.125,-0.0625,-0.605469,-0.0683594,-1.875,-0.4375,0,-2,0.125,-0.732422,0.214844,-0.0213771,0.195463,-0.095136,0.0453329,0.545546,-0.0297699,0.249139,-0.14099,0.103868,0.272275,0.719013,0.15109,-0.0814763,0.0459195,-0.963992,-0.285225,0.0709945,0.0312788,-0.491497,0.0116966,-0.594479,-0.129805,-0.242465,-0.0395479,-0.130149,-0.538619,0.219839,-0.765303,0.188404
68.72,-0.100506,-0.00184078,0.000642811,0.300038,-0.213513,0.000683207,-0.103278,0.00170442,-0.000549068,0.298087,-0.217967,-0.00309105,0.000174095,-0.000135857,0.00321196,0.00285225,-0.000599211,-0.00156993,0.00970722,-4.79369e-05,0.0294294,0.00559136,0.00251669,0.000383495,0.0019774,0.0108457,-0.0119123,0.038779,-0.00951835,-0.1,0,0,0.3,-0.2,0,-0.1,0,0,0.3,-0.2,0,0,0,0,0,0,0,0,0,0,0,0,0,0,0,0,0,0,0.894886,3.25195,-1.06268,-0.175781,9.73715,-0.949998,7.99805,-3.60352,1.39826,5.97656,14.0799,2.89159,0.223722,0.148858,-6.30092,-2.4375,0.25,0.1875,-2.0625,-0.125,-0.605469,-0.0976562,-1.875,-0.4375,0,-2,0.0625,-0.742188,0.214844,0.0711877,0.206985,-0.100279,-0.103892,0.55187,-0.0410135,0.3484,-0.137717,-0.0325155,0.270656,0.70405,0.148397,0.143186,0.0465535,-0.948798,-0.269885,0.0568532,0.0600889,-0.466953,0.00709466,-0.594479,-0.115754,-0.260873,-0.0138058,-0.108074,-0.542286,0.229043,-0.784416,0.189385
68.78,-0.100546,-0.00182373,0.000642811,0.300064,-0.213508,0.000690368,-0.103332,0.0016959,-0.000549068,0.29807,-0.217972,-0.00309818,0.000227662,-0.000143404,0.00320714,0.00286423,-0.000575243,-0.00156993,0.00973119,-3.59527e-05,0.0294218,0.00559136,0.00249272,0.000395479,0.00202533,0.0108218,-0.0119123,0.0387637,-0.00951835,-0.1,0,0,0.3,-0.2,0,-0.1,0,0,0.3,-0.2,0,0,0,0,0,0,0,0,0,0,0,0,0,0,0,0,0,0,1.06268,3.33984,-1.06268,0.439453,9.73715,-0.949998,6.82351,-3.60352,1.23047,7.38281,14.1685,2.94405,-0.559304,0.148858,-6.4565,-2.4375,0.25,0.1875,-2.0625,-0.0625,-0.605469,-0.078125,-1.875,-0.4375,0,-2,0.0625,-0.742188,0.214844,0.0186377,0.162738,-0.0334262,0.0286304,0.538714,-0.0193856,0.523458,-0.185953,0.00348189,0.442292,0.709097,0.14592,-0.0323013,0.0517161,-0.967689,-0.283355,0.0667282,0.0784967,-0.480424,0.00992294,-0.58549,-0.1079,-0.25234,-0.0272761,-0.104335,-0.541088,0.23211,-0.775274,0.179568
68.82,-0.100533,-0.00183225,0.000656203,0.300064,-0.213513,0.000683207,-0.103278,0.00170442,-0.000549068,0.298104,-0.217972,-0.00309818,0.000241054,-0.000150952,0.00321196,0.00286423,-0.000587227,-0.00156993,0.00971921,-2.39685e-05,0.0294218,0.00559903,0.0025047,0.000395479,0.00203732,0.0108337,-0.0119123,0.0387637,-0.00953369,-0.1,0,0,0.3,-0.2,0,-0.1,0,0,0.3,-0.2,0,0,0,0,0,0,0,0,0,0,0,0,0,0,0,0,0,0,0.894886,3.16406,-1.00675,-0.703125,9.64884,-1.00233,6.15234,-3.86719,1.17454,6.5918,14.0799,2.89159,-0.894886,0.148858,-6.30092,-2.375,0.3125,0.1875,-2.125,-0.0625,-0.585938,-0.078125,-1.875,-0.4375,0.0625,-2,0.0625,-0.742188,0.214844,0.0481538,0.163591,-0.0656203,-0.0368194,0.522628,-0.0246451,0.45125,-0.209712,0.00348189,0.333549,0.710724,0.14317,0.045961,0.091658,-0.970983,-0.298695,0.0679266,0.0692928,-0.51664,0.00968325,-0.583526,-0.125725,-0.241266,-0.0211402,-0.123342,-0.553959,0.245916,-0.772329,0.198528
68.88,-0.10052,-0.00181521,0.000656203,0.300123,-0.213513,0.000683207,-0.103185,0.0016959,-0.000549068,0.298104,-0.217976,-0.00309102,0.000294622,-0.000135857,0.00321196,0.00286423,-0.000563259,-0.00156993,0.00973119,-2.39685e-05,0.0294294,0.00559136,0.00251669,0.000395479,0.0019774,0.0108457,-0.0119123,0.0387637,-0.00951835,-0.1,0,0,0.3,-0.2,0,-0.1,0,0,0.3,-0.2,0,0,0,0,0,0,0,0,0,0,0,0,0,0,0,0,0,0,1.06268,3.25195,-1.56605,-0.439453,9.73715,-0.949998,6.48793,-3.7793,1.2864,6.06445,13.9915,2.94392,-0.447443,0.148858,-6.14534,-2.4375,0.25,0.1875,-2,-0.125,-0.605469,-0.078125,-1.875,-0.4375,0,-1.9375,0.0625,-0.742188,0.214844,0.0570991,0.135706,-0.10676,-0.0130441,0.538884,-0.0190992,0.189893,-0.176135,-0.00680308,0.36082,0.702762,0.151146,-0.093529,0.0378587,-0.950647,-0.286423,0.044054,0.0754287,-0.47122,-0.0133265,-0.600369,-0.105937,-0.257805,-0.033412,-0.101938,-0.517742,0.218305,-0.779201,0.187422
68.92,-0.100533,-0.00183225,0.000629419,0.300081,-0.213513,0.000683207,-0.103278,0.0016959,-0.00056246,0.298112,-0.217976,-0.00309102,0.000227662,-0.000143404,0.00320714,0.00285225,-0.000575243,-0.00158192,0.00971921,-7.19053e-05,0.0294141,0.00559136,0.00251669,0.000407464,0.00200137,0.0108337,-0.0119003,0.038756,-0.00952602,-0.1,0,0,0.3,-0.2,0,-0.1,0,0,0.3,-0.2,0,0,0,0,0,0,0,0,0,0,0,0,0,0,0,0,0,0,0.950817,3.16406,-1.23047,-0.527344,9.73715,-0.949998,5.98455,-3.42773,1.23047,6.41602,13.9915,2.94392,-0.279652,0.198478,-6.22313,-2.4375,0.3125,0.1875,-2.0625,-0.125,-0.585938,-0.0683594,-1.875,-0.4375,0,-2,0.125,-0.742188,0.214844,0.0275838,0.18977,-0.021802,0.0424358,0.54213,-0.0245778,0.605524,-0.14341,0.056246,0.408629,0.714144,0.142872,-0.0168738,0.0604109,-0.954748,-0.29136,0.0636602,0.07296,-0.482892,-0.00162985,-0.57061,-0.108882,-0.270077,-0.0560862,-0.100068,-0.563163,0.238007,-0.76334,0.198374
68.98,-0.100533,-0.00183225,0.000629419,0.30003,-0.213513,0.000683207,-0.103252,0.00171295,-0.00056246,0.298138,-0.217959,-0.00309108,0.000267838,-0.000143404,0.00321677,0.00286423,-0.000587227,-0.00158192,0.00971921,-7.19053e-05,0.0294294,0.00559903,0.00251669,0.000395479,0.00198938,0.0108457,-0.0119123,0.0387637,-0.00952602,-0.1,0,0,0.3,-0.2,0,-0.1,0,0,0.3,-0.2,0,0,0,0,0,0,0,0,0,0,0,0,0,0,0,0,0,0,1.2864,3.25195,-1.06268,0,9.64884,-1.00233,7.32688,-3.7793,1.23047,5.36133,14.2568,2.89172,-1.00675,0.148858,-6.30092,-2.4375,0.25,0.1875,-2.0625,-0.125,-0.585938,-0.078125,-1.875,-0.4375,0,-2,0.0625,-0.742188,0.214844,0.0944361,0.157046,-0.0629419,0.0391942,0.542126,-0.0300676,0.098882,-0.184384,0.045961,0.268439,0.710216,0.142886,-0.183201,0.0778006,-0.979822,-0.283355,0.0771305,0.0944357,-0.489028,0.00450607,-0.585643,-0.115908,-0.260873,-0.0150042,-0.0871972,-0.55149,0.250518,-0.776256,0.199356
69.02,-0.100479,-0.00182373,0.000616027,0.300064,-0.213517,0.000676047,-0.103332,0.0016959,-0.00056246,0.298121,-0.217972,-0.00309818,0.000200878,-0.000143404,0.00321677,0.00286423,-0.000587227,-0.00156993,0.00971921,-3.59527e-05,0.0294218,0.00558369,0.0025047,0.000395479,0.0019774,0.0108337,-0.0119003,0.0387637,-0.00952602,-0.1,0,0,0.3,-0.2,0,-0.1,0,0,0.3,-0.2,0,0,0,0,0,0,0,0,0,0,0,0,0,0,0,0,0,0,0.894886,3.25195,-1.06268,0,9.56017,-0.949872,7.21502,-3.51562,1.2864,6.94336,14.0799,2.89159,-0.279652,0.198478,-6.22313,-2.4375,0.25,0.1875,-2.0625,-0.0625,-0.605469,-0.078125,-1.875,-0.4375,0,-2,0.125,-0.742188,0.214844,0.109649,0.192191,-0.0616027,0.0231763,0.548812,-0.00779944,0.554313,-0.146683,0.0613885,0.292813,0.713982,0.132179,0.0682987,0.0806989,-0.966881,-0.286423,0.0679266,0.0969044,-0.461417,0.000719053,-0.58549,-0.0940024,-0.275014,-0.0456839,-0.123414,-0.560095,0.219599,-0.772329,0.188557
69.08,-0.100506,-0.00183225,0.000629419,0.300055,-0.213513,0.000683207,-0.103305,0.00170442,-0.00056246,0.298104,-0.217972,-0.00309818,0.000227662,-0.000158499,0.00321677,0.00287621,-0.000587227,-0.00158192,0.00970722,-3.59527e-05,0.0294294,0.00559136,0.00251669,0.000395479,0.00201335,0.0108457,-0.0119483,0.0387637,-0.00952602,-0.1,0,0,0.3,-0.2,0,-0.1,0,0,0.3,-0.2,0,0,0,0,0,0,0,0,0,0,0,0,0,0,0,0,0,0,1.00675,3.25195,-1.45419,-0.263672,9.73715,-0.949998,6.09641,-3.60352,1.2864,6.67969,14.1685,2.94405,-0.391513,0.148858,-6.30092,-2.375,0.3125,0.1875,-2.0625,-0.125,-0.605469,-0.078125,-1.875,-0.4375,0,-2,0.0625,-0.742188,0.214844,0.0506178,0.183225,-0.114367,0.0571752,0.529133,-0.0191329,0.423073,-0.170442,0.0511035,0.388091,0.725337,0.162334,0.0139811,0.0736343,-0.970578,-0.263078,0.0679266,0.066824,-0.473089,-0.0176887,-0.595461,-0.114772,-0.263941,-0.0395479,-0.106803,-0.563762,0.258907,-0.770365,0.197393
69.12,-0.10052,-0.00182373,0.000602635,0.300081,-0.213513,0.000683207,-0.103211,0.0016959,-0.000589243,0.298095,-0.217972,-0.00309818,0.00021427,-0.000150952,0.00320233,0.00286423,-0.000575243,-0.00156993,0.00970722,-5.99211e-05,0.0294218,0.00558369,0.0025047,0.000395479,0.00198938,0.0108457,-0.0119363,0.0387637,-0.00951835,-0.1,0,0,0.3,-0.2,0,-0.1,0,0,0.3,-0.2,0,0,0,0,0,0,0,0,0,0,0,0,0,0,0,0,0,0,1.06268,3.33984,-1.00675,-0.703125,9.64848,-0.897543,5.59304,-3.42773,1.23047,5.27344,14.0799,2.89159,-0.335582,0.0992388,-6.37871,-2.4375,0.3125,0.1875,-2.0625,-0.125,-0.605469,-0.0683594,-1.875,-0.4375,0,-2,0.0625,-0.742188,0.214844,0.0108167,0.188918,0.0168738,-0.0721014,0.538896,-0.00262973,0.202857,-0.133593,0.0949218,0.28574,0.718848,0.145887,0.0385687,0.0800649,-0.968094,-0.286423,0.0452524,0.0631569,-0.479225,-0.00340352,-0.583526,-0.0989111,-0.25047,-0.0272761,-0.111741,-0.56683,0.269405,-0.780183,0.189385
69.18,-0.100506,-0.00182373,0.000629419,0.300098,-0.213513,0.000683207,-0.103305,0.0016959,-0.000575852,0.298121,-0.217967,-0.00309105,0.000174095,-0.000143404,0.00320714,0.00284026,-0.000575243,-0.00156993,0.00970722,-5.99211e-05,0.0294294,0.00559903,0.00249272,0.000383495,0.00198938,0.0108337,-0.0119243,0.0387714,-0.00952602,-0.1,0,0,0.3,-0.2,0,-0.1,0,0,0.3,-0.2,0,0,0,0,0,0,0,0,0,0,0,0,0,0,0,0,0,0,0.838956,3.33984,-0.950817,-0.263672,9.73715,-0.949998,8.66921,-3.7793,1.39826,6.41602,14.0799,2.89159,0.335582,0.0496194,-6.4565,-2.4375,0.25,0.1875,-2.0625,-0.125,-0.605469,-0.0683594,-1.875,-0.4375,0.0625,-2,0.0625,-0.742188,0.214844,0.0197628,0.182373,-0.0886544,-0.0201169,0.535622,-0.0355799,0.633915,-0.16959,0.12958,0.238271,0.69755,0.148419,0.112331,0.0343264,-0.971387,-0.26255,0.0513884,0.0570209,-0.44241,0.0027324,-0.593497,-0.111981,-0.249272,-0.0260777,-0.0871972,-0.535551,0.250758,-0.785245,0.199356
69.22,-0.100546,-0.00182373,0.000656203,0.300064,-0.213517,0.000676047,-0.103198,0.0016959,-0.000602635,0.29807,-0.217972,-0.00308389,0.000254446,-0.000158499,0.00320714,0.00285225,-0.000599211,-0.00155795,0.00973119,-5.99211e-05,0.0294218,0.00559136,0.00251669,0.000395479,0.00200137,0.0108218,-0.0119243,0.0387637,-0.00951835,-0.1,0,0,0.3,-0.2,0,-0.1,0,0,0.3,-0.2,0,0,0,0,0,0,0,0,0,0,0,0,0,0,0,0,0,0,1.34233,3.33984,-1.11861,0.351562,9.73715,-0.949998,6.04048,-3.60352,1.23047,5.97656,13.9915,2.94392,-0.615234,0.198478,-6.37871,-2.4375,0.3125,0.1875,-2.0625,-0.0625,-0.605469,-0.078125,-1.875,-0.4375,0,-2,0.125,-0.742188,0.224609,0.0649201,0.182373,0.021802,-0.00954866,0.547177,-0.0215296,0.479212,-0.153228,0.163113,0.420475,0.707466,0.153589,-0.276891,0.0765326,-0.980631,-0.29136,0.0752609,0.0441499,-0.492695,0.00580037,-0.58549,-0.112809,-0.257805,-0.0426159,-0.139952,-0.559496,0.250758,-0.77331,0.188404
69.28,-0.100506,-0.00182373,0.000669595,0.300055,-0.213517,0.000676047,-0.103198,0.0016959,-0.00056246,0.298121,-0.217967,-0.00307676,0.000227662,-0.000143404,0.00320714,0.00285225,-0.000587227,-0.00156993,0.00971921,-5.99211e-05,0.0294218,0.00559903,0.00249272,0.000395479,0.00202533,0.0108457,-0.0119243,0.0387714,-0.00952602,-0.1,0,0,0.3,-0.2,0,-0.1,0,0,0.3,-0.2,0,0,0,0,0,0,0,0,0,0,0,0,0,0,0,0,0,0,0.503374,3.25195,-1.00675,-0.439453,9.56017,-0.949872,7.32688,-3.60352,1.11861,5.97656,14.1685,2.94405,-0.279652,0.148858,-6.4565,-2.4375,0.3125,0.1875,-2.0625,-0.0625,-0.585938,-0.078125,-1.875,-0.4375,0,-2,0.125,-0.742188,0.214844,0.0454753,0.172556,-0.169809,0.0244503,0.522794,-0.0298485,0.0832401,-0.140138,0.0665309,0.347354,0.713821,0.120342,-0.00658881,0.0517161,-0.975084,-0.257613,0.0433829,0.0355452,-0.5013,0.0134703,-0.580581,-0.121798,-0.246204,-0.0395479,-0.0920628,-0.545354,0.238486,-0.781318,0.198374
69.32,-0.100506,-0.00183225,0.000642811,0.300013,-0.213508,0.000690368,-0.103305,0.00171295,-0.000549068,0.298112,-0.217972,-0.00308389,0.000187487,-0.000158499,0.00319752,0.00285225,-0.000599211,-0.00160589,0.00970722,-5.99211e-05,0.0294294,0.00558369,0.00251669,0.000407464,0.0019774,0.0108457,-0.0118884,0.0387714,-0.00951835,-0.1,0,0,0.3,-0.2,0,-0.1,0,0,0.3,-0.2,0,0,0,0,0,0,0,0,0,0,0,0,0,0,0,0,0,0,0.950817,3.25195,-1.11861,0.878906,9.64848,-0.897543,7.88619,-3.7793,1.17454,5.97656,14.1685,2.94405,-0.894886,-1.40998e-13,-6.22313,-2.375,0.3125,0.1875,-2.0625,-0.0625,-0.605469,-0.078125,-1.875,-0.4375,0,-2,0.0625,-0.732422,0.214844,0.0300478,0.179953,0.0179987,0.123564,0.537095,-0.0111565,0.453928,-0.171295,-0.0119456,0.201371,0.715605,0.134347,-0.0151061,0.0446515,-0.953709,-0.276021,0.0752609,0.0649545,-0.482293,0.0211402,-0.594479,-0.101856,-0.297688,-0.0468823,-0.129549,-0.548422,0.214757,-0.778373,0.181531
69.38,-0.100546,-0.00182373,0.000642811,0.300064,-0.213513,0.000683207,-0.103211,0.00168738,-0.000575852,0.298078,-0.217972,-0.00308389,0.000241054,-0.000158499,0.00319752,0.00286423,-0.000587227,-0.00153398,0.00971921,-7.19053e-05,0.0294218,0.00559903,0.00251669,0.000383495,0.00195343,0.0108337,-0.0119123,0.0387637,-0.00951835,-0.1,0,0,0.3,-0.2,0,-0.1,0,0,0.3,-0.2,0,0,0,0,0,0,0,0,0,0,0,0,0,0,0,0,0,0,1.23047,3.42773,-1.39826,-0.175781,9.73715,-0.949998,5.7049,-3.60352,0.894886,6.76758,14.0799,2.89159,-0.335582,0.0496194,-6.30092,-2.4375,0.25,0.1875,-2.0625,-0.0625,-0.585938,-0.078125,-1.875,-0.4375,0.0625,-2,0.0625,-0.742188,0.214844,0.172912,0.195463,-0.100279,0.083172,0.558374,-0.0355013,0.290279,-0.126195,0.0781551,0.315568,0.717236,0.126106,-0.0723162,0.0620412,-0.950011,-0.289491,0.0709945,0.076699,-0.492096,0.00297209,-0.583526,-0.110999,-0.248601,-0.0199418,-0.0577879,-0.553959,0.241314,-0.776256,0.187422
69.42,-0.100533,-0.00184078,0.000629419,0.300098,-0.213513,0.000683207,-0.103185,0.0016959,-0.000549068,0.298121,-0.217972,-0.00308389,0.000200878,-0.000143404,0.00320714,0.00285225,-0.000587227,-0.00156993,0.00970722,-3.59527e-05,0.0294218,0.00559136,0.00251669,0.000419448,0.0019774,0.0108457,-0.0119123,0.0387714,-0.00951835,-0.1,0,0,0.3,-0.2,0,-0.1,0,0,0.3,-0.2,0,0,0,0,0,0,0,0,0,0,0,0,0,0,0,0,0,0,0.671165,3.16406,-1.11861,-0.791016,9.64884,-1.00233,6.76758,-3.7793,1.06268,5.18555,14.0799,2.89159,-0.838956,0.198478,-6.37871,-2.4375,0.3125,0.1875,-2.125,-0.0625,-0.585938,-0.078125,-1.875,-0.4375,0,-2,0.0625,-0.742188,0.214844,0.115006,0.167715,-0.119509,-0.0310252,0.533987,-0.04931,0.00476393,-0.136865,0.0497643,0.172822,0.718864,0.123356,-0.0499786,0.0604109,-0.962143,-0.276021,0.0587227,0.0784967,-0.506837,0.0114569,-0.582545,-0.109864,-0.257805,-0.0419448,-0.141821,-0.560694,0.241314,-0.779354,0.188404
69.48,-0.100506,-0.00183225,0.000656203,0.300098,-0.213513,0.000683207,-0.103265,0.0016959,-0.00056246,0.298112,-0.217972,-0.00309818,0.000187487,-0.000158499,0.00319752,0.00285225,-0.000575243,-0.00156993,0.00971921,-3.59527e-05,0.0294218,0.00559136,0.00249272,0.000407464,0.00201335,0.0108337,-0.0119003,0.0387637,-0.00952602,-0.1,0,0,0.3,-0.2,0,-0.1,0,0,0.3,-0.2,0,0,0,0,0,0,0,0,0,0,0,0,0,0,0,0,0,0,0.783026,3.16406,-1.39826,0,9.64848,-0.897543,5.59304,-3.51562,1.2864,5.80078,14.1685,2.94405,-0.335582,0.0496194,-6.30092,-2.4375,0.3125,0.1875,-2.0625,-0.0625,-0.605469,-0.0683594,-1.875,-0.5,0,-2,0.0625,-0.742188,0.214844,0.0146203,0.176681,-0.163328,0.0235163,0.532383,-0.0191216,0.280208,-0.159773,-0.00546389,0.359541,0.725356,0.134885,0.0157489,0.0620412,-0.950011,-0.263749,0.0452524,0.0631569,-0.482892,0.00992294,-0.59138,-0.108882,-0.224728,-0.0499503,-0.134415,-0.544755,0.247211,-0.775274,0.198374
69.52,-0.100533,-0.00182373,0.000629419,0.300098,-0.213517,0.000676047,-0.103385,0.00168738,-0.00056246,0.298129,-0.217972,-0.00309818,0.000200878,-0.000143404,0.00320714,0.00286423,-0.000575243,-0.00156993,0.00973119,-7.19053e-05,0.0294218,0.0056067,0.00251669,0.000395479,0.00203732,0.0108457,-0.0119363,0.0387637,-0.00953369,-0.1,0,0,0.3,-0.2,0,-0.1,0,0,0.3,-0.2,0,0,0,0,0,0,0,0,0,0,0,0,0,0,0,0,0,0,0.838956,3.25195,-1.06268,-1.14258,9.64848,-0.897543,8.16584,-3.42773,1.2864,5.88867,14.0799,2.89159,-0.559304,0.248097,-6.30092,-2.4375,0.25,0.1875,-2.0625,-0.0625,-0.585938,-0.078125,-1.8125,-0.5,0,-1.9375,0.125,-0.742188,0.214844,0.0687237,0.192191,-0.0629419,-0.0473877,0.537434,-0.0105836,0.513388,-0.0934706,0.045961,0.226085,0.710716,0.154149,-0.00883865,0.0864954,-0.963992,-0.258811,0.0483204,0.0784967,-0.492695,0.0152439,-0.584508,-0.124897,-0.245533,-0.0395479,-0.11107,-0.53615,0.258668,-0.770365,0.196564
69.58,-0.10052,-0.00182373,0.000629419,0.300038,-0.213513,0.000683207,-0.103305,0.0016959,-0.000602635,0.298078,-0.217972,-0.00308389,0.000200878,-0.000158499,0.00319752,0.00287621,-0.000587227,-0.00156993,0.00970722,-8.38896e-05,0.0294294,0.00561437,0.0025047,0.000407464,0.00196541,0.0108457,-0.0119123,0.0387637,-0.00952602,-0.1,0,0,0.3,-0.2,0,-0.1,0,0,0.3,-0.2,0,0,0,0,0,0,0,0,0,0,0,0,0,0,0,0,0,0,1.17454,3.25195,-1.2864,-0.351562,9.56017,-0.949872,5.92862,-3.60352,1.51012,6.41602,14.1685,2.94405,-0.279652,0.148858,-6.30092,-2.4375,0.3125,0.1875,-2.125,-0.125,-0.605469,-0.0976562,-1.875,-0.4375,0,-2,0.125,-0.732422,0.214844,0.0725266,0.169283,-0.0783694,0.0651864,0.520982,-0.0548447,0.515638,-0.16959,0.0705485,0.544642,0.726976,0.142542,0.0631562,0.0620412,-0.953709,-0.269214,0.0679266,0.0386132,-0.488429,0.00474575,-0.600369,-0.135849,-0.25047,-0.0468823,-0.0767949,-0.55149,0.235178,-0.777237,0.196411
69.62,-0.10052,-0.00181521,0.000642811,0.300047,-0.213513,0.000683207,-0.103252,0.00171295,-0.00056246,0.298138,-0.217976,-0.00309102,0.000227662,-0.000143404,0.00320714,0.00286423,-0.000563259,-0.00156993,0.00973119,-7.19053e-05,0.0294294,0.00559136,0.00251669,0.000395479,0.00196541,0.0108337,-0.0119243,0.038756,-0.00952602,-0.1,0,0,0.3,-0.2,0,-0.1,0,0,0.3,-0.2,0,0,0,0,0,0,0,0,0,0,0,0,0,0,0,0,0,0,0.391513,3.16406,-1.17454,0.263672,9.73715,-0.949998,5.87269,-3.60352,1.23047,5.44922,14.1685,2.94405,-0.727095,0.148858,-6.30092,-2.4375,0.25,0.1875,-2.0625,-0.125,-0.585938,-0.078125,-1.875,-0.4375,0,-2,0.0625,-0.742188,0.214844,0.0828115,0.138979,-0.187701,0.0366371,0.53888,-0.024589,0.217159,-0.233472,0.0716734,0.219352,0.710882,0.159353,0.0396936,0.0488178,-0.958446,-0.280287,0.0655297,0.0815646,-0.48656,0.00450607,-0.592515,-0.116736,-0.276212,-0.0303441,-0.14429,-0.563163,0.244622,-0.764321,0.198374
69.68,-0.100506,-0.00180669,0.000642811,0.30014,-0.213508,0.000690368,-0.103265,0.00171295,-0.00056246,0.298112,-0.217972,-0.00308389,0.000200878,-0.000143404,0.00320714,0.00287621,-0.000599211,-0.00155795,0.00970722,-3.59527e-05,0.0294218,0.00559903,0.0025047,0.000395479,0.00198938,0.0108218,-0.0119003,0.038756,-0.00951835,-0.1,0,0,0.3,-0.2,0,-0.1,0,0,0.3,-0.2,0,0,0,0,0,0,0,0,0,0,0,0,0,0,0,0,0,0,0.950817,3.42773,-1.11861,-1.31836,9.64848,-0.897543,8.837,-3.60352,1.39826,5.625,14.0799,2.89159,-0.559304,0.0992388,-6.37871,-2.4375,0.3125,0.25,-2.0625,-0.125,-0.605469,-0.0683594,-1.875,-0.4375,0,-2,0.125,-0.742188,0.214844,0.0557602,0.180669,-0.0745661,-0.135593,0.528963,-0.0194193,0.485908,-0.171295,0.0973859,0.283183,0.720475,0.142564,-0.055121,0.0314282,-0.965841,-0.299893,0.0813969,0.114713,-0.457749,-0.00388289,-0.58549,-0.125725,-0.256606,-0.0395479,-0.114809,-0.52268,0.241075,-0.771194,0.188404
69.72,-0.100546,-0.00182373,0.000669595,0.300123,-0.213513,0.000683207,-0.103238,0.00171295,-0.000602635,0.298121,-0.217972,-0.00308389,0.000200878,-0.000143404,0.00320714,0.00284026,-0.000575243,-0.00156993,0.00971921,-2.39685e-05,0.0294218,0.00559903,0.00251669,0.000395479,0.0019774,0.0108457,-0.0119123,0.0387637,-0.00951835,-0.1,0,0,0.3,-0.2,0,-0.1,0,0,0.3,-0.2,0,0,0,0,0,0,0,0,0,0,0,0,0,0,0,0,0,0,1.06268,3.16406,-1.11861,-0.703125,9.64884,-1.00233,6.82351,-3.60352,1.39826,5.27344,14.0799,2.89159,-0.838956,0.148858,-6.14534,-2.375,0.3125,0.1875,-2.0625,-0.0625,-0.605469,-0.078125,-1.875,-0.5,0,-2,0.125,-0.742188,0.214844,0.0340652,0.169283,-0.128669,0.0251349,0.540503,-0.0273283,0.431804,-0.177839,0.0448361,0.281905,0.702585,0.16184,-0.106546,0.0633092,-0.949202,-0.253347,0.100476,0.0877006,-0.498232,0.000479369,-0.586472,-0.120816,-0.248601,-0.03648,-0.0835301,-0.542286,0.258188,-0.769383,0.189385
69.78,-0.10052,-0.00182373,0.000656203,0.300064,-0.213517,0.000676047,-0.103225,0.0016959,-0.000549068,0.298121,-0.217972,-0.00309818,0.000174095,-0.000135857,0.00321196,0.00285225,-0.000587227,-0.0015939,0.00971921,-2.39685e-05,0.0294218,0.00559136,0.0025047,0.000383495,0.00202533,0.0108457,-0.0119123,0.038756,-0.00952602,-0.1,0,0,0.3,-0.2,0,-0.1,0,0,0.3,-0.2,0,0,0,0,0,0,0,0,0,0,0,0,0,0,0,0,0,0,0.447443,3.33984,-1.23047,-0.703125,9.73715,-0.949998,6.82351,-3.60352,1.23047,5.88867,14.0799,2.89159,0.503374,0.148858,-6.30092,-2.4375,0.25,0.1875,-2.0625,-0.0625,-0.605469,-0.078125,-1.875,-0.4375,0,-2,0.0625,-0.742188,0.214844,0.0673841,0.172556,-0.0913327,-0.0586361,0.55369,-0.00503769,0.0653487,-0.163045,0.0394793,0.287359,0.722102,0.140386,0.0557639,0.0581466,-0.956193,-0.288293,0.0801984,0.0796951,-0.458349,0.000479369,-0.583526,-0.113791,-0.256606,-0.0260777,-0.119674,-0.542286,0.23211,-0.76334,0.196411
69.82,-0.100506,-0.00181521,0.000629419,0.300055,-0.213508,0.000690368,-0.103252,0.00171295,-0.000602635,0.298104,-0.217959,-0.00309108,0.000254446,-0.000150952,0.00320233,0.00286423,-0.000575243,-0.00156993,0.00973119,-3.59527e-05,0.0294294,0.00559903,0.0025047,0.000395479,0.00201335,0.0108337,-0.0119123,0.0387714,-0.00951835,-0.1,0,0,0.3,-0.2,0,-0.1,0,0,0.3,-0.2,0,0,0,0,0,0,0,0,0,0,0,0,0,0,0,0,0,0,0.615234,3.42773,-1.06268,0.439453,9.73715,-0.949998,7.66246,-3.60352,1.34233,5.80078,14.0799,2.89159,-0.279652,0.0992388,-6.53429,-2.375,0.3125,0.1875,-2.0625,-0.0625,-0.585938,-0.078125,-1.8125,-0.4375,0,-2,0.0625,-0.742188,0.224609,-0.000807129,0.165159,-0.0526569,-0.00282046,0.537087,-0.0221361,0.325152,-0.194202,0.0602635,0.333549,0.693976,0.126472,-0.0300514,0.0423873,-0.984732,-0.280287,0.0605922,0.0784967,-0.48656,0.0175928,-0.587607,-0.113944,-0.225927,-0.00580037,-0.116007,-0.560095,0.233644,-0.774446,0.193312
0,-0.100506,-0.00183225,0.000642811,0.300123,-0.213513,0.000683207,-0.103252,0.00171295,-0.000589243,0.298121,-0.217976,-0.00309102,0.000227662,-0.000150952,0.00321196,0.00286423,-0.000575243,-0.00156993,0.00970722,-2.39685e-05,0.0294218,0.00558369,0.0025047,0.000383495,0.0019774,0.0108218,-0.0119123,0.038756,-0.00952602,-0.1,0,0,0.3,-0.2,0,-0.1,0,0,0.3,-0.2,0,0,0,0,0,0,0,0,0,0,0,0,0,0,0,0,0,0,1.23047,3.33984,-1.11861,-0.966797,9.64848,-0.897543,7.15909,-3.51562,1.23047,6.50391,14.0799,2.89159,-0.167791,0.198478,-6.37871,-2.4375,0.25,0.1875,-2.0625,-0.0625,-0.605469,-0.078125,-1.875,-0.5,0,-2,0.125,-0.742188,0.214844,0.0609027,0.183225,-0.0385687,-0.0566774,0.516124,-0.0301574,0.623416,-0.177839,-0.0130705,0.325538,0.707643,0.142895,0.0499786,0.0945563,-0.980226,-0.289491,0.0667282,0.0815646,-0.460817,0.00201335,-0.586472,-0.101856,-0.25047,-0.0230097,-0.0804621,-0.541088,0.241314,-0.76334,0.198374
0.04,-0.0957521,0.000681769,0.0115572,0.271591,-0.20527,0.00559759,-0.0999973,-0.00283786,0.00530319,0.275128,-0.208578,-0.0101545,0.0196325,0.00410313,0.000190276,0.0308474,-0.00922785,-0.0238127,0.00951547,-0.00625577,0.00977146,-0.0174567,0.00272042,0.00201335,0.00292415,0.0195463,-0.00453004,0.0368386,0.00404971,-0.0830905,0.0915754,0.00439088,0.229892,0.142715,-0.00737892,-0.040777,-0.166429,0.0349178,0.267797,0.243457,0.00299847,0.0238917,0.00663432,-0.0195155,0.043868,-0.00769137,-0.0482728,0.00178555,-0.0171197,-0.0362035,-0.0519852,-0.00147818,-0.00885276,0.0185326,0.0283013,0.0177936,0.00483483,0.0319241,0.167791,8.61328,-1.06268,-2.37305,11.6164,-0.868311,5.36932,-16.4355,2.01349,2.28516,16.5305,0.0744335,0.783026,0.1946,-4.653,-0.125,0,-0.125,-1.25,-0.3125,-0.0878906,-0.0195312,-0.25,-0.75,0.6875,-1.1875,0,-0.15625,0.488281,0.366216,8.93228,-1.43658,-1.79878,12.3684,-0.46057,5.31007,-16.3788,1.76841,2.16741,16.5838,-0.0726202,0.830352,-0.0762263,-5.16014,0.0257845,0.122969,-0.336365,-1.1136,-0.217279,-0.0467246,-0.0298533,-0.40452,-0.598805,0.528848,-1.43371,0.133541,-0.179635,0.46913
0.1,-0.0779944,-0.00583765,0.0158962,0.249144,-0.165128,0.00374425,-0.0975867,-0.00743981,0.0114902,0.261978,-0.192636,-0.00713014,0.0129366,0.00657487,-0.0128011,0.0711384,-0.0270005,-0.0301763,0.0187673,-0.00447012,0.000414175,-0.0318991,0.0173292,0.00327169,0.0069149,0.0601608,-0.00248073,0.0342768,0.00771592,0.0746192,0.118005,-0.00277933,0.323427,0.472421,-0.010982,-0.0565017,-0.0946385,0.0245665,0.314106,0.242508,0.0125776,-0.00206072,0.0152477,-0.0550535,0.0564633,-0.0417994,-0.0213963,-0.0001394,-0.00737636,-0.0622663,-0.0373271,0.0430304,-0.000906168,0.0100988,0.0687782,0.00296141,0.0145451,0.00177437,13.4792,12.3926,-1.56605,10.6348,24.4476,-0.90681,4.69815,-8.61328,1.34233,7.99805,18.1706,0.408444,-3.63548,2.08088,-12.5412,-2.75,-0.3125,0.1875,-1.8125,-0.1875,-1.19141,-0.0585938,0.875,-0.375,0.1875,-1.0625,0,-0.400391,-0.0683594,13.6878,12.7606,-1.90355,11.0988,23.6294,-0.848897,4.51476,-8.29118,1.20478,7.77007,17.2128,0.624936,-3.59411,1.98428,-12.4942,-2.66094,0.0571545,0.000278473,-1.76448,-0.0673288,-1.16034,-0.0732164,0.407212,-0.175417,0.0242044,-1.26571,0.116513,-0.423105,-0.10705
0.16,-0.0640133,-0.00888004,0.0136463,0.248386,-0.157333,0.00497371,-0.0923639,-0.0111384,0.0100975,0.257112,-0.19239,-0.00456385,0.00815566,0.0127632,-0.0132441,0.0922546,-0.0558465,-0.018983,0.0460793,-0.00429035,-0.011896,-0.0352892,0.0408183,0.00474575,0.0155076,0.0947952,-0.0029601,0.0353583,0.00806874,0.116349,0.155115,-0.0131145,0.340597,0.524283,-0.0114897,-0.13802,-0.0826849,0.00918894,0.235083,0.0599892,0.0246193,0.00206943,0.0157767,-0.0390879,0.0782719,-0.0633495,-0.0183485,0.0371987,-0.00839855,-0.0626313,-0.0482197,0.0196937,-0.0120088,0.0116141,0.0716348,-0.00103045,-0.0028782,0.00941895,16.3317,15.9082,-2.62873,13.5352,29.9367,-0.941795,-5.53711,-7.38281,0.223722,-2.63672,10.3596,0.865379,-1.8457,0.488814,-7.62364,-2.125,0.0625,-0.5,-1.875,-0.1875,-0.683594,-0.214844,-3,-1.8125,-0.625,-2.25,-0.0625,-0.751953,0.078125,16.5398,16.3995,-2.86122,13.8644,27.2712,-0.631474,-5.91298,-7.04666,0.04285,-2.76991,10.1132,1.15363,-1.68702,0.580589,-7.59212,-2.03334,0.234516,-0.649362,-1.78166,-0.0790959,-0.65146,-0.241919,-3.18624,-1.66319,-0.795992,-2.49872,0.0892145,-0.800072,0.0486027
0.2,-0.0558442,-0.00941694,0.023543,0.247687,-0.157127,0.00419882,-0.0765883,-0.0124252,0.0120125,0.236395,-0.192784,-0.00399409,0.0137669,0.00959212,-0.0120181,0.0975516,-0.0648347,-0.0130628,0.0781132,-0.00453004,-0.0137138,-0.0388941,0.0444854,7.19053e-05,0.0190549,0.124912,-0.00287621,0.0352969,0.00814544,0.0343768,0.149819,-0.00955079,0.29093,0.396916,-0.0318003,-0.0965249,-0.110682,0.0127433,0.218111,0.0896672,0.0279617,0.0177856,0.000977549,-0.0239277,0.0919965,-0.0729326,-0.0176716,0.08935,-0.0144072,-0.0413045,-0.0515846,0.0217827,-0.00511143,0.0309759,0.109409,0.0011797,-0.0101564,0.0191216,8.66921,15.4688,-3.57955,6.5918,24.1602,-1.68881,-2.96431,-10.1074,-0.335582,0,11.589,1.07875,0.279652,-2.38914,-3.69684,-0.6875,-1,0,-0.9375,-0.3125,-0.527344,-0.205078,-1.9375,-0.6875,0.4375,-1.3125,0,-0.849609,0.234375,8.88839,15.881,-3.88533,7.01002,22.2061,-1.329,-3.19701,-9.8257,-0.544023,0.0117307,11.2816,1.30557,0.341693,-1.88258,-3.60444,-0.521759,-0.892626,-0.12306,-0.858624,-0.130048,-0.508617,-0.227304,-2.1721,-0.518334,0.25244,-1.48075,0.0780502,-0.887467,0.21756
0.26,-0.0540765,-0.00634898,0.0214404,0.238074,-0.14965,-0.00368505,-0.0726243,-0.011181,0.0121063,0.226194,-0.18443,-0.00693053,0.0117179,0.0102423,-0.0106125,0.0968565,-0.0643793,-0.012931,0.118224,-0.00527306,-0.0153551,-0.0423302,0.043299,-0.00824515,0.0245796,0.147622,-0.00280431,0.0293911,0.00791534,0.0707109,0.163259,-0.0137132,0.295393,0.4128,-0.0377784,-0.100704,-0.124498,0.0175095,0.212164,0.11091,0.035961,0.0110545,0.00414483,-0.025874,0.0935237,-0.0722921,-0.0155888,0.137328,-0.0175911,-0.0496279,-0.0433764,0.0312624,-0.0168641,0.0385673,0.14696,0.00247092,-0.0144936,0.0103839,10.459,14.8535,-2.51687,8.70117,23.0992,-1.55467,-1.23047,-11.4258,1.11861,-0.175781,12.6277,1.46155,0.503374,-1.11861,-5.3966,-0.8125,-0.5625,-0.0625,-1.5625,-0.375,-0.625,0.0195312,-1.375,-0.0625,0.5,-1.6875,0,-0.703125,0.146484,12.3759,16.9117,-2.91884,10.0541,21.8816,-1.21453,-2.61256,-11.4594,0.946584,-2.02267,11.535,1.86277,-0.00362018,-1.74758,-4.68716,-0.327143,-0.806626,-0.185044,-0.818095,-0.20341,-0.660912,-0.020924,-1.23434,-0.570435,0.398724,-1.36151,0.073291,-0.795227,0.0621334
0.3,-0.052831,-0.000332363,0.0180523,0.23135,-0.146995,-0.00530889,-0.07395,-0.0058973,0.00962877,0.223774,-0.180671,-0.00927544,0.00993679,0.00639612,-0.00627305,0.0997327,-0.0646669,-0.0127033,0.163273,-0.00503337,-0.0153398,-0.0420541,0.0466905,-0.0154477,0.0302002,0.174095,-0.00272042,0.029299,0.00789233,0.0649985,0.159383,-0.0175221,0.286719,0.397468,-0.0430519,-0.0899215,-0.14499,0.0211383,0.204485,0.0968073,0.0373165,0.0127992,0.00876848,-0.0259165,0.0929656,-0.0766228,-0.0146592,0.162853,-0.015783,-0.0469563,-0.0397358,0.0269234,-0.0144446,0.0486226,0.163741,0.00596544,-0.0187318,0.010306,11.3539,15.1172,-3.24396,8.34961,23.6749,-1.73864,-1.2864,-14.4141,1.2864,-2.02148,11.0104,1.83477,0.671165,0.873323,-6.64101,-1,-1.25,0,-2.0625,-0.375,-0.625,0.0976562,-1.9375,0.5,0.8125,-1.4375,0,-0.908203,0.0878906,11.5515,15.4185,-3.4803,8.80712,21.7655,-1.46119,-1.56115,-14.3904,1.14066,-2.35876,10.7812,2.1325,0.946156,1.4406,-6.32442,-0.863854,-1.16491,-0.106999,-2.00598,-0.222663,-0.60386,0.0699281,-2.04114,0.624927,0.67568,-1.61295,0.176785,-0.940001,0.0688911
0.36,-0.0492688,0.00394574,0.0165256,0.227251,-0.145082,-0.00843316,-0.0709101,-0.00190043,0.00857081,0.220868,-0.17609,-0.0133417,0.0106198,0.00662945,-0.005784,0.10515,-0.0650024,-0.011421,0.200916,-0.00490155,-0.0149026,-0.0413485,0.0469182,-0.0179883,0.0412617,0.199729,-0.00219311,0.0285244,0.00787699,0.0592123,0.174825,-0.0249643,0.274237,0.371041,-0.0454094,-0.0872328,-0.163041,0.0241406,0.192068,0.0858493,0.0402105,0.0128666,0.009285,-0.0218359,0.104176,-0.078891,-0.0115294,0.204415,-0.0133848,-0.0410948,-0.0338707,0.030963,-0.0202975,0.0562801,0.191212,0.0088115,-0.0230485,0.0054677,10.459,15.4688,-3.41175,7.82227,22.6226,-1.41722,-1.73384,-15.9961,1.8457,-2.8125,10.4815,2.15302,0.447443,0.875516,-5.55922,-0.75,-1.4375,0.0625,-1.9375,-0.3125,-0.576172,0.126953,-1.5625,-0.125,0.1875,-1.5,0.0625,-0.947266,0.0195312,10.5241,16.8097,-3.94329,7.36421,20.3765,-1.00994,-2.11567,-16.2482,1.68554,-4.05271,10.2216,2.36204,0.591761,0.764903,-4.88809,-0.355022,-1.38272,-0.0974621,-1.15652,-0.154324,-0.523843,0.130902,-1.65075,-0.151151,0.186414,-1.32171,0.20782,-1.0236,-0.0442588
0.4,-0.0419032,0.00673247,0.0126955,0.219973,-0.140978,-0.0128983,-0.0643481,0.000102265,0.00566477,0.21705,-0.172381,-0.0170308,0.0109412,0.0080915,-0.00483261,0.115684,-0.0652301,-0.00927579,0.23102,-0.00472178,-0.0148796,-0.0375365,0.0481406,-0.0187673,0.0512445,0.219899,9.58738e-05,0.0282022,0.00781563,0.0517923,0.187643,-0.0307373,0.264187,0.345119,-0.0458671,-0.08192,-0.176417,0.0269271,0.186238,0.0794747,0.0425144,0.0128268,0.00872878,-0.0190355,0.110057,-0.0784516,-0.0127051,0.230331,-0.0115244,-0.0394115,-0.031057,0.0364955,-0.019246,0.0623962,0.210102,0.010372,-0.0242239,0.00203926,8.94886,17.4023,-3.8592,6.85547,20.6786,-1.4919,-2.01349,-17.9297,2.62873,-3.95508,9.93944,2.33326,0.391513,-0.110876,-4.4866,-1.125,-1.4375,-0.0625,-1.375,-0.25,-0.488281,-0.00976562,-1.0625,-0.3125,0.1875,-1.25,0.0625,-0.9375,-0.0683594,9.20499,17.8129,-4.05016,7.34119,19.2265,-1.11746,-2.32801,-17.7698,2.45535,-4.26727,9.86499,2.67141,0.622242,0.00826727,-4.38494,-1.01677,-1.32214,-0.257366,-1.30149,-0.116111,-0.471004,-0.0284713,-1.2044,-0.14605,0.0605723,-1.43477,0.182513,-0.970966,-0.123381
0.46,-0.0366402,0.00917832,0.00641472,0.215635,-0.137397,-0.0168912,-0.0579735,0.00166181,-0.000401757,0.213803,-0.169502,-0.0189071,0.0120795,0.00976688,-0.00383161,0.124288,-0.0651822,-0.00995889,0.261867,-0.00460194,-0.0143504,-0.0349978,0.0538331,-0.0181801,0.0581115,0.242309,0.00231296,0.0254718,0.00762388,0.048829,0.215461,-0.044379,0.250176,0.307814,-0.0461083,-0.0745189,-0.205594,0.0319364,0.177141,0.0630054,0.0471358,0.0137272,0.012282,-0.0188574,0.120166,-0.0770318,-0.0215102,0.267786,-0.00797202,-0.0352664,-0.027601,0.0394756,-0.0144842,0.0727756,0.232139,0.0143456,-0.0263221,-0.00192997,8.16584,19.1602,-3.8592,5.88867,19.3187,-1.37829,-2.12536,-19.9512,3.69141,-4.48242,9.23475,2.44289,0.223722,0.107081,-4.40787,-1.125,-1.5,-0.125,-1.5,-0.25,-0.478516,0.136719,-1.875,0,0.375,-1.4375,0.0625,-0.986328,-0.146484,8.31037,20.4385,-4.43142,5.7374,17.646,-0.940332,-1.97852,-20.8074,3.79949,-5.10115,9.1081,2.74956,0.43261,0.642584,-4.56428,-0.777309,-1.19109,-0.55916,-0.77783,-0.0827414,-0.43501,0.141064,-1.82232,0.34198,0.460158,-1.1497,0.217642,-1.02999,-0.190095
0.5,-0.0331851,0.0108742,-0.00143293,0.209005,-0.132616,-0.0193663,-0.0536212,0.00237767,-0.00692361,0.209985,-0.166136,-0.0187947,0.0130303,0.0122185,-0.00423542,0.133612,-0.0642594,-0.0134583,0.292295,-0.00431432,-0.0132613,-0.0332414,0.060005,-0.0158551,0.0670038,0.262778,0.00534496,0.0230251,0.00737078,0.0488739,0.234232,-0.0546766,0.245501,0.299529,-0.0491365,-0.0673295,-0.224382,0.0349758,0.174286,0.0528348,0.0496731,0.0151955,0.014936,-0.0205969,0.126169,-0.0714173,-0.0294505,0.287546,-0.00507842,-0.0321531,-0.0247232,0.0504768,-0.0100374,0.0793905,0.254614,0.0156822,-0.0221726,-0.00441073,7.88619,21.8848,-4.53036,5.88867,17.865,-1.43988,-1.39826,-22.8516,4.75408,-4.48242,8.47211,2.55281,0.167791,0.507932,-4.7165,-1.25,-0.9375,-0.3125,-1.5,-0.125,-0.390625,0.126953,-1.0625,0.125,0.3125,-1.3125,0,-0.732422,-0.166016,8.14419,22.267,-4.75869,6.30895,16.9447,-1.12283,-1.63825,-22.7087,4.61677,-4.77119,8.54655,2.70801,0.423289,0.579365,-4.74487,-1.14933,-0.807823,-0.505085,-1.38795,-0.0260199,-0.356238,0.0996781,-1.24735,0.293385,0.189821,-1.50346,0.172997,-0.765526,-0.206178
0.56,-0.0282837,0.0121014,-0.00929398,0.200278,-0.126877,-0.0217969,-0.0473404,0.00268447,-0.0130303,0.203227,-0.16184,-0.0160879,0.0151596,0.0146681,-0.00580864,0.140407,-0.0621262,-0.0211042,0.32186,-0.0029601,-0.0125403,-0.0293757,0.0708028,-0.0141893,0.0758601,0.288964,0.00632767,0.0208621,0.00711767,0.0415945,0.266956,-0.0721912,0.230085,0.264865,-0.0529744,-0.0509744,-0.252109,0.0362951,0.168902,0.0384822,0.0552869,0.0161852,0.0133888,-0.021127,0.137812,-0.0597372,-0.043724,0.32629,0.00212379,-0.0256116,-0.0231982,0.0573138,-0.00737921,0.0925315,0.291221,0.0182343,-0.0172734,-0.0066352,6.65572,23.6426,-4.97781,5.88867,16.6112,-1.26844,-1.06268,-24.9609,5.48118,-3.51562,7.70751,2.51727,0.167791,0.156563,-4.64167,-1.0625,-0.0625,-0.3125,-1.75,-0.125,-0.332031,0.0683594,-2.1875,0.5625,0.25,-1.625,0.0625,-0.791016,-0.224609,6.61242,25.4527,-5.80118,5.53996,15.257,-0.961905,-0.857079,-25.4793,5.3388,-4.23241,7.71165,2.61875,0.137981,-0.608052,-4.45783,-0.468133,0.159137,-0.802715,-1.06091,0.095542,-0.271243,-0.00603966,-1.78762,0.610448,0.416326,-0.982411,0.195181,-0.781364,-0.269167
0.6,-0.0228064,0.0133115,-0.0176773,0.191211,-0.121776,-0.0253189,-0.0398409,0.00275264,-0.0194049,0.195975,-0.15785,-0.0137501,0.0155748,0.0169895,-0.0073222,0.148113,-0.0557266,-0.0320219,0.352888,-0.0015939,-0.0121798,-0.026116,0.0775379,-0.0125235,0.0896061,0.324928,0.00733435,0.0205784,0.00694126,0.0396953,0.287312,-0.0833596,0.220404,0.246001,-0.0575587,-0.0380404,-0.27557,0.0391984,0.164999,0.0291279,0.0597649,0.0161755,0.0144739,-0.0215514,0.145079,-0.0500453,-0.0514968,0.351816,0.0112956,-0.0231071,-0.0216531,0.0708352,-0.00757077,0.104028,0.326546,0.0182045,-0.00637922,-0.00867744,5.48118,26.8945,-5.81676,4.74609,15.3401,-1.56311,-0.0559304,-28.125,6.32014,-3.42773,7.10545,2.77784,0,-0.982217,-4.25416,-0.75,0.0625,-0.1875,-1.4375,0,-0.224609,0.0878906,-0.875,0.25,0.1875,-1.1875,0.0625,-0.488281,-0.263672,5.66907,27.4164,-6.08484,5.36619,14.4777,-1.19445,-0.318768,-27.8552,6.15345,-3.80097,7.1832,2.99068,0.2265,-0.821719,-4.20671,-0.579497,0.236794,-0.314138,-1.34212,0.181091,-0.204802,0.0539148,-1.07831,0.415508,0.076809,-1.3488,0.215869,-0.533261,-0.309429
0.66,-0.0153739,0.0137376,-0.0249625,0.183055,-0.117653,-0.0273323,-0.0318058,0.00271855,-0.0249759,0.191748,-0.155422,-0.0140629,0.0151195,0.0184012,-0.00841256,0.158204,-0.0481526,-0.044857,0.384418,0.000707069,-0.0115969,-0.0254871,0.0873171,-0.0101866,0.104203,0.360042,0.00734633,0.0212993,0.0060899,0.0255588,0.319207,-0.0984177,0.198096,0.201902,-0.0612329,-0.0135874,-0.315696,0.0433193,0.160229,0.016213,0.0678426,0.0149565,0.0161426,-0.020725,0.156181,-0.0362678,-0.0556722,0.394112,0.0218302,-0.0186387,-0.0182183,0.0813235,-8.35881e-05,0.127534,0.371315,0.0163511,0.0080907,-0.0124631,3.97106,29.0039,-6.09641,3.7793,14.2041,-1.60213,0.167791,-30.6738,7.21502,-3.86719,6.8809,2.99174,-0.447443,-1.17447,-3.32069,-1.375,0.0625,-0.0625,-1.6875,0.125,-0.234375,0.117188,-1.0625,0.0625,0,-1.1875,0.0625,-0.322266,-0.263672,3.57388,30.5175,-6.95469,2.79617,12.6417,-1.21287,1.24587,-31.8546,7.22035,-4.18777,6.76849,3.33257,-0.131166,-0.677733,-3.63781,-0.711523,1.06577,-0.184877,-0.733271,0.365705,-0.192869,0.139486,-1.27431,1.01337,0.371967,-0.706465,0.184698,-0.27988,-0.302337
0.7,-0.00886543,0.0148029,-0.0314977,0.175965,-0.115215,-0.029386,-0.0203021,0.00266742,-0.0302925,0.188143,-0.154239,-0.0134397,0.0137401,0.0180761,-0.00869506,0.168163,-0.0406505,-0.0503577,0.419472,0.00256462,-0.00819913,-0.0244517,0.0991095,-0.00589624,0.124001,0.399099,0.00711863,0.0249425,0.00447922,0.0151329,0.339653,-0.106822,0.183193,0.17573,-0.0633583,-0.00206997,-0.339321,0.0466574,0.156229,0.0108488,0.0730725,0.0127603,0.0147053,-0.0182279,0.164374,-0.0300167,-0.060308,0.419796,0.0258281,-0.0149624,-0.016425,0.0935516,0.000884822,0.139657,0.403273,0.0138375,0.0165974,-0.0149141,1.67791,32.0801,-6.9913,1.58203,12.0279,-1.63301,1.39826,-34.3652,8.10991,-4.04297,6.40031,3.34065,-0.391513,-1.11895,-2.78379,-0.8125,0.5,-0.125,-1.5,0.25,-0.195312,0.146484,-0.875,0.3125,0.125,-1,0,-0.253906,-0.302734,1.92158,32.5014,-7.13642,2.09324,11.4623,-1.2401,1.20612,-34.2054,7.94183,-4.49254,6.52481,3.43331,-0.0830968,-0.892107,-2.79976,-0.667292,0.713635,-0.298094,-1.45946,0.460668,-0.189261,0.124208,-1.05281,0.49096,0.0250374,-1.14428,0.126707,-0.297475,-0.347614
0.76,-0.00277212,0.0155869,-0.037283,0.166079,-0.110647,-0.0307395,-0.0111153,0.0026589,-0.0348993,0.182629,-0.15205,-0.011325,0.0122134,0.0162494,-0.00848875,0.176132,-0.0303321,-0.0555229,0.45298,0.00413456,-0.00408806,-0.0219743,0.112963,-0.00228899,0.136213,0.435531,0.00704672,0.0318991,0.00262311,0.00272416,0.368044,-0.120405,0.162488,0.131378,-0.0671563,0.0177939,-0.375682,0.0515451,0.151904,0.00377387,0.0796602,0.0106323,0.0133739,-0.0163429,0.171662,-0.017204,-0.0741322,0.46408,0.0284156,-0.00891853,-0.0130366,0.100486,0.00717373,0.153656,0.439186,0.0113447,0.0202975,-0.0153623,0.167791,33.75,-7.38281,0.966797,10.3745,-1.71387,1.90163,-36.6504,8.94886,-3.7793,6.04922,3.34141,-0.391513,-0.961465,-2.54789,-1.0625,0.4375,-0.125,-1.625,0.25,-0.234375,0.126953,-1.9375,0.3125,0.4375,-1.625,0,-0.449219,-0.253906,0.292503,35.4518,-8.01905,0.546776,9.26244,-1.39071,2.24296,-37.8439,9.0147,-4.07974,6.08205,3.56346,-0.386919,-0.737385,-2.42632,-0.778349,0.7483,-0.614463,-0.834773,0.436533,-0.192821,0.10905,-1.84294,0.795942,0.522406,-1.27452,0.0828907,-0.459798,-0.286077
0.8,0.00168738,0.0164051,-0.0422782,0.157199,-0.106646,-0.0322107,-0.00369616,0.00255663,-0.0385687,0.179271,-0.15093,-0.0085444,0.0102448,0.0145805,-0.00759072,0.18053,-0.0156993,-0.0657694,0.487638,0.00631569,0.000636602,-0.018239,0.12182,0.00257661,0.150941,0.471963,0.00709466,0.039546,-0.0014266,0.000161372,0.38409,-0.126217,0.15488,0.120343,-0.069934,0.0229095,-0.393778,0.0542072,0.146423,0.00214095,0.0848505,0.00885548,0.0124912,-0.0130013,0.178185,-0.00538597,-0.0789042,0.493004,0.0297581,-0.00284358,-0.0116255,0.113017,0.00259184,0.159453,0.467647,0.0116093,0.0246439,-0.0157523,-0.727095,36.4746,-8.22177,0.175781,8.98363,-1.80159,2.46094,-39.7266,9.5641,-4.13086,5.69789,3.44867,-0.503374,-0.704872,-1.70188,-0.5,0.375,-0.0625,-1.1875,0.25,-0.214844,0.0878906,-1,-0.1875,0.125,-1.5,0,-0.302734,-0.166016,-0.661707,37.0434,-8.46077,0.410272,8.72569,-1.41433,2.23374,-39.6236,9.42672,-4.4473,5.99116,3.45463,-0.360228,-0.57144,-1.66265,-0.418646,0.512851,-0.20575,-1.09697,0.356867,-0.198213,0.0606027,-1.19016,-0.145739,-0.0315461,-1.66082,0.0887579,-0.359892,-0.201102
0.86,0.00687004,0.0174022,-0.0449968,0.149435,-0.102593,-0.0361058,0.00409792,0.00253107,-0.0403632,0.171968,-0.148393,-0.00297684,0.0092538,0.0112913,-0.00602775,0.183766,-0.00367916,-0.073691,0.522704,0.00985103,0.00578311,-0.0152554,0.132905,0.0066872,0.15963,0.502007,0.0069868,0.0419774,-0.00201718,-0.00514735,0.408077,-0.135261,0.141616,0.110231,-0.0774683,0.0356489,-0.417708,0.0583137,0.142395,0.00266273,0.0917639,0.00631565,0.00891675,-0.0086954,0.184539,0.00460788,-0.0865813,0.541256,0.0266817,0.00320588,-0.00718645,0.122104,0.00777641,0.170215,0.509779,0.0112516,0.0305229,-0.0113353,-2.06942,38.3203,-8.72514,-0.615234,8.27622,-1.79823,2.74059,-41.5723,10.1234,-2.8125,5.52503,3.26073,-0.559304,-1.00545,-1.22514,-0.5625,0.25,-0.125,-1.4375,0.1875,-0.234375,0.126953,-1.3125,0.25,0.3125,-1.75,-0.0625,-0.292969,-0.195312,-1.63371,39.4307,-9.08302,-0.512955,8.22662,-1.45185,2.69228,-42.0141,10.0785,-3.47605,5.80677,3.26658,-0.804308,-0.628858,-0.836416,-0.152775,0.583266,-0.331582,-0.4806,0.293663,-0.134011,0.109347,-1.38384,-0.00766083,0.296092,-1.20368,0.0760916,-0.323338,-0.192253
0.9,0.0106332,0.0182885,-0.0474073,0.143734,-0.0977982,-0.0389084,0.00989661,0.00251402,-0.0418497,0.163497,-0.144992,0.00549787,0.00728519,0.0093887,-0.00450096,0.189902,0.00377503,-0.0791199,0.560718,0.00943159,0.00890476,-0.0121261,0.139928,0.00882039,0.169553,0.535707,0.00701077,0.0467481,-0.00199418,0.00158463,0.421879,-0.139946,0.139118,0.12419,-0.0859836,0.041087,-0.42967,0.0615513,0.14091,0.00488517,0.0967306,0.00518406,0.00954069,-0.00720212,0.188727,0.00499024,-0.0898663,0.571352,0.0219772,0.00394878,-0.00473354,0.131087,0.0207854,0.182645,0.540088,0.0113315,0.0293305,-0.00515282,-1.34233,40.166,-8.94886,-0.263672,8.66077,-2.14896,2.79652,-43.3301,10.5149,-2.10938,5.26193,3.10037,-0.615234,-0.354836,-0.543662,-0.5625,0,-0.0625,-1.25,0.125,-0.166016,0.0683594,-0.9375,0.875,0.5,-1.0625,0,-0.292969,-0.0195312,-1.26997,40.5979,-9.20762,0.0438426,8.47698,-1.61386,2.62022,-43.1759,10.3504,-2.46081,5.69416,3.01842,-0.404069,-0.315549,-0.622778,-0.473381,0.0417536,-0.29802,-1.09432,0.286194,-0.149189,0.0290602,-1.1541,1.10139,0.406092,-1.28425,0.0756762,-0.316936,-0.0494284
0.96,0.014557,0.0187316,-0.0491081,0.136183,-0.0922661,-0.0430036,0.0146641,0.00249698,-0.0424255,0.155904,-0.142297,0.0124464,0.00638793,0.0103853,-0.00184369,0.199741,0.00713061,-0.0828709,0.599954,0.00897618,0.0117043,-0.00824515,0.146591,0.0117326,0.175797,0.570545,0.00697482,0.0483511,-0.00193282,0.00482692,0.446175,-0.147383,0.136983,0.146542,-0.0959597,0.0422716,-0.434919,0.0612546,0.132404,0.0095451,0.10521,0.00488284,0.00169738,-0.000328928,0.205058,0.00976271,-0.090184,0.616638,0.016432,0.0101001,-0.00423582,0.136598,0.0156422,0.190055,0.582649,0.0141561,0.028981,-0.00325944,-1.23047,41.8359,-9.45224,0.615234,9.55556,-2.32647,3.02024,-43.9453,10.5708,-2.46094,5.96665,3.34158,-0.671165,-1.89192,-0.61274,-0.1875,0.125,-0.0625,-1.1875,0,-0.136719,0.0488281,-1.25,0.3125,0.5625,-0.625,0,-0.390625,0.0195312,-1.20956,42.8589,-9.79663,0.83985,9.21968,-1.8644,2.64761,-43.7121,10.3834,-3.15947,6.01171,3.29882,-0.461813,-2.62149,0.0978437,0.2648,0.263209,-0.282817,-0.850135,0.167525,-0.10866,0.0242269,-1.33375,0.317328,0.449092,-0.597427,0.14516,-0.409981,-0.0265324
1,0.0167934,0.0191321,-0.0506214,0.131385,-0.0890947,-0.044219,0.0162578,0.00247141,-0.0424523,0.152682,-0.140697,0.0177523,0.00574512,0.00508208,0.00341489,0.210826,0.00894023,-0.0848963,0.635511,0.00848483,0.0133763,-0.00784631,0.152511,0.0119722,0.187242,0.60657,0.00703474,0.0489493,-0.00192515,0.0098886,0.448461,-0.150819,0.134203,0.160471,-0.103812,0.0507078,-0.448988,0.0638806,0.130001,0.0105173,0.111011,0.00478784,0.00512968,0.000107192,0.21159,0.0136605,-0.0892127,0.644466,0.0134619,0.0102333,-0.0036939,0.136801,0.0207353,0.200717,0.61053,0.0139346,0.0271485,-0.00149137,-0.950817,42.8906,-9.62003,0.527344,10.121,-2.68654,3.52362,-45.1758,10.7386,-2.54883,5.69968,3.50332,-0.503374,-0.101228,-1.40054,-0.375,0.25,0.0625,-1.125,0,-0.0976562,0.117188,-1.4375,0.6875,0.1875,-1.25,0,-0.390625,0.0292969,-0.772764,43.378,-9.93744,0.951684,9.65879,-2.18706,3.25987,-45.1263,10.5767,-3.03136,5.90081,3.42644,-0.302613,0.220841,-1.23478,-0.285679,0.303287,-0.0900353,-1.07092,0.107211,-0.0687513,0.087957,-1.68758,0.888583,0.0632727,-1.43412,0.151802,-0.442889,0.0126026
1.06,0.0200075,0.0197884,-0.0521614,0.128002,-0.0862899,-0.0464766,0.0191638,0.0024288,-0.0425728,0.148532,-0.137596,0.025478,0.00606653,0.00367587,0.00692425,0.218065,0.0113371,-0.0878204,0.670781,0.00846086,0.0152248,-0.00794602,0.154069,0.0117086,0.199118,0.643972,0.00723847,0.0500308,-0.0018868,0.0276316,0.454722,-0.156324,0.135349,0.19346,-0.117277,0.0524011,-0.45823,0.0643579,0.123553,0.0105905,0.1187,0.00674925,0.00869698,0.00135907,0.21633,0.0250734,-0.0988015,0.687373,0.0142218,0.0106699,-0.00788525,0.14238,0.0147804,0.213342,0.656554,0.0159711,0.0253511,-0.000871731,-0.111861,42.8906,-9.78782,0.966797,10.9935,-2.92001,2.85245,-46.0547,10.7946,-2.8125,5.441,3.26017,-0.447443,0.693671,-1.71239,-0.625,0.5625,-0.0625,-1.4375,0,-0.166016,0.0488281,-1,0.3125,0.1875,-1.3125,0.0625,-0.458984,0.0390625,0.649276,43.8402,-10.3597,1.4348,10.9543,-2.69765,2.98947,-46.0233,10.6314,-3.185,5.63227,3.12554,0.173963,1.53876,-1.85596,-0.34837,1.33989,-0.475425,-0.652242,0.121354,-0.127421,0.00121549,-1.31002,0.362405,0.260212,-0.861947,0.189993,-0.51912,0.0203013
1.1,0.0253642,0.0203338,-0.0550273,0.122463,-0.0823089,-0.0502354,0.0237572,0.00214757,-0.0425327,0.144126,-0.132958,0.0363494,0.00770034,0.00400257,0.00855736,0.223194,0.0168378,-0.0926021,0.702072,0.00841293,0.016544,-0.00864398,0.155531,0.00995889,0.208681,0.679769,0.0072145,0.0498314,-0.00187913,0.0273136,0.457491,-0.158795,0.132289,0.192539,-0.121622,0.0525445,-0.467724,0.0646278,0.118499,0.00498959,0.122603,0.00855148,0.00595149,0.00508735,0.228077,0.0297065,-0.101205,0.706588,0.0146441,0.0121365,-0.0124021,0.14737,0.0112837,0.219151,0.681423,0.0167792,0.0253348,-0.00280007,-0.447443,43.7695,-10.0675,1.93359,11.5287,-3.20291,2.74059,-46.9336,10.7386,-2.72461,5.18361,3.1218,-0.111861,0.397412,-1.09136,0.0625,0.875,-0.25,-0.8125,0,-0.126953,-0.0488281,-0.8125,0.0625,0.1875,-1,0.0625,-0.410156,0,-0.314175,44.0954,-10.3305,2.46652,10.782,-2.57881,2.6936,-46.8235,10.6543,-3.09691,5.39658,2.9407,0.162777,0.576117,-1.10921,0.276622,1.01075,-0.368773,-0.642436,0.123089,-0.0969849,-0.0771253,-0.984822,0.236792,0.0448713,-1.1813,0.186692,-0.466369,-0.0321633
1.16,0.0300916,0.0203167,-0.056179,0.115969,-0.0808516,-0.0516709,0.0300112,0.00184078,-0.0425059,0.137325,-0.131826,0.0394169,0.00795479,0.00341298,0.00962305,0.234951,0.0263893,-0.0943158,0.719844,0.00832904,0.0165593,-0.00944165,0.157652,0.00849682,0.214434,0.708483,0.00743022,0.0498851,-0.00192515,0.018653,0.469997,-0.164516,0.122774,0.174286,-0.125387,0.0629365,-0.48133,0.067337,0.117499,0.00332803,0.127308,0.0104696,0.00228724,0.00718515,0.250377,0.0377098,-0.106375,0.719511,0.0126937,0.0114219,-0.0173936,0.150359,0.00704119,0.226727,0.706713,0.0193342,0.0282895,-0.00981515,-1.39826,44.7363,-10.459,1.31836,10.9035,-3.25375,2.85245,-48.1641,11.1301,-2.02148,5.1861,3.33575,0.335582,-0.349764,-0.703893,0.625,0.4375,-0.4375,-0.6875,0,-0.136719,-0.107422,-0.8125,-0.1875,0.5,-0.875,0.0625,-0.390625,-0.126953,-1.44727,45.3607,-10.8337,1.40798,10.0919,-2.85528,2.8297,-48.2353,11.0203,-2.35221,5.34128,3.44113,0.74417,-0.271138,-0.792239,1.01493,0.681068,-0.572286,-0.53211,0.0811576,-0.103729,-0.145295,-0.990077,-0.0995433,0.412157,-1.00582,0.236545,-0.432893,-0.160745
1.2,0.0335333,0.0203423,-0.0571298,0.111265,-0.079206,-0.054432,0.0351269,0.00141467,-0.0425059,0.132255,-0.130776,0.0418558,0.00850385,0.00126147,0.0111685,0.255803,0.0357849,-0.0946155,0.729959,0.00825713,0.0165133,-0.00991719,0.161643,0.006076,0.220354,0.727275,0.00768189,0.0499924,-0.00217058,0.014333,0.475339,-0.165976,0.118176,0.162423,-0.126172,0.0649761,-0.490647,0.0690063,0.114718,0.00334966,0.129648,0.0105643,0.000652145,0.009838,0.267947,0.0460862,-0.105307,0.723134,0.0107421,0.0104483,-0.0188053,0.156033,0.00215642,0.231466,0.722889,0.0213798,0.0313095,-0.0158373,-2.23722,45.4395,-10.5149,1.23047,10.2086,-3.23713,2.85245,-49.2188,11.2979,-1.66992,5.18635,3.35653,0.391513,-0.299692,-0.625756,0.0625,0.5,-0.3125,-0.75,-0.0625,-0.136719,-0.126953,-0.5,-0.375,0.3125,-0.8125,0.0625,-0.341797,-0.224609,-2.17201,46.056,-10.7663,1.50573,9.5941,-2.72538,2.74836,-49.1276,11.1409,-1.98142,5.29808,3.38876,0.541007,-0.0615387,-0.49858,0.254149,0.683455,-0.528464,-0.635791,0.0527675,-0.120318,-0.180708,-0.680721,-0.302988,0.193563,-1.0047,0.280095,-0.383476,-0.261554
1.26,0.0349662,0.0203593,-0.0596743,0.107532,-0.0777336,-0.0568654,0.0383276,0.00136354,-0.042988,0.127184,-0.129592,0.0439922,0.00934754,0.00115507,0.0119735,0.273156,0.0467505,-0.094196,0.730391,0.00802943,0.0123409,-0.010201,0.164771,0.00151001,0.229114,0.746833,0.00824515,0.0500461,-0.00401136,0.0065404,0.477693,-0.170761,0.111891,0.152379,-0.129129,0.0755027,-0.505229,0.0713059,0.114422,0.00492856,0.132662,0.0117023,0.00234641,0.0110222,0.301382,0.0578114,-0.103538,0.724568,0.00779695,0.0114269,-0.0203344,0.160041,0.000418035,0.241514,0.740744,0.0238975,0.030915,-0.0221286,-2.90838,45.2637,-10.6827,0.703125,9.51371,-3.22051,3.57955,-50.625,11.5776,-0.966797,5.18635,3.35653,0.335582,0.199708,-0.312934,2.0625,0.4375,-0.375,-0.4375,-0.125,-0.0390625,-0.175781,-0.5625,-0.0625,0.3125,-0.625,0.125,-0.351562,-0.244141,-2.69859,46.0933,-10.939,0.997492,9.04009,-2.56547,3.45524,-50.5709,11.4294,-1.31984,5.28331,3.38385,0.55731,0.380441,-0.325839,2.18136,0.538518,-0.531527,-0.309541,0.0137581,-0.023188,-0.228194,-0.749151,0.0687441,0.165919,-0.810653,0.308444,-0.396367,-0.252389
1.3,0.0357564,0.0203338,-0.06175,0.102981,-0.0764236,-0.0590606,0.0407783,0.00128684,-0.0436174,0.122659,-0.127782,0.0471084,0.00936093,0.000195013,0.0129118,0.293146,0.0592141,-0.0933571,0.728569,0.00755006,0.00990952,-0.0101626,0.169145,-0.0038709,0.237288,0.757954,0.00998286,0.0500461,-0.010155,0.000610292,0.479114,-0.171517,0.10812,0.138303,-0.127927,0.0818175,-0.50888,0.0711264,0.113586,0.00819385,0.134255,0.0108864,0.000185784,0.0129368,0.32076,0.0698705,-0.100967,0.724937,0.00717927,0.0101568,-0.0194189,0.162213,-0.00820778,0.244345,0.750407,0.0271949,0.032254,-0.026248,-3.74734,45.7031,-10.5708,0.615234,8.90485,-3.15153,4.08292,-51.0645,11.6895,-0.527344,5.19387,3.36125,0.279652,-0.0998623,2.77556e-17,1.8125,0.4375,-0.25,-0.1875,-0.125,0.0292969,-0.15625,-0.625,-0.1875,0.1875,-0.6875,0.0625,-0.3125,-0.195312,-3.59689,46.166,-10.8276,1.07087,8.50037,-2.58695,3.88794,-51.033,11.4847,-0.853612,5.33978,3.3209,0.483365,-0.0258101,-0.0255853,1.96984,0.679083,-0.401949,-0.0864966,0.0355357,0.0746498,-0.185126,-0.852811,-0.0808717,0.0184517,-0.859045,0.279814,-0.355842,-0.243321
1.36,0.0361715,0.0203167,-0.0627142,0.099402,-0.0760262,-0.0602155,0.0428675,0.000928911,-0.0441799,0.119071,-0.126194,0.0497765,0.00779408,-0.000464048,0.0142995,0.314466,0.0678906,-0.0928897,0.726484,0.00304399,0.0075702,-0.010178,0.1734,-0.0095754,0.244442,0.768381,0.0112891,0.0500231,-0.0126247,-0.0108736,0.483992,-0.175039,0.0988509,0.116733,-0.128776,0.0924848,-0.519823,0.0731869,0.113549,0.0109143,0.135555,0.00854743,0.00119497,0.0153073,0.349802,0.0772576,-0.103829,0.71625,0.00599087,0.00839108,-0.0189534,0.168128,-0.0135444,0.255336,0.763659,0.0288083,0.0321711,-0.0306689,-4.81001,46.1426,-10.8505,0.0878906,8.15206,-3.22004,4.92188,-51.9434,11.8013,-0.175781,5.2803,3.30925,0.223722,0.200138,0.156771,2.25,0.4375,-0.25,-0.4375,0,0.0292969,-0.146484,-0.5,-0.3125,0.375,-0.625,0.125,-0.322266,-0.302734,-4.69422,46.4428,-11.1964,0.419119,7.6724,-2.67986,4.80746,-52.0065,11.7367,-0.386443,5.36419,3.23696,0.462558,0.247659,0.175736,2.38307,0.543999,-0.427336,-0.260124,0.154044,0.0723773,-0.175509,-0.708159,-0.166799,0.188816,-0.858884,0.292093,-0.354096,-0.353031
1.4,0.0362519,0.0203338,-0.0634374,0.0974333,-0.0757434,-0.0608834,0.0444209,0.000647681,-0.044354,0.11723,-0.124769,0.0522448,0.00716466,0.000254477,0.0151308,0.33865,0.0761837,-0.092674,0.719257,0.00155795,0.0058368,-0.0100783,0.176492,-0.0177367,0.250686,0.783421,0.012931,0.0500691,-0.0133686,-0.0153904,0.486008,-0.178308,0.0980269,0.118557,-0.130625,0.0948449,-0.519555,0.0717887,0.110827,0.013347,0.136062,0.0076211,0.00116934,0.0176534,0.374521,0.0847106,-0.103122,0.712286,0.00578934,0.0109585,-0.0180401,0.171297,-0.0230227,0.261189,0.770953,0.0295044,0.0297127,-0.0325996,-5.25746,46.4941,-11.1301,-0.175781,8.24022,-3.27691,4.92188,-51.9434,11.7454,-0.527344,5.36705,3.2787,0,0.0500756,0.70547,2.4375,0.3125,-0.375,-0.0625,0,0.0976562,-0.117188,-0.625,-0.1875,0.375,-0.8125,0.125,-0.371094,-0.341797,-5.16423,46.7637,-11.3379,0.116298,7.79013,-2.7919,4.78013,-51.9516,11.6297,-0.829615,5.44923,3.25979,0.116359,0.35206,0.710909,2.62067,0.499871,-0.519354,0.00120053,0.0876958,0.125996,-0.148437,-0.777147,-0.056143,0.230636,-0.954733,0.316128,-0.397312,-0.370875
1.46,0.0362117,0.0203252,-0.0652855,0.0962999,-0.0758571,-0.0610993,0.0464431,0.000306796,-0.0453316,0.113915,-0.122808,0.0563254,0.00574512,0.000217055,0.0158427,0.363985,0.0837458,-0.0928658,0.70985,-0.000587227,-0.000191748,-0.0100246,0.179847,-0.0283187,0.25832,0.788119,0.0145009,0.0500078,-0.0136754,-0.0223013,0.485404,-0.183056,0.0959024,0.115878,-0.132643,0.104402,-0.52052,0.0691635,0.109196,0.0197636,0.13685,0.00605778,0.000912234,0.0191553,0.411273,0.0962379,-0.104866,0.706165,0.00326833,0.0185482,-0.0151496,0.173488,-0.0369687,0.270257,0.778038,0.0326141,0.0270033,-0.0330998,-5.81676,46.4941,-11.2979,-0.175781,8.1545,-3.32891,5.53711,-52.0312,11.6895,0,5.45775,3.01756,0,0.0500928,1.01901,3.375,0.75,-0.4375,0.0625,0,0.458984,-0.0683594,-0.625,-0.4375,0.375,-0.5,0.25,-0.419922,-0.341797,-5.78959,46.9006,-11.6382,0.218536,7.67519,-2.83255,5.46164,-52.0304,11.5266,-0.293373,5.58109,2.98466,0.237788,0.421237,0.968075,3.49545,0.862646,-0.572408,0.233005,0.115461,0.531879,-0.105445,-0.798533,-0.269809,0.225605,-0.718789,0.33005,-0.468925,-0.388486
1.5,0.0361313,0.0202059,-0.0679237,0.0948426,-0.0759798,-0.0613291,0.0484519,8.52212e-05,-0.0475144,0.111009,-0.121634,0.0583982,0.00357564,-0.0014497,0.0167772,0.384214,0.0894023,-0.0942679,0.69445,-0.00189351,-0.00762388,-0.00998622,0.181525,-0.0385413,0.2675,0.790659,0.0159989,0.0499387,-0.0145728,-0.0271512,0.478677,-0.184338,0.0933459,0.108745,-0.131539,0.107482,-0.521492,0.0668649,0.106432,0.0253023,0.137222,0.00324359,0.00099684,0.0212387,0.437633,0.102048,-0.107062,0.702405,0.00123189,0.0268385,-0.0123766,0.17537,-0.0469174,0.275296,0.782264,0.0329105,0.0246019,-0.0301534,-6.32014,45.791,-11.0742,-0.351562,7.80676,-3.31919,5.7049,-52.0312,11.9691,0,5.72029,3.07702,-0.111861,0.647119,1.18094,4.4375,0.9375,-0.4375,0.875,-0.0625,0.791016,-0.00976562,-0.4375,-0.6875,0.125,-0.4375,0.125,-0.46875,-0.253906,-6.25111,46.3282,-11.4306,-0.0172576,7.4005,-2.8108,5.64077,-52.1348,11.7876,-0.315658,5.77446,3.03687,0.126657,0.850557,1.29403,4.62093,1.04676,-0.59675,1.09418,0.0839836,0.858108,-0.0389723,-0.621661,-0.564566,-0.00901318,-0.591566,0.296814,-0.528334,-0.303757
1.56,0.036051,0.0202059,-0.0719547,0.0938881,-0.0761248,-0.0617382,0.0513445,-8.52212e-06,-0.0511436,0.107847,-0.121215,0.0590956,-0.000388365,-0.00270945,0.0166887,0.401472,0.0958139,-0.0990257,0.678103,-0.00222907,-0.0119574,-0.00895078,0.182112,-0.0464509,0.276308,0.795453,0.0171374,0.04977,-0.0151634,-0.034197,0.477688,-0.190614,0.091204,0.109454,-0.134493,0.114595,-0.524055,0.0650279,0.106062,0.0352429,0.138431,0.00108101,0.00324206,0.0222568,0.465946,0.112117,-0.118703,0.689365,-0.00103852,0.0347316,-0.00903308,0.174994,-0.0554156,0.284503,0.783003,0.0333224,0.0205095,-0.0242406,-7.10316,45.6152,-11.2979,-0.703125,7.89492,-3.37605,6.15234,-52.3828,12.025,0.351562,6.33161,3.14421,0.391513,1.54114,1.81837,5.4375,1.0625,-0.4375,1.0625,-0.0625,0.947266,-0.0195312,-0.5625,-0.5625,0.125,-0.6875,0.1875,-0.546875,-0.15625,-6.98366,46.082,-11.434,-0.260821,7.43945,-2.85963,6.04735,-52.385,11.828,0.0376308,6.26004,3.17071,0.677366,1.7851,1.6962,5.61605,1.24678,-0.588084,1.26565,0.0406848,0.988757,-0.0468065,-0.76087,-0.448553,-0.0289842,-0.8618,0.314495,-0.573429,-0.191362
1.6,0.0360242,0.0200696,-0.0762133,0.0934365,-0.0762243,-0.0619056,0.0539426,-8.52212e-06,-0.0543845,0.105546,-0.121058,0.059344,-0.00333458,-0.00389624,0.016936,0.413719,0.101662,-0.108841,0.663027,-0.00234891,-0.0140052,-0.00668816,0.182951,-0.0547559,0.28393,0.797538,0.0173292,0.049678,-0.0150867,-0.0339025,0.476992,-0.194327,0.0909248,0.108759,-0.13567,0.118908,-0.522426,0.0631102,0.105632,0.0410668,0.138532,-0.000771477,0.00315763,0.0215027,0.482462,0.114227,-0.128197,0.680933,-0.000816335,0.0388273,-0.00884912,0.175947,-0.0593045,0.290201,0.778978,0.0330975,0.0193926,-0.0196851,-7.04723,45.5273,-11.2979,-0.615234,7.89492,-3.37605,6.432,-52.2949,11.9691,0.615234,6.506,3.14808,0.671165,1.83805,1.47888,6.1875,0.75,-0.25,1.4375,-0.0625,1.03516,-0.0585938,-0.5625,-0.25,0.125,-0.75,0.25,-0.546875,-0.0585938,-6.78183,46.242,-11.5234,-0.305847,7.4034,-2.92405,6.15203,-52.2548,11.7957,0.269218,6.47155,3.17848,0.943776,2.16545,1.35698,6.34041,0.931229,-0.357275,1.59787,0.0352534,1.08021,-0.0824892,-0.755594,-0.123514,-0.0116582,-0.934127,0.312299,-0.587053,-0.112585
1.66,0.0360242,0.0195497,-0.0791595,0.0924735,-0.0764153,-0.0622676,0.0559379,-4.26106e-05,-0.0563397,0.102905,-0.12094,0.0594676,-0.00626741,-0.00400197,0.0168977,0.428029,0.1066,-0.117685,0.646849,-0.00234891,-0.0143504,-0.00456359,0.182688,-0.0611675,0.28852,0.796903,0.0173651,0.0492408,-0.0149793,-0.0383213,0.465754,-0.197392,0.0863909,0.0953961,-0.133051,0.124472,-0.516624,0.058211,0.104545,0.0512842,0.13856,-0.00490705,0.00157065,0.0220809,0.501471,0.117453,-0.14035,0.664177,-3.11106e-05,0.0435475,-0.00776787,0.175044,-0.0688659,0.295785,0.768654,0.032742,0.0186495,-0.012794,-7.5506,44.2969,-11.2979,-0.966797,7.28515,-3.3046,6.76758,-51.6797,11.6895,0.966797,7.02916,3.15967,0.503374,1.44158,1.63477,6.4375,0.75,-0.5625,1.5,-0.0625,1.12305,-0.0976562,-0.5625,-0.5,0.4375,-1.1875,0.125,-0.556641,0.0683594,-7.4037,45.0263,-11.5095,-0.617867,6.91702,-2.71674,6.59113,-51.56,11.4602,0.655156,6.88556,3.1691,0.814363,1.83416,1.53984,6.6263,0.882838,-0.709884,1.68862,0.0494239,1.15501,-0.122009,-0.782727,-0.352603,0.231301,-1.32039,0.313674,-0.603972,0.0201451
1.72,0.0360376,0.0194986,-0.0832574,0.091732,-0.0767257,-0.0642766,0.0578664,1.70442e-05,-0.058777,0.100373,-0.120861,0.0593964,-0.00862438,-0.0033677,0.0162394,0.440348,0.111525,-0.128291,0.630346,-0.00230097,-0.0145191,-0.000260777,0.183958,-0.0663087,0.292751,0.793332,0.017485,0.0486732,-0.0147646,-0.0357497,0.4678,-0.202833,0.0882183,0.102561,-0.134948,0.125798,-0.516499,0.0557352,0.104476,0.0579833,0.139645,-0.00578215,0.00224125,0.0202752,0.506641,0.119748,-0.153993,0.643243,0.000208246,0.0449958,-0.00876436,0.177114,-0.0734376,0.300551,0.758606,0.03203,0.0186848,-0.00824458,-7.21502,44.6484,-11.4098,-0.791016,7.54474,-3.25746,6.76758,-51.6797,11.5776,1.14258,7.2917,3.21913,0.671165,1.39157,1.42564,6.0625,0.4375,-0.75,1.125,-0.0625,1.14258,-0.15625,-0.625,-0.5625,0.3125,-1.25,0.125,-0.546875,0.146484,-6.97817,45.0887,-11.685,-0.505243,7.19185,-2.68904,6.63891,-51.6254,11.4615,0.817192,7.1417,3.23428,0.924663,1.64436,1.25681,6.21203,0.616747,-0.873992,1.24,0.0609222,1.19423,-0.181853,-0.831614,-0.427569,0.153765,-1.42949,0.293967,-0.595842,0.120582
1.76,0.0361046,0.0193878,-0.0875562,0.0915531,-0.0765463,-0.0664879,0.0598886,6.81769e-05,-0.0619241,0.0979362,-0.120777,0.0592902,-0.0090797,-0.00251301,0.0155762,0.449972,0.113491,-0.132641,0.60929,-0.00213319,-0.0144271,0.00131922,0.189578,-0.0703114,0.298994,0.780257,0.0176048,0.0476531,-0.0132229,-0.0294166,0.459252,-0.206699,0.0886854,0.103704,-0.134039,0.126397,-0.514977,0.0485599,0.105418,0.0631558,0.140142,-0.00676111,0.00382789,0.0158506,0.49749,0.121008,-0.166619,0.586538,0.00045583,0.0395811,-0.00796578,0.189988,-0.0739555,0.305099,0.734055,0.0338735,0.0206974,-0.00371055,-6.65572,43.5059,-11.4657,-0.791016,7.53986,-3.03972,6.59979,-51.5039,11.4098,1.66992,7.46609,3.223,0.447443,1.48091,0.47674,4.375,0.5,-1.1875,-0.0625,-0.0625,1.00586,-0.15625,-0.25,-0.4375,0.1875,-1.5,0.125,-0.458984,0.126953,-6.52126,44.4217,-11.76,-0.424702,7.1496,-2.43656,6.4709,-51.4783,11.3312,1.40044,7.33682,3.26661,0.68015,1.53372,0.314961,4.47573,0.662788,-1.38593,0.126401,0.0625183,1.05267,-0.195517,-0.40694,-0.309182,0.0198852,-1.62592,0.296228,-0.497881,0.0910907
1.82,0.0361179,0.019081,-0.0927523,0.0914253,-0.075466,-0.0694496,0.0611474,5.11327e-05,-0.0663033,0.0966834,-0.120768,0.0592481,-0.00795479,-0.000703558,0.0145861,0.455508,0.11433,-0.137399,0.570881,-0.00176168,-0.00714835,0.0017334,0.200724,-0.0709945,0.302074,0.760087,0.0188272,0.0478986,-0.0115585,-0.0176367,0.440075,-0.214362,0.0933887,0.107276,-0.134409,0.119027,-0.516192,0.0398069,0.10735,0.0638774,0.138001,-0.00927861,0.00965451,0.0133355,0.477857,0.108353,-0.123758,0.468242,0.00138785,0.0193156,-0.00295518,0.21113,-0.0673261,0.300402,0.68034,0.0354298,0.0217905,-1.34185e-05,-5.81676,42.8027,-11.1861,0.0878906,7.97331,-2.99744,6.15234,-51.3281,11.242,1.93359,7.63856,3.11954,0.0559304,1.70127,-0.313542,2.375,0,-0.5,-0.9375,0,0.166016,-0.117188,-0.25,-0.0625,0.125,-1.1875,0.125,-0.498047,0.195312,-5.2829,42.6295,-11.8061,0.321784,7.28238,-2.50915,5.60795,-51.6145,10.9401,1.63819,7.38704,3.16886,-0.417718,2.98958,-0.347667,1.82681,-0.49944,0.544004,-3.28503,0.0507189,-0.0794046,-0.102607,0.221495,0.336168,-0.0897747,-2.54545,0.31978,-0.511361,0.209304
1.86,0.0363858,0.0183737,-0.098792,0.0913656,-0.0755938,-0.07012,0.0618438,-7.6699e-05,-0.0704012,0.0966919,-0.120781,0.0592414,-0.00969573,0.00320665,0.0156119,0.464916,0.102597,-0.105473,0.488477,-0.0015939,0.00944165,0.00151097,0.223518,-0.0672075,0.300097,0.713876,0.0193186,0.047469,-0.0111367,-0.00306717,0.431287,-0.227281,0.101668,0.10176,-0.138205,0.109689,-0.523088,0.0346885,0.113426,0.0638347,0.135105,-0.0138274,0.0110219,0.0156347,0.461421,0.0977543,-0.0332725,0.345566,-0.000185618,0.00294468,0.0030383,0.23615,-0.0597204,0.291395,0.63061,0.0334907,0.0218641,0.00296196,-4.08292,41.0449,-12.1369,1.05469,7.63118,-3.23792,4.86594,-52.1191,10.9624,2.8125,7.55041,3.06395,-1.2864,1.91726,-0.233351,-0.1875,0.0625,1.3125,-2.5,-0.125,-0.244141,0.0683594,-0.25,0.1875,0,-1.5,0.125,-0.507812,0.292969,-3.92472,41.4517,-12.3964,1.51265,7.15508,-2.62953,4.67134,-52.2259,10.8535,2.4719,7.38891,3.06396,-1.02867,2.0433,-0.172323,-0.00280622,0.25511,1.19862,-2.26134,0.00668994,-0.224187,0.0266196,-0.454848,0.276246,-0.149804,-1.72427,0.312589,-0.577876,0.276083
1.92,0.0363992,0.0170868,-0.11043,0.0914764,-0.0754816,-0.0722376,0.0636115,-0.000988565,-0.0792666,0.0970584,-0.120863,0.0592917,-0.0114769,0.00760176,0.0182574,0.469134,0.0772983,-0.0239085,0.365986,-0.00173771,0.0244977,0.000260777,0.25222,-0.0586868,0.290977,0.654542,0.0185755,0.0462955,-0.00921156,0.0254499,0.413961,-0.251207,0.117518,0.116806,-0.147722,0.100512,-0.542924,0.0204757,0.120256,0.0448897,0.128128,-0.0164326,0.022439,0.0116534,0.427266,0.0979352,0.134497,0.115258,0.000315961,-0.0253904,0.0162786,0.266115,-0.0530723,0.269962,0.545441,0.0196586,0.0085119,0.00386852,-2.23722,39.1992,-11.8013,2.02148,7.19768,-3.27821,3.80327,-53.6133,11.6895,3.07617,7.0215,2.73038,-1.95756,3.76365,-1.40529,-3,2.5,1.5,-3.125,-0.0625,-0.947266,0.224609,-0.375,0.125,0.125,-1.3125,0,-0.488281,0.283203,-0.863514,40.0343,-13.1007,4.05348,7.64008,-2.97296,3.41748,-54.2099,11.0233,3.28879,6.62157,2.76702,-1.44558,4.1964,-2.19276,-4.09174,2.76319,4.31233,-6.81465,0.0579473,-0.942784,0.232981,-0.0984788,0.110458,-0.541492,-3.0866,0.0247284,-0.630991,0.254729
1.96,0.0368679,0.0138655,-0.13045,0.0919025,-0.0690088,-0.082651,0.065781,-0.00345146,-0.0935022,0.0993253,-0.122531,0.0616739,-0.00980287,0.0118868,0.0194162,0.439114,0.0768429,0.0954783,0.194792,-0.00156993,0.0234239,0.00199418,0.284326,-0.0489795,0.275841,0.591374,0.0148604,0.0427674,-0.00920388,0.049276,0.396342,-0.261329,0.136237,0.157326,-0.158507,0.0874044,-0.545837,0.00792864,0.120099,0.03169,0.123779,-0.0126506,0.0295419,0.00859327,0.376691,0.118059,0.236443,-0.0364583,0.00516978,-0.0273488,0.00753485,0.295424,-0.0451746,0.246492,0.506993,0.00758317,-0.00289755,-0.00116457,0.391513,38.1445,-11.4098,6.24023,8.56209,-2.91335,2.18129,-53.877,11.0742,2.98828,6.57739,2.26482,-1.39826,4.74243,-3.28804,-4.25,3.0625,1.9375,-4.625,0,-1.14258,0.175781,-0.3125,0,-0.4375,-1.5,-0.0625,-0.791016,0.185547,0.65971,38.732,-11.4731,6.61201,8.3554,-1.91892,2.00807,-53.8983,11.0225,2.51067,6.36776,2.19646,-1.26572,4.76629,-3.29651,-4.22972,3.20118,1.89406,-4.50925,0.102581,-1.1637,0.16481,-0.553053,0.144256,-0.580817,-1.63582,0.0615419,-0.845558,0.151951
2.02,0.0385821,0.00957886,-0.153632,0.0918514,-0.0629938,-0.0935333,0.0682317,-0.00753355,-0.10676,0.103467,-0.126209,0.0622373,-0.00348189,0.0193411,0.0175085,0.342629,0.122047,0.212049,0.0284506,-0.000743022,0.0221814,-0.00113515,0.30845,-0.0338075,0.247067,0.544443,0.00798149,0.0297899,-0.00948767,0.0338121,0.358083,-0.257282,0.127456,0.140438,-0.160328,0.109522,-0.545622,-0.0106921,0.124413,0.0305655,0.121922,-0.00853244,0.0415176,0.00553806,0.228054,0.214578,0.348778,-0.220943,0.0130727,-0.0415954,-0.0144446,0.326066,-0.0215014,0.210105,0.491717,0.00740425,-0.00655213,-0.0213519,-0.111861,35.5957,-9.39631,5.36133,8.66182,-2.90791,3.63548,-53.9648,11.2979,2.8125,6.85787,2.53154,-1.95756,4.578,-3.03775,-1.625,2.5,0.625,-3.25,0.0625,-1.10352,-0.0488281,0,-0.5,0.1875,-1,-0.0625,-0.46875,-0.0488281,-0.389569,34.965,-9.49596,5.37881,7.93858,-2.20157,4.14443,-53.619,10.5479,2.59096,6.6496,2.65348,-1.70544,6.09538,-3.28698,-6.64691,6.3845,2.3327,-5.94721,0.247168,-1.17638,-0.160161,1.29225,0.659968,-0.452157,-1.14837,0.0774259,-0.438207,-0.241211
2.06,0.0395195,0.00656203,-0.16235,0.091894,-0.0598056,-0.09802,0.0715261,-0.0109168,-0.119081,0.111435,-0.129919,0.0609256,-0.00298639,0.0345715,0.0142807,0.202701,0.222152,0.320878,-0.124588,0,0.019681,-0.00652709,0.321009,-0.0231895,0.219982,0.533298,0.00753808,0.024559,-0.0121415,0.0413215,0.34649,-0.245831,0.136407,0.178588,-0.162759,0.107029,-0.532415,-0.020322,0.121865,0.0323307,0.12346,-0.00860413,0.0499736,0.00190939,0.10067,0.301378,0.406931,-0.335148,0.0131722,-0.0497595,-0.0247481,0.33128,-0.0155739,0.189343,0.489016,0.0106026,-0.012736,-0.0323202,0.167791,33.4863,-8.10991,6.32812,9.60791,-2.88715,3.57955,-52.1191,10.3471,0.878906,7.02509,2.42571,-2.06942,3.74306,-3.81415,-4.5,3.1875,0.1875,-4.6875,0.0625,-1.48438,-0.195312,0.875,0.125,-0.125,-1.6875,-0.0625,-0.683594,-0.292969,0.26762,33.996,-8.35834,6.65517,9.08778,-2.30011,3.39091,-51.9894,10.2256,0.544493,6.76747,2.4077,-2.03501,3.53166,-3.79191,-4.30654,3.43726,-0.010869,-4.61912,0.280318,-1.48208,-0.230902,0.738704,0.215455,-0.237315,-1.84903,0.0628237,-0.705649,-0.326017
2.12,0.0435638,0.00351111,-0.162082,0.0921837,-0.0574123,-0.101124,0.077365,-0.0146921,-0.121679,0.116191,-0.131824,0.0596071,-0.00423184,0.0456617,0.00911678,0.0412018,0.35242,0.400057,-0.26249,-0.000407464,0.0147646,-0.0108606,0.325935,-0.0169816,0.190597,0.53023,0.00764594,0.021422,-0.0147262,0.0201306,0.332942,-0.22549,0.135853,0.206649,-0.15794,0.139104,-0.522972,-0.0313059,0.127176,0.0397352,0.127768,-0.00702602,0.054638,-0.00560793,-0.120017,0.510875,0.455916,-0.435676,-0.00525723,-0.0412477,-0.0212389,0.318013,-0.00768129,0.152907,0.52907,0.013821,-0.00100143,-0.0409868,-2.40501,32.6074,-6.76758,5.36133,10.1433,-2.7469,4.58629,-51.1523,9.67596,1.14258,6.6791,2.6035,-1.8457,1.57865,-2.25394,-1.25,0.6875,0.3125,-3.25,-0.0625,-1.12305,-0.214844,0.1875,0.4375,0,-0.9375,0,-0.439453,-0.322266,-2.78043,33.1067,-6.48476,6.45224,10.4125,-2.02841,6.1688,-50.6611,9.15042,1.51147,6.88451,2.76908,-0.637697,2.12793,-4.03828,-9.15764,10.0593,0.685217,-4.09724,-0.0801216,-1.02992,-0.113319,-1.04379,0.752094,-0.905844,-0.183767,0.115831,-0.376802,-0.376969
2.16,0.0486126,-0.000289752,-0.158078,0.0953625,-0.0511046,-0.10395,0.0834181,-0.0199758,-0.122214,0.117213,-0.131863,0.0596007,-0.00273195,0.046858,0.00335253,-0.162746,0.545162,0.421425,-0.345194,-0.00255264,0.0112748,-0.0120724,0.31334,-0.0135661,0.155891,0.561245,0.00732236,0.0214911,-0.0242216,0.034199,0.3357,-0.209349,0.1516,0.260882,-0.156227,0.138658,-0.519274,-0.0307536,0.12176,0.0369962,0.130564,-0.00193706,0.0496884,-0.0105934,-0.324962,0.702798,0.424106,-0.445817,-0.0124639,-0.0211734,-0.0136858,0.292494,-0.0110968,0.115158,0.58802,0.00562184,0.0131158,-0.0432197,-2.46094,33.0469,-5.20153,7.38281,12.5795,-2.59295,5.1456,-49.6582,9.39631,0.791016,6.77111,2.8727,-0.615234,1.51643,-2.48068,-7.25,6.0625,0.75,-3.0625,-0.3125,-0.732422,0.0683594,-0.875,0.3125,-0.0625,-0.5625,-0.0625,-0.15625,-0.146484,-2.25902,33.419,-5.51789,7.70478,11.9119,-2.07945,5.02007,-49.6255,9.23865,0.45836,6.75095,2.84397,-0.460912,2.52702,-3.22115,-7.20183,6.10869,0.713858,-3.04315,-0.155273,-0.709831,0.0374367,-1.09052,0.504644,-0.0976734,-0.802708,0.00740706,-0.172414,-0.162997
2.22,0.0511035,-0.00278673,-0.14932,0.0995298,-0.0437451,-0.10054,0.0851189,-0.0237426,-0.119737,0.118313,-0.131511,0.0592163,0.000187487,0.0344509,-0.00144081,-0.428532,0.776206,0.39071,-0.368119,-0.00324773,0.0133456,-0.013338,0.283906,-0.0112412,0.115108,0.624714,0.00251669,0.0292607,-0.0278034,0.0263892,0.323033,-0.1827,0.161177,0.304256,-0.154634,0.146675,-0.517143,-0.0281979,0.119135,0.011205,0.129528,0.00698925,0.0399862,-0.0107938,-0.649751,0.955695,0.332005,-0.400156,-0.0183683,0.0174657,-0.017121,0.235306,0.00121367,0.0579846,0.672738,-0.0150185,0.022001,-0.0400601,-1.11861,33.4863,-4.47443,9.05273,14.8214,-2.87027,6.76758,-48.8672,8.94886,0.791016,5.80972,2.79835,1.39826,1.55306,-3.94449,-0.5625,0.6875,0.8125,-2.6875,-0.375,-0.322266,-0.00976562,-1.1875,0.25,-0.0625,-1.875,-0.3125,-0.371094,-0.195312,-2.59999,32.7489,-3.82656,8.79991,13.5447,-2.25042,6.61843,-49.0324,8.73222,-0.100229,5.56875,3.0355,2.33879,3.01816,-2.40679,-11.608,9.07024,-0.861302,-1.60182,-0.288606,-0.017737,-0.0707528,-3.36288,1.15652,-1.03996,-0.507221,-0.209579,-0.400449,-0.18721
2.26,0.0535006,-0.00515588,-0.13045,0.103007,-0.0411555,-0.0976228,0.0837261,-0.0264186,-0.104765,0.119804,-0.128012,0.0606468,-0.0061201,0.0289396,-0.00064402,-0.729096,0.992689,0.308929,-0.357597,-0.00551274,0.0186762,-0.0163829,0.238151,-0.00738228,0.0669798,0.694857,-0.00472178,0.0391472,-0.0280795,0.0222207,0.321331,-0.16109,0.159359,0.31124,-0.152155,0.159671,-0.494447,-0.0275729,0.127246,0.000465035,0.131922,0.00666764,0.0350959,-0.011425,-0.888658,1.12331,0.25143,-0.325374,-0.023376,0.0296232,-0.0156294,0.199349,0.000684941,0.0312716,0.726927,-0.0121996,0.0240607,-0.032471,-4.19478,32.4316,-4.69815,7.82227,15.4225,-2.73271,7.94212,-46.582,6.65572,1.8457,4.05781,2.43961,4.30664,1.72134,-3.56197,-4.5,5,2.125,-0.1875,-0.4375,0.0585938,0.126953,-1.75,0.4375,0.1875,-1.0625,-0.1875,-0.263672,-0.0585938,-4.04335,32.9105,-4.96671,8.18553,14.0802,-2.23413,7.78475,-46.5509,6.42328,1.52534,4.55409,2.1834,4.55113,2.0801,-3.42359,-5.17233,5.07657,2.22398,-0.0823581,-0.303576,0.08444,0.131899,-1.89213,0.625713,0.000144243,-1.30494,-0.105072,-0.267369,-0.0829206
2.32,0.0574646,-0.0101754,-0.104095,0.107336,-0.0400317,-0.0959496,0.0817843,-0.0325715,-0.08461,0.119906,-0.124095,0.0656136,-0.00950825,0.0296431,0.00117759,-1.02331,1.16609,0.197812,-0.287981,-0.00592021,0.019052,-0.0186225,0.19762,-0.00862864,0.0308114,0.751447,-0.00484163,0.0405124,-0.0280105,0.0405676,0.322911,-0.124962,0.155083,0.305294,-0.136982,0.13219,-0.472731,-0.0148509,0.124809,-0.0115004,0.13924,-0.00104655,0.035006,-0.00323757,-1.22931,1.27114,0.0559666,-0.149135,-0.0153231,0.0310286,-0.0193392,0.16124,0.0124252,0.0153224,0.783468,0.00898206,0.0337952,-0.0122256,-2.96431,33.1348,-3.91513,6.15234,15.3368,-2.67198,7.21502,-43.5059,5.59304,1.66992,4.24351,2.67818,3.35582,1.0911,-2.71298,1.25,0.875,1.625,-0.1875,-0.4375,0.224609,-0.0195312,-1.1875,1.625,0.5625,-1.0625,-0.0625,-0.410156,0.195312,-1.94683,34.117,-3.05863,6.21845,13.6789,-1.89826,5.62165,-43.4302,6.08626,0.871707,4.43361,2.8552,2.55394,1.50732,-1.34684,-9.56448,4.97999,-1.87058,3.19326,-0.171183,0.277818,-0.0536036,-2.34942,2.01334,0.231841,-0.322533,0.250396,-0.361128,0.329442
2.36,0.0639195,-0.0180413,-0.0850385,0.108751,-0.0390624,-0.0942219,0.0818245,-0.04048,-0.069986,0.12,-0.123013,0.0683959,-0.00999035,0.0386766,0.0069612,-1.32977,1.27879,0.0353055,-0.165706,-0.00365519,0.0108452,-0.0166284,0.166125,-0.00405067,0.0125954,0.796292,0.00598013,0.0475227,-0.0254871,0.0517451,0.331385,-0.109973,0.153033,0.274876,-0.113033,0.105646,-0.479902,0.00806619,0.117208,-0.00529547,0.147483,-0.00568386,0.0376453,0.00846255,-1.46616,1.33212,-0.122781,0.00700565,0.00102512,0.0396539,-0.00876347,0.136397,0.0139331,0.00428046,0.810695,0.0334436,0.0416925,0.00238997,-2.18129,34.8926,-3.46768,6.41602,13.7982,-1.28578,2.46094,-43.9453,6.82351,-0.263672,4.51096,2.95265,1.06268,-0.958305,-0.706687,-0.75,1.4375,1.5625,2.625,-0.1875,0.800781,0.0683594,-1.5,1.3125,0.25,-0.875,0,-0.302734,0.390625,-2.11224,35.4041,-3.74302,6.80601,12.5469,-0.76843,2.13014,-43.8898,6.62759,-0.527833,4.52222,2.85581,1.34851,-1.04799,-0.200842,-1.1067,1.54072,1.73523,2.62237,-0.052122,0.858916,0.0267251,-1.61373,1.47624,0.102737,-1.10528,0.0967449,-0.324735,0.370027
2.42,0.07241,-0.0250976,-0.0711244,0.108751,-0.0388768,-0.0916101,0.0829896,-0.0488658,-0.0572771,0.121755,-0.121273,0.0731503,-0.00770034,0.0497221,0.0163437,-1.60317,1.34978,-0.156814,0.00399075,0.000671117,0.00901214,-0.0122335,0.141989,0.00689093,0.00146208,0.8269,0.0196541,0.0536817,-0.0120111,0.0800278,0.346509,-0.104378,0.153281,0.230972,-0.0748168,0.0881428,-0.486905,0.0407929,0.115407,-0.00740048,0.159733,-0.00666711,0.0484037,0.0156136,-1.78415,1.38639,-0.367587,0.21552,0.0281305,0.0327804,0.0017229,0.114389,0.0240524,-0.00829559,0.823645,0.0542054,0.0503318,0.0201339,0.223722,36.5625,-3.52362,7.03125,13.2499,-0.381349,0.335582,-43.3301,8.22177,-1.40625,4.4532,3.24997,0.0559304,-1.2393,-1.57875,1.0625,-0.0625,0.375,0.0625,0.125,0.341797,0.0976562,-0.8125,0.875,0.1875,-0.625,0.125,-0.224609,0.244141,0.448085,37.6679,-3.58758,6.63588,10.7888,0.507394,0.41762,-43.3326,8.89164,-1.34497,4.44696,3.39878,0.181406,-1.14271,-0.813021,-8.37918,1.43038,-3.75542,3.61525,0.458682,0.297668,0.0984863,-2.10349,1.31731,-0.10132,-0.770177,0.417977,-0.192661,0.303215
2.46,0.0813959,-0.0310631,-0.062125,0.108563,-0.0405377,-0.0762819,0.0798291,-0.05432,-0.0430416,0.124065,-0.116962,0.0819443,-0.00472734,0.0648206,0.0233983,-1.85129,1.39661,-0.361528,0.183562,0.00928777,0.0128548,-0.00772359,0.12345,0.0198579,-0.0053929,0.84031,0.0347782,0.0580842,0.00171039,0.0972741,0.355601,-0.104938,0.152159,0.173166,-0.05577,0.0731662,-0.489265,0.0589967,0.117157,-0.0124135,0.165243,-0.00675339,0.0506932,0.0222637,-1.95724,1.41312,-0.501771,0.339802,0.0423648,0.0379227,0.00129223,0.102439,0.0341132,-0.0127647,0.831004,0.0678216,0.0504868,0.0258915,0.671165,38.6719,-4.81001,6.32812,9.58897,-0.41762,-0.0559304,-43.3301,9.11666,-0.878906,3.54554,2.79228,-1.11861,-4.82721,-1.16113,-2,-0.3125,1.3125,0.6875,0.125,0.517578,0.292969,-1,0.625,-0.0625,-1,0.0625,-0.0976562,0.283203,0.929579,39.2391,-5.13493,6.58853,8.72248,-0.639445,-0.311457,-42.9807,8.94905,-1.26532,3.85698,2.43332,-0.870084,-5.13853,-0.823388,-2.01741,-0.161628,1.11184,0.636032,0.256569,0.589716,0.268674,-1.06718,0.796601,-0.285753,-1.17398,0.237488,-0.133294,0.245057
2.52,0.0881455,-0.0339436,-0.0552684,0.108393,-0.0498305,-0.0581046,0.0762802,-0.0563738,-0.0289667,0.129707,-0.114153,0.0864248,-0.004955,0.0807746,0.0295933,-2.05697,1.4299,-0.533705,0.332299,0.0248553,0.0182544,-0.0069566,0.102777,0.0312668,-0.00709466,0.853744,0.0511247,0.0602318,0.00997088,0.107103,0.354523,-0.106684,0.141187,0.0611077,-0.0397902,0.0723851,-0.504161,0.0750749,0.126003,-0.0301241,0.174614,-0.00333875,0.065702,0.0232631,-2.1905,1.45242,-0.713995,0.486516,0.0471225,0.0350013,-0.00284168,0.0662613,0.0423722,-0.0107333,0.839524,0.0908195,0.0404618,0.0337236,1.06268,38.2324,-5.03374,4.57031,7.06119,-0.467146,-0.279652,-43.8574,9.5641,-1.58203,3.22851,3.22303,-0.447443,-7.15253,-1.22248,0.1875,0.0625,0.9375,0.25,0,0.214844,0.136719,-1.3125,0,-0.25,-1.1875,0.125,-0.292969,0.341797,1.76715,38.9154,-5.50152,5.01184,5.1516,-0.389402,0.0167395,-44.6445,9.85905,-1.39006,3.22402,3.34663,0.70086,-5.12082,-2.03865,-6.64964,1.34743,-2.87242,2.65795,0.132411,0.18964,0.0940793,-3.01034,0.904984,-0.172729,-1.29393,0.491702,-0.383617,0.397497
2.56,0.0974394,-0.0354179,-0.0448629,0.108896,-0.062698,-0.0365113,0.0746062,-0.0567914,-0.0168872,0.137794,-0.113098,0.0938437,-0.00480769,0.093551,0.0302326,-2.23986,1.45876,-0.702887,0.454478,0.0363961,0.0199801,-0.00813777,0.0824994,0.0373428,-0.00417051,0.865681,0.066081,0.0599326,0.0183004,0.12371,0.355645,-0.105894,0.140986,-0.00696483,-0.0406127,0.0597187,-0.508088,0.0788032,0.123596,-0.0489782,0.178,-0.00034322,0.0768317,0.02323,-2.3106,1.47204,-0.832861,0.570084,0.0502498,0.0391783,-0.0162841,0.0442118,0.0444719,-0.00117423,0.848437,0.0976216,0.0269884,0.0349855,1.56605,39.1113,-6.9913,4.04297,3.39395,-1.31091,-1.39826,-44.8242,8.66921,-2.72461,2.43568,2.93572,1.11861,-5.23009,-2.16443,-1.0625,-0.5,0.75,0.875,0.0625,0.439453,-0.0585938,-2.6875,0.3125,0,-1.1875,0.3125,-0.507812,0.263672,1.69629,39.5153,-7.27041,4.51902,3.00901,-1.40364,-1.64303,-44.8123,8.33484,-3.07327,2.65513,2.47432,1.38562,-5.2299,-2.15907,-0.879188,-0.407867,0.824494,0.908392,0.20191,0.489011,-0.0883144,-2.85622,0.531895,-0.16005,-1.38985,0.449802,-0.553837,0.236509
2.62,0.105582,-0.0376081,-0.0331048,0.115424,-0.0748838,-0.0238604,0.0778069,-0.0586662,-0.00633437,0.146981,-0.114705,0.106243,-0.00385687,0.106211,0.0231864,-2.36247,1.48528,-0.853612,0.554606,0.0385413,0.0205093,-0.0147416,0.0614671,0.0345865,0.000455401,0.871601,0.0777537,0.0564735,0.0250346,0.132222,0.361996,-0.0943704,0.135339,-0.0963824,-0.0628071,0.0630386,-0.498371,0.0763635,0.127472,-0.0651267,0.179454,-0.00559622,0.101519,0.00561288,-2.44823,1.48903,-1.01481,0.644547,0.0459569,0.0326087,-0.0343735,0.00727484,0.0310002,0.0192924,0.85204,0.0961297,-0.000851667,0.0422565,2.12536,39.1113,-6.9913,2.54883,1.84054,-2.14432,-1.11861,-44.8242,8.66921,-3.16406,2.08454,2.39572,0.167791,-1.7194,-2.64214,-0.8125,-1.875,-0.25,0,0.0625,0.195312,-0.0683594,-3.3125,0.5625,0.4375,-0.9375,0.0625,-0.800781,0.214844,2.23203,40.1829,-6.76938,2.20741,0.0782303,-2.72756,-1.74938,-43.6498,7.8481,-3.77724,2.12634,1.89155,-0.526948,-1.37269,-4.70366,-5.10553,-0.320787,-3.39964,1.21431,0.0700794,0.20959,-0.171746,-4.71359,0.0156609,0.736297,-1.03019,0.109812,-1.01299,0.18736
2.66,0.107537,-0.0389035,-0.0171014,0.120136,-0.0968215,-0.0220937,0.0891231,-0.0616831,-0.00174095,0.152103,-0.116769,0.116218,-0.0157087,0.118065,0.00524965,-2.48453,1.52836,-1.02956,0.62578,0.0378702,0.023769,-0.024582,0.028079,0.0176647,0.0144889,0.882063,0.0809534,0.0415249,0.0257479,0.0700661,0.367325,-0.0769255,0.0782674,-0.254444,-0.100253,0.101533,-0.452157,0.0561432,0.149995,-0.0895839,0.172142,-0.0221321,0.114832,-0.00582533,-2.55842,1.54293,-1.17307,0.675035,0.0440977,0.0391263,-0.0252568,-0.0115028,-0.00262819,0.0292555,0.875994,0.0858662,-0.0230671,0.0312756,-4.58629,40.0781,-7.38281,-7.38281,-3.54924,-2.82956,0.167791,-38.4961,5.92862,-0.351562,0.856038,2.02,-0.167791,-1.17757,-1.82682,-1.6875,-1.375,2,0.0625,0,0.166016,-0.00976562,-2,-1.1875,0.1875,-1.1875,0,-0.605469,0.126953,-4.49789,40.721,-7.72571,-6.98936,-4.08947,-2.22521,-0.270853,-38.5173,5.71127,-0.812431,1.22361,2.00995,0.351106,-1.30805,-2.44241,-1.54451,-1.45123,2.01654,0.30595,0.107676,0.180499,-0.0429483,-2.18184,-1.0997,0.0296314,-1.40485,0.0767791,-0.62916,0.0997562
2.72,0.105501,-0.037574,0.0172354,0.112662,-0.134399,-0.0602478,0.0898194,-0.0759661,-0.00715127,0.15783,-0.120285,0.121868,-0.0520007,0.11858,-0.02219,-2.65038,1.60736,-1.23825,0.653728,0.0390925,0.0289155,-0.0272282,-0.0020493,-0.000599211,0.0334,0.910765,0.0802823,0.0140052,0.0259166,-0.0579548,0.395585,-0.044523,-0.0308926,-0.490648,-0.186791,0.0790549,-0.393384,0.017555,0.161814,-0.144298,0.115055,-0.0582155,0.0635147,-0.00880648,-2.7387,1.63442,-1.44606,0.683703,0.0618801,0.0403584,-0.0381203,-0.00841201,-0.0199565,0.0480765,0.924222,0.0750797,-0.0357437,0.00962816,-15.8283,42.5391,-8.78107,-18.8965,-11.5553,-3.00854,0.727095,-30.7617,4.19478,1.66992,-0.612991,-0.0825766,-0.279652,-11.6835,7.26698,-2.25,-1.3125,-2.75,0.5625,0.25,0.107422,-0.078125,-0.375,-1.25,0.25,-0.0625,-0.1875,-0.546875,-0.292969,-16.3662,43.3388,-8.96307,-19.6625,-11.7172,-1.0655,-0.927324,-30.2201,3.3757,0.390408,-0.546151,-0.704587,-0.42452,-15.318,6.36412,-2.73251,-0.794505,-4.03365,0.872916,0.481829,0.1297,-0.124576,-0.0533576,-1.16873,0.190793,-0.0634697,-0.104053,-0.576755,-0.318897
2.76,0.104698,-0.0389631,0.0665175,0.103654,-0.172681,-0.114443,0.078597,-0.1091,-0.0352073,0.155639,-0.134046,0.0869653,-0.063116,0.0592602,-0.0523442,-2.76484,1.64383,-1.36509,0.657119,0.0396558,0.0342921,-0.029161,0.0356531,-0.00581235,0.0441739,0.915547,0.0766751,-0.0118117,0.0231554,0.0660938,0.377755,-0.0415915,0.0421407,-0.408259,-0.13017,-0.111916,-0.519421,0.028861,0.0153063,-0.22573,0.0743709,-0.053378,0.0260929,-0.0181915,-2.78875,1.62677,-1.42283,0.635356,0.0430825,0.0667919,-0.0430567,0.0604734,0.0220013,0.0672273,0.930362,0.0769817,-0.000364466,0.0164068,-2.68466,41.3086,-12.4165,-8.61328,-8.40152,-0.508342,-18.457,-39.7266,8.72514,-19.7754,-3.82728,1.26739,1.8457,-8.69603,12.2278,-0.0625,-2.375,0.125,-0.125,0.0625,-0.0390625,-0.146484,-0.3125,2.875,1.3125,0.5,-0.1875,0.361328,0,-2.34337,41.8387,-12.8113,-8.31623,-7.75876,0.48424,-18.7582,-39.3632,8.60781,-20.2209,-3.13641,2.53206,1.89804,-7.85886,11.4099,0.0854127,-2.40219,0.0640049,0.142098,0.195855,-0.0509732,-0.171885,-0.300604,3.14952,1.08824,0.470774,-0.08744,0.313374,-0.0417062
2.82,0.0877169,-0.0336112,0.0749143,0.10489,-0.173759,-0.113879,0.0750482,-0.11631,-0.0555764,0.120596,-0.122614,0.0939619,-0.0131107,0.0653135,-0.0652983,-2.79309,1.65028,-1.37556,0.628177,0.0307755,0.0554687,-0.030066,0.100368,0.0130988,0.0402071,0.915415,0.0778256,0.00324437,0.0133226,0.00124199,0.341031,-0.016558,0.0454616,-0.14488,-0.123599,0.0253804,-0.507564,0.0789389,0.0175252,-0.168834,0.129134,0.00711986,0.240831,-0.0323504,-2.80308,1.55372,-1.40624,0.578229,0.0183658,0.0563263,-0.0231779,0.10023,0.0427755,0.0412642,0.931991,0.0671864,0.0309103,-0.0463944,-4.97781,36.3867,-9.06072,-7.91016,-1.88571,-1.39844,-5.98455,-40.5176,14.5419,-12.3926,-4.9956,-0.0384498,1.67791,42.6359,1.04499,-0.0625,-9.875,-1.25,-2.125,-0.125,-0.263672,0.0878906,-2,2,0.5,0.6875,-0.3125,0.195312,-0.791016,-4.44094,36.9406,-9.28093,-7.97618,-0.198585,-1.60172,-6.6278,-40.2446,14.4337,-12.4336,-3.18155,-0.816548,1.68776,48.4519,9.73358,0.130394,-9.65508,-1.44824,-2.03109,0.00644626,-0.249885,0.0660949,-2.16138,2.25591,0.310563,0.525054,-0.175969,0.177308,-0.752554
2.86,0.0438986,-0.00371564,0.0849582,0.0966067,-0.136412,-0.148144,0.0892838,-0.100109,-0.0517731,0.12196,-0.114765,0.0974898,0.0132446,0.146986,-0.0682926,-2.76796,1.65928,-1.31628,0.67748,0.0405067,0.0721891,-0.0267143,0.112975,-0.0123438,0.0188991,0.962992,0.080534,0.0485045,-0.00403437,-0.343554,0.331764,0.0364956,-0.190419,-0.568439,-0.505291,0.190527,-0.202605,-0.0245494,0.186684,-0.0914399,0.0317736,-0.0310772,0.22585,0.0401243,-2.68858,1.51996,-1.28127,0.705612,0.0495587,0.0438344,-0.0541181,0.0211119,-0.134432,-0.0557392,0.910842,0.113985,-0.00920734,-0.00409188,-40.4377,33.0469,-4.08292,-42.1875,-19.9488,-11.0249,5.76083,-6.76758,1.45419,5.27344,-0.0858227,0.0503183,-11.6895,20.768,32.1824,5.8125,-13.625,-2.9375,-3.0625,0,-0.810547,-0.517578,-7.9375,-10.5,-2.4375,-3.8125,-0.1875,-1.81641,-0.449219,-40.1543,33.5316,-4.38343,-42.0449,-17.1171,-7.38609,5.37262,-6.45025,1.25162,4.65265,0.661666,2.02439,-11.1727,18.2875,32.1986,6.14634,-13.53,-2.99588,-3.00821,0.11968,-0.803696,-0.572621,-8.03892,-10.2484,-2.44031,-3.90221,-0.0810901,-1.84146,-0.48417
2.92,0.0396668,-0.0226262,0.107376,0.0844968,-0.181098,-0.254147,0.095511,-0.194091,-0.0489742,0.147705,-0.108378,0.0570162,-0.0619375,0.077518,-0.0642933,-2.74121,1.61328,-1.26746,0.664298,0.0337476,0.0812473,-0.0120571,0.10823,-0.00461393,-0.0267009,0.928166,0.0977433,0.0368846,-0.00953369,0.155758,0.39153,-0.00609178,0.133344,-0.276283,-0.114241,-0.32746,-0.449291,0.0408697,-0.0356336,-0.134423,0.093374,-0.0621712,0.00271114,0.0286159,-2.74429,1.62124,-1.37809,0.551815,-0.0687063,0.0788806,0.0527061,0.182001,0.105839,-0.014313,0.961441,0.123867,0.0395872,-0.0164269,12.9199,43.8574,-13.1996,6.76758,0.760731,5.8861,-37.6412,-18.3691,7.5506,-21.709,-1.18346,2.23181,2.34908,-19.9718,27.1967,-0.3125,3.6875,-4.5625,-1.75,-1.875,0.166016,0.673828,5.625,8.5,3.125,3.125,0.25,0.390625,0.585938,13.0799,44.7176,-13.4809,7.94889,-0.654823,7.15024,-37.6534,-17.6136,7.29765,-22.2158,-0.67233,3.14593,2.89711,-17.3026,27.0716,-0.151738,3.80257,-4.62304,-1.54065,-1.84199,0.174541,0.599204,5.34003,8.57862,2.92957,3.00135,0.419692,0.361341,0.551322
2.96,-0.00111153,-0.0488658,0.142302,0.0948852,-0.135012,-0.17927,0.0405507,-0.269725,0.0134321,0.0621774,-0.110011,0.106714,0.00973591,0.0878824,-0.0351452,-2.69958,1.54195,-1.22087,0.536138,-0.0123797,0.0561207,0.0158997,0.132498,0.0479129,-0.0443536,0.895078,0.0988219,0.0153245,-0.0321829,0.142953,0.285483,0.0578344,0.143148,0.0672389,-0.161236,0.0732114,-0.236635,0.0523127,0.133108,-0.0498442,0.222799,0.0156855,0.237102,-0.0392417,-2.6865,1.50535,-1.19298,0.483343,-0.0306598,0.0810016,0.00070528,0.193285,0.0421832,-0.0459234,0.919132,0.10973,0.0433286,0.00922289,13.1996,28.8281,-7.88619,3.69141,-7.22479,-3.11602,10.5708,1.40625,0.391513,16.7871,0.342586,-0.200081,-2.18129,41.8498,-3.82808,-0.875,-4.5,0.5625,2.375,-0.3125,1.58203,-0.078125,5.625,-1.3125,0,2.5,-0.0625,-0.126953,0.664062,13.4962,29.7435,-7.9531,4.13055,-1.17194,-5.99353,10.7124,1.67279,-0.179641,17.0701,1.4451,-3.31094,-2.66338,42.6573,-4.42136,-0.667684,-4.78949,0.400234,2.30885,-0.187659,1.70811,-0.10263,5.43753,-1.11293,-0.12451,2.56182,0.0509482,-0.164448,0.634712
3.02,-0.0046336,0.00578652,0.133638,0.116029,-0.0770638,-0.143075,0.0530855,-0.222598,0.0182264,0.122557,-0.100367,0.105793,-0.0250295,0.137682,0.0139571,-2.60716,1.53598,-1.19405,0.551598,-0.0229138,0.0303498,-0.0126553,0.105977,-0.00566854,-0.0278394,0.899452,0.109236,0.0452448,-0.00985583,-0.258712,0.33114,0.0139219,-0.172721,-0.482083,-0.443366,0.174858,-0.0457437,-0.0405665,0.211327,-0.093987,-0.000356171,-0.0572963,-0.00478283,0.0310986,-2.60524,1.53445,-1.15008,0.62171,-0.0398889,0.0332152,-0.0126375,0.0682113,-0.12907,-0.131993,0.794532,0.130682,-0.000636157,-0.0487179,-24.4975,21.2695,-3.74734,-36.2988,-15.6476,-11.478,7.71839,9.05273,-3.63548,6.94336,0.0426544,-3.76542,-2.46094,-32.643,4.82572,-1.875,-2.3125,1.625,1.3125,0.25,-0.771484,-0.166016,-1.6875,-5.6875,-4.375,-4.625,0.8125,-0.175781,-1.68945,-24.6519,22.8782,-3.8516,-36.1348,-14.3675,-9.41098,7.33815,9.11474,-3.85829,6.57417,0.455309,-3.119,-1.71948,-15.2846,3.54221,-1.68022,-3.28221,1.14606,1.14022,0.395275,-0.883206,-0.241154,-1.98483,-4.5782,-4.04186,-4.52502,0.99189,-0.340351,-1.59897
3.06,0.0206369,0.0133456,0.100667,0.0917661,-0.120665,-0.161753,0.056554,-0.202699,0.00649507,0.160633,-0.10422,0.0970026,-0.081704,0.0681393,-0.00460524,-2.62733,1.50548,-1.22523,0.52256,-0.0309553,0.0619421,0.00112748,0.116738,-0.00632767,-0.0830627,0.847908,0.0901813,-0.00078233,-0.0010201,0.0102781,0.393763,-0.0471714,0.0340106,-0.259708,-0.158128,0.0271608,-0.0556704,-0.0336244,0.0728219,-0.0721961,0.104661,-0.0272255,-0.204851,0.0159064,-2.64789,1.64898,-1.28597,0.565049,0.0248307,0.0526434,0.0455468,0.135921,0.00477831,-0.116013,0.819249,0.0608691,0.0298588,-0.0924927,-3.29989,37.6172,-8.50142,-7.91016,-1.62692,0.951219,-6.32014,14.8535,-5.64897,-8.61328,-0.16224,0.424337,12.1369,-42.3111,0.150939,1.4375,16.0625,0.75,3.25,-0.0625,0.175781,0.234375,0.5625,-0.5625,-0.0625,1.375,-0.3125,1.60156,-0.791016,-3.19573,38.3396,-8.6694,-8.21063,-2.45128,2.89327,-6.65734,15.3311,-6.34664,-9.12473,0.752416,0.537381,12.0496,-84.15,4.11777,1.75405,16.2706,0.356398,3.62774,0.0127873,0.224395,0.202145,0.0591021,-0.687227,-0.168744,1.45096,-0.172069,1.5445,-0.84574
3.12,0.0582949,0.0419459,0.0523221,0.122122,-0.0770772,-0.105728,0.0496304,-0.216777,0.0110215,0.100425,-0.109207,0.124042,-0.0202619,0.065029,-0.00807219,-2.62391,1.46699,-1.17955,0.444663,-0.00778975,-0.0151097,-0.0211536,0.128902,0.0194025,-0.0719892,0.835648,0.0453004,0.0184461,-0.00869767,-0.159672,0.0424081,0.051251,0.0251456,0.145374,-0.0973341,0.346767,-0.238495,0.0460256,0.247004,-0.0363289,0.161182,-0.0334368,0.208295,-0.0180693,-2.58206,1.47067,-1.09982,0.445406,-0.00562104,-0.013054,-0.0265499,0.0820842,0.0745225,-0.0592272,0.853317,0.0101457,0.0367458,-0.00845225,-21.701,-2.98828,2.46094,-14.3262,2.55887,-1.15187,26.9585,-3.51562,0.838956,20.2148,-4.78569,-1.85149,-1.78977,32.3498,-4.52431,1.6875,0.9375,1.6875,0.625,-0.5625,0.371094,-0.00976562,-2.1875,2.875,-0.0625,0.5625,0.125,-0.458984,0.195312,-21.6476,-3.6746,2.56698,-14.0829,4.58595,-1.36844,26.8493,-2.8721,0.296639,20.5089,-1.76289,-4.20591,-1.12409,13.9976,-3.36902,1.10475,1.34976,1.27436,0.908477,-0.40915,0.439703,-0.0313503,-1.62613,2.42257,-0.27922,0.349635,0.266382,-0.501872,0.135481
3.16,0.0786908,0.0662254,0.0265293,0.104694,-0.0647401,-0.100075,0.06937,-0.19087,0.00841011,0.142004,-0.096573,0.149577,-0.0605582,0.10545,0.00304451,-2.58983,1.52204,-1.17594,0.47521,-0.00862864,-0.0360025,-0.0147722,0.129394,0.0225543,-0.069868,0.867598,0.0251189,0.0473156,-0.00977146,-0.138958,0.065516,0.0331621,0.0157991,0.0226311,-0.0785087,0.249777,-0.293093,0.0324341,0.177836,-0.120317,0.142949,-0.0404001,0.197492,-0.00532908,-2.62216,1.38816,-1.16548,0.414819,0.0109486,-0.047731,-0.00693668,0.0242175,0.0802062,-0.0248449,0.80432,0.0125442,-0.0142061,-0.0111168,-19.1841,-2.10938,1.39826,-10.1074,0.0185813,-0.547592,17.3944,-10.1074,5.1456,4.74609,1.00526,0.869132,7.38281,25.1104,-0.691319,-3.1875,-11.0625,1.9375,-3.5625,-0.0625,-0.947266,0.0976562,-10.8125,4,2,-4.125,0,-1.44531,0.0878906,-18.844,-1.88389,1.49121,-9.98541,1.3335,-0.739158,17.2487,-10.6706,4.99935,4.56762,0.452282,1.44705,7.79071,17.4101,-0.897541,-2.81942,-10.799,2.01706,-3.15459,0.0540696,-1.16625,0.0693355,-11.0361,3.64522,1.92289,-4.40948,0.148874,-1.51121,0.0702867
3.22,0.0595002,0.086133,0.0280962,0.11262,-0.0594039,-0.104996,0.06021,-0.174985,0.00538354,0.149478,-0.13622,0.149072,-0.0389838,0.0384788,0.00718699,-2.59585,1.52468,-1.22462,0.49834,-0.0117086,0.0211229,-0.0145191,0.135122,-0.00910801,-0.0778495,0.864027,0.0215596,0.0227873,-0.0043335,0.0402238,0.178197,0.0171463,0.0861265,-0.0324358,-0.105017,0.0452449,-0.058499,-0.00765152,0.104594,-0.0597766,0.153506,-0.033394,-0.0682001,0.0336516,-2.65453,1.53253,-1.33453,0.573622,-0.0203712,0.0453221,-0.00805306,0.157454,-0.0206677,-0.0859621,0.850137,-0.0070679,0.012777,-0.0473637,1.2864,4.39453,1.95756,-3.33984,1.42408,-0.828719,-3.63548,4.48242,-0.279652,-9.49219,1.86249,0.366578,-1.51012,-15.9568,8.78103,-5.0625,-4.0625,0.375,1,-0.125,0.400391,0.390625,0.875,2.625,0.875,-0.75,-0.375,0.0292969,-0.341797,1.8778,5.09944,1.83623,-3.53765,1.3016,-0.318916,-4.03176,5.22139,-0.454996,-10.065,2.36424,0.662843,-1.71711,13.8084,7.40135,-4.5543,-4.40921,0.984165,0.355571,0.0445736,0.40348,0.363959,0.43233,3.07168,0.790879,-0.75892,-0.236609,-0.0185826,-0.311808
3.26,0.0546791,0.0829969,0.0301184,0.109066,-0.0374388,-0.0946853,0.0707628,-0.164928,-0.0051291,0.145984,-0.139277,0.141283,-0.00999035,0.0582045,0.0100845,-2.65199,1.4975,-1.29884,0.512613,-0.010606,0.0311245,-0.0114588,0.144062,-0.0221229,-0.0684898,0.865309,0.0117326,0.0216138,-0.0097868,0.0717238,0.19565,-0.000166306,0.110355,0.00533259,-0.105848,-0.00107788,-0.0457164,-0.0119602,0.106613,-0.0249913,0.136224,-0.00600092,-0.156676,0.0428853,-2.66353,1.64657,-1.40044,0.662255,-0.0168953,0.122617,-0.0112695,0.202841,-0.134359,-0.135981,0.870556,0.0381085,0.0358673,-0.0656189,3.1321,8.96484,-4.4185,0.791016,3.00259,-1.8875,-6.59979,7.38281,-0.950817,-6.24023,6.74465,1.42804,0.894886,-45.1088,-0.123723,2.8125,14.3125,-0.0625,4.875,-0.375,0.390625,-0.126953,5.125,-8.0625,-4.4375,0.375,0.0625,0.0292969,-1.34766,3.4632,9.25929,-4.96204,1.38229,2.42743,-1.94783,-6.87037,8.37383,-1.23335,-6.8219,5.84505,2.47909,1.02713,-53.987,11.2617,2.59791,14.8759,-0.232617,5.1811,-0.317533,0.415156,-0.164091,5.43306,-7.37333,-4.54961,0.262338,0.26214,0.0101812,-1.45927
